society,price,sector,price_per_sqft,bedRoom,bathroom,balcony,floorNum,agePossession,property_type,built_up_area,study room,servant room,store room,pooja room,others,furnishing_type,luxury_score,coordinates,latitude,longitude
dlf the ultima,2.3,sector 81,10994.0,3.0,4.0,3+,6.0,New Property,flat,1893.0,0,0,0,0,0,2,167,"28.3867° N, 76.9485° E",28.3867,76.9485
ss the leaf,1.2,sector 85,9677.0,2.0,2.0,3+,9.0,Relatively New,flat,1491.0,0,0,0,0,0,0,148,"28.4042° N, 76.9513° E",28.4042,76.9513
m3m sierra 68,1.1,sector 68,8987.0,2.0,2.0,3,1.0,Relatively New,flat,1150.0,0,0,0,0,0,1,127,"28.3853° N, 77.0484° E",28.3853,77.0484
signature global solera 2,0.37,sector 107,6679.0,2.0,2.0,2,9.0,New Property,flat,615.0,0,0,0,0,0,0,23,"28.5052° N, 76.9729° E",28.5052,76.9729
ramsons kshitij,0.32,sector 95,4501.0,2.0,2.0,1,8.0,Relatively New,flat,563.0,0,0,0,0,0,2,28,"28.4172° N, 76.9081° E",28.4172,76.9081
bptp terra,1.4,sector 37d,7731.0,3.0,3.0,3,5.0,Relatively New,flat,1711.0,0,0,0,0,0,1,149,"28.4478° N, 76.9703° E",28.4478,76.9703
gls avenue 51,0.21,sector 92,6954.0,1.0,1.0,1,0.0,Relatively New,flat,336.0,0,0,0,0,0,0,63,"28.4079° N, 76.9153° E",28.4079,76.9153
independent,0.4,sector 2,7619.0,2.0,2.0,1,1.0,Relatively New,house,583.0,0,0,0,0,0,0,0,"28.5095° N, 77.0320° E",28.5095,77.032
vatika inxt floors,0.75,sector 82a,7500.0,2.0,2.0,2,1.0,Relatively New,flat,1000.0,0,0,0,0,0,0,0,"28.3858° N, 76.9686° E",28.3858,76.9686
adani m2k oyster grande,2.61,sector 102,10046.0,3.0,3.0,3,14.0,Relatively New,flat,2200.0,0,0,0,0,0,0,21,"28.4750° N, 76.9715° E",28.475,76.9715
dlf the ultima,2.3,sector 81,10937.0,3.0,3.0,3+,19.0,Relatively New,flat,1617.0,0,0,0,0,0,2,49,"28.3867° N, 76.9485° E",28.3867,76.9485
signature global synera,0.5,sector 81,7886.0,2.0,2.0,1,11.0,New Property,flat,704.0,0,0,0,0,0,2,97,"28.3867° N, 76.9485° E",28.3867,76.9485
mapsko royale ville,1.12,sector 82,8000.0,3.0,4.0,2,6.0,Relatively New,flat,1500.0,0,0,0,0,0,1,174,"28.3935° N, 76.9600° E",28.3935,76.96
the nav manesar apartment,0.85,sector 1,3953.0,3.0,3.0,3+,5.0,Moderately Old,flat,1946.0,0,0,0,0,0,0,5,"28.3663° N, 76.9456° E",28.3663,76.9456
signature global city 92,0.78,sector 92,11143.0,2.0,2.0,3,2.0,Under Construction,flat,846.0,0,0,0,0,0,0,24,"28.4079° N, 76.9153° E",28.4079,76.9153
ss the leaf,1.83,sector 85,7609.0,3.0,4.0,3,9.0,Relatively New,flat,1925.0,0,0,0,0,0,0,49,"28.4042° N, 76.9513° E",28.4042,76.9513
tulip violet,1.44,sector 69,9125.0,3.0,3.0,2,1.0,Relatively New,flat,1381.0,0,0,0,0,0,0,174,"28.3966° N, 77.0341° E",28.3966,77.0341
rwa sector 46,4.5,sector 46,24390.0,6.0,6.0,3+,3.0,Moderately Old,house,1845.0,0,0,1,0,0,1,80,"28.4374° N, 77.0586° E",28.4374,77.0586
raheja vedaanta,1.25,sector 108,5682.0,3.0,2.0,0,0.0,Relatively New,flat,1991.0,0,0,0,0,0,1,65,"28.5134° N, 76.9830° E",28.5134,76.983
unitech palms south city 1,9.25,sector 41,28549.0,9.0,9.0,3+,4.0,Moderately Old,house,5000.0,1,1,1,1,0,1,65,"28.4557° N, 77.0632° E",28.4557,77.0632
independent,1.15,sector 105,3285.0,3.0,2.0,1,1.0,Moderately Old,house,3889.0,0,0,0,0,0,0,0,"28.4952° N, 77.0114° E",28.4952,77.0114
birla navya,2.2,sector 63a,17488.0,2.0,3.0,3+,4.0,Under Construction,flat,997.0,0,0,0,0,0,0,60,"28.3923° N, 77.0888° E",28.3923,77.0888
pyramid urban homes 2,0.44,sector 86,7321.0,2.0,2.0,2,6.0,Relatively New,flat,668.0,0,0,0,0,0,1,63,"28.3986° N, 76.9384° E",28.3986,76.9384
indiabulls enigma,4.0,sector 110,9850.0,4.0,4.0,3,17.0,New Property,flat,3350.0,0,0,0,0,0,0,59,"28.5145° N, 77.0197° E",28.5145,77.0197
umang winter hills,0.86,sector 77,6408.0,2.0,2.0,2,16.0,New Property,flat,1214.0,0,0,0,0,0,1,79,"28.3801° N, 76.9845° E",28.3801,76.9845
indiabulls enigma,3.3,sector 110,9851.0,4.0,5.0,3,7.0,Relatively New,flat,3032.0,0,0,0,0,0,0,101,"28.5145° N, 77.0197° E",28.5145,77.0197
independent,1.85,sector 1,16003.0,4.0,3.0,2,3.0,Moderately Old,house,1284.0,0,0,0,0,0,0,0,"28.3663° N, 76.9456° E",28.3663,76.9456
dlf the ultima,2.25,sector 81,10553.0,3.0,3.0,3+,6.0,New Property,flat,1929.0,0,0,0,0,0,2,168,"28.3867° N, 76.9485° E",28.3867,76.9485
independent,12.0,sector 28,42194.0,4.0,5.0,3+,4.0,Relatively New,house,2844.0,0,1,1,1,0,1,60,"28.4728° N, 77.0865° E",28.4728,77.0865
chintamani,1.57,sector 103,8509.0,3.0,3.0,3,1.0,Relatively New,flat,1845.0,0,0,0,0,0,0,0,"28.4949° N, 76.9845° E",28.4949,76.9845
parsvnath exotica,6.5,sector 53,19174.0,4.0,5.0,3+,10.0,Relatively New,flat,3000.0,0,0,0,0,0,1,174,"28.4433° N, 77.0948° E",28.4433,77.0948
tulip violet,1.43,sector 69,8888.0,3.0,3.0,2,1.0,Relatively New,flat,1305.0,0,0,0,0,0,0,86,"28.3966° N, 77.0341° E",28.3966,77.0341
ashiana apartment,0.16,sector 23,2051.0,2.0,2.0,2,1.0,Moderately Old,flat,706.0,0,0,0,0,0,0,0,"28.5121° N, 77.0478° E",28.5121,77.0478
senate court,0.9,sector 62,14085.0,1.0,1.0,0,0.0,Relatively New,flat,639.0,0,0,0,0,0,0,0,"28.4139° N, 77.0886° E",28.4139,77.0886
earth copia,0.7,sector 112,4673.0,2.0,2.0,2,4.0,Relatively New,flat,1498.0,0,0,0,0,0,0,65,"28.5189° N, 77.0183° E",28.5189,77.0183
ss residency,0.53,sector 12,4818.0,3.0,3.0,2,2.0,Relatively New,flat,995.0,0,0,0,0,0,1,14,"28.4723° N, 77.0320° E",28.4723,77.032
alpha corp gurgaonone,1.52,sector 84,7904.0,3.0,4.0,3,15.0,Relatively New,flat,1703.0,0,0,0,0,0,0,92,"28.3979° N, 76.9736° E",28.3979,76.9736
indiabulls centrum park,1.9,sector 103,5682.0,3.0,4.0,3+,10.0,Relatively New,flat,3716.0,0,0,0,0,0,1,49,"28.4949° N, 76.9845° E",28.4949,76.9845
smart world orchard,1.5,sector 61,12500.0,2.0,2.0,2,2.0,Under Construction,flat,1333.0,0,0,0,0,0,0,49,"28.4050° N, 77.0963° E",28.405,77.0963
m3m golfestate,6.15,sector 65,18287.0,3.0,3.0,3,23.0,Moderately Old,flat,3027.0,0,0,0,0,0,1,60,"28.4030° N, 77.0690° E",28.403,77.069
unitech uniworld resorts,9.5,sector 33,19333.0,6.0,6.0,3+,3.0,Moderately Old,house,4914.0,0,0,0,0,0,1,40,"28.4420° N, 77.0207° E",28.442,77.0207
breez global heights 88a,0.5,sector 88a,8375.0,3.0,2.0,2,2.0,Under Construction,flat,663.0,0,0,0,0,0,0,15,"28.4347° N, 76.9557° E",28.4347,76.9557
experion windchants,3.0,sector 112,11538.0,3.0,3.0,2,2.0,Relatively New,flat,2600.0,0,0,0,0,0,1,49,"28.5189° N, 77.0183° E",28.5189,77.0183
pareena coban residences,1.1,sector 99a,7097.0,2.0,2.0,3,9.0,New Property,flat,1368.0,0,0,0,0,0,0,88,"28.4561° N, 76.9542° E",28.4561,76.9542
independent,2.3,sector 4,17012.0,4.0,4.0,3,2.0,Old Property,house,160.0,0,0,0,0,0,1,15,"28.4738° N, 77.0107° E",28.4738,77.0107
m3m merlin,4.5,sector 67,14268.0,4.0,4.0,3+,15.0,Relatively New,flat,2854.0,0,0,0,0,0,1,158,"28.3859° N, 77.0608° E",28.3859,77.0608
breez global heights,0.24,sector 36,5825.0,1.0,1.0,1,8.0,New Property,flat,458.0,0,0,0,0,0,1,57,"28.4160° N, 76.9914° E",28.416,76.9914
parsvnath green ville,1.5,sector 48,8787.0,3.0,3.0,3,1.0,Old Property,flat,1600.0,0,0,0,0,0,1,128,"28.4177° N, 77.0359° E",28.4177,77.0359
sbr minda sec-1 imt manesar,0.64,manesar,4194.0,3.0,2.0,3+,6.0,Old Property,flat,1696.0,0,0,0,0,0,0,51,"28.3515° N, 76.9428° E",28.3515,76.9428
ss the leaf,1.1,sector 85,9565.0,2.0,2.0,3,10.0,Relatively New,flat,1600.0,0,0,0,0,0,0,150,"28.4042° N, 76.9513° E",28.4042,76.9513
smart world gems,1.2,sector 89,8433.0,3.0,3.0,2,2.0,New Property,flat,1423.0,0,0,0,0,0,0,45,"28.4253° N, 76.9439° E",28.4253,76.9439
independent,0.55,sector 4,6815.0,2.0,1.0,1,1.0,Moderately Old,house,75.0,0,0,0,0,0,0,0,"28.4738° N, 77.0107° E",28.4738,77.0107
conscient one,1.7,sector 109,17617.0,1.0,1.0,2,9.0,Relatively New,flat,965.0,0,0,0,0,0,0,0,"28.5073° N, 77.0089° E",28.5073,77.0089
eldeco accolade,1.2,sector 33,8043.0,2.0,2.0,2,0.0,Under Construction,flat,1492.0,0,0,0,0,0,0,56,"28.4420° N, 77.0207° E",28.442,77.0207
smart world orchard,2.54,sector 61,15497.0,3.0,3.0,3,2.0,Under Construction,flat,1639.0,0,0,0,0,0,0,16,"28.4050° N, 77.0963° E",28.405,77.0963
signature global city 37d ph 2,1.36,sector 37d,8848.0,3.0,3.0,3,1.0,Under Construction,flat,1535.0,0,0,0,0,0,0,37,"28.4478° N, 76.9703° E",28.4478,76.9703
raheja vanya,0.59,sector 99a,3976.0,2.0,2.0,3,1.0,Under Construction,flat,1133.0,0,0,0,0,0,0,96,"28.4561° N, 76.9542° E",28.4561,76.9542
puri diplomatic greens,5.25,sector 111,11667.0,4.0,6.0,3+,7.0,Relatively New,flat,4072.0,0,0,0,0,0,1,134,"28.5238° N, 77.0320° E",28.5238,77.032
unitech vistas,0.53,sector 70,4801.0,2.0,2.0,2,9.0,Under Construction,flat,991.0,0,0,0,0,0,0,24,"28.3968° N, 77.0233° E",28.3968,77.0233
independent,9.0,sector 25,33333.0,5.0,5.0,3,3.0,Old Property,house,2700.0,1,1,1,1,0,0,56,"28.4844° N, 77.0860° E",28.4844,77.086
conscient habitat,0.27,sector 99a,5602.0,2.0,2.0,1,8.0,Relatively New,flat,538.0,0,0,0,0,0,0,49,"28.4561° N, 76.9542° E",28.4561,76.9542
tulip violet,1.78,sector 69,8856.0,4.0,4.0,2,10.0,Relatively New,flat,1819.0,0,0,0,0,0,1,156,"28.3966° N, 77.0341° E",28.3966,77.0341
spaze privy,1.9,sector 72,9620.0,3.0,3.0,3,10.0,Relatively New,flat,1975.0,0,0,0,0,0,0,0,"28.4225° N, 77.0211° E",28.4225,77.0211
tulip violet,1.37,sector 69,8676.0,3.0,3.0,1,12.0,Relatively New,flat,1568.0,0,0,0,0,0,0,95,"28.3966° N, 77.0341° E",28.3966,77.0341
raheja navodaya,0.62,sector 92,4806.0,2.0,2.0,2,5.0,New Property,flat,1498.0,0,0,0,0,0,0,0,"28.4079° N, 76.9153° E",28.4079,76.9153
ss the leaf,1.19,sector 83,7225.0,2.0,2.0,3,4.0,Relatively New,flat,1630.0,0,0,0,0,0,0,49,"28.3986° N, 76.9647° E",28.3986,76.9647
ansal housing highland park,0.88,sector 103,6428.0,2.0,2.0,3,3.0,New Property,flat,1232.0,0,0,0,0,0,0,52,"28.4949° N, 76.9845° E",28.4949,76.9845
shree vardhman victoria,1.25,sector 70,9259.0,2.0,2.0,3,3.0,Relatively New,flat,1222.0,0,0,0,0,0,0,43,"28.3968° N, 77.0233° E",28.3968,77.0233
godrej summit,1.35,sector 104,5015.0,4.0,5.0,3+,0.0,Relatively New,flat,2991.0,0,0,0,0,0,0,88,"28.4788° N, 76.9960° E",28.4788,76.996
ireo victory valley,3.5,sector 67,14583.0,3.0,4.0,3,24.0,Relatively New,flat,2490.0,0,0,0,0,0,1,149,"28.3859° N, 77.0608° E",28.3859,77.0608
independent,0.9,sector 3,8929.0,3.0,1.0,0,1.0,Moderately Old,house,1008.0,0,0,0,0,0,0,0,"28.4909° N, 77.0176° E",28.4909,77.0176
m3m skywalk,2.45,sector 74,12141.0,3.0,3.0,3+,25.0,Relatively New,flat,1800.0,0,0,0,0,0,0,137,"28.4158° N, 77.0118° E",28.4158,77.0118
shreeram apartment ii,0.21,sector 4,4667.0,1.0,1.0,1,2.0,Relatively New,flat,500.0,0,0,0,0,0,0,7,"28.4738° N, 77.0107° E",28.4738,77.0107
paras dews,1.32,sector 106,5605.0,4.0,5.0,3+,11.0,Relatively New,flat,1535.0,0,0,0,0,0,0,49,"28.5007° N, 77.0003° E",28.5007,77.0003
orris aster court premier,1.2,sector 85,5660.0,3.0,4.0,2,6.0,Relatively New,flat,1650.0,0,0,0,0,0,0,28,"28.4042° N, 76.9513° E",28.4042,76.9513
parsvnath green ville,1.86,sector 48,7654.0,3.0,3.0,3+,6.0,Moderately Old,flat,2199.0,0,0,0,0,0,1,94,"28.4177° N, 77.0359° E",28.4177,77.0359
bptp terra,1.65,sector 37d,8791.0,3.0,3.0,2,15.0,Relatively New,flat,1699.0,0,0,0,0,0,0,116,"28.4478° N, 76.9703° E",28.4478,76.9703
tulip violet,1.19,sector 69,8815.0,2.0,3.0,1,0.0,Relatively New,flat,1500.0,0,0,0,0,0,1,174,"28.3966° N, 77.0341° E",28.3966,77.0341
vatika sovereign park,3.2,sector 99,9922.0,4.0,4.0,0,5.0,Under Construction,flat,3225.0,0,0,0,0,0,0,23,"28.4640° N, 76.9614° E",28.464,76.9614
shree vardhman victoria,1.65,sector 70,8462.0,3.0,4.0,3,5.0,Relatively New,flat,1527.0,0,0,0,0,0,1,49,"28.3968° N, 77.0233° E",28.3968,77.0233
dlf the primus,2.2,sector 82a,10516.0,3.0,3.0,3+,16.0,Relatively New,flat,1893.0,0,0,0,0,0,2,174,"28.3858° N, 76.9686° E",28.3858,76.9686
independent,3.71,sector 12,19818.0,3.0,3.0,1,4.0,Moderately Old,house,1872.0,0,0,0,1,0,0,0,"28.4723° N, 77.0320° E",28.4723,77.032
dnha cghs,0.85,sector 1,3864.0,3.0,3.0,0,5.0,Moderately Old,flat,2200.0,0,0,0,0,0,0,0,"28.3663° N, 76.9456° E",28.3663,76.9456
ats triumph,2.65,sector 104,8413.0,4.0,4.0,3+,10.0,Relatively New,flat,2851.0,0,0,0,0,0,0,174,"28.4788° N, 76.9960° E",28.4788,76.996
dlf regal gardens,1.3,sector 90,7151.0,3.0,3.0,3+,7.0,Relatively New,flat,1700.0,0,0,0,0,0,0,141,"28.4085° N, 76.9369° E",28.4085,76.9369
birla navya,3.5,sector 63a,25926.0,3.0,3.0,3,1.0,Under Construction,flat,1350.0,0,0,0,0,0,0,38,"28.3923° N, 77.0888° E",28.3923,77.0888
tulip violet,1.4,sector 69,8872.0,3.0,3.0,2,11.0,Relatively New,flat,1428.0,0,0,0,0,0,0,126,"28.3966° N, 77.0341° E",28.3966,77.0341
independent,10.56,sector 50,32593.0,5.0,5.0,3,3.0,Moderately Old,house,3240.0,0,1,0,0,0,0,20,"28.4178° N, 77.0628° E",28.4178,77.0628
pioneer araya,10.75,sector 62,19499.0,5.0,7.0,3,10.0,Relatively New,flat,4990.0,0,0,0,0,0,1,153,"28.4139° N, 77.0886° E",28.4139,77.0886
independent,9.5,sector 17,23457.0,8.0,8.0,3,3.0,Relatively New,house,4050.0,1,0,0,0,0,1,27,"28.4791° N, 77.0608° E",28.4791,77.0608
ss the leaf,1.25,sector 85,7180.0,2.0,2.0,3,10.0,Relatively New,flat,1730.0,0,0,0,0,0,0,49,"28.4042° N, 76.9513° E",28.4042,76.9513
independent,2.25,sector 7,16892.0,5.0,3.0,0,2.0,Old Property,house,148.0,0,0,0,0,0,0,0,"28.4644° N, 77.0143° E",28.4644,77.0143
ild greens,0.9,sector 37c,5614.0,3.0,3.0,3,0.0,Under Construction,flat,1500.0,0,0,0,0,0,0,66,"28.4515° N, 76.9882° E",28.4515,76.9882
sidhartha ncr greens,0.6,sector 95,5576.0,2.0,2.0,2,14.0,Relatively New,flat,974.0,0,0,0,0,0,0,31,"28.4172° N, 76.9081° E",28.4172,76.9081
independent,2.4,sector 23,12000.0,3.0,3.0,2,2.0,Moderately Old,house,2000.0,0,0,1,1,0,0,28,"28.5121° N, 77.0478° E",28.5121,77.0478
cghs airport apartment,1.8,sector 47,6000.0,4.0,4.0,3+,4.0,Moderately Old,flat,2857.0,0,0,0,0,0,1,120,"28.4276° N, 77.0492° E",28.4276,77.0492
international city by sobha phase 1,6.0,sector 109,9634.0,5.0,5.0,3+,2.0,Relatively New,house,6228.0,1,1,1,1,0,0,160,"28.5073° N, 77.0089° E",28.5073,77.0089
madan puri,0.75,sector 7,12500.0,3.0,5.0,3,3.0,Moderately Old,house,600.0,0,0,0,0,0,0,0,"28.4644° N, 77.0143° E",28.4644,77.0143
sushant lok 1 builder floors,2.45,sector 43,7756.0,4.0,4.0,3+,3.0,Moderately Old,house,540.0,1,1,0,1,1,2,123,"28.4629° N, 77.0772° E",28.4629,77.0772
irwo westend towers,0.65,sector 47,12059.0,1.0,1.0,2,3.0,Old Property,flat,599.0,0,0,0,0,0,0,56,"28.4276° N, 77.0492° E",28.4276,77.0492
whiteland blissville,1.92,sector 76,11497.0,3.0,3.0,2,2.0,Under Construction,flat,1672.0,0,0,0,0,0,0,61,"28.3935° N, 76.9888° E",28.3935,76.9888
godrej,1.28,sector 79,8505.0,3.0,3.0,3,7.0,Relatively New,flat,1362.0,0,0,0,0,0,0,158,"28.3624° N, 76.9787° E",28.3624,76.9787
emaar mgf marbella,12.0,sector 66,38095.0,5.0,6.0,3+,3.0,Relatively New,house,3150.0,0,1,1,0,0,1,153,"28.3925° N, 77.0541° E",28.3925,77.0541
sare crescent parc,0.82,sector 92,5384.0,3.0,3.0,3+,12.0,Relatively New,flat,1523.0,0,0,0,0,0,0,0,"28.4079° N, 76.9153° E",28.4079,76.9153
ansals florence villa,6.0,sector 57,22222.0,4.0,5.0,2,2.0,Old Property,house,2700.0,0,1,0,1,0,1,20,"28.4232° N, 77.0752° E",28.4232,77.0752
paras dews,1.35,sector 106,7297.0,4.0,4.0,3+,18.0,Relatively New,flat,2100.0,0,0,0,0,0,1,174,"28.5007° N, 77.0003° E",28.5007,77.0003
signature andour heights,0.39,sector 71,9848.0,1.0,1.0,2,1.0,New Property,flat,294.0,0,0,0,0,0,0,0,"28.4104° N, 77.0281° E",28.4104,77.0281
independent,3.1,sector 55,20026.0,5.0,4.0,3+,2.0,Moderately Old,house,1548.0,0,1,1,0,0,1,59,"28.4281° N, 77.1100° E",28.4281,77.11
emaar imperial gardens,1.98,sector 102,9900.0,3.0,3.0,3+,9.0,Relatively New,flat,2222.0,0,0,0,0,0,1,72,"28.4750° N, 76.9715° E",28.475,76.9715
pareena mi casa,1.7,sector 68,8504.0,4.0,4.0,3,2.0,New Property,flat,1809.0,0,0,0,0,0,0,47,"28.3853° N, 77.0484° E",28.3853,77.0484
central park resorts,11.25,sector 48,28266.0,4.0,5.0,3+,2.0,Relatively New,flat,4422.0,0,0,0,0,0,0,45,"28.4177° N, 77.0359° E",28.4177,77.0359
independent,4.31,sector 25,31926.0,5.0,4.0,3,3.0,Old Property,house,1350.0,0,0,0,0,0,0,40,"28.4844° N, 77.0860° E",28.4844,77.086
independent,15.0,sector 26,33201.0,5.0,6.0,3+,3.0,Moderately Old,house,4518.0,1,1,1,1,0,1,78,"28.4757° N, 77.1032° E",28.4757,77.1032
ansal heights 86,1.3,sector 86,4666.0,4.0,6.0,2,11.0,New Property,flat,2521.0,0,0,0,0,0,0,86,"28.3986° N, 76.9384° E",28.3986,76.9384
independent,5.5,sector 43,28424.0,1.0,1.0,0,1.0,Old Property,house,1935.0,0,0,0,0,1,0,12,"28.4629° N, 77.0772° E",28.4629,77.0772
new sathi apartments,1.59,sector 54,7067.0,3.0,3.0,3+,3.0,Moderately Old,flat,2250.0,0,0,0,0,0,1,127,"28.4348° N, 77.1089° E",28.4348,77.1089
ss almeria,1.5,sector 84,7500.0,3.0,3.0,3,2.0,New Property,flat,1849.0,0,0,0,0,0,0,108,"28.3979° N, 76.9736° E",28.3979,76.9736
maxworth city residences,0.8,sector 10a,6400.0,2.0,3.0,2,9.0,New Property,flat,1389.0,0,0,0,0,0,0,46,"28.4469° N, 77.0106° E",28.4469,77.0106
dlf royalton tower,6.5,sector 43,22109.0,4.0,5.0,2,8.0,Relatively New,flat,2661.0,0,0,0,0,0,0,15,"28.4629° N, 77.0772° E",28.4629,77.0772
orchid petals,2.55,sector 49,12319.0,3.0,4.0,3,8.0,Relatively New,flat,2060.0,0,0,0,0,0,1,49,"28.4121° N, 77.0480° E",28.4121,77.048
dlf the skycourt,1.6,sector 86,8294.0,3.0,3.0,3+,9.0,Relatively New,flat,1548.0,0,0,0,0,0,1,167,"28.3986° N, 76.9384° E",28.3986,76.9384
raheja sampada,0.7,sector 92,4453.0,3.0,3.0,0,7.0,Relatively New,flat,1572.0,0,0,0,0,0,0,0,"28.4079° N, 76.9153° E",28.4079,76.9153
signature global grand iva,0.5,sector 103,6667.0,2.0,2.0,0,10.0,Relatively New,flat,750.0,0,0,0,0,0,0,0,"28.4949° N, 76.9845° E",28.4949,76.9845
pivotal devaan,0.35,sector 84,7246.0,2.0,2.0,2,4.0,Relatively New,flat,537.0,0,0,0,0,0,0,37,"28.3979° N, 76.9736° E",28.3979,76.9736
dlf the crest,11.0,sector 54,35223.0,4.0,6.0,3,7.0,Relatively New,flat,2826.0,0,0,0,0,0,2,125,"28.4348° N, 77.1089° E",28.4348,77.1089
signature global solera,0.36,sector 107,6569.0,2.0,2.0,1,9.0,Relatively New,flat,496.0,0,0,0,0,0,0,28,"28.5052° N, 76.9729° E",28.5052,76.9729
independent,2.25,sector 7,15625.0,3.0,3.0,2,2.0,Old Property,house,1440.0,0,0,0,0,0,1,27,"28.4644° N, 77.0143° E",28.4644,77.0143
signature global the millennia,0.55,sector 37d,9167.0,2.0,2.0,3,3.0,New Property,flat,610.0,0,0,0,0,0,0,71,"28.4478° N, 76.9703° E",28.4478,76.9703
unitech the residences,1.35,sector 33,8738.0,3.0,4.0,2,8.0,Moderately Old,flat,1398.0,0,0,0,0,0,0,49,"28.4420° N, 77.0207° E",28.442,77.0207
signature global superbia,0.4,sector 95,6723.0,2.0,2.0,3,2.0,Under Construction,flat,661.0,0,0,0,0,0,0,0,"28.4172° N, 76.9081° E",28.4172,76.9081
sector 15 part 2 rwa,10.0,sector 15,22222.0,5.0,5.0,2,2.0,Old Property,house,4518.0,0,0,0,0,0,0,49,"28.4621° N, 77.0464° E",28.4621,77.0464
ats tourmaline,2.95,sector 109,9365.0,4.0,5.0,3+,10.0,Relatively New,flat,2851.0,0,0,0,0,0,0,101,"28.5073° N, 77.0089° E",28.5073,77.0089
signature global city 81,0.75,sector 81,6849.0,3.0,2.0,3,4.0,Under Construction,house,1095.0,1,0,0,0,0,0,97,"28.3867° N, 76.9485° E",28.3867,76.9485
independent,1.8,sector 11,8079.0,8.0,5.0,2,1.0,Moderately Old,house,2476.0,0,0,0,0,0,0,0,"28.4531° N, 77.0202° E",28.4531,77.0202
antriksh heights,0.9,sector 84,6207.0,3.0,3.0,3+,12.0,Relatively New,flat,1525.0,0,0,0,0,0,0,166,"28.3979° N, 76.9736° E",28.3979,76.9736
puri emerald bay,2.55,sector 104,10408.0,4.0,4.0,3+,5.0,Relatively New,flat,2303.0,0,0,0,0,0,0,49,"28.4788° N, 76.9960° E",28.4788,76.996
vipul tatvam villa,7.35,sector 48,22812.0,4.0,5.0,2,2.0,Moderately Old,house,3222.0,1,1,1,1,0,1,144,"28.4177° N, 77.0359° E",28.4177,77.0359
the close north,2.35,sector 50,11768.0,3.0,3.0,3+,8.0,Moderately Old,flat,1950.0,0,0,0,0,0,1,165,"28.4178° N, 77.0628° E",28.4178,77.0628
orchid petals,4.21,sector 49,11836.0,5.0,6.0,3+,14.0,Relatively New,flat,3219.0,0,0,0,0,0,0,35,"28.4121° N, 77.0480° E",28.4121,77.048
belgravia resort residences,3.45,sector 48,18459.0,3.0,3.0,3,14.0,Moderately Old,flat,1869.0,0,0,0,0,0,0,0,"28.4177° N, 77.0359° E",28.4177,77.0359
independent,2.1,sector 43,4250.0,10.0,10.0,3+,5.0,New Property,house,549.0,0,1,0,0,0,0,20,"28.4629° N, 77.0772° E",28.4629,77.0772
whiteland  the aspen,3.5,sector 76,11917.0,3.0,4.0,3,8.0,Under Construction,flat,2937.0,0,0,0,0,0,0,0,"28.3935° N, 76.9888° E",28.3935,76.9888
vipul world floors,4.3,sector 48,13871.0,4.0,5.0,3+,4.0,New Property,flat,3444.0,0,0,0,0,0,0,88,"28.4177° N, 77.0359° E",28.4177,77.0359
emaar gurgaon greens,1.6,sector 102,9697.0,3.0,3.0,3,8.0,Relatively New,flat,1315.0,0,0,0,0,0,0,46,"28.4750° N, 76.9715° E",28.475,76.9715
emaar mgf the palm drive,3.2,sector 66,17778.0,3.0,3.0,3,12.0,Relatively New,flat,1800.0,0,0,0,0,0,1,117,"28.3925° N, 77.0541° E",28.3925,77.0541
pyramid urban,0.6,sector 67a,8571.0,2.0,2.0,2,14.0,New Property,flat,633.0,0,0,0,0,0,0,15,"28.3960° N, 77.0372° E",28.396,77.0372
emaar mgf emerald floors premier,2.35,sector 65,14242.0,3.0,3.0,3,2.0,Relatively New,flat,1493.0,0,0,0,0,0,1,168,"28.4030° N, 77.0690° E",28.403,77.069
on request,1.69,sector 103,9145.0,3.0,3.0,3+,8.0,Relatively New,flat,1670.0,0,0,0,0,0,0,49,"28.4949° N, 76.9845° E",28.4949,76.9845
godrej,2.5,sector 79,11141.0,3.0,3.0,3+,5.0,Relatively New,flat,2244.0,0,0,0,0,0,0,0,"28.3624° N, 76.9787° E",28.3624,76.9787
tulip violet,1.36,sector 69,8619.0,3.0,3.0,2,12.0,Relatively New,flat,1428.0,0,0,0,0,0,1,49,"28.3966° N, 77.0341° E",28.3966,77.0341
independent,0.66,sector 7,12000.0,3.0,1.0,1,3.0,Relatively New,house,550.0,0,0,0,0,1,0,22,"28.4644° N, 77.0143° E",28.4644,77.0143
assotech blith,0.92,sector 99,6740.0,2.0,2.0,3+,22.0,Under Construction,flat,1235.0,0,0,0,0,0,0,56,"28.4640° N, 76.9614° E",28.464,76.9614
independent,3.5,sector 5,15556.0,6.0,5.0,2,3.0,Old Property,house,2250.0,1,1,0,1,1,2,155,"28.4794° N, 77.0176° E",28.4794,77.0176
ats tourmaline,1.75,sector 109,8140.0,3.0,4.0,3+,7.0,Relatively New,flat,1797.0,0,0,0,0,0,0,165,"28.5073° N, 77.0089° E",28.5073,77.0089
godrej,1.35,sector 79,8970.0,3.0,3.0,2,7.0,Relatively New,flat,1362.0,0,0,0,0,0,0,118,"28.3624° N, 76.9787° E",28.3624,76.9787
adani m2k oyster grande,1.8,sector 102,9529.0,3.0,4.0,3,17.0,Relatively New,flat,1710.0,0,0,0,0,0,0,49,"28.4750° N, 76.9715° E",28.475,76.9715
vatika sovereign next,3.85,sector 82a,7500.0,5.0,6.0,3+,6.0,Relatively New,house,5140.0,0,0,0,0,0,0,53,"28.3858° N, 76.9686° E",28.3858,76.9686
godrej air,1.83,sector 85,10005.0,3.0,3.0,3+,18.0,Under Construction,flat,2032.0,0,0,0,0,0,0,110,"28.4042° N, 76.9513° E",28.4042,76.9513
vatika lifestyle homes,1.04,sector 83,5699.0,3.0,2.0,2,2.0,Moderately Old,flat,1500.0,0,0,0,0,0,0,95,"28.3986° N, 76.9647° E",28.3986,76.9647
independent,8.0,sector 25,8000.0,3.0,9.0,2,3.0,New Property,house,11111.0,0,0,0,0,0,0,0,"28.4844° N, 77.0860° E",28.4844,77.086
surendra avenue 69,0.75,sector 69,6818.0,2.0,2.0,2,4.0,Moderately Old,flat,1100.0,0,0,0,0,0,0,0,"28.3966° N, 77.0341° E",28.3966,77.0341
smart world gems,1.01,sector 89,9157.0,2.0,2.0,2,4.0,Under Construction,flat,1226.0,0,0,0,0,0,0,38,"28.4253° N, 76.9439° E",28.4253,76.9439
experion the heartsong,1.2,sector 108,6826.0,3.0,2.0,3+,11.0,Relatively New,flat,1550.0,0,0,0,0,0,1,174,"28.5134° N, 76.9830° E",28.5134,76.983
ats triumph,1.83,sector 104,7991.0,3.0,4.0,3+,10.0,Relatively New,flat,2000.0,0,0,0,0,0,0,165,"28.4788° N, 76.9960° E",28.4788,76.996
sobha city,2.45,sector 108,14040.0,3.0,3.0,3,15.0,Relatively New,flat,1460.0,0,0,0,0,0,0,49,"28.5134° N, 76.9830° E",28.5134,76.983
signature global city 81,0.89,sector 81,8279.0,2.0,2.0,2,3.0,Under Construction,flat,1194.0,0,0,0,0,0,0,20,"28.3867° N, 76.9485° E",28.3867,76.9485
ss the coralwood,1.05,sector 84,6774.0,3.0,3.0,3,6.0,Relatively New,flat,1610.0,0,0,0,0,0,0,129,"28.3979° N, 76.9736° E",28.3979,76.9736
brisk lumbini terrace homes,1.5,sector 109,6617.0,3.0,3.0,1,4.0,New Property,flat,2519.0,0,0,0,0,0,0,37,"28.5073° N, 77.0089° E",28.5073,77.0089
independent,8.1,sector 26,35294.0,5.0,5.0,2,4.0,Old Property,house,2295.0,0,0,0,0,0,0,42,"28.4757° N, 77.1032° E",28.4757,77.1032
the close south,3.25,sector 50,12810.0,3.0,4.0,3+,4.0,Old Property,flat,2819.0,0,0,0,0,0,1,135,"28.4178° N, 77.0628° E",28.4178,77.0628
shapoorji pallonji joyville gurugram,2.5,sector 102,13998.0,3.0,3.0,3,15.0,Under Construction,flat,1653.0,0,0,0,0,0,0,151,"28.4750° N, 76.9715° E",28.475,76.9715
vatika gurgaon,0.84,sector 83,6747.0,2.0,2.0,2,7.0,Moderately Old,flat,1127.0,0,0,0,0,0,1,157,"28.3986° N, 76.9647° E",28.3986,76.9647
m3m woodshire,1.32,sector 107,6331.0,3.0,3.0,3,10.0,Relatively New,flat,1758.0,0,0,0,0,0,0,117,"28.5052° N, 76.9729° E",28.5052,76.9729
shapoorji pallonji joyville gurugram,1.4,sector 102,11667.0,2.0,2.0,3,0.0,Relatively New,flat,1286.0,0,0,0,0,0,0,80,"28.4750° N, 76.9715° E",28.475,76.9715
puri diplomatic greens,2.58,sector 111,11727.0,3.0,4.0,2,9.0,Relatively New,flat,2200.0,0,0,0,0,0,0,101,"28.5238° N, 77.0320° E",28.5238,77.032
bestech park view residency,0.56,sector 2,8629.0,1.0,1.0,2,6.0,Moderately Old,flat,723.0,0,0,0,0,0,0,77,"28.5095° N, 77.0320° E",28.5095,77.032
independent,3.51,sector 54,12342.0,4.0,4.0,3,4.0,New Property,house,2844.0,0,1,0,0,0,0,73,"28.4348° N, 77.1089° E",28.4348,77.1089
dlf regal gardens,1.21,sector 90,6926.0,3.0,3.0,3+,29.0,Relatively New,flat,1581.0,0,0,0,0,0,0,95,"28.4085° N, 76.9369° E",28.4085,76.9369
independent,1.5,sector 3,10288.0,3.0,3.0,0,2.0,Old Property,house,210.0,0,0,0,0,0,0,0,"28.4909° N, 77.0176° E",28.4909,77.0176
alpha corp gurgaonone,2.2,sector 84,6407.0,4.0,4.0,3+,15.0,Relatively New,flat,3108.0,0,0,0,0,0,0,97,"28.3979° N, 76.9736° E",28.3979,76.9736
ireo skyon,3.0,sector 60,12484.0,3.0,3.0,3,5.0,Relatively New,flat,2400.0,0,0,0,0,0,1,174,"28.4003° N, 77.0975° E",28.4003,77.0975
milan cghs 9,2.0,sector 39,8333.0,3.0,3.0,3+,0.0,Old Property,flat,2400.0,0,0,0,0,0,0,0,"28.4434° N, 77.0515° E",28.4434,77.0515
m3m woodshire,0.75,sector 107,5490.0,2.0,2.0,3+,14.0,Relatively New,flat,1201.0,0,0,0,0,0,0,174,"28.5052° N, 76.9729° E",28.5052,76.9729
bestech park view ananda,1.35,sector 81,7542.0,3.0,3.0,3+,8.0,Old Property,flat,1989.0,0,0,0,0,0,0,114,"28.3867° N, 76.9485° E",28.3867,76.9485
smart world orchard,2.5,sector 61,16139.0,3.0,3.0,1,1.0,Under Construction,flat,1549.0,0,0,0,0,0,0,61,"28.4050° N, 77.0963° E",28.405,77.0963
emaar gurgaon greens,1.38,sector 102,13490.0,3.0,3.0,3,6.0,Relatively New,flat,1315.0,0,0,0,0,0,1,128,"28.4750° N, 76.9715° E",28.475,76.9715
signature global synera,0.38,sector 81,9500.0,1.0,1.0,2,3.0,Relatively New,flat,444.0,0,0,0,0,0,0,43,"28.3867° N, 76.9485° E",28.3867,76.9485
huda housing board colony,4.6,sector 31,31507.0,2.0,4.0,3+,3.0,Old Property,house,1460.0,0,0,0,0,1,0,8,"28.4528° N, 77.0498° E",28.4528,77.0498
independent,0.5,sector 6,8333.0,3.0,3.0,2,2.0,Moderately Old,house,600.0,0,0,0,1,0,0,0,"28.4745° N, 77.0262° E",28.4745,77.0262
independent,3.3,sector 57,19097.0,4.0,4.0,2,3.0,Moderately Old,house,1728.0,0,0,1,0,0,1,60,"28.4232° N, 77.0752° E",28.4232,77.0752
puri emerald bay,1.8,sector 104,8824.0,2.0,3.0,3,23.0,New Property,flat,1538.0,0,0,0,0,0,0,36,"28.4788° N, 76.9960° E",28.4788,76.996
umang winter hills,1.05,sector 77,5763.0,3.0,3.0,3,7.0,Relatively New,flat,1600.0,0,0,0,0,0,0,49,"28.3801° N, 76.9845° E",28.3801,76.9845
unitech espace,11.0,sector 50,40741.0,4.0,4.0,3+,2.0,Moderately Old,house,2700.0,0,1,0,0,0,1,88,"28.4178° N, 77.0628° E",28.4178,77.0628
emaar mgf the palm drive,2.8,sector 66,16471.0,3.0,4.0,3,8.0,Relatively New,flat,1700.0,0,0,0,0,0,1,117,"28.3925° N, 77.0541° E",28.3925,77.0541
puri emerald bay,2.65,sector 104,15006.0,3.0,4.0,3,15.0,Relatively New,flat,2090.0,0,0,0,0,0,1,174,"28.4788° N, 76.9960° E",28.4788,76.996
silverglades hightown residences,4.2,sector 43,19765.0,3.0,4.0,2,7.0,Under Construction,flat,2125.0,0,0,0,0,0,0,42,"28.4629° N, 77.0772° E",28.4629,77.0772
vatika the seven lamps,1.6,sector 82,6598.0,4.0,5.0,3+,8.0,Relatively New,flat,2195.0,0,0,0,0,0,0,133,"28.3935° N, 76.9600° E",28.3935,76.96
ss the leaf,1.24,sector 85,7122.0,2.0,2.0,3,10.0,Relatively New,flat,1730.0,0,0,0,0,0,0,49,"28.4042° N, 76.9513° E",28.4042,76.9513
microtek greenburg,1.25,sector 86,8446.0,2.0,2.0,3,13.0,Moderately Old,flat,1339.0,0,0,0,0,0,0,6,"28.3986° N, 76.9384° E",28.3986,76.9384
emaar mgf marbella,8.7,sector 66,38667.0,4.0,5.0,2,3.0,New Property,house,2250.0,1,1,0,0,0,0,144,"28.3925° N, 77.0541° E",28.3925,77.0541
bptp terra,1.72,sector 37d,9498.0,3.0,3.0,3,9.0,Relatively New,flat,1373.0,0,0,0,0,0,1,24,"28.4478° N, 76.9703° E",28.4478,76.9703
tulip violet,1.42,sector 69,8999.0,3.0,3.0,2,8.0,Relatively New,flat,1428.0,0,0,0,0,0,1,94,"28.3966° N, 77.0341° E",28.3966,77.0341
independent,7.0,sector 50,23333.0,4.0,4.0,2,3.0,Old Property,house,3400.0,0,1,0,0,0,0,118,"28.4178° N, 77.0628° E",28.4178,77.0628
bestech park view city,1.78,sector 48,10023.0,3.0,4.0,2,5.0,Relatively New,flat,1526.0,0,0,0,0,0,0,53,"28.4177° N, 77.0359° E",28.4177,77.0359
sidhartha ncr one phase,0.9,sector 95,4500.0,3.0,3.0,1,15.0,Relatively New,flat,2000.0,0,0,0,0,0,0,60,"28.4172° N, 76.9081° E",28.4172,76.9081
tata primanti,3.25,sector 72,10545.0,3.0,3.0,3,2.0,Moderately Old,flat,2986.0,0,0,0,0,0,0,94,"28.4225° N, 77.0211° E",28.4225,77.0211
shree vardhman victoria,1.07,sector 70,7926.0,2.0,2.0,3,8.0,Relatively New,flat,1222.0,0,0,0,0,0,0,108,"28.3968° N, 77.0233° E",28.3968,77.0233
sare green parc 2,0.61,sector 92,4837.0,3.0,2.0,2,6.0,Under Construction,flat,1141.0,0,0,0,0,0,0,0,"28.4079° N, 76.9153° E",28.4079,76.9153
godrej summit,1.05,sector 104,5833.0,3.0,4.0,3+,7.0,Relatively New,flat,2000.0,0,0,0,0,0,1,96,"28.4788° N, 76.9960° E",28.4788,76.996
emaar palm gardens,1.8,sector 83,12000.0,3.0,4.0,3+,6.0,Relatively New,flat,1667.0,0,0,0,0,0,1,96,"28.3986° N, 76.9647° E",28.3986,76.9647
shapoorji pallonji joyville gurugram,1.75,sector 102,9449.0,3.0,3.0,3,10.0,Relatively New,flat,1465.0,0,0,0,0,0,0,49,"28.4750° N, 76.9715° E",28.475,76.9715
m3m soulitude,1.25,sector 89,8784.0,3.0,3.0,3,3.0,New Property,flat,1288.0,0,0,0,0,0,0,61,"28.4253° N, 76.9439° E",28.4253,76.9439
apna enclave,0.55,sector 3,5789.0,2.0,2.0,2,2.0,Old Property,flat,900.0,0,0,0,0,0,0,66,"28.4909° N, 77.0176° E",28.4909,77.0176
vipul belmonte,6.0,sector 53,24490.0,3.0,4.0,3+,6.0,Moderately Old,flat,2217.0,0,0,0,0,0,1,26,"28.4433° N, 77.0948° E",28.4433,77.0948
signature global orchard avenue,0.38,sector 93,6387.0,2.0,2.0,2,7.0,Relatively New,flat,661.0,0,0,0,0,0,0,16,"28.4153° N, 76.9326° E",28.4153,76.9326
ambience creacions,4.78,sector 22,15469.0,3.0,4.0,3,7.0,Relatively New,flat,2500.0,0,0,0,0,0,2,111,"28.5072° N, 77.0640° E",28.5072,77.064
dlf wellington estate,2.09,sector 43,14615.0,3.0,3.0,2,11.0,Old Property,flat,1294.0,0,0,0,0,0,1,79,"28.4629° N, 77.0772° E",28.4629,77.0772
dlf new town heights,1.75,sector 91,7403.0,4.0,4.0,3+,9.0,Relatively New,flat,2139.0,0,0,0,0,0,0,88,"28.4014° N, 76.9225° E",28.4014,76.9225
dlf the belaire,7.0,sector 54,23333.0,4.0,6.0,3+,12.0,Moderately Old,flat,2715.0,0,0,0,0,0,1,108,"28.4348° N, 77.1089° E",28.4348,77.1089
vatika city,2.64,sector 49,11723.0,3.0,4.0,3+,2.0,Moderately Old,flat,2252.0,0,0,0,0,0,1,140,"28.4121° N, 77.0480° E",28.4121,77.048
microtek greenburg,1.25,sector 86,8446.0,3.0,4.0,3,0.0,Relatively New,flat,1339.0,0,0,0,0,0,0,49,"28.3986° N, 76.9384° E",28.3986,76.9384
vatika inxt floors,1.25,sector 82a,8333.0,3.0,2.0,3,2.0,Relatively New,flat,1667.0,0,0,0,0,0,1,94,"28.3858° N, 76.9686° E",28.3858,76.9686
ss hibiscus,12.5,sector 50,40850.0,4.0,4.0,3+,2.0,Relatively New,house,3060.0,1,1,0,0,0,2,160,"28.4178° N, 77.0628° E",28.4178,77.0628
independent,4.15,sector 14,18444.0,5.0,4.0,2,2.0,Old Property,house,2250.0,0,0,0,0,0,1,51,"28.4711° N, 77.0454° E",28.4711,77.0454
emaar mgf palm studios,1.45,sector 66,14796.0,2.0,2.0,3,3.0,Relatively New,flat,1082.0,0,0,0,0,0,0,92,"28.3925° N, 77.0541° E",28.3925,77.0541
spaze privy,1.9,sector 72,9620.0,3.0,3.0,3,10.0,Moderately Old,flat,1787.0,0,0,0,0,0,1,31,"28.4225° N, 77.0211° E",28.4225,77.0211
dlf the icon,5.25,sector 43,20388.0,4.0,4.0,3,9.0,Old Property,flat,2570.0,0,0,0,0,0,0,135,"28.4629° N, 77.0772° E",28.4629,77.0772
mapsko mount ville,1.2,sector 79,8054.0,3.0,3.0,3,24.0,Relatively New,flat,1348.0,0,0,0,0,0,1,8,"28.3624° N, 76.9787° E",28.3624,76.9787
kiran residency,1.54,sector 56,8324.0,3.0,4.0,3+,5.0,Old Property,flat,1900.0,0,0,0,0,0,1,98,"28.4245° N, 77.0991° E",28.4245,77.0991
sukhshanti apartment,1.7,sector 56,7727.0,3.0,3.0,3,4.0,Moderately Old,flat,2200.0,0,0,0,0,0,0,49,"28.4245° N, 77.0991° E",28.4245,77.0991
ss the leaf,1.06,sector 85,6344.0,2.0,2.0,2,12.0,Relatively New,flat,1512.0,0,0,0,0,0,0,44,"28.4042° N, 76.9513° E",28.4042,76.9513
ats kocoon,1.75,sector 109,10029.0,3.0,3.0,3,10.0,Relatively New,flat,1550.0,0,0,0,0,0,1,49,"28.5073° N, 77.0089° E",28.5073,77.0089
shree vardhman flora,0.7,sector 90,5385.0,2.0,2.0,3,13.0,New Property,flat,1176.0,0,0,0,0,0,0,15,"28.4085° N, 76.9369° E",28.4085,76.9369
godrej summit,1.2,sector 104,8299.0,3.0,2.0,3+,16.0,Relatively New,flat,1607.0,0,0,0,0,0,1,142,"28.4788° N, 76.9960° E",28.4788,76.996
ansal sushant lok plots,7.0,sector 43,25926.0,5.0,5.0,3+,3.0,Relatively New,house,2700.0,1,1,0,1,0,1,41,"28.4629° N, 77.0772° E",28.4629,77.0772
international city by sobha phase 2,6.8,sector 109,12593.0,4.0,5.0,3,2.0,Relatively New,house,5400.0,0,1,0,0,0,0,49,"28.5073° N, 77.0089° E",28.5073,77.0089
independent,1.35,sector 12,12217.0,2.0,5.0,1,3.0,Old Property,house,2052.0,0,0,0,0,0,0,31,"28.4723° N, 77.0320° E",28.4723,77.032
ramprastha the edge towers,1.1,sector 37d,5528.0,3.0,3.0,3,9.0,Relatively New,flat,1990.0,0,0,0,0,0,0,63,"28.4478° N, 76.9703° E",28.4478,76.9703
chd avenue,1.25,sector 71,7172.0,3.0,4.0,2,7.0,Relatively New,flat,1577.0,0,0,0,0,0,1,160,"28.4104° N, 77.0281° E",28.4104,77.0281
pivotal devaan,0.41,sector 84,7033.0,2.0,2.0,2,10.0,New Property,flat,565.0,0,0,0,0,0,1,23,"28.3979° N, 76.9736° E",28.3979,76.9736
apex our homes,0.35,sector 37c,3784.0,2.0,2.0,1,7.0,Relatively New,flat,850.0,0,0,0,0,0,1,158,"28.4515° N, 76.9882° E",28.4515,76.9882
dlf carlton estate,2.0,sector 43,14215.0,3.0,3.0,2,5.0,Moderately Old,flat,1273.0,0,0,0,0,0,0,65,"28.4629° N, 77.0772° E",28.4629,77.0772
independent,0.55,sector 4,4074.0,3.0,3.0,2,2.0,Relatively New,house,1350.0,0,0,0,0,1,0,7,"28.4738° N, 77.0107° E",28.4738,77.0107
parkwood westend,0.7,sector 92,5204.0,2.0,2.0,3,5.0,Under Construction,flat,1217.0,0,0,0,0,0,0,0,"28.4079° N, 76.9153° E",28.4079,76.9153
imperia the esfera,0.99,sector 37c,5500.0,3.0,3.0,1,10.0,New Property,flat,1643.0,0,0,0,0,0,0,49,"28.4515° N, 76.9882° E",28.4515,76.9882
godrej summit,0.98,sector 104,5950.0,3.0,3.0,3,12.0,Relatively New,flat,1490.0,0,0,0,0,0,0,79,"28.4788° N, 76.9960° E",28.4788,76.996
dlf regal gardens,1.65,sector 90,7449.0,4.0,4.0,3+,15.0,Relatively New,flat,2214.0,0,0,0,0,0,1,158,"28.4085° N, 76.9369° E",28.4085,76.9369
nbcc heights,0.75,sector 89,6579.0,2.0,2.0,2,6.0,Moderately Old,flat,1032.0,0,0,0,0,0,0,0,"28.4253° N, 76.9439° E",28.4253,76.9439
naman residency,0.5,sector 4,11111.0,2.0,2.0,2,2.0,New Property,house,450.0,1,1,0,1,1,0,14,"28.4738° N, 77.0107° E",28.4738,77.0107
independent,9.0,sector 41,27778.0,8.0,5.0,3+,3.0,Old Property,house,3240.0,0,1,1,1,0,1,26,"28.4557° N, 77.0632° E",28.4557,77.0632
tulip yellow,1.8,sector 69,10563.0,3.0,3.0,3,14.0,Under Construction,flat,1893.0,0,0,0,0,0,0,49,"28.3966° N, 77.0341° E",28.3966,77.0341
dlf regency park,1.6,sector 28,14545.0,2.0,2.0,2,3.0,Relatively New,flat,1222.0,0,0,0,0,0,0,52,"28.4728° N, 77.0865° E",28.4728,77.0865
tulip violet,1.43,sector 69,9039.0,3.0,3.0,2,1.0,Relatively New,flat,1428.0,0,0,0,0,0,0,102,"28.3966° N, 77.0341° E",28.3966,77.0341
dlf regal gardens,1.23,sector 90,7053.0,3.0,3.0,2,19.0,Relatively New,flat,1578.0,0,0,0,0,0,0,6,"28.4085° N, 76.9369° E",28.4085,76.9369
vatika gurgaon,0.75,sector 83,6024.0,2.0,2.0,2,19.0,Relatively New,flat,1150.0,0,0,0,0,0,1,105,"28.3986° N, 76.9647° E",28.3986,76.9647
dlf new town heights,1.51,sector 90,6387.0,4.0,4.0,3+,6.0,Relatively New,flat,2362.0,0,0,0,0,0,1,142,"28.4085° N, 76.9369° E",28.4085,76.9369
bestech park view city,1.8,sector 48,10251.0,3.0,4.0,3,3.0,Moderately Old,flat,1951.0,0,0,0,0,0,1,76,"28.4177° N, 77.0359° E",28.4177,77.0359
emaar mgf marbella,12.0,sector 66,37037.0,5.0,5.0,3+,3.0,New Property,house,3240.0,0,1,1,1,0,1,106,"28.3925° N, 77.0541° E",28.3925,77.0541
experion windchants,5.6,sector 112,11530.0,4.0,6.0,3+,15.0,Moderately Old,flat,3662.34,0,0,0,0,0,1,157,"28.5189° N, 77.0183° E",28.5189,77.0183
dlf new town heights,1.15,sector 90,5959.0,3.0,3.0,3+,9.0,Relatively New,flat,1747.0,0,0,0,0,0,0,88,"28.4085° N, 76.9369° E",28.4085,76.9369
tulip violet,1.75,sector 69,8706.0,4.0,4.0,2,10.0,Relatively New,flat,1819.0,0,0,0,0,0,1,109,"28.3966° N, 77.0341° E",28.3966,77.0341
supertech araville,1.35,sector 79,6941.0,3.0,3.0,3,4.0,Relatively New,flat,2161.0,0,0,0,0,0,0,0,"28.3624° N, 76.9787° E",28.3624,76.9787
sobha city,2.95,sector 108,14728.0,3.0,4.0,2,12.0,Relatively New,flat,2003.0,0,0,0,0,0,0,49,"28.5134° N, 76.9830° E",28.5134,76.983
hsiidc sidco aravali,0.86,manesar,3323.0,3.0,3.0,3+,3.0,Moderately Old,flat,1900.0,0,0,0,0,0,0,81,"28.3515° N, 76.9428° E",28.3515,76.9428
shapoorji pallonji joyville gurugram,1.35,sector 102,14754.0,2.0,2.0,2,10.0,Under Construction,flat,828.0,0,0,0,0,0,0,22,"28.4750° N, 76.9715° E",28.475,76.9715
godrej meridien,3.2,sector 106,16000.0,3.0,3.0,3+,6.0,Under Construction,flat,2224.0,0,0,0,0,0,0,49,"28.5007° N, 77.0003° E",28.5007,77.0003
vatika city,1.98,sector 49,9074.0,3.0,4.0,3,9.0,Moderately Old,flat,1750.75,0,0,0,0,0,1,101,"28.4121° N, 77.0480° E",28.4121,77.048
godrej oasis,1.15,sector 88a,7116.0,2.0,2.0,3,14.0,Relatively New,flat,1380.0,0,0,0,0,0,0,174,"28.4347° N, 76.9557° E",28.4347,76.9557
pyramid urban homes 2,0.41,sector 86,8283.0,2.0,2.0,1,7.0,New Property,flat,557.0,0,0,0,0,0,0,49,"28.3986° N, 76.9384° E",28.3986,76.9384
emaar mgf the palm drive,3.0,sector 66,15385.0,3.0,3.0,2,12.0,Relatively New,flat,1950.0,0,0,0,0,0,0,96,"28.3925° N, 77.0541° E",28.3925,77.0541
unitech the residences,1.1,sector 33,9910.0,2.0,2.0,3,9.0,Moderately Old,flat,1100.0,0,0,0,0,0,1,44,"28.4420° N, 77.0207° E",28.442,77.0207
international city by sobha phase 1,5.5,sector 109,21603.0,4.0,4.0,3+,2.0,New Property,house,2430.0,0,1,0,0,0,0,61,"28.5073° N, 77.0089° E",28.5073,77.0089
ireo skyon,3.75,sector 60,13393.0,4.0,5.0,3,15.0,Relatively New,flat,2534.0,0,0,0,0,0,0,167,"28.4003° N, 77.0975° E",28.4003,77.0975
the close north,2.92,sector 50,11209.0,3.0,3.0,3,10.0,Moderately Old,flat,2600.0,0,0,0,0,0,1,174,"28.4178° N, 77.0628° E",28.4178,77.0628
m3m woodshire,0.88,sector 107,6442.0,2.0,2.0,3+,3.0,Relatively New,flat,1236.0,0,0,0,0,0,0,99,"28.5052° N, 76.9729° E",28.5052,76.9729
indiabulls enigma,4.1,sector 110,10567.0,5.0,5.0,2,10.0,Relatively New,flat,3500.0,0,0,0,0,0,0,159,"28.5145° N, 77.0197° E",28.5145,77.0197
elevate,6.75,sector 50,19882.0,4.0,4.0,0,10.0,Moderately Old,flat,3395.0,0,0,0,0,0,0,0,"28.4178° N, 77.0628° E",28.4178,77.0628
dlf belvedere towers,3.7,sector 25,17619.0,4.0,4.0,3,18.0,Old Property,flat,2333.0,0,0,0,0,0,1,26,"28.4844° N, 77.0860° E",28.4844,77.086
independent,2.2,sector 46,24202.0,3.0,3.0,2,3.0,Old Property,house,909.0,0,0,1,0,0,1,56,"28.4374° N, 77.0586° E",28.4374,77.0586
ansals palam vihar,2.68,sector 2,17213.0,4.0,3.0,2,3.0,Moderately Old,house,1557.0,0,0,1,0,0,1,74,"28.5095° N, 77.0320° E",28.5095,77.032
shri ram apartments,0.46,sector 4,5111.0,2.0,2.0,1,1.0,Relatively New,flat,1000.0,0,0,0,0,0,1,69,"28.4738° N, 77.0107° E",28.4738,77.0107
independent,18.4,sector 26,40726.0,6.0,8.0,3+,4.0,Relatively New,house,12222.0,0,1,1,1,0,1,60,"28.4757° N, 77.1032° E",28.4757,77.1032
mapsko casa bella,1.25,sector 82,6378.0,3.0,4.0,3+,8.0,Under Construction,flat,1774.0,0,0,0,0,0,0,54,"28.3935° N, 76.9600° E",28.3935,76.96
vatika signature villas,3.2,sector 82,14350.0,3.0,4.0,3,1.0,New Property,house,2160.0,1,1,1,1,0,0,66,"28.3935° N, 76.9600° E",28.3935,76.96
supertech araville,0.71,sector 79,6063.0,2.0,2.0,3+,17.0,New Property,flat,1280.0,0,0,0,0,0,0,53,"28.3624° N, 76.9787° E",28.3624,76.9787
umang winter hills,1.35,sector 77,7781.0,3.0,3.0,3+,7.0,New Property,flat,1451.0,0,0,0,0,0,1,96,"28.3801° N, 76.9845° E",28.3801,76.9845
tata primanti,3.3,sector 72,15385.0,3.0,3.0,3+,10.0,Relatively New,flat,2000.0,0,0,0,0,0,1,165,"28.4225° N, 77.0211° E",28.4225,77.0211
vatika sovereign park,3.25,sector 99,9673.0,4.0,4.0,3+,2.0,New Property,flat,3041.0,0,0,0,0,0,0,123,"28.4640° N, 76.9614° E",28.464,76.9614
godrej summit,1.1,sector 104,8668.0,2.0,2.0,3,16.0,Under Construction,flat,1148.0,0,0,0,0,0,0,88,"28.4788° N, 76.9960° E",28.4788,76.996
smart world gems,1.71,sector 89,12000.0,3.0,2.0,0,3.0,New Property,flat,1423.0,0,0,0,0,0,0,45,"28.4253° N, 76.9439° E",28.4253,76.9439
signature global city 92,0.75,sector 92,7821.0,2.0,2.0,3,1.0,Relatively New,house,959.0,0,0,0,0,0,0,46,"28.4079° N, 76.9153° E",28.4079,76.9153
supertech araville,0.78,sector 79,6023.0,2.0,2.0,3+,0.0,New Property,flat,1172.0,0,0,0,0,0,0,74,"28.3624° N, 76.9787° E",28.3624,76.9787
rof ananda,0.38,sector 95,6922.0,2.0,2.0,1,4.0,New Property,flat,610.0,0,0,0,0,0,0,0,"28.4172° N, 76.9081° E",28.4172,76.9081
pareena laxmi apartments,0.31,sector 99a,5905.0,2.0,2.0,2,6.0,New Property,flat,583.0,0,0,0,0,0,0,74,"28.4561° N, 76.9542° E",28.4561,76.9542
mapsko mount ville,1.85,sector 79,9640.0,3.0,4.0,3,21.0,New Property,flat,1643.0,0,0,0,0,0,0,49,"28.3624° N, 76.9787° E",28.3624,76.9787
ansal sushant lok plots,5.8,sector 43,29974.0,6.0,6.0,3,2.0,Relatively New,house,1935.0,0,1,0,0,1,1,49,"28.4629° N, 77.0772° E",28.4629,77.0772
pioneer araya,8.35,sector 62,19514.0,4.0,6.0,3,16.0,Relatively New,flat,3872.0,0,0,0,0,0,0,153,"28.4139° N, 77.0886° E",28.4139,77.0886
emaar mgf emerald floors premier,2.4,sector 65,14545.0,3.0,3.0,3,3.0,Relatively New,flat,1600.0,0,0,0,0,0,1,49,"28.4030° N, 77.0690° E",28.403,77.069
independent,5.1,sector 23,16569.0,3.0,2.0,0,1.0,Old Property,house,3078.0,0,0,0,0,1,0,27,"28.5121° N, 77.0478° E",28.5121,77.0478
dlf the ultima,2.2,sector 81,11190.0,3.0,4.0,3+,7.0,Relatively New,flat,1900.0,0,0,0,0,0,2,104,"28.3867° N, 76.9485° E",28.3867,76.9485
lavanya apartments,0.9,sector 81,5056.0,3.0,3.0,0,7.0,Relatively New,flat,1780.0,0,0,0,0,0,0,0,"28.3867° N, 76.9485° E",28.3867,76.9485
emaar mgf emerald floors premier,2.9,sector 65,14684.0,4.0,4.0,3+,4.0,Relatively New,flat,1975.0,0,0,0,0,0,1,152,"28.4030° N, 77.0690° E",28.403,77.069
independent,0.95,sector 7,21111.0,2.0,1.0,1,3.0,New Property,house,450.0,0,0,0,0,0,0,15,"28.4644° N, 77.0143° E",28.4644,77.0143
paras dews,1.15,sector 106,6053.0,3.0,4.0,3,5.0,Relatively New,flat,1305.0,0,0,0,0,0,0,49,"28.5007° N, 77.0003° E",28.5007,77.0003
sbtl caladium,1.35,sector 109,7181.0,3.0,2.0,3+,12.0,Relatively New,flat,1477.0,0,0,0,0,0,0,128,"28.5073° N, 77.0089° E",28.5073,77.0089
tata primanti,5.0,sector 72,11364.0,4.0,4.0,3+,2.0,New Property,flat,4000.0,0,0,0,0,0,1,174,"28.4225° N, 77.0211° E",28.4225,77.0211
bptp amstoria,1.9,sector 102,8444.0,3.0,3.0,3+,1.0,Relatively New,flat,2500.0,0,0,0,0,0,0,174,"28.4750° N, 76.9715° E",28.475,76.9715
bptp terra,1.45,sector 37d,8007.0,3.0,3.0,3,9.0,Relatively New,flat,1639.0,0,0,0,0,0,0,107,"28.4478° N, 76.9703° E",28.4478,76.9703
shapoorji pallonji joyville,1.1,sector 102,12022.0,2.0,2.0,1,7.0,Relatively New,flat,915.0,0,0,0,0,0,0,0,"28.4750° N, 76.9715° E",28.475,76.9715
sare crescent parc,0.87,sector 92,4971.0,4.0,4.0,2,2.0,Moderately Old,flat,1584.0,0,0,0,0,0,2,115,"28.4079° N, 76.9153° E",28.4079,76.9153
dlf the ultima,2.25,sector 81,10755.0,3.0,4.0,3+,11.0,Relatively New,flat,2090.0,0,0,0,0,0,2,174,"28.3867° N, 76.9485° E",28.3867,76.9485
independent,3.5,sector 12,14787.0,8.0,8.0,3+,3.0,Relatively New,house,4800.0,1,1,0,1,0,2,77,"28.4723° N, 77.0320° E",28.4723,77.032
smart world gems,0.95,sector 89,8597.0,2.0,2.0,2,4.0,New Property,flat,1226.0,0,0,0,0,0,0,38,"28.4253° N, 76.9439° E",28.4253,76.9439
corona optus,1.22,sector 37c,6912.0,3.0,4.0,3,5.0,Relatively New,flat,1665.0,0,0,0,0,0,0,149,"28.4515° N, 76.9882° E",28.4515,76.9882
zara aavaas,0.65,sector 104,8519.0,3.0,2.0,2,7.0,New Property,flat,848.0,0,0,0,0,0,0,65,"28.4788° N, 76.9960° E",28.4788,76.996
dlf the skycourt,1.35,sector 86,6998.0,3.0,3.0,1,9.0,Relatively New,flat,1746.0,0,0,0,0,0,0,119,"28.3986° N, 76.9384° E",28.3986,76.9384
shree vardhman victoria,1.8,sector 70,9231.0,3.0,3.0,3+,10.0,New Property,flat,1765.0,0,0,0,0,0,1,49,"28.3968° N, 77.0233° E",28.3968,77.0233
ireo the corridors,1.5,sector 67a,11111.0,2.0,2.0,2,10.0,Relatively New,flat,1500.0,0,0,0,0,0,1,38,"28.3960° N, 77.0372° E",28.396,77.0372
raheja atharva,1.6,sector 109,5319.0,4.0,1.0,0,0.0,New Property,flat,3008.0,0,0,0,0,0,0,0,"28.5073° N, 77.0089° E",28.5073,77.0089
dlf the primus,1.87,sector 82a,10395.0,3.0,3.0,3,31.0,Moderately Old,flat,1668.0,0,0,0,0,0,0,38,"28.3858° N, 76.9686° E",28.3858,76.9686
huda sector-56 gurgaon,3.6,sector 56,24845.0,5.0,5.0,3+,3.0,Moderately Old,house,1449.0,0,0,0,0,1,0,47,"28.4245° N, 77.0991° E",28.4245,77.0991
independent,2.9,sector 23,11600.0,4.0,4.0,3,2.0,Relatively New,house,2500.0,0,1,0,0,0,1,43,"28.5121° N, 77.0478° E",28.5121,77.0478
ats triumph,2.3,sector 104,10000.0,3.0,4.0,3+,15.0,New Property,flat,2544.0,0,0,0,0,0,0,117,"28.4788° N, 76.9960° E",28.4788,76.996
smart world orchard,2.6,sector 61,14723.0,3.0,3.0,2,2.0,New Property,flat,1766.0,0,0,0,0,0,0,47,"28.4050° N, 77.0963° E",28.405,77.0963
umang winter hills,0.75,sector 77,5589.0,2.0,2.0,2,8.0,Relatively New,flat,1140.0,0,0,0,0,0,1,102,"28.3801° N, 76.9845° E",28.3801,76.9845
shree vardhman flora,0.75,sector 90,5769.0,2.0,2.0,3,8.0,Relatively New,flat,1444.0,0,0,0,0,0,0,60,"28.4085° N, 76.9369° E",28.4085,76.9369
godrej nature plus,1.65,sector 33,14335.0,2.0,2.0,3,1.0,Under Construction,flat,1279.0,0,0,0,0,0,0,38,"28.4420° N, 77.0207° E",28.442,77.0207
ss the leaf,1.04,sector 85,5974.0,2.0,3.0,3+,4.0,Relatively New,flat,1576.0,0,0,0,0,0,0,113,"28.4042° N, 76.9513° E",28.4042,76.9513
conscient heritage max,1.75,sector 102,9011.0,3.0,4.0,3+,13.0,Relatively New,flat,1757.0,0,0,0,0,0,1,94,"28.4750° N, 76.9715° E",28.475,76.9715
godrej,1.3,sector 79,8270.0,2.0,2.0,3,3.0,New Property,flat,1423.0,0,0,0,0,0,0,49,"28.3624° N, 76.9787° E",28.3624,76.9787
satya the hermitage,0.89,sector 103,6138.0,2.0,3.0,3,1.0,Relatively New,flat,1257.0,0,0,0,0,0,1,75,"28.4949° N, 76.9845° E",28.4949,76.9845
independent,11.25,sector 28,34722.0,9.0,9.0,3+,2.0,Moderately Old,house,3240.0,0,1,1,1,0,1,126,"28.4728° N, 77.0865° E",28.4728,77.0865
bestech altura,1.72,sector 79,8398.0,3.0,4.0,3,9.0,New Property,flat,2050.0,0,0,0,0,0,0,49,"28.3624° N, 76.9787° E",28.3624,76.9787
smart world gems,1.16,sector 89,8152.0,3.0,3.0,2,3.0,Under Construction,flat,1581.0,0,0,0,0,0,0,68,"28.4253° N, 76.9439° E",28.4253,76.9439
signature global city,1.27,sector 37d,8089.0,3.0,3.0,3,4.0,Under Construction,house,1570.0,0,0,0,1,0,0,89,"28.4478° N, 76.9703° E",28.4478,76.9703
shapoorji pallonji joyville gurugram,2.0,sector 102,17730.0,3.0,3.0,3+,1.0,Relatively New,flat,1456.0,0,0,0,0,0,0,139,"28.4750° N, 76.9715° E",28.475,76.9715
supertech hues,0.8,sector 68,6780.0,2.0,2.0,3+,14.0,New Property,flat,1180.0,0,0,0,0,0,1,26,"28.3853° N, 77.0484° E",28.3853,77.0484
dlf city plots phase 2,7.5,sector 25,31686.0,9.0,9.0,3+,4.0,Relatively New,house,2300.5,1,1,0,1,0,1,160,"28.4844° N, 77.0860° E",28.4844,77.086
experion the heartsong,1.25,sector 108,9259.0,3.0,3.0,3,1.0,Relatively New,flat,1500.0,0,0,0,0,0,0,174,"28.5134° N, 76.9830° E",28.5134,76.983
corona optus,1.44,sector 37c,7251.0,3.0,3.0,3+,8.0,New Property,flat,2211.0,0,0,0,0,0,0,37,"28.4515° N, 76.9882° E",28.4515,76.9882
dlf the primus,1.8,sector 82a,13846.0,3.0,3.0,3+,10.0,Relatively New,flat,1545.0,0,0,0,0,0,2,174,"28.3858° N, 76.9686° E",28.3858,76.9686
ireo the corridors,1.85,sector 67a,9531.0,3.0,4.0,3,4.0,New Property,flat,1941.0,0,0,0,0,0,1,150,"28.3960° N, 77.0372° E",28.396,77.0372
independent,9.9,sector 105,49500.0,2.0,2.0,2,3.0,Moderately Old,house,2000.0,0,0,0,0,0,0,0,"28.4952° N, 77.0114° E",28.4952,77.0114
independent,5.75,sector 43,29716.0,4.0,4.0,2,2.0,Old Property,house,1935.0,0,1,1,1,0,0,34,"28.4629° N, 77.0772° E",28.4629,77.0772
signature global solera,0.5,sector 107,7752.0,3.0,2.0,2,6.0,Relatively New,flat,717.0,0,0,0,0,0,0,49,"28.5052° N, 76.9729° E",28.5052,76.9729
sobha city,3.95,sector 108,16859.0,3.0,4.0,2,15.0,Relatively New,flat,2343.0,0,0,0,0,0,0,49,"28.5134° N, 76.9830° E",28.5134,76.983
rof ananda,0.46,sector 95,6319.0,2.0,2.0,2,11.0,New Property,flat,809.0,0,0,0,0,0,0,82,"28.4172° N, 76.9081° E",28.4172,76.9081
siddhartha apartment,1.1,sector 95,4327.0,4.0,3.0,3,9.0,Relatively New,flat,2824.0,0,0,0,0,0,0,22,"28.4172° N, 76.9081° E",28.4172,76.9081
vatika gurgaon,0.95,sector 83,6574.0,2.0,2.0,3,5.0,Relatively New,flat,1300.0,0,0,0,0,0,1,96,"28.3986° N, 76.9647° E",28.3986,76.9647
dlf royalton tower,6.5,sector 43,20687.0,4.0,4.0,3+,9.0,Moderately Old,flat,2712.0,0,0,0,0,0,0,7,"28.4629° N, 77.0772° E",28.4629,77.0772
shree vardhman victoria,1.55,sector 70,7949.0,3.0,5.0,3,8.0,Relatively New,flat,1527.0,0,0,0,0,0,0,174,"28.3968° N, 77.0233° E",28.3968,77.0233
independent,3.6,sector 46,24845.0,5.0,5.0,3+,3.0,Moderately Old,house,1449.0,0,1,0,0,0,1,75,"28.4374° N, 77.0586° E",28.4374,77.0586
dlf regal gardens,1.65,sector 90,7449.0,4.0,4.0,3+,8.0,Relatively New,flat,1900.0,0,0,0,0,0,0,79,"28.4085° N, 76.9369° E",28.4085,76.9369
dlf park place,4.85,sector 54,25867.0,3.0,4.0,3+,25.0,Relatively New,flat,1875.0,0,0,0,0,0,1,26,"28.4348° N, 77.1089° E",28.4348,77.1089
m3m heights,2.1,sector 65,16653.0,2.0,2.0,3,8.0,New Property,flat,1015.0,0,0,0,0,0,0,31,"28.4030° N, 77.0690° E",28.403,77.069
uphar lakshya homes,0.42,sector 105,4200.0,3.0,2.0,1,1.0,Relatively New,flat,1111.0,0,0,0,0,0,0,7,"28.4952° N, 77.0114° E",28.4952,77.0114
supertech hues,1.0,sector 68,8475.0,2.0,2.0,3,23.0,New Property,flat,1311.0,0,0,0,0,0,0,49,"28.3853° N, 77.0484° E",28.3853,77.0484
bestech park view ananda,1.1,sector 81,6687.0,3.0,2.0,3+,5.0,Relatively New,flat,1319.0,0,0,0,0,0,0,150,"28.3867° N, 76.9485° E",28.3867,76.9485
emaar gurgaon greens,1.4,sector 102,8485.0,3.0,3.0,3,3.0,Relatively New,flat,1315.0,0,0,0,0,0,0,60,"28.4750° N, 76.9715° E",28.475,76.9715
independent,9.0,sector 28,27778.0,6.0,7.0,3+,3.0,Moderately Old,house,3240.0,1,1,1,1,0,0,67,"28.4728° N, 77.0865° E",28.4728,77.0865
indiabulls centrum park,1.32,sector 103,7788.0,3.0,3.0,3+,6.0,Relatively New,flat,1300.0,0,0,0,0,0,0,49,"28.4949° N, 76.9845° E",28.4949,76.9845
tata primanti,4.25,sector 72,13077.0,4.0,4.0,3+,0.0,Relatively New,flat,2941.0,0,0,0,0,0,1,174,"28.4225° N, 77.0211° E",28.4225,77.0211
rof aalayas,0.45,sector 102,8411.0,2.0,2.0,1,14.0,Relatively New,flat,568.0,0,0,0,0,0,2,57,"28.4750° N, 76.9715° E",28.475,76.9715
dlf the skycourt,1.5,sector 86,7895.0,3.0,3.0,1,16.0,Relatively New,flat,1719.0,0,0,0,0,0,0,49,"28.3986° N, 76.9384° E",28.3986,76.9384
parsvnath exotica,5.0,sector 53,17271.0,3.0,4.0,3+,8.0,Relatively New,flat,2500.0,0,0,0,0,0,1,49,"28.4433° N, 77.0948° E",28.4433,77.0948
tata gurgaon gateway,2.45,sector 113,10788.0,3.0,3.0,3,8.0,Relatively New,flat,2014.0,0,0,0,0,0,0,110,"28.5287° N, 77.0233° E",28.5287,77.0233
shapoorji pallonji joyville gurugram,2.0,sector 102,10799.0,3.0,3.0,3,9.0,Relatively New,flat,1676.0,0,0,0,0,0,0,49,"28.4750° N, 76.9715° E",28.475,76.9715
international city by sobha phase 2,5.65,sector 109,10463.0,4.0,4.0,3+,2.0,New Property,house,5400.0,0,1,0,0,1,1,44,"28.5073° N, 77.0089° E",28.5073,77.0089
mariners home,2.11,sector 56,8612.0,3.0,2.0,3,4.0,Relatively New,flat,2250.0,0,0,0,0,0,1,126,"28.4245° N, 77.0991° E",28.4245,77.0991
central park flower valley aqua front towers,1.7,sector 33,9503.0,3.0,3.0,3,12.0,Under Construction,flat,1619.0,0,0,0,0,0,0,24,"28.4420° N, 77.0207° E",28.442,77.0207
smriti apartment,0.45,sector 56,7500.0,1.0,1.0,2,3.0,Old Property,flat,543.0,0,0,0,0,0,0,57,"28.4245° N, 77.0991° E",28.4245,77.0991
emaar the palm drive,3.9,sector 66,18634.0,3.0,4.0,3,2.0,Relatively New,flat,2200.0,0,0,0,0,0,0,0,"28.3925° N, 77.0541° E",28.3925,77.0541
tarc maceo,1.4,sector 91,7407.0,3.0,3.0,3+,7.0,Relatively New,flat,1700.0,0,0,0,0,0,0,76,"28.4014° N, 76.9225° E",28.4014,76.9225
shree vardhman flora,0.65,sector 90,5000.0,2.0,2.0,2,12.0,Old Property,flat,1176.0,0,0,0,0,0,0,103,"28.4085° N, 76.9369° E",28.4085,76.9369
ss the leaf,1.15,sector 85,10017.0,2.0,2.0,3+,18.0,Relatively New,flat,1380.0,0,0,0,0,0,0,156,"28.4042° N, 76.9513° E",28.4042,76.9513
vatika signature villas,4.7,sector 82,21759.0,3.0,3.0,3+,3.0,New Property,house,2160.0,0,1,0,0,0,0,33,"28.3935° N, 76.9600° E",28.3935,76.96
m3m one key resiments,0.8,sector 67,13115.0,1.0,1.0,0,0.0,Relatively New,flat,610.0,0,0,0,0,0,0,0,"28.3859° N, 77.0608° E",28.3859,77.0608
ansal plaza,1.0,sector 2,10000.0,2.0,3.0,0,1.0,Moderately Old,flat,1000.0,0,0,0,0,0,0,0,"28.5095° N, 77.0320° E",28.5095,77.032
ireo skyon,3.6,sector 60,12816.0,4.0,5.0,3,24.0,Relatively New,flat,2604.0,0,0,0,0,0,1,49,"28.4003° N, 77.0975° E",28.4003,77.0975
shri balaji apartment,0.35,sector 12,4037.0,2.0,2.0,1,1.0,Moderately Old,flat,737.0,0,0,0,0,0,0,23,"28.4723° N, 77.0320° E",28.4723,77.032
supertech araville,0.9,sector 79,5882.0,2.0,2.0,3,5.0,Relatively New,flat,1450.0,0,0,0,0,0,0,53,"28.3624° N, 76.9787° E",28.3624,76.9787
bestech park view ananda,0.95,sector 81,10626.0,2.0,2.0,2,2.0,Relatively New,flat,1112.0,0,0,0,0,0,1,104,"28.3867° N, 76.9485° E",28.3867,76.9485
assotech blith,0.82,sector 99,6007.0,2.0,2.0,3,0.0,New Property,flat,1365.0,0,0,0,0,0,0,51,"28.4640° N, 76.9614° E",28.464,76.9614
corona gracieux,1.08,sector 76,5510.0,3.0,3.0,3,1.0,New Property,flat,1774.0,0,0,0,0,0,0,58,"28.3935° N, 76.9888° E",28.3935,76.9888
parsvnath green ville,1.6,sector 48,8377.0,3.0,3.0,3+,8.0,Old Property,flat,1895.0,0,0,0,0,0,1,49,"28.4177° N, 77.0359° E",28.4177,77.0359
bestech park view grand spa,2.29,sector 81,8609.0,3.0,4.0,3+,10.0,Relatively New,flat,2315.0,0,0,0,0,0,2,174,"28.3867° N, 76.9485° E",28.3867,76.9485
international city by sobha phase 2,6.5,sector 109,12037.0,4.0,4.0,3+,1.0,New Property,house,5400.0,0,1,0,0,0,1,160,"28.5073° N, 77.0089° E",28.5073,77.0089
lotus homz,0.5,sector 111,14837.0,1.0,1.0,1,2.0,Relatively New,flat,374.0,0,0,0,0,0,2,72,"28.5238° N, 77.0320° E",28.5238,77.032
independent,0.9,sector 12,13333.0,2.0,4.0,0,2.0,Old Property,house,675.0,0,0,0,0,0,0,0,"28.4723° N, 77.0320° E",28.4723,77.032
dlf city plots phase 2,4.25,sector 25,31481.0,3.0,2.0,3,2.0,Old Property,house,1350.0,1,0,0,0,0,0,35,"28.4844° N, 77.0860° E",28.4844,77.086
independent,9.0,sector 25,28490.0,10.0,10.0,3,3.0,Old Property,house,3159.0,0,0,0,1,0,1,64,"28.4844° N, 77.0860° E",28.4844,77.086
woodstock floors,1.05,sector 50,10628.0,2.0,2.0,2,2.0,Moderately Old,flat,1098.0,0,0,0,0,0,0,53,"28.4178° N, 77.0628° E",28.4178,77.0628
bptp terra,1.17,sector 37d,8298.0,2.0,2.0,2,0.0,Relatively New,flat,1276.0,0,0,0,0,0,0,107,"28.4478° N, 76.9703° E",28.4478,76.9703
ramprastha skyz,1.0,sector 37d,4943.0,3.0,5.0,3,11.0,Under Construction,flat,1833.0,0,0,0,0,0,0,8,"28.4478° N, 76.9703° E",28.4478,76.9703
chd avenue,1.1,sector 71,6104.0,3.0,4.0,3,3.0,Moderately Old,flat,1631.0,0,0,0,0,0,0,26,"28.4104° N, 77.0281° E",28.4104,77.0281
la vida by tata housing,2.4,sector 113,10825.0,3.0,4.0,3+,5.0,Relatively New,flat,1940.0,0,0,0,0,0,0,49,"28.5287° N, 77.0233° E",28.5287,77.0233
independent,5.0,sector 23,16244.0,4.0,4.0,2,2.0,Old Property,house,3078.0,0,0,0,0,0,0,7,"28.5121° N, 77.0478° E",28.5121,77.0478
suposhaa smartworld orchard,2.17,sector 61,14000.0,3.0,3.0,3,1.0,Under Construction,flat,1721.0,0,0,0,0,0,0,0,"28.4050° N, 77.0963° E",28.405,77.0963
ireo skyon,2.5,sector 60,16129.0,2.0,3.0,2,4.0,Relatively New,flat,1403.0,0,0,0,0,0,0,100,"28.4003° N, 77.0975° E",28.4003,77.0975
emaar palm gardens,1.72,sector 83,9053.0,3.0,3.0,3,4.0,Relatively New,flat,1600.0,0,0,0,0,0,1,165,"28.3986° N, 76.9647° E",28.3986,76.9647
vipul lavanya,1.0,sector 81,8000.0,2.0,2.0,2,7.0,Relatively New,flat,1131.0,0,0,0,0,0,0,31,"28.3867° N, 76.9485° E",28.3867,76.9485
row house,0.43,sector 105,9130.0,3.0,3.0,3,2.0,Relatively New,house,1050.0,0,0,0,0,0,0,0,"28.4952° N, 77.0114° E",28.4952,77.0114
awho shanti vihar,0.82,sector 95,9880.0,2.0,2.0,3+,13.0,New Property,flat,1095.0,0,0,0,0,0,0,114,"28.4172° N, 76.9081° E",28.4172,76.9081
ss aaron ville,6.5,sector 49,18808.0,5.0,5.0,2,2.0,Relatively New,house,3456.0,1,1,0,1,0,1,28,"28.4121° N, 77.0480° E",28.4121,77.048
friends apartment,2.0,sector 52,8511.0,4.0,3.0,3,5.0,Moderately Old,flat,2091.0,0,0,0,0,0,2,111,"28.4379° N, 77.0785° E",28.4379,77.0785
independent,1.7,sector 108,5667.0,4.0,4.0,3+,1.0,Relatively New,house,3000.0,0,0,0,0,0,0,0,"28.5134° N, 76.9830° E",28.5134,76.983
dlf express greens,1.5,manesar,6359.0,4.0,5.0,3+,10.0,New Property,flat,2135.0,0,0,0,0,0,0,32,"28.3515° N, 76.9428° E",28.3515,76.9428
hsiidc sidco shivalik apartments,0.73,manesar,3559.0,3.0,3.0,3+,2.0,Moderately Old,flat,1705.0,0,0,0,0,0,0,80,"28.3515° N, 76.9428° E",28.3515,76.9428
ss the leaf,1.3,sector 85,7780.0,2.0,2.0,3+,16.0,Relatively New,flat,1406.0,0,0,0,0,0,0,148,"28.4042° N, 76.9513° E",28.4042,76.9513
unitech sunbreeze,1.0,sector 69,5476.0,4.0,3.0,0,0.0,Relatively New,flat,1826.0,0,0,0,0,0,0,0,"28.3966° N, 77.0341° E",28.3966,77.0341
shree arihant apartment,1.55,sector 54,8611.0,3.0,3.0,3,3.0,Moderately Old,flat,1900.0,0,0,0,0,0,1,109,"28.4348° N, 77.1089° E",28.4348,77.1089
dlf regal gardens,1.79,sector 90,8081.0,4.0,3.0,3+,10.0,Moderately Old,flat,2461.0,0,0,0,0,0,0,63,"28.4085° N, 76.9369° E",28.4085,76.9369
dlf new town heights,1.54,sector 86,5785.0,4.0,4.0,3+,21.0,Moderately Old,flat,2139.0,0,0,0,0,0,0,80,"28.3986° N, 76.9384° E",28.3986,76.9384
ireo the corridors,1.6,sector 67a,9265.0,3.0,3.0,2,3.0,New Property,flat,1346.0,0,0,0,0,0,1,142,"28.3960° N, 77.0372° E",28.396,77.0372
birla navya,3.15,sector 63a,14631.0,3.0,3.0,3,4.0,Under Construction,flat,2153.0,0,0,0,0,0,0,44,"28.3923° N, 77.0888° E",28.3923,77.0888
godrej frontier,1.1,sector 80,5705.0,3.0,3.0,3,8.0,Moderately Old,flat,1580.0,0,0,0,0,0,0,111,"28.3659° N, 76.9557° E",28.3659,76.9557
conscient elevate,3.9,sector 59,16993.0,3.0,1.0,0,0.0,Under Construction,flat,2295.0,0,0,0,0,0,0,0,"28.4051° N, 77.1097° E",28.4051,77.1097
bestech park view residency,0.56,sector 2,8629.0,1.0,2.0,2,7.0,Moderately Old,flat,723.0,0,0,0,0,0,0,92,"28.5095° N, 77.0320° E",28.5095,77.032
mapsko mount ville,1.25,sector 79,7716.0,3.0,3.0,2,1.0,Relatively New,flat,1212.0,0,0,0,0,0,1,166,"28.3624° N, 76.9787° E",28.3624,76.9787
ss the leaf,1.77,sector 85,7350.0,3.0,4.0,3+,7.0,New Property,flat,2179.0,0,0,0,0,0,0,107,"28.4042° N, 76.9513° E",28.4042,76.9513
signature global solera,0.4,sector 107,6645.0,2.0,2.0,1,7.0,Relatively New,flat,577.0,0,0,0,0,0,1,55,"28.5052° N, 76.9729° E",28.5052,76.9729
unitech uniworld resorts,9.55,sector 33,19293.0,6.0,7.0,3+,2.0,Relatively New,house,4950.0,1,1,1,1,0,1,126,"28.4420° N, 77.0207° E",28.442,77.0207
godrej summit,0.82,sector 104,9856.0,2.0,2.0,3,12.0,Relatively New,flat,86.0,0,0,0,0,0,0,120,"28.4788° N, 76.9960° E",28.4788,76.996
sare homes,0.95,sector 92,4750.0,4.0,3.0,2,17.0,New Property,flat,1983.0,0,0,0,0,0,1,7,"28.4079° N, 76.9153° E",28.4079,76.9153
independent,0.6,sector 9,10753.0,3.0,3.0,1,2.0,Relatively New,house,558.0,0,0,0,0,0,0,0,"28.4603° N, 77.0000° E",28.4603,77.0
umang monsoon breeze,0.7,sector 78,5719.0,2.0,2.0,2,5.0,Moderately Old,flat,1224.0,0,0,0,0,0,0,0,"28.3733° N, 76.9729° E",28.3733,76.9729
spire woods now ananda by alpha corp,1.25,sector 103,6902.0,3.0,4.0,3,11.0,Under Construction,flat,2012.0,0,0,0,0,0,0,105,"28.4949° N, 76.9845° E",28.4949,76.9845
sare green parc phase 3,1.1,sector 92,6875.0,4.0,3.0,2,12.0,New Property,flat,1778.0,0,0,0,0,0,0,15,"28.4079° N, 76.9153° E",28.4079,76.9153
godrej frontier,1.4,sector 80,6189.0,3.0,4.0,2,10.0,Moderately Old,flat,1854.0,0,0,0,0,0,0,111,"28.3659° N, 76.9557° E",28.3659,76.9557
raheja the vedaanta floors,0.7,sector 108,4522.0,2.0,2.0,3,1.0,Moderately Old,flat,1720.0,0,0,0,0,0,1,0,"28.5134° N, 76.9830° E",28.5134,76.983
ramsons kshitij,0.22,sector 95,6471.0,1.0,1.0,1,2.0,New Property,flat,308.0,0,0,0,0,0,0,0,"28.4172° N, 76.9081° E",28.4172,76.9081
bestech park view sanskruti,1.55,sector 92,7769.0,3.0,4.0,3,8.0,Relatively New,flat,1805.0,0,0,0,0,0,0,49,"28.4079° N, 76.9153° E",28.4079,76.9153
shree balaji appartment,0.4,sector 33,5000.0,2.0,2.0,2,1.0,Relatively New,flat,724.0,0,0,0,0,0,2,0,"28.4420° N, 77.0207° E",28.442,77.0207
hcbs sports ville,0.35,sector 2,4375.0,2.0,2.0,2,8.0,Relatively New,flat,800.0,0,0,0,0,0,0,37,"28.5095° N, 77.0320° E",28.5095,77.032
m3m woodshire,0.9,sector 107,6589.0,2.0,2.0,3+,10.0,Relatively New,flat,1236.0,0,0,0,0,0,1,49,"28.5052° N, 76.9729° E",28.5052,76.9729
m3m woodshire,1.21,sector 107,6227.0,3.0,3.0,3,7.0,Moderately Old,flat,1713.0,0,0,0,0,0,1,126,"28.5052° N, 76.9729° E",28.5052,76.9729
mapsko mount ville,1.25,sector 79,8389.0,3.0,3.0,3,22.0,Relatively New,flat,1154.0,0,0,0,0,0,0,160,"28.3624° N, 76.9787° E",28.3624,76.9787
bestech park view residency,1.36,sector 2,7645.0,3.0,3.0,3+,5.0,Moderately Old,flat,1611.0,0,0,0,0,0,0,84,"28.5095° N, 77.0320° E",28.5095,77.032
signature andour heights,0.55,sector 71,8607.0,2.0,2.0,1,7.0,Relatively New,flat,600.0,0,0,0,0,0,1,24,"28.4104° N, 77.0281° E",28.4104,77.0281
independent,1.35,sector 11,3857.0,10.0,6.0,3+,3.0,Old Property,house,3500.0,0,0,0,0,0,0,0,"28.4531° N, 77.0202° E",28.4531,77.0202
independent,3.0,sector 17,11111.0,4.0,4.0,0,1.0,Old Property,house,3000.0,0,0,0,0,0,0,0,"28.4791° N, 77.0608° E",28.4791,77.0608
emaar mgf emerald floors premier,3.0,sector 65,15190.0,4.0,4.0,3+,2.0,Relatively New,flat,1975.0,0,0,0,0,0,0,87,"28.4030° N, 77.0690° E",28.403,77.069
m3m soulitude,1.33,sector 89,16986.0,3.0,3.0,3,4.0,Under Construction,flat,1423.0,0,0,0,0,0,0,125,"28.4253° N, 76.9439° E",28.4253,76.9439
smart world orchard,1.7,sector 61,15004.0,2.0,2.0,2,4.0,Under Construction,flat,1278.0,0,0,0,0,0,0,24,"28.4050° N, 77.0963° E",28.405,77.0963
signature signum 95a,0.4,sector 95,7782.0,2.0,2.0,2,3.0,New Property,flat,571.0,0,0,0,0,0,1,44,"28.4172° N, 76.9081° E",28.4172,76.9081
gls avenue 51,0.42,sector 92,7107.0,2.0,2.0,1,4.0,Relatively New,flat,657.0,0,0,0,0,0,1,42,"28.4079° N, 76.9153° E",28.4079,76.9153
ansal sushant lok ci,2.0,sector 43,15152.0,3.0,3.0,2,1.0,Old Property,flat,1467.0,0,0,0,0,0,2,15,"28.4629° N, 77.0772° E",28.4629,77.0772
independent,7.0,sector 26,39260.0,5.0,5.0,2,3.0,Relatively New,house,1783.0,0,1,0,0,0,0,9,"28.4757° N, 77.1032° E",28.4757,77.1032
signature global city 37d ph 2,1.07,sector 37d,8237.0,3.0,3.0,2,2.0,Under Construction,flat,1450.0,0,0,0,0,0,0,86,"28.4478° N, 76.9703° E",28.4478,76.9703
conscient heritage max,2.22,sector 102,13875.0,3.0,4.0,3+,15.0,Relatively New,flat,2000.0,0,0,0,0,0,0,82,"28.4750° N, 76.9715° E",28.475,76.9715
antriksh heights,0.94,sector 84,6999.0,3.0,2.0,3+,10.0,New Property,flat,1222.0,0,0,0,0,0,1,89,"28.3979° N, 76.9736° E",28.3979,76.9736
mittal surya vihar,0.8,sector 21,7080.0,2.0,2.0,2,6.0,Old Property,flat,1256.0,0,0,0,0,0,0,0,"28.5134° N, 77.0723° E",28.5134,77.0723
unitech espace,7.42,sector 50,34352.0,4.0,4.0,3,2.0,Old Property,house,3200.0,0,0,0,0,0,1,88,"28.4178° N, 77.0628° E",28.4178,77.0628
tulip violet,3.05,sector 69,9664.0,4.0,5.0,3+,14.0,Relatively New,flat,2856.0,0,0,0,0,0,0,49,"28.3966° N, 77.0341° E",28.3966,77.0341
central park flower valley,3.3,sector 33,13750.0,3.0,3.0,3,2.0,Under Construction,flat,2667.0,0,0,0,0,0,0,61,"28.4420° N, 77.0207° E",28.442,77.0207
adani brahma samsara vilasa,3.25,sector 63,29545.0,3.0,3.0,3,4.0,New Property,flat,2700.0,0,0,0,0,0,0,41,"28.3971° N, 77.0867° E",28.3971,77.0867
ild grand,1.35,sector 37c,7143.0,3.0,3.0,0,1.0,New Property,flat,1820.0,0,0,0,0,0,0,60,"28.4515° N, 76.9882° E",28.4515,76.9882
independent,0.5,sector 105,5556.0,2.0,2.0,0,1.0,Moderately Old,house,100.0,0,0,0,0,0,0,0,"28.4952° N, 77.0114° E",28.4952,77.0114
green court,0.5,sector 90,8333.0,2.0,2.0,1,8.0,New Property,flat,650.0,0,0,0,0,0,0,42,"28.4085° N, 76.9369° E",28.4085,76.9369
pivotal riddhi siddhi,0.5,sector 99,8518.0,2.0,1.0,2,7.0,New Property,flat,652.0,0,0,0,0,0,0,24,"28.4640° N, 76.9614° E",28.464,76.9614
m3m heights,1.9,sector 65,14996.0,2.0,2.0,3,4.0,Under Construction,flat,1141.0,0,0,0,0,0,0,54,"28.4030° N, 77.0690° E",28.403,77.069
ss,1.2,sector 85,7151.0,2.0,2.0,3,15.0,Relatively New,flat,1660.0,0,0,0,0,0,0,49,"28.4042° N, 76.9513° E",28.4042,76.9513
hsiidc sidco aravali,0.91,manesar,3516.0,3.0,3.0,3+,8.0,Moderately Old,flat,1900.0,0,0,0,0,0,0,23,"28.3515° N, 76.9428° E",28.3515,76.9428
shapoorji pallonji joyville gurugram,0.96,sector 102,10492.0,2.0,2.0,2,10.0,Relatively New,flat,828.0,0,0,0,0,0,0,132,"28.4750° N, 76.9715° E",28.475,76.9715
ats triumph,2.62,sector 104,8317.0,4.0,4.0,3+,14.0,Relatively New,flat,2851.0,0,0,0,0,0,0,174,"28.4788° N, 76.9960° E",28.4788,76.996
signature global solera,0.28,sector 107,5726.0,2.0,2.0,2,10.0,Relatively New,flat,543.0,0,0,0,0,0,0,38,"28.5052° N, 76.9729° E",28.5052,76.9729
dlf the skycourt,2.2,sector 86,11500.0,3.0,3.0,1,7.0,Relatively New,flat,1747.0,0,0,0,0,0,2,77,"28.3986° N, 76.9384° E",28.3986,76.9384
independent,5.65,sector 23,17706.0,7.0,7.0,3+,2.0,Moderately Old,house,5000.0,0,1,0,1,0,0,68,"28.5121° N, 77.0478° E",28.5121,77.0478
godrej nature plus,1.9,sector 33,9850.0,3.0,3.0,3+,14.0,New Property,flat,2143.0,0,0,0,0,0,0,96,"28.4420° N, 77.0207° E",28.442,77.0207
independent,1.25,sector 4,8681.0,2.0,3.0,0,1.0,Moderately Old,house,160.0,0,0,0,0,0,0,0,"28.4738° N, 77.0107° E",28.4738,77.0107
signature global solera,0.28,sector 107,5680.0,2.0,2.0,2,11.0,Relatively New,flat,543.0,0,0,0,0,0,0,29,"28.5052° N, 76.9729° E",28.5052,76.9729
independent,5.25,sector 47,11667.0,9.0,9.0,3+,4.0,Relatively New,house,4650.0,0,1,0,0,0,1,142,"28.4276° N, 77.0492° E",28.4276,77.0492
central park resorts,3.65,sector 48,15240.0,3.0,3.0,3+,9.0,Relatively New,flat,2395.0,0,0,0,0,0,1,157,"28.4177° N, 77.0359° E",28.4177,77.0359
independent,6.4,sector 14,20317.0,6.0,6.0,3+,3.0,Old Property,house,3150.0,0,0,0,0,1,0,35,"28.4711° N, 77.0454° E",28.4711,77.0454
chd avenue,1.15,sector 71,6527.0,3.0,3.0,2,15.0,Moderately Old,flat,1541.0,0,0,0,0,0,1,66,"28.4104° N, 77.0281° E",28.4104,77.0281
imperia the esfera,0.99,sector 37c,5455.0,3.0,5.0,3+,5.0,Relatively New,flat,1400.0,0,0,0,0,0,0,49,"28.4515° N, 76.9882° E",28.4515,76.9882
sobha city,2.4,sector 108,17379.0,2.0,2.0,2,14.0,New Property,flat,1250.0,0,0,0,0,0,1,113,"28.5134° N, 76.9830° E",28.5134,76.983
m3m merlin,3.4,sector 67,14419.0,3.0,4.0,3,16.0,Relatively New,flat,2016.0,0,0,0,0,0,1,174,"28.3859° N, 77.0608° E",28.3859,77.0608
tata primanti,3.9,sector 72,13425.0,4.0,4.0,3+,39.0,Relatively New,flat,2509.0,0,0,0,0,0,0,49,"28.4225° N, 77.0211° E",28.4225,77.0211
raheja vedaanta,0.7,sector 108,4651.0,2.0,2.0,2,12.0,Relatively New,flat,1505.0,0,0,0,0,0,0,0,"28.5134° N, 76.9830° E",28.5134,76.983
bestech park view sanskruti,1.55,sector 92,7568.0,3.0,4.0,3,16.0,Relatively New,flat,1805.0,0,0,0,0,0,1,60,"28.4079° N, 76.9153° E",28.4079,76.9153
the crew bos chs manesar,0.85,manesar,3696.0,3.0,3.0,2,2.0,Moderately Old,flat,2556.0,0,0,0,0,0,0,44,"28.3515° N, 76.9428° E",28.3515,76.9428
pareena coban residences,1.13,sector 99a,5658.0,3.0,5.0,3,5.0,Relatively New,flat,1790.0,0,0,0,0,0,0,49,"28.4561° N, 76.9542° E",28.4561,76.9542
zara aavaas,0.4,sector 104,7030.0,2.0,2.0,1,14.0,Relatively New,flat,515.0,0,0,0,0,0,0,38,"28.4788° N, 76.9960° E",28.4788,76.996
orris carnation residency,0.88,sector 85,5954.0,3.0,3.0,1,1.0,Relatively New,flat,1344.0,0,0,0,0,0,0,65,"28.4042° N, 76.9513° E",28.4042,76.9513
ansal heights,2.75,sector 92,9793.0,4.0,4.0,3+,3.0,Relatively New,house,5000.0,1,0,0,1,0,0,0,"28.4079° N, 76.9153° E",28.4079,76.9153
independent,4.95,sector 2,20370.0,6.0,5.0,3+,3.0,Relatively New,house,2430.0,0,1,0,0,0,0,91,"28.5095° N, 77.0320° E",28.5095,77.032
smart world gems,0.9,sector 89,8160.0,2.0,2.0,2,2.0,New Property,flat,998.0,0,0,0,0,0,0,44,"28.4253° N, 76.9439° E",28.4253,76.9439
afnhb jalvayu vihar,0.85,sector 30,12859.0,2.0,2.0,1,2.0,Old Property,flat,734.0,0,0,0,0,0,1,49,"28.4604° N, 77.0579° E",28.4604,77.0579
eldeco mansionz,5.15,sector 48,18885.0,5.0,7.0,3,2.0,Moderately Old,house,2727.0,0,1,0,1,0,1,145,"28.4177° N, 77.0359° E",28.4177,77.0359
sare homes,1.18,sector 92,5207.0,4.0,4.0,3,8.0,Relatively New,flat,2518.0,0,0,0,0,0,0,108,"28.4079° N, 76.9153° E",28.4079,76.9153
independent,0.65,sector 4,11111.0,4.0,2.0,2,2.0,Moderately Old,house,585.0,0,0,0,0,0,0,0,"28.4738° N, 77.0107° E",28.4738,77.0107
unitech aspen greens,12.0,sector 50,37037.0,3.0,4.0,2,1.0,Moderately Old,house,3240.0,1,1,0,0,0,1,101,"28.4178° N, 77.0628° E",28.4178,77.0628
supertech araville,1.35,sector 79,9000.0,2.0,2.0,3,6.0,New Property,flat,1350.0,0,0,0,0,0,1,88,"28.3624° N, 76.9787° E",28.3624,76.9787
dlf new town heights,1.8,sector 90,6601.0,4.0,4.0,3+,23.0,Moderately Old,flat,2468.0,0,0,0,0,0,0,67,"28.4085° N, 76.9369° E",28.4085,76.9369
eros wembley estate,1.4,sector 50,10174.0,3.0,3.0,2,9.0,Relatively New,flat,1245.0,0,0,0,0,0,1,117,"28.4178° N, 77.0628° E",28.4178,77.0628
maruti vihar,1.0,sector 28,9091.0,1.0,1.0,1,1.0,Old Property,flat,995.0,0,0,0,0,0,1,80,"28.4728° N, 77.0865° E",28.4728,77.0865
independent,3.25,sector 24,30374.0,4.0,4.0,3,3.0,Old Property,house,1070.0,0,0,0,0,0,0,15,"28.4939° N, 77.1038° E",28.4939,77.1038
ss the leaf,2.0,sector 85,11869.0,3.0,4.0,3,5.0,Relatively New,flat,2026.0,0,0,0,0,0,0,156,"28.4042° N, 76.9513° E",28.4042,76.9513
independent,0.6,sector 4,11696.0,3.0,3.0,1,2.0,Old Property,house,57.0,0,0,0,0,1,0,0,"28.4738° N, 77.0107° E",28.4738,77.0107
ansal sushant lok 2,3.4,sector 56,22222.0,6.0,6.0,3+,2.0,Moderately Old,house,1530.0,0,0,0,0,0,1,29,"28.4245° N, 77.0991° E",28.4245,77.0991
ansals florence villa,3.3,sector 57,19820.0,4.0,3.0,3+,2.0,Moderately Old,house,1665.0,1,1,1,1,0,0,151,"28.4232° N, 77.0752° E",28.4232,77.0752
m3m crown,4.67,sector 111,17000.0,4.0,4.0,3+,8.0,Under Construction,flat,3056.0,0,0,0,0,0,0,73,"28.5238° N, 77.0320° E",28.5238,77.032
ireo victory valley,3.05,sector 67,16267.0,3.0,4.0,2,35.0,Relatively New,flat,2200.0,0,0,0,0,0,1,165,"28.3859° N, 77.0608° E",28.3859,77.0608
international city by sobha phase 2,8.48,sector 109,23556.0,4.0,6.0,3+,3.0,New Property,house,3600.0,1,1,1,1,0,0,153,"28.5073° N, 77.0089° E",28.5073,77.0089
signature global park 4,0.72,sector 36,6660.0,3.0,2.0,3,3.0,Under Construction,flat,978.0,0,0,0,0,0,0,0,"28.4160° N, 76.9914° E",28.416,76.9914
independent,4.25,sector 31,26235.0,5.0,5.0,3+,3.0,Moderately Old,house,1620.0,0,0,1,1,0,1,56,"28.4528° N, 77.0498° E",28.4528,77.0498
vatika gurgaon,1.08,sector 83,6225.0,3.0,3.0,2,11.0,Relatively New,flat,1570.0,0,0,0,0,0,0,19,"28.3986° N, 76.9647° E",28.3986,76.9647
godrej,1.34,sector 79,8524.0,2.0,2.0,3,2.0,Relatively New,flat,1423.0,0,0,0,0,0,0,158,"28.3624° N, 76.9787° E",28.3624,76.9787
independent,2.75,sector 12,12343.0,6.0,6.0,2,2.0,Old Property,house,2228.0,0,0,0,0,0,0,0,"28.4723° N, 77.0320° E",28.4723,77.032
independent,2.1,sector 11,17284.0,2.0,6.0,3+,3.0,Relatively New,house,1215.0,0,0,0,0,0,0,14,"28.4531° N, 77.0202° E",28.4531,77.0202
ansals palam vihar,2.75,sector 2,17662.0,3.0,3.0,3,2.0,Moderately Old,house,1557.0,1,0,0,1,0,1,15,"28.5095° N, 77.0320° E",28.5095,77.032
signature andour heights,0.6,sector 71,10000.0,2.0,2.0,1,5.0,Relatively New,flat,557.0,0,0,0,0,0,0,59,"28.4104° N, 77.0281° E",28.4104,77.0281
experion windchants,5.49,sector 112,11585.0,4.0,5.0,3+,5.0,Relatively New,flat,3655.35,0,0,0,0,0,1,168,"28.5189° N, 77.0183° E",28.5189,77.0183
ramprastha the edge towers,0.71,sector 37d,5420.0,2.0,2.0,3,10.0,New Property,flat,1100.0,0,0,0,0,0,0,38,"28.4478° N, 76.9703° E",28.4478,76.9703
shree vardhman flora,0.65,sector 90,6792.0,2.0,2.0,3,9.0,Relatively New,flat,1050.0,0,0,0,0,0,0,67,"28.4085° N, 76.9369° E",28.4085,76.9369
independent,5.0,sector 55,44444.0,2.0,9.0,3+,5.0,New Property,house,1125.0,0,0,0,0,1,1,44,"28.4281° N, 77.1100° E",28.4281,77.11
vipul tatvam villa,5.5,sector 48,21219.0,3.0,6.0,2,2.0,Moderately Old,house,2592.0,0,1,0,0,1,1,106,"28.4177° N, 77.0359° E",28.4177,77.0359
godrej,2.0,sector 79,8475.0,3.0,4.0,3+,9.0,Relatively New,flat,1963.0,0,0,0,0,0,0,108,"28.3624° N, 76.9787° E",28.3624,76.9787
mapsko mount ville,1.3,sector 79,8025.0,3.0,3.0,3+,1.0,Relatively New,flat,1213.0,0,0,0,0,0,1,140,"28.3624° N, 76.9787° E",28.3624,76.9787
tata primanti,6.5,sector 72,15294.0,4.0,4.0,3+,0.0,Relatively New,flat,3846.0,0,0,0,0,0,0,67,"28.4225° N, 77.0211° E",28.4225,77.0211
smart world gems,0.95,sector 89,8903.0,2.0,2.0,2,1.0,Under Construction,flat,804.0,0,0,0,0,0,0,122,"28.4253° N, 76.9439° E",28.4253,76.9439
raheja navodaya,0.85,sector 92,5407.0,3.0,3.0,0,0.0,Relatively New,flat,1423.0,0,0,0,0,0,0,88,"28.4079° N, 76.9153° E",28.4079,76.9153
afnhb jalvayu vihar,1.3,sector 30,10000.0,3.0,3.0,2,2.0,Old Property,flat,1401.0,0,0,0,0,0,0,19,"28.4604° N, 77.0579° E",28.4604,77.0579
ramsons kshitij,0.35,sector 95,5495.0,2.0,2.0,0,5.0,New Property,flat,637.0,0,0,0,0,0,0,0,"28.4172° N, 76.9081° E",28.4172,76.9081
paras dews,1.28,sector 106,7273.0,3.0,4.0,3+,24.0,Relatively New,flat,1186.0,0,0,0,0,0,0,49,"28.5007° N, 77.0003° E",28.5007,77.0003
hsiidc sidco shivalik apartments,0.6,manesar,4000.0,3.0,2.0,2,5.0,Moderately Old,flat,1277.0,0,0,0,0,0,0,80,"28.3515° N, 76.9428° E",28.3515,76.9428
independent,0.44,sector 11,4251.0,3.0,2.0,1,1.0,Relatively New,house,128.0,0,0,0,1,1,0,46,"28.4531° N, 77.0202° E",28.4531,77.0202
shapoorji pallonji joyville gurugram,2.12,sector 102,16960.0,3.0,3.0,3,9.0,Relatively New,flat,1852.0,0,0,0,0,0,0,72,"28.4750° N, 76.9715° E",28.475,76.9715
malibu towne,2.4,sector 47,10000.0,3.0,3.0,0,0.0,Moderately Old,flat,2667.0,0,0,0,0,0,1,22,"28.4276° N, 77.0492° E",28.4276,77.0492
emaar imperial gardens,1.85,sector 102,9136.0,3.0,3.0,3+,0.0,Relatively New,flat,2250.0,0,0,0,0,0,1,95,"28.4750° N, 76.9715° E",28.475,76.9715
imperia the esfera,0.85,sector 37c,5387.0,2.0,3.0,3,9.0,Relatively New,flat,1442.0,0,0,0,0,0,0,49,"28.4515° N, 76.9882° E",28.4515,76.9882
suncity township,25.0,sector 54,31110.0,4.0,4.0,3+,2.0,Moderately Old,house,8036.0,1,1,1,1,0,0,0,"28.4348° N, 77.1089° E",28.4348,77.1089
housing board colony,0.3,sector 51,4630.0,1.0,1.0,0,0.0,Moderately Old,flat,80.0,0,0,0,0,0,0,15,"28.4320° N, 77.0686° E",28.432,77.0686
mapsko mount ville,1.25,sector 79,8389.0,3.0,3.0,3,18.0,Relatively New,flat,1058.0,0,0,0,0,0,1,102,"28.3624° N, 76.9787° E",28.3624,76.9787
hector trimurti heights,1.5,sector 39,6383.0,4.0,3.0,3,10.0,Old Property,flat,2611.0,0,0,0,0,0,2,49,"28.4434° N, 77.0515° E",28.4434,77.0515
experion the heartsong,0.97,sector 108,9238.0,2.0,2.0,3,10.0,Relatively New,flat,1167.0,0,0,0,0,0,0,165,"28.5134° N, 76.9830° E",28.5134,76.983
piedmont taksila heights,1.05,sector 37c,4792.0,3.0,3.0,3,7.0,Relatively New,flat,1738.0,0,0,0,0,0,1,81,"28.4515° N, 76.9882° E",28.4515,76.9882
m3m skywalk,2.25,sector 74,13636.0,3.0,3.0,2,9.0,Relatively New,flat,1938.0,0,0,0,0,0,1,174,"28.4158° N, 77.0118° E",28.4158,77.0118
bestech park view sanskruti,1.42,sector 92,7760.0,3.0,3.0,2,10.0,Relatively New,flat,1738.0,0,0,0,0,0,0,117,"28.4079° N, 76.9153° E",28.4079,76.9153
pyramid urban,0.53,sector 67a,8968.0,2.0,2.0,1,6.0,Relatively New,flat,657.0,0,0,0,0,0,1,49,"28.3960° N, 77.0372° E",28.396,77.0372
dlf new town heights,1.4,sector 86,5942.0,4.0,4.0,3+,20.0,Relatively New,flat,2132.0,0,0,0,0,0,0,65,"28.3986° N, 76.9384° E",28.3986,76.9384
independent,15.5,sector 43,28233.0,5.0,6.0,3,3.0,Moderately Old,house,5490.0,1,1,1,1,0,0,76,"28.4629° N, 77.0772° E",28.4629,77.0772
dlf regency park,2.25,sector 28,14516.0,3.0,3.0,2,16.0,Old Property,flat,1700.0,0,0,0,0,0,0,89,"28.4728° N, 77.0865° E",28.4728,77.0865
ats tourmaline,2.3,sector 109,8897.0,3.0,4.0,3+,10.0,New Property,flat,2339.0,0,0,0,0,0,0,74,"28.5073° N, 77.0089° E",28.5073,77.0089
shivaji nagar residential,3.08,sector 11,11407.0,6.0,4.0,2,1.0,Moderately Old,house,2700.0,0,0,0,0,0,0,0,"28.4531° N, 77.0202° E",28.4531,77.0202
godrej,2.03,sector 79,9046.0,3.0,4.0,3+,7.0,Relatively New,flat,2031.0,0,0,0,0,0,0,118,"28.3624° N, 76.9787° E",28.3624,76.9787
paras dews,1.34,sector 106,9551.0,4.0,5.0,3+,7.0,Relatively New,flat,1535.0,0,0,0,0,0,0,49,"28.5007° N, 77.0003° E",28.5007,77.0003
lotus elise,0.95,sector 99,6552.0,2.0,3.0,3,7.0,Relatively New,flat,1611.0,0,0,0,0,0,0,0,"28.4640° N, 76.9614° E",28.464,76.9614
independent,11.75,sector 28,41315.0,4.0,5.0,3+,4.0,Relatively New,house,2844.0,1,1,1,0,0,1,54,"28.4728° N, 77.0865° E",28.4728,77.0865
dlf the arbour,8.5,sector 63,21519.0,4.0,4.0,0,27.0,New Property,flat,3950.0,0,0,0,0,0,0,61,"28.3971° N, 77.0867° E",28.3971,77.0867
assotech blith,1.9,sector 99,6702.0,4.0,4.0,3+,2.0,New Property,flat,2835.0,0,0,0,0,0,0,51,"28.4640° N, 76.9614° E",28.464,76.9614
emaar mgf emerald floors premier,2.7,sector 65,16364.0,3.0,3.0,3,5.0,Relatively New,flat,1650.0,0,0,0,0,0,1,108,"28.4030° N, 77.0690° E",28.403,77.069
corona gracieux,1.46,sector 76,5499.0,4.0,6.0,3+,8.0,New Property,flat,2398.0,0,0,0,0,0,0,58,"28.3935° N, 76.9888° E",28.3935,76.9888
bestech park view grand spa,3.3,sector 81,12222.0,4.0,5.0,3+,4.0,Relatively New,flat,3070.0,0,0,0,0,0,1,174,"28.3867° N, 76.9485° E",28.3867,76.9485
emaar gurgaon greens,1.45,sector 102,8788.0,3.0,3.0,3,7.0,Relatively New,flat,1493.0,0,0,0,0,0,0,159,"28.4750° N, 76.9715° E",28.475,76.9715
emaar palm gardens,1.8,sector 83,9474.0,3.0,4.0,3,4.0,Relatively New,flat,1551.0,0,0,0,0,0,1,174,"28.3986° N, 76.9647° E",28.3986,76.9647
emaar mgf marbella,9.0,sector 66,21251.0,4.0,4.0,3+,2.0,Relatively New,house,5200.0,0,1,1,1,0,1,114,"28.3925° N, 77.0541° E",28.3925,77.0541
independent,1.8,sector 39,21871.0,1.0,1.0,2,3.0,Relatively New,house,800.0,0,0,0,0,0,0,0,"28.4434° N, 77.0515° E",28.4434,77.0515
independent,3.3,sector 4,14667.0,3.0,3.0,2,1.0,Old Property,house,2250.0,0,0,0,0,0,0,34,"28.4738° N, 77.0107° E",28.4738,77.0107
independent,4.6,sector 26,12198.0,4.0,4.0,3+,2.0,Old Property,house,3771.0,0,0,0,0,0,0,28,"28.4757° N, 77.1032° E",28.4757,77.1032
mapsko mount ville,1.3,sector 79,8025.0,3.0,3.0,2,6.0,Relatively New,flat,1215.0,0,0,0,0,0,0,151,"28.3624° N, 76.9787° E",28.3624,76.9787
signature the roselia,0.48,sector 95,7164.0,2.0,2.0,2,6.0,Relatively New,flat,744.0,0,0,0,0,0,0,16,"28.4172° N, 76.9081° E",28.4172,76.9081
whiteland blissville,1.92,sector 76,11794.0,3.0,3.0,2,3.0,Under Construction,flat,1628.0,0,0,0,0,0,0,61,"28.3935° N, 76.9888° E",28.3935,76.9888
godrej nature plus,1.45,sector 33,15659.0,3.0,2.0,3+,20.0,Under Construction,flat,118.0,0,0,0,0,0,0,144,"28.4420° N, 77.0207° E",28.442,77.0207
kendriya vihar,0.47,sector 56,7769.0,1.0,1.0,1,3.0,Old Property,flat,672.0,0,0,0,0,0,1,52,"28.4245° N, 77.0991° E",28.4245,77.0991
independent,0.6,sector 21,6173.0,3.0,3.0,2,3.0,Old Property,house,972.0,0,0,0,0,0,0,0,"28.5134° N, 77.0723° E",28.5134,77.0723
sare crescent parc,0.8,sector 92,6033.0,3.0,2.0,2,3.0,Relatively New,flat,1473.0,0,0,0,0,0,0,15,"28.4079° N, 76.9153° E",28.4079,76.9153
pareena mi casa,1.15,sector 68,9237.0,2.0,2.0,3,8.0,New Property,flat,1127.0,0,0,0,0,0,0,49,"28.3853° N, 77.0484° E",28.3853,77.0484
emaar imperial gardens,1.92,sector 102,9600.0,3.0,3.0,3,12.0,Relatively New,flat,2222.0,0,0,0,0,0,0,95,"28.4750° N, 76.9715° E",28.475,76.9715
emaar palm gardens,1.75,sector 83,9211.0,3.0,3.0,3+,11.0,Relatively New,flat,1549.0,0,0,0,0,0,0,120,"28.3986° N, 76.9647° E",28.3986,76.9647
m3m skywalk,2.2,sector 74,10902.0,3.0,3.0,3,12.0,New Property,flat,1826.0,0,0,0,0,0,1,15,"28.4158° N, 77.0118° E",28.4158,77.0118
mapsko mount ville,1.2,sector 79,13841.0,3.0,3.0,3,18.0,Relatively New,flat,1165.0,0,0,0,0,0,1,160,"28.3624° N, 76.9787° E",28.3624,76.9787
pareena coban residences,1.3,sector 99a,6510.0,3.0,3.0,0,16.0,New Property,flat,1997.0,0,0,0,0,0,0,0,"28.4561° N, 76.9542° E",28.4561,76.9542
ats tourmaline,1.75,sector 109,10000.0,3.0,3.0,3,4.0,New Property,flat,1466.0,0,0,0,0,0,0,31,"28.5073° N, 77.0089° E",28.5073,77.0089
sare crescent parc royal greens phase 1,0.75,sector 92,4325.0,4.0,4.0,3+,3.0,Relatively New,flat,1734.0,0,0,0,0,0,0,93,"28.4079° N, 76.9153° E",28.4079,76.9153
ramson kshitij sec-95 gurugram,0.27,sector 95,2700.0,2.0,2.0,0,1.0,New Property,flat,758.0,0,0,0,0,0,0,0,"28.4172° N, 76.9081° E",28.4172,76.9081
vatika the seven lamps,1.0,sector 82,5924.0,2.0,2.0,2,11.0,Relatively New,flat,1299.0,0,0,0,0,0,1,90,"28.3935° N, 76.9600° E",28.3935,76.96
greenopolis,0.8,sector 89,4819.0,2.0,3.0,3,8.0,Under Construction,flat,1502.0,0,0,0,0,0,0,60,"28.4253° N, 76.9439° E",28.4253,76.9439
dlf the ultima,3.5,sector 81,11686.0,4.0,5.0,3+,7.0,Relatively New,flat,2577.0,0,0,0,0,0,2,174,"28.3867° N, 76.9485° E",28.3867,76.9485
dlf regal gardens,1.19,sector 90,5504.0,3.0,3.0,2,11.0,Relatively New,flat,1562.0,0,0,0,0,0,0,88,"28.4085° N, 76.9369° E",28.4085,76.9369
ambience creacions,1.99,sector 22,15547.0,2.0,2.0,2,9.0,New Property,flat,1285.0,0,0,0,0,0,0,49,"28.5072° N, 77.0640° E",28.5072,77.064
international city by sobha phase 2,9.5,sector 109,26389.0,7.0,6.0,3,3.0,Relatively New,house,3600.0,1,1,0,1,0,0,138,"28.5073° N, 77.0089° E",28.5073,77.0089
navjyoti apartment,2.1,sector 38,11939.0,4.0,4.0,3+,10.0,Old Property,flat,1954.0,0,0,0,0,0,2,22,"28.4347° N, 77.0430° E",28.4347,77.043
adani m2k oyster grande,1.9,sector 102,14074.0,3.0,4.0,3,21.0,Relatively New,flat,1605.0,0,0,0,0,0,0,60,"28.4750° N, 76.9715° E",28.475,76.9715
m3m skywalk,1.55,sector 74,13790.0,2.0,2.0,3+,18.0,Relatively New,flat,1300.0,0,0,0,0,0,0,137,"28.4158° N, 77.0118° E",28.4158,77.0118
cghs hewo apartments,1.25,sector 31,11574.0,2.0,2.0,2,2.0,Old Property,flat,1200.0,0,0,0,0,0,0,28,"28.4528° N, 77.0498° E",28.4528,77.0498
bhim garh kheri,1.5,sector 3,7576.0,7.0,2.0,0,1.0,Moderately Old,house,1980.0,0,0,0,0,0,0,0,"28.4909° N, 77.0176° E",28.4909,77.0176
ats tourmaline,1.75,sector 109,8140.0,3.0,4.0,3+,2.0,Relatively New,flat,1946.0,0,0,0,0,0,0,65,"28.5073° N, 77.0089° E",28.5073,77.0089
dlf city plots phase 2,15.5,sector 25,34307.0,5.0,6.0,3+,3.0,Moderately Old,house,4518.0,1,1,1,1,0,0,144,"28.4844° N, 77.0860° E",28.4844,77.086
independent,0.58,sector 4,9619.0,2.0,2.0,1,2.0,Moderately Old,house,67.0,0,0,0,1,1,0,7,"28.4738° N, 77.0107° E",28.4738,77.0107
signature global solera,0.28,sector 107,5833.0,2.0,2.0,2,0.0,Relatively New,flat,543.0,0,0,0,0,0,0,45,"28.5052° N, 76.9729° E",28.5052,76.9729
orris aster court,0.9,sector 85,5671.0,3.0,3.0,3,8.0,Relatively New,flat,1436.0,0,0,0,0,0,0,49,"28.4042° N, 76.9513° E",28.4042,76.9513
independent,0.8,sector 3,8155.0,2.0,4.0,1,2.0,Moderately Old,house,981.0,0,0,0,0,0,0,0,"28.4909° N, 77.0176° E",28.4909,77.0176
shree kirpalu gi sector 52,1.45,sector 52,7632.0,3.0,3.0,3+,7.0,Relatively New,flat,1800.0,0,0,0,0,0,1,108,"28.4379° N, 77.0785° E",28.4379,77.0785
ramsons kshitij,0.33,sector 95,3910.0,2.0,2.0,1,14.0,New Property,flat,694.0,0,0,0,0,0,1,79,"28.4172° N, 76.9081° E",28.4172,76.9081
signature global solera,0.36,sector 107,5980.0,2.0,2.0,1,7.0,Relatively New,flat,598.0,0,0,0,0,0,0,49,"28.5052° N, 76.9729° E",28.5052,76.9729
dlf exclusive floors,2.35,sector 43,14242.0,3.0,3.0,2,1.0,Old Property,flat,1527.0,0,0,0,0,0,1,102,"28.4629° N, 77.0772° E",28.4629,77.0772
dnha group housing society,0.75,manesar,4518.0,3.0,2.0,2,5.0,Moderately Old,flat,1502.0,0,0,0,0,0,0,0,"28.3515° N, 76.9428° E",28.3515,76.9428
independent,3.0,sector 2,19268.0,6.0,4.0,3+,3.0,Old Property,house,1557.0,0,0,0,0,0,1,28,"28.5095° N, 77.0320° E",28.5095,77.032
the close north,2.35,sector 50,11358.0,3.0,3.0,3,8.0,Moderately Old,flat,1900.0,0,0,0,0,0,1,49,"28.4178° N, 77.0628° E",28.4178,77.0628
m3m latitude,4.6,sector 65,26791.0,3.0,3.0,3,7.0,New Property,flat,1717.0,0,0,0,0,0,0,115,"28.4030° N, 77.0690° E",28.403,77.069
bestech park view residency,0.55,sector 2,8462.0,1.0,1.0,2,7.0,Moderately Old,flat,588.0,0,0,0,0,0,0,31,"28.5095° N, 77.0320° E",28.5095,77.032
rof ananda,0.2,sector 95,5602.0,1.0,1.0,1,2.0,Relatively New,flat,407.0,0,0,0,0,0,0,53,"28.4172° N, 76.9081° E",28.4172,76.9081
smart world orchard,1.6,sector 61,13913.0,2.0,2.0,2,3.0,New Property,flat,1278.0,0,0,0,0,0,0,122,"28.4050° N, 77.0963° E",28.405,77.0963
vatika gurgaon,1.25,sector 83,6313.0,3.0,3.0,2,12.0,Moderately Old,flat,1700.0,0,0,0,0,0,0,95,"28.3986° N, 76.9647° E",28.3986,76.9647
m3m woodshire,1.3,sector 107,10815.0,3.0,3.0,3,7.0,Relatively New,flat,1547.0,0,0,0,0,0,0,89,"28.5052° N, 76.9729° E",28.5052,76.9729
tulip white,0.91,sector 69,6863.0,3.0,2.0,2,12.0,Moderately Old,flat,1473.0,0,0,0,0,0,0,43,"28.3966° N, 77.0341° E",28.3966,77.0341
unitech uniworld resorts,8.5,sector 33,17820.0,5.0,5.0,3+,3.0,New Property,house,4770.0,1,1,1,1,0,1,145,"28.4420° N, 77.0207° E",28.442,77.0207
mapsko casa bella,3.0,sector 82,6134.0,4.0,6.0,3+,25.0,Relatively New,flat,4425.0,0,0,0,0,0,1,119,"28.3935° N, 76.9600° E",28.3935,76.96
independent,0.7,sector 12,6034.0,3.0,3.0,0,1.0,Relatively New,house,1160.0,0,0,0,0,0,0,23,"28.4723° N, 77.0320° E",28.4723,77.032
uphaar residency 2,0.42,sector 105,5600.0,3.0,2.0,1,0.0,Moderately Old,flat,833.0,0,0,0,0,0,0,7,"28.4952° N, 77.0114° E",28.4952,77.0114
valley view estate,1.5,gwal pahari,7489.0,4.0,4.0,3+,10.0,Moderately Old,flat,1850.0,0,0,0,0,0,0,58,"28.4484° N, 77.0210° E",28.4484,77.021
sushant lok 1 builder floors,2.5,sector 43,12920.0,3.0,3.0,2,2.0,New Property,flat,195.0,0,0,0,0,0,0,0,"28.4629° N, 77.0772° E",28.4629,77.0772
sare homes,0.95,sector 92,4251.0,4.0,3.0,2,16.0,New Property,flat,1983.0,0,0,0,0,0,0,95,"28.4079° N, 76.9153° E",28.4079,76.9153
smart world gems,1.2,sector 89,8433.0,3.0,3.0,2,2.0,New Property,flat,1581.0,0,0,0,0,0,0,44,"28.4253° N, 76.9439° E",28.4253,76.9439
experion the heartsong,1.02,sector 108,7950.0,2.0,3.0,3,4.0,Relatively New,flat,1283.0,0,0,0,0,0,0,112,"28.5134° N, 76.9830° E",28.5134,76.983
antriksh heights,0.54,sector 84,4459.0,2.0,2.0,3+,17.0,Relatively New,flat,1086.0,0,0,0,0,0,0,81,"28.3979° N, 76.9736° E",28.3979,76.9736
orris carnation residency,0.9,sector 85,4532.0,4.0,4.0,3,8.0,Moderately Old,flat,1575.0,0,0,0,0,0,1,40,"28.4042° N, 76.9513° E",28.4042,76.9513
dlf the ultima,3.45,sector 81,12013.0,4.0,4.0,3+,10.0,New Property,flat,2599.0,0,0,0,0,0,2,165,"28.3867° N, 76.9485° E",28.3867,76.9485
independent,7.2,sector 17b,15926.0,4.0,4.0,2,1.0,Old Property,house,4494.0,0,1,1,0,0,0,0,"28.4806° N, 77.0663° E",28.4806,77.0663
sidhartha ncr one,0.56,sector 95,4106.0,2.0,2.0,2,10.0,New Property,flat,1364.0,0,0,0,0,0,0,0,"28.4172° N, 76.9081° E",28.4172,76.9081
dlf new town heights,1.3,sector 86,6736.0,3.0,3.0,3,12.0,Moderately Old,flat,1747.0,0,0,0,0,0,0,106,"28.3986° N, 76.9384° E",28.3986,76.9384
tarc maceo,0.95,sector 91,5952.0,2.0,2.0,2,10.0,Relatively New,flat,1186.0,0,0,0,0,0,0,77,"28.4014° N, 76.9225° E",28.4014,76.9225
dlf the ultima,2.5,sector 81,11726.0,3.0,3.0,2,4.0,Relatively New,flat,2130.0,0,0,0,0,0,2,82,"28.3867° N, 76.9485° E",28.3867,76.9485
ss the leaf,2.13,sector 85,7575.0,4.0,4.0,3,2.0,Relatively New,flat,2600.0,0,0,0,0,0,0,49,"28.4042° N, 76.9513° E",28.4042,76.9513
dlf regency park,2.35,sector 28,13225.0,3.0,3.0,2,18.0,Old Property,flat,1608.0,0,0,0,0,0,0,120,"28.4728° N, 77.0865° E",28.4728,77.0865
chd avenue,1.25,sector 71,6596.0,3.0,4.0,2,14.0,Relatively New,flat,1577.0,0,0,0,0,0,2,128,"28.4104° N, 77.0281° E",28.4104,77.0281
independent,0.55,sector 3,7333.0,1.0,1.0,0,1.0,Moderately Old,house,750.0,0,0,0,0,0,0,0,"28.4909° N, 77.0176° E",28.4909,77.0176
signature global the millennia 3,0.45,sector 37d,7627.0,2.0,3.0,2,8.0,Under Construction,flat,656.0,0,0,0,0,0,0,8,"28.4478° N, 76.9703° E",28.4478,76.9703
independent,6.0,sector 26,33333.0,3.0,5.0,3+,3.0,Old Property,house,1800.0,0,0,0,0,0,1,9,"28.4757° N, 77.1032° E",28.4757,77.1032
ireo skyon,3.7,sector 60,13214.0,4.0,5.0,3,10.0,Relatively New,flat,2534.0,0,0,0,0,0,1,165,"28.4003° N, 77.0975° E",28.4003,77.0975
suposhaa smartworld orchard,2.25,sector 61,14526.0,3.0,3.0,2,3.0,Under Construction,flat,1721.0,0,0,0,0,0,0,0,"28.4050° N, 77.0963° E",28.405,77.0963
corona optus,1.26,sector 37c,7250.0,3.0,3.0,3,4.0,New Property,flat,1400.0,0,0,0,0,0,0,28,"28.4515° N, 76.9882° E",28.4515,76.9882
godrej aria,1.1,sector 79,11482.0,2.0,2.0,3,9.0,New Property,flat,81.0,0,0,0,0,0,0,62,"28.3624° N, 76.9787° E",28.3624,76.9787
rof ananda,0.31,sector 95,5647.0,2.0,2.0,1,5.0,Relatively New,flat,610.0,0,0,0,0,0,1,74,"28.4172° N, 76.9081° E",28.4172,76.9081
kendriya vihar,0.58,sector 56,9587.0,1.0,1.0,1,1.0,Old Property,flat,672.0,0,0,0,0,0,0,77,"28.4245° N, 77.0991° E",28.4245,77.0991
dlf express greens,1.6,manesar,6809.0,4.0,6.0,3+,4.0,Relatively New,flat,2611.0,0,0,0,0,0,0,49,"28.3515° N, 76.9428° E",28.3515,76.9428
smart world orchard,2.01,sector 61,13001.0,3.0,3.0,3,4.0,Under Construction,house,1549.0,0,0,0,0,0,0,145,"28.4050° N, 77.0963° E",28.405,77.0963
m3m capital,3.25,sector 113,14143.0,4.0,4.0,3+,34.0,Under Construction,flat,2553.0,0,0,0,0,0,0,115,"28.5287° N, 77.0233° E",28.5287,77.0233
independent,5.5,sector 14,16975.0,5.0,4.0,2,2.0,Old Property,house,3240.0,1,0,0,0,0,0,27,"28.4711° N, 77.0454° E",28.4711,77.0454
antriksh heights,1.02,sector 84,4869.0,4.0,4.0,3+,11.0,Relatively New,flat,1896.0,0,0,0,0,0,0,99,"28.3979° N, 76.9736° E",28.3979,76.9736
dlf the skycourt,1.59,sector 86,8243.0,3.0,3.0,3,17.0,Relatively New,flat,1700.0,0,0,0,0,0,1,165,"28.3986° N, 76.9384° E",28.3986,76.9384
ss the leaf,2.03,sector 85,7229.0,4.0,4.0,3+,3.0,Relatively New,flat,2225.0,0,0,0,0,0,0,49,"28.4042° N, 76.9513° E",28.4042,76.9513
supertech hues,1.0,sector 68,8475.0,2.0,2.0,2,12.0,New Property,flat,1311.0,0,0,0,0,0,0,54,"28.3853° N, 77.0484° E",28.3853,77.0484
godrej summit premia towers,0.9,sector 104,7149.0,2.0,2.0,0,16.0,Relatively New,flat,1259.0,0,0,0,0,0,0,0,"28.4788° N, 76.9960° E",28.4788,76.996
shree vardhman flora,0.8,sector 90,5926.0,2.0,3.0,2,0.0,Relatively New,flat,1350.0,0,0,0,0,0,0,60,"28.4085° N, 76.9369° E",28.4085,76.9369
sare crescent parc royal greens phase 1,0.5,sector 92,5000.0,2.0,2.0,3,2.0,Relatively New,flat,1000.0,0,0,0,0,0,0,0,"28.4079° N, 76.9153° E",28.4079,76.9153
unitech sunbreeze,0.75,sector 69,6849.0,2.0,2.0,2,4.0,Under Construction,flat,991.0,0,0,0,0,0,0,0,"28.3966° N, 77.0341° E",28.3966,77.0341
independent,18.0,sector 26,39841.0,5.0,4.0,3+,4.0,Moderately Old,house,4518.0,1,1,1,1,0,1,113,"28.4757° N, 77.1032° E",28.4757,77.1032
ansal heights 86,1.25,sector 86,7396.0,3.0,2.0,1,2.0,New Property,flat,1529.0,0,0,0,0,0,0,100,"28.3986° N, 76.9384° E",28.3986,76.9384
nul,15.0,sector 25,23438.0,5.0,5.0,3,2.0,Moderately Old,house,6400.0,1,1,0,1,0,1,112,"28.4844° N, 77.0860° E",28.4844,77.086
godrej air,2.5,sector 85,13797.0,4.0,5.0,3+,16.0,Under Construction,flat,2013.0,0,0,0,0,0,1,44,"28.4042° N, 76.9513° E",28.4042,76.9513
godrej nature plus,1.35,sector 33,8671.0,3.0,2.0,3+,17.0,New Property,flat,1409.0,0,0,0,0,0,0,38,"28.4420° N, 77.0207° E",28.442,77.0207
dlf regal gardens,1.25,sector 90,8117.0,3.0,3.0,3,8.0,Relatively New,flat,1640.0,0,0,0,0,0,0,158,"28.4085° N, 76.9369° E",28.4085,76.9369
godrej nature plus,1.1,sector 33,7971.0,2.0,2.0,2,14.0,Under Construction,flat,1533.0,0,0,0,0,0,0,56,"28.4420° N, 77.0207° E",28.442,77.0207
chd avenue,0.95,sector 71,7930.0,2.0,2.0,2,5.0,Moderately Old,flat,1084.0,0,0,0,0,0,1,142,"28.4104° N, 77.0281° E",28.4104,77.0281
bestech park view residency,1.4,sector 2,7865.0,3.0,3.0,3+,8.0,Moderately Old,flat,1611.0,0,0,0,0,0,0,92,"28.5095° N, 77.0320° E",28.5095,77.032
ramsons kshitij,0.4,sector 95,5839.0,3.0,2.0,2,6.0,New Property,flat,761.0,0,0,0,0,0,0,0,"28.4172° N, 76.9081° E",28.4172,76.9081
paras dews,2.1,sector 106,8917.0,4.0,6.0,3+,6.0,Relatively New,flat,2131.0,0,0,0,0,0,0,60,"28.5007° N, 77.0003° E",28.5007,77.0003
smart world gems,0.88,sector 89,7978.0,2.0,2.0,0,2.0,New Property,flat,1103.0,0,0,0,0,0,0,45,"28.4253° N, 76.9439° E",28.4253,76.9439
ats tourmaline,1.75,sector 109,8140.0,3.0,4.0,3+,9.0,Relatively New,flat,1946.0,0,0,0,0,0,0,94,"28.5073° N, 77.0089° E",28.5073,77.0089
emaar gurgaon greens,1.35,sector 102,8182.0,3.0,3.0,3,5.0,Relatively New,flat,1315.0,0,0,0,0,0,0,119,"28.4750° N, 76.9715° E",28.475,76.9715
smart world gems,1.3,sector 89,9136.0,3.0,3.0,2,2.0,New Property,flat,1581.0,0,0,0,0,0,0,44,"28.4253° N, 76.9439° E",28.4253,76.9439
umang winter hills,1.0,sector 77,7502.0,2.0,2.0,2,3.0,New Property,flat,1489.0,0,0,0,0,0,0,74,"28.3801° N, 76.9845° E",28.3801,76.9845
godrej oasis,1.5,sector 88a,8108.0,3.0,3.0,2,3.0,Relatively New,flat,2056.0,0,0,0,0,0,0,47,"28.4347° N, 76.9557° E",28.4347,76.9557
dlf city plots phase 3,6.5,sector 24,18571.0,4.0,5.0,3+,3.0,New Property,flat,3889.0,0,0,0,0,0,2,42,"28.4939° N, 77.1038° E",28.4939,77.1038
sare petioles,1.25,sector 92,6098.0,3.0,3.0,3,18.0,Under Construction,flat,2278.0,0,0,0,0,0,0,44,"28.4079° N, 76.9153° E",28.4079,76.9153
orchid petals,2.09,sector 49,11579.0,3.0,3.0,3,0.0,Relatively New,flat,1633.0,0,0,0,0,0,0,49,"28.4121° N, 77.0480° E",28.4121,77.048
bhagwati sadan,1.15,sector 12,5500.0,3.0,4.0,2,2.0,Old Property,flat,2000.0,0,0,0,0,0,0,0,"28.4723° N, 77.0320° E",28.4723,77.032
m3m woodshire,1.8,sector 107,7624.0,3.0,4.0,3+,2.0,Relatively New,flat,1837.0,0,0,0,0,0,0,129,"28.5052° N, 76.9729° E",28.5052,76.9729
shree vardhman flora,0.64,sector 90,4923.0,2.0,2.0,3,6.0,Old Property,flat,1199.0,0,0,0,0,0,0,103,"28.4085° N, 76.9369° E",28.4085,76.9369
mapsko casa bella,1.75,sector 82,6903.0,4.0,5.0,3+,1.0,Relatively New,flat,2535.0,0,0,0,0,0,0,54,"28.3935° N, 76.9600° E",28.3935,76.96
m3m golfestate,4.94,sector 65,16234.0,3.0,4.0,3,15.0,Moderately Old,flat,2754.0,0,0,0,0,0,0,165,"28.4030° N, 77.0690° E",28.403,77.069
central park flower valley aqua front towers,1.7,sector 33,9450.0,3.0,3.0,3+,5.0,New Property,flat,1697.0,0,0,0,0,0,1,44,"28.4420° N, 77.0207° E",28.442,77.0207
adani aangan galleria,0.42,sector 89,4941.0,2.0,2.0,2,3.0,Relatively New,flat,769.0,0,0,0,0,0,0,0,"28.4253° N, 76.9439° E",28.4253,76.9439
housing board colony,0.3,sector 51,7317.0,1.0,1.0,2,0.0,Old Property,flat,459.0,0,0,0,0,0,0,0,"28.4320° N, 77.0686° E",28.432,77.0686
dlf city plots phase 4,9.54,sector 28,29444.0,6.0,5.0,3+,3.0,New Property,house,3240.0,1,1,1,1,0,0,153,"28.4728° N, 77.0865° E",28.4728,77.0865
imperia the esfera,0.87,sector 37c,5513.0,2.0,3.0,3+,5.0,Relatively New,flat,1300.0,0,0,0,0,0,0,109,"28.4515° N, 76.9882° E",28.4515,76.9882
mapsko paradise,0.75,sector 83,5597.0,3.0,3.0,3,10.0,New Property,flat,1162.0,0,0,0,0,0,1,49,"28.3986° N, 76.9647° E",28.3986,76.9647
emaar gurgaon greens,1.35,sector 102,8182.0,3.0,3.0,3,9.0,Relatively New,flat,1315.0,0,0,0,0,0,0,100,"28.4750° N, 76.9715° E",28.475,76.9715
dlf new town heights,1.2,sector 90,6218.0,3.0,3.0,3+,8.0,Moderately Old,flat,2144.0,0,0,0,0,0,0,59,"28.4085° N, 76.9369° E",28.4085,76.9369
kiran residency,1.5,sector 56,7500.0,3.0,3.0,3+,4.0,Relatively New,flat,1900.0,0,0,0,0,0,1,126,"28.4245° N, 77.0991° E",28.4245,77.0991
ireo the corridors,1.62,sector 67a,9380.0,3.0,3.0,2,4.0,New Property,flat,1346.0,0,0,0,0,0,1,142,"28.3960° N, 77.0372° E",28.396,77.0372
independent,4.45,sector 25,32963.0,4.0,3.0,3+,2.0,Moderately Old,house,1350.0,0,0,1,0,0,0,79,"28.4844° N, 77.0860° E",28.4844,77.086
independent,7.5,sector 56,23148.0,8.0,8.0,3+,3.0,Relatively New,house,3240.0,1,1,0,1,0,2,42,"28.4245° N, 77.0991° E",28.4245,77.0991
tulip petals,1.55,sector 89,10000.0,3.0,2.0,3,6.0,Moderately Old,flat,1403.0,0,0,0,0,0,1,111,"28.4253° N, 76.9439° E",28.4253,76.9439
vipul belmonte,6.5,sector 53,21922.0,3.0,4.0,3+,0.0,Old Property,flat,2683.0,0,0,0,0,0,0,72,"28.4433° N, 77.0948° E",28.4433,77.0948
sbtl caladium,1.7,sector 109,6680.0,3.0,3.0,3+,9.0,Relatively New,flat,2303.0,0,0,0,0,0,0,159,"28.5073° N, 77.0089° E",28.5073,77.0089
ardee city,1.55,sector 52,7381.0,4.0,4.0,3,1.0,Moderately Old,flat,2100.0,0,0,0,0,0,0,0,"28.4379° N, 77.0785° E",28.4379,77.0785
elan the presidential,3.9,sector 106,15918.0,3.0,3.0,0,20.0,Relatively New,flat,2450.0,0,0,0,0,0,0,66,"28.5007° N, 77.0003° E",28.5007,77.0003
emaar digihomes,2.45,sector 62,16003.0,2.0,2.0,2,7.0,New Property,flat,1200.0,0,0,0,0,0,2,174,"28.4139° N, 77.0886° E",28.4139,77.0886
vatika gurgaon,0.83,sector 83,6667.0,2.0,2.0,2,12.0,Relatively New,flat,1154.0,0,0,0,0,0,0,165,"28.3986° N, 76.9647° E",28.3986,76.9647
bestech park view grand spa,4.7,sector 81,6786.0,4.0,4.0,3+,19.0,Relatively New,flat,6268.0,0,0,0,0,0,1,140,"28.3867° N, 76.9485° E",28.3867,76.9485
smart world orchard,1.55,sector 61,13478.0,2.0,2.0,1,3.0,Under Construction,flat,1041.0,0,0,0,0,0,0,43,"28.4050° N, 77.0963° E",28.405,77.0963
independent,3.4,sector 14,15111.0,3.0,3.0,3,1.0,Old Property,house,2250.0,0,0,0,0,0,0,32,"28.4711° N, 77.0454° E",28.4711,77.0454
the rama apartment cghs,2.5,sector 43,10204.0,4.0,4.0,3+,4.0,Moderately Old,flat,2722.0,0,0,0,0,0,0,26,"28.4629° N, 77.0772° E",28.4629,77.0772
the close north,2.51,sector 50,11992.0,3.0,3.0,3,11.0,Moderately Old,flat,2093.0,0,0,0,0,0,1,109,"28.4178° N, 77.0628° E",28.4178,77.0628
bestech park view residency,0.56,sector 2,8550.0,1.0,1.0,2,7.0,Moderately Old,flat,722.0,0,0,0,0,0,0,92,"28.5095° N, 77.0320° E",28.5095,77.032
shri banke bihari society,1.35,sector 56,9643.0,3.0,3.0,3+,4.0,Old Property,flat,1450.0,0,0,0,0,0,1,174,"28.4245° N, 77.0991° E",28.4245,77.0991
bestech park view sanskruti,1.55,sector 92,9688.0,3.0,3.0,3,17.0,Relatively New,flat,1792.0,0,0,0,0,0,1,60,"28.4079° N, 76.9153° E",28.4079,76.9153
pioneer park,1.6,sector 61,11594.0,2.0,2.0,2,21.0,Relatively New,flat,1533.0,0,0,0,0,0,0,105,"28.4050° N, 77.0963° E",28.405,77.0963
independent,0.27,sector 7,12000.0,2.0,2.0,1,2.0,Moderately Old,house,225.0,0,0,0,0,0,0,12,"28.4644° N, 77.0143° E",28.4644,77.0143
independent,2.95,sector 2,15989.0,4.0,4.0,3+,2.0,Old Property,house,1845.0,0,0,0,0,0,0,27,"28.5095° N, 77.0320° E",28.5095,77.032
orchid petals,4.79,sector 49,11629.0,5.0,5.0,3+,14.0,Relatively New,flat,3724.0,0,0,0,0,0,0,49,"28.4121° N, 77.0480° E",28.4121,77.048
conscient habitat,0.35,sector 99a,6422.0,2.0,2.0,1,3.0,Relatively New,flat,606.0,0,0,0,0,0,0,62,"28.4561° N, 76.9542° E",28.4561,76.9542
mapsko casa bella,1.38,sector 82,5444.0,4.0,5.0,3+,20.0,Relatively New,flat,2294.0,0,0,0,0,0,0,79,"28.3935° N, 76.9600° E",28.3935,76.96
independent,4.6,sector 14,20444.0,1.0,1.0,0,1.0,Old Property,house,2250.0,0,0,0,0,0,0,0,"28.4711° N, 77.0454° E",28.4711,77.0454
paras dews,0.97,sector 106,8818.0,2.0,2.0,3,6.0,New Property,flat,1200.0,0,0,0,0,0,1,174,"28.5007° N, 77.0003° E",28.5007,77.0003
paras dews,0.92,sector 106,6643.0,2.0,2.0,3+,2.0,Relatively New,flat,940.0,0,0,0,0,0,0,174,"28.5007° N, 77.0003° E",28.5007,77.0003
independent,20.0,sector 26,44444.0,5.0,7.0,3+,3.0,Relatively New,house,4500.0,0,1,0,1,0,2,97,"28.4757° N, 77.1032° E",28.4757,77.1032
vipul tatvam villa,7.25,sector 48,27971.0,3.0,4.0,2,2.0,Moderately Old,house,2592.0,1,1,1,1,0,1,115,"28.4177° N, 77.0359° E",28.4177,77.0359
tulip violet,1.65,sector 69,8871.0,3.0,3.0,2,1.0,Relatively New,flat,1578.0,0,0,0,0,0,1,69,"28.3966° N, 77.0341° E",28.3966,77.0341
cghs airport apartment,1.65,sector 47,7857.0,3.0,3.0,3,1.0,Old Property,flat,1906.0,0,0,0,0,0,1,136,"28.4276° N, 77.0492° E",28.4276,77.0492
emaar gurgaon greens,1.4,sector 102,8485.0,3.0,3.0,3,4.0,Relatively New,flat,1493.0,0,0,0,0,0,1,83,"28.4750° N, 76.9715° E",28.475,76.9715
central park flower valley,2.2,sector 33,10476.0,3.0,3.0,3,12.0,New Property,flat,1900.0,0,0,0,0,0,1,49,"28.4420° N, 77.0207° E",28.442,77.0207
dlf the skycourt,1.55,sector 86,8035.0,3.0,3.0,3+,12.0,Relatively New,flat,1500.0,0,0,0,0,0,2,166,"28.3986° N, 76.9384° E",28.3986,76.9384
emaar mgf emerald floors premier,2.0,sector 65,12121.0,3.0,3.0,3,1.0,Relatively New,flat,1833.0,0,0,0,0,0,1,124,"28.4030° N, 77.0690° E",28.403,77.069
signature global park 4,0.72,sector 36,6429.0,3.0,2.0,3,2.0,Under Construction,flat,1244.0,0,0,0,0,0,0,0,"28.4160° N, 76.9914° E",28.416,76.9914
dlf the ultima,2.28,sector 81,10842.0,3.0,3.0,3+,14.0,Relatively New,flat,1750.0,0,0,0,0,0,2,49,"28.3867° N, 76.9485° E",28.3867,76.9485
independent,4.5,sector 26,33333.0,3.0,3.0,2,2.0,Old Property,house,1350.0,0,0,0,1,0,1,58,"28.4757° N, 77.1032° E",28.4757,77.1032
adani aangan arcade,0.45,sector 88a,7188.0,2.0,2.0,1,8.0,New Property,flat,695.0,0,0,0,0,0,0,14,"28.4347° N, 76.9557° E",28.4347,76.9557
ss the leaf,1.05,sector 85,6162.0,2.0,2.0,3+,7.0,Relatively New,flat,1512.0,0,0,0,0,0,0,144,"28.4042° N, 76.9513° E",28.4042,76.9513
m3m heights,2.44,sector 65,13297.0,3.0,3.0,2,7.0,Under Construction,flat,1654.0,0,0,0,0,0,0,31,"28.4030° N, 77.0690° E",28.403,77.069
smart world gems,1.25,sector 89,8784.0,3.0,3.0,3,2.0,Under Construction,flat,1288.0,0,0,0,0,0,0,12,"28.4253° N, 76.9439° E",28.4253,76.9439
signature global rosellia,0.45,sector 95,8755.0,2.0,2.0,2,14.0,New Property,flat,571.0,0,0,0,0,0,0,24,"28.4172° N, 76.9081° E",28.4172,76.9081
unitech fresco,1.88,sector 50,10479.0,3.0,3.0,3+,14.0,Moderately Old,flat,1790.0,0,0,0,0,0,1,174,"28.4178° N, 77.0628° E",28.4178,77.0628
independent,1.2,sector 105,13333.0,4.0,4.0,1,2.0,Moderately Old,house,900.0,0,0,0,0,1,0,14,"28.4952° N, 77.0114° E",28.4952,77.0114
lig flat,1.5,sector 40,5556.0,1.0,1.0,0,0.0,Moderately Old,flat,300.0,0,0,0,0,0,0,0,"28.4498° N, 77.0567° E",28.4498,77.0567
independent,0.67,sector 4,9795.0,3.0,3.0,2,2.0,Relatively New,house,76.0,0,0,0,0,1,0,7,"28.4738° N, 77.0107° E",28.4738,77.0107
conscient elevate,4.02,sector 59,17501.0,3.0,3.0,1,3.0,Under Construction,flat,2550.0,0,0,0,0,0,0,31,"28.4051° N, 77.1097° E",28.4051,77.1097
vatika gurgaon,1.1,sector 83,6162.0,3.0,3.0,3+,5.0,Relatively New,flat,1600.0,0,0,0,0,0,1,96,"28.3986° N, 76.9647° E",28.3986,76.9647
sare green parc phase 3,0.95,sector 92,4857.0,4.0,3.0,3,4.0,Moderately Old,flat,1770.0,0,0,0,0,0,0,67,"28.4079° N, 76.9153° E",28.4079,76.9153
shapoorji pallonji joyville gurugram,1.05,sector 102,11475.0,2.0,2.0,2,0.0,Under Construction,flat,1017.0,0,0,0,0,0,0,49,"28.4750° N, 76.9715° E",28.475,76.9715
vatika sovereign next sector-82 a gurgaon,2.91,sector 82a,6700.0,4.0,4.0,3,6.0,Under Construction,flat,3902.0,0,0,0,0,0,1,79,"28.3858° N, 76.9686° E",28.3858,76.9686
umang monsoon breeze,1.05,sector 78,5666.0,3.0,3.0,3,6.0,Moderately Old,flat,1853.0,0,0,0,0,0,0,0,"28.3733° N, 76.9729° E",28.3733,76.9729
emaar gurgaon greens,1.45,sector 102,8788.0,3.0,3.0,2,7.0,Relatively New,flat,1493.0,0,0,0,0,0,1,169,"28.4750° N, 76.9715° E",28.475,76.9715
ats tourmaline,2.1,sector 109,8124.0,3.0,4.0,3+,11.0,Relatively New,flat,2100.0,0,0,0,0,0,1,165,"28.5073° N, 77.0089° E",28.5073,77.0089
godrej aria,1.95,sector 79,8519.0,3.0,4.0,3+,10.0,New Property,flat,1659.0,0,0,0,0,0,0,32,"28.3624° N, 76.9787° E",28.3624,76.9787
godrej,2.0,sector 79,8453.0,3.0,4.0,3+,2.0,Relatively New,flat,2629.0,0,0,0,0,0,1,156,"28.3624° N, 76.9787° E",28.3624,76.9787
paras dews,1.25,sector 106,7102.0,3.0,4.0,3+,5.0,Relatively New,flat,1186.0,0,0,0,0,0,0,165,"28.5007° N, 77.0003° E",28.5007,77.0003
bptp terra,1.77,sector 37d,8079.0,4.0,3.0,3,15.0,Relatively New,flat,2025.0,0,0,0,0,0,0,49,"28.4478° N, 76.9703° E",28.4478,76.9703
independent,1.15,sector 2,19360.0,3.0,3.0,2,2.0,Old Property,house,594.0,0,0,0,0,0,1,32,"28.5095° N, 77.0320° E",28.5095,77.032
essel towers,2.2,sector 14,12500.0,3.0,4.0,3+,3.0,Old Property,flat,1956.0,0,0,0,0,0,0,0,"28.4711° N, 77.0454° E",28.4711,77.0454
m3m golfestate,5.5,sector 65,16960.0,3.0,4.0,3,3.0,Relatively New,flat,2803.0,0,0,0,0,0,0,49,"28.4030° N, 77.0690° E",28.403,77.069
ambience creacions,2.4,sector 22,17391.0,2.0,2.0,2,8.0,Relatively New,flat,1200.0,0,0,0,0,0,2,112,"28.5072° N, 77.0640° E",28.5072,77.064
m3m woodshire,0.8,sector 107,5857.0,2.0,2.0,3+,6.0,Relatively New,flat,1204.0,0,0,0,0,0,1,174,"28.5052° N, 76.9729° E",28.5052,76.9729
independent,2.75,sector 24,7667.0,7.0,7.0,3+,3.0,Moderately Old,house,3000.0,0,0,0,0,1,1,0,"28.4939° N, 77.1038° E",28.4939,77.1038
lotus homz,0.7,sector 111,10057.0,2.0,2.0,2,8.0,Relatively New,flat,773.0,0,0,0,0,0,0,68,"28.5238° N, 77.0320° E",28.5238,77.032
shapoorji pallonji joyville gurugram,1.1,sector 102,12182.0,2.0,2.0,1,8.0,Under Construction,flat,817.0,0,0,0,0,0,0,105,"28.4750° N, 76.9715° E",28.475,76.9715
international city by sobha phase 1,6.3,sector 109,9000.0,4.0,5.0,3+,2.0,Relatively New,house,7000.0,0,0,0,0,0,1,122,"28.5073° N, 77.0089° E",28.5073,77.0089
ireo victory valley,2.87,sector 67,11904.0,3.0,3.0,3+,16.0,Relatively New,flat,2095.0,0,0,0,0,0,1,174,"28.3859° N, 77.0608° E",28.3859,77.0608
shapoorji pallonji joyville gurugram,1.3,sector 102,17687.0,2.0,2.0,3,0.0,Relatively New,flat,1009.0,0,0,0,0,0,0,125,"28.4750° N, 76.9715° E",28.475,76.9715
mapsko casa bella,1.3,sector 82,6379.0,4.0,4.0,3+,1.0,Relatively New,flat,1774.0,0,0,0,0,0,0,130,"28.3935° N, 76.9600° E",28.3935,76.96
independent,23.0,sector 26,25556.0,4.0,4.0,3+,2.0,Relatively New,house,9000.0,1,1,1,1,0,1,145,"28.4757° N, 77.1032° E",28.4757,77.1032
alpha corp gurgaonone,2.2,sector 84,7586.0,4.0,4.0,3,10.0,Relatively New,flat,3222.0,0,0,0,0,0,0,21,"28.3979° N, 76.9736° E",28.3979,76.9736
ss the leaf,2.3,sector 85,8179.0,4.0,4.0,3+,8.0,Relatively New,flat,2545.0,0,0,0,0,0,0,21,"28.4042° N, 76.9513° E",28.4042,76.9513
bajrang apartments,0.38,sector 6,4471.0,2.0,2.0,2,1.0,Moderately Old,flat,944.0,0,0,0,0,0,0,0,"28.4745° N, 77.0262° E",28.4745,77.0262
arjun marg/ sector- 26 phase- 1/ golf course road,31.5,sector 26,35000.0,7.0,9.0,3+,3.0,Moderately Old,house,9000.0,1,1,1,1,0,2,74,"28.4757° N, 77.1032° E",28.4757,77.1032
emaar mgf emerald floors premier,2.79,sector 65,14127.0,4.0,4.0,3+,2.0,Relatively New,flat,2194.0,0,0,0,0,0,2,174,"28.4030° N, 77.0690° E",28.403,77.069
ansal harmony homes,1.12,sector 57,10667.0,2.0,2.0,1,0.0,Old Property,flat,950.0,0,0,0,0,0,0,72,"28.4232° N, 77.0752° E",28.4232,77.0752
unitech uniworld resorts,9.5,sector 33,23336.0,5.0,7.0,3+,2.0,Under Construction,house,4071.0,1,1,1,1,0,0,57,"28.4420° N, 77.0207° E",28.442,77.0207
signature the roselia,0.41,sector 95,7295.0,2.0,2.0,2,12.0,New Property,flat,670.0,0,0,0,0,0,1,93,"28.4172° N, 76.9081° E",28.4172,76.9081
dlf new town heights,1.65,sector 90,6980.0,4.0,4.0,3+,15.0,Moderately Old,flat,2139.0,0,0,0,0,0,1,137,"28.4085° N, 76.9369° E",28.4085,76.9369
m3m woodshire,1.65,sector 107,5961.0,4.0,5.0,3+,12.0,Relatively New,flat,2505.0,0,0,0,0,0,0,21,"28.5052° N, 76.9729° E",28.5052,76.9729
independent,3.5,sector 9,13410.0,9.0,9.0,3+,3.0,Relatively New,house,2610.0,1,0,0,0,0,0,23,"28.4603° N, 77.0000° E",28.4603,77.0
tulip violet,1.32,sector 69,8413.0,3.0,3.0,1,12.0,Relatively New,flat,1419.0,0,0,0,0,0,1,86,"28.3966° N, 77.0341° E",28.3966,77.0341
independent,0.37,sector 105,8222.0,2.0,2.0,1,1.0,Moderately Old,house,450.0,0,0,0,0,1,0,0,"28.4952° N, 77.0114° E",28.4952,77.0114
pioneer araya,9.95,sector 62,20996.0,4.0,6.0,3,12.0,Relatively New,flat,3933.0,0,0,0,0,0,1,138,"28.4139° N, 77.0886° E",28.4139,77.0886
ats triumph,4.45,sector 104,6846.0,4.0,5.0,3+,27.0,Relatively New,flat,7222.0,0,0,0,0,0,0,110,"28.4788° N, 76.9960° E",28.4788,76.996
godrej oasis,1.15,sector 88a,9854.0,2.0,2.0,1,12.0,New Property,flat,120.0,0,0,0,0,0,0,79,"28.4347° N, 76.9557° E",28.4347,76.9557
unitech uniworld resorts,10.0,sector 33,20202.0,5.0,6.0,3,4.0,New Property,house,4950.0,1,1,0,0,0,0,26,"28.4420° N, 77.0207° E",28.442,77.0207
vatika city,1.79,sector 49,12786.0,3.0,3.0,3,9.0,Old Property,flat,1556.0,0,0,0,0,0,0,38,"28.4121° N, 77.0480° E",28.4121,77.048
emaar mgf emerald floors premier,2.35,sector 65,14242.0,3.0,3.0,3,2.0,Relatively New,flat,1650.0,0,0,0,0,0,0,158,"28.4030° N, 77.0690° E",28.403,77.069
godrej air,1.4,sector 85,10000.0,2.0,2.0,3,23.0,Relatively New,flat,1400.0,0,0,0,0,0,0,44,"28.4042° N, 76.9513° E",28.4042,76.9513
sobha city,10.5,sector 108,14323.0,5.0,4.0,3+,1.0,Relatively New,house,7331.0,0,0,0,0,0,0,59,"28.5134° N, 76.9830° E",28.5134,76.983
ss the leaf,2.1,sector 85,8721.0,3.0,4.0,3+,6.0,Relatively New,flat,2026.0,0,0,0,0,0,0,156,"28.4042° N, 76.9513° E",28.4042,76.9513
raheja vedaanta,1.5,sector 108,5263.0,3.0,4.0,0,12.0,Relatively New,flat,2850.0,0,0,0,0,0,0,0,"28.5134° N, 76.9830° E",28.5134,76.983
independent,5.25,sector 43,27132.0,4.0,4.0,2,2.0,Old Property,house,1935.0,1,1,0,0,0,1,80,"28.4629° N, 77.0772° E",28.4629,77.0772
la vida by tata housing,1.65,sector 113,10450.0,3.0,2.0,2,3.0,Relatively New,flat,1420.0,0,0,0,0,0,0,49,"28.5287° N, 77.0233° E",28.5287,77.0233
mrg skyline,1.82,sector 106,13392.0,3.0,2.0,2,4.0,Relatively New,flat,1359.0,0,0,0,0,0,0,0,"28.5007° N, 77.0003° E",28.5007,77.0003
umang monsoon breeze,1.25,sector 78,5000.0,4.0,4.0,3,2.0,Relatively New,flat,2300.0,0,0,0,0,0,0,57,"28.3733° N, 76.9729° E",28.3733,76.9729
godrej,1.33,sector 79,8531.0,2.0,2.0,3,6.0,Relatively New,flat,1411.0,0,0,0,0,0,0,158,"28.3624° N, 76.9787° E",28.3624,76.9787
ats triumph,2.63,sector 104,9564.0,4.0,4.0,3+,21.0,Relatively New,flat,2953.0,0,0,0,0,0,1,161,"28.4788° N, 76.9960° E",28.4788,76.996
godrej nature plus,1.07,sector 33,7726.0,2.0,2.0,2,14.0,Under Construction,flat,1253.0,0,0,0,0,0,0,68,"28.4420° N, 77.0207° E",28.442,77.0207
emaar gurgaon greens,1.42,sector 102,8606.0,3.0,3.0,3,4.0,Relatively New,flat,1314.0,0,0,0,0,0,0,49,"28.4750° N, 76.9715° E",28.475,76.9715
smart world orchard,2.41,sector 61,14785.0,3.0,3.0,3,2.0,New Property,flat,1630.0,0,0,0,0,0,1,61,"28.4050° N, 77.0963° E",28.405,77.0963
hero homes,1.4,sector 104,15819.0,3.0,2.0,2,4.0,Under Construction,flat,1120.0,0,0,0,0,0,0,49,"28.4788° N, 76.9960° E",28.4788,76.996
ambience creacions,4.63,sector 22,14984.0,3.0,5.0,3+,5.0,New Property,flat,2796.0,0,0,0,0,0,0,120,"28.5072° N, 77.0640° E",28.5072,77.064
breeze global heights,0.4,sector 33,6421.0,2.0,2.0,2,4.0,Under Construction,flat,623.0,0,0,0,0,0,0,0,"28.4420° N, 77.0207° E",28.442,77.0207
tulip lemon,0.62,sector 69,12863.0,2.0,2.0,1,4.0,Relatively New,flat,536.0,0,0,0,0,0,1,108,"28.3966° N, 77.0341° E",28.3966,77.0341
project housing board colony,2.58,sector 28,17695.0,4.0,2.0,2,2.0,Relatively New,house,1458.0,0,0,0,0,0,0,0,"28.4728° N, 77.0865° E",28.4728,77.0865
central park flower valley,2.5,sector 33,13270.0,3.0,3.0,2,1.0,Under Construction,flat,2093.0,0,0,0,0,0,0,66,"28.4420° N, 77.0207° E",28.442,77.0207
pareena laxmi apartments,0.32,sector 99a,6107.0,2.0,2.0,2,2.0,New Property,flat,473.0,0,0,0,0,0,0,50,"28.4561° N, 76.9542° E",28.4561,76.9542
pivotal devaan,0.34,sector 84,5832.0,2.0,2.0,1,3.0,Relatively New,flat,533.0,0,0,0,0,0,0,75,"28.3979° N, 76.9736° E",28.3979,76.9736
independent,1.52,sector 17a,19869.0,2.0,2.0,1,1.0,Old Property,house,105.0,0,0,0,0,0,0,22,"28.4785° N, 77.0600° E",28.4785,77.06
shree vardhman flora,0.92,sector 90,4907.0,3.0,4.0,3,4.0,Relatively New,flat,1493.0,0,0,0,0,0,0,116,"28.4085° N, 76.9369° E",28.4085,76.9369
ss the leaf,2.2,sector 85,5641.0,4.0,6.0,3,10.0,Relatively New,flat,3920.0,0,0,0,0,0,0,174,"28.4042° N, 76.9513° E",28.4042,76.9513
bestech park view residency,1.26,sector 2,8051.0,2.0,2.0,3,7.0,Moderately Old,flat,1416.0,0,0,0,0,0,0,84,"28.5095° N, 77.0320° E",28.5095,77.032
shree vardhman flora,0.7,sector 90,5178.0,2.0,3.0,2,7.0,Relatively New,flat,1502.0,0,0,0,0,0,1,49,"28.4085° N, 76.9369° E",28.4085,76.9369
mapsko mount ville,1.25,sector 79,8389.0,3.0,3.0,3+,16.0,Relatively New,flat,1656.0,0,0,0,0,0,1,49,"28.3624° N, 76.9787° E",28.3624,76.9787
indiabulls centrum park,2.14,sector 103,7443.0,4.0,6.0,3+,7.0,Relatively New,flat,2718.0,0,0,0,0,0,0,142,"28.4949° N, 76.9845° E",28.4949,76.9845
ss the leaf,1.25,sector 85,10889.0,2.0,2.0,3+,17.0,Relatively New,flat,1426.0,0,0,0,0,0,0,156,"28.4042° N, 76.9513° E",28.4042,76.9513
madhur jeevan apartments,1.59,sector 56,8595.0,4.0,3.0,3+,3.0,Old Property,flat,1900.0,0,0,0,0,0,1,33,"28.4245° N, 77.0991° E",28.4245,77.0991
emaar mgf emerald floors premier,2.55,sector 65,15455.0,3.0,3.0,3,3.0,Relatively New,flat,1650.0,0,0,0,0,0,0,21,"28.4030° N, 77.0690° E",28.403,77.069
ansal housing highland park,1.1,sector 103,6243.0,3.0,3.0,3+,7.0,New Property,flat,1500.0,0,0,0,0,0,0,87,"28.4949° N, 76.9845° E",28.4949,76.9845
prime habitat,0.32,sector 99a,4658.0,2.0,2.0,1,7.0,Relatively New,flat,601.0,0,0,0,0,0,0,44,"28.4561° N, 76.9542° E",28.4561,76.9542
indiabulls centrum park,2.36,sector 103,9183.0,4.0,6.0,3+,8.0,Relatively New,flat,2729.0,0,0,0,0,0,1,159,"28.4949° N, 76.9845° E",28.4949,76.9845
independent,8.0,sector 38,25616.0,10.0,10.0,3+,1.0,Relatively New,house,3123.0,0,0,0,0,0,0,0,"28.4347° N, 77.0430° E",28.4347,77.043
emaar mgf emerald floors premier,2.5,sector 65,15152.0,3.0,3.0,3,3.0,Relatively New,flat,1493.0,0,0,0,0,0,0,15,"28.4030° N, 77.0690° E",28.403,77.069
bestech park view spa next,2.35,sector 67,12145.0,3.0,4.0,3+,14.0,Moderately Old,flat,1751.0,0,0,0,0,0,1,156,"28.3859° N, 77.0608° E",28.3859,77.0608
experion the heartsong,2.0,sector 108,7197.0,4.0,4.0,3+,10.0,Relatively New,flat,2500.0,0,0,0,0,0,1,174,"28.5134° N, 76.9830° E",28.5134,76.983
tulip violet,1.75,sector 69,9459.0,3.0,4.0,2,0.0,Relatively New,flat,2056.0,0,0,0,0,0,1,174,"28.3966° N, 77.0341° E",28.3966,77.0341
vipul tatvam villa,6.4,sector 48,24691.0,3.0,4.0,3,2.0,Relatively New,house,2592.0,1,1,1,0,0,1,148,"28.4177° N, 77.0359° E",28.4177,77.0359
puri diplomatic greens,2.58,sector 111,11727.0,3.0,4.0,2,10.0,Moderately Old,flat,2200.0,0,0,0,0,0,0,86,"28.5238° N, 77.0320° E",28.5238,77.032
raheja navodaya,0.85,sector 92,4271.0,3.0,3.0,3,2.0,Relatively New,flat,1801.0,0,0,0,0,0,0,100,"28.4079° N, 76.9153° E",28.4079,76.9153
independent,5.65,sector 46,23870.0,8.0,6.0,3+,3.0,Moderately Old,house,2367.0,0,1,0,0,0,1,67,"28.4374° N, 77.0586° E",28.4374,77.0586
signature global park 4,1.0,sector 36,9901.0,3.0,2.0,3,2.0,New Property,flat,1122.0,0,0,0,0,0,0,128,"28.4160° N, 76.9914° E",28.416,76.9914
dlf city plots,13.5,sector 26,29880.0,5.0,5.0,2,2.0,Moderately Old,house,4518.0,1,1,0,0,1,1,104,"28.4757° N, 77.1032° E",28.4757,77.1032
sare homes,0.6,sector 92,5000.0,3.0,2.0,3,4.0,Moderately Old,flat,1333.0,0,0,0,0,0,1,49,"28.4079° N, 76.9153° E",28.4079,76.9153
ansal sushant lok plots,11.5,sector 43,17692.0,7.0,8.0,3+,3.0,Old Property,house,9000.0,0,1,1,1,0,1,31,"28.4629° N, 77.0772° E",28.4629,77.0772
adani aangan galleria,0.25,sector 89,5000.0,1.0,1.0,1,6.0,New Property,flat,430.0,0,0,0,0,0,0,74,"28.4253° N, 76.9439° E",28.4253,76.9439
shree vardhman victoria,1.8,sector 70,9231.0,3.0,4.0,3,2.0,New Property,flat,1527.0,0,0,0,0,0,0,45,"28.3968° N, 77.0233° E",28.3968,77.0233
ramsons kshitij,0.29,sector 95,5179.0,2.0,2.0,2,14.0,Relatively New,flat,507.0,0,0,0,0,0,0,50,"28.4172° N, 76.9081° E",28.4172,76.9081
sidhartha ncr one phase,0.55,sector 95,4867.0,2.0,2.0,2,14.0,New Property,flat,1256.0,0,0,0,0,0,0,90,"28.4172° N, 76.9081° E",28.4172,76.9081
independent,7.0,sector 41,28283.0,7.0,7.0,3+,3.0,Moderately Old,house,2475.0,1,1,1,1,0,2,151,"28.4557° N, 77.0632° E",28.4557,77.0632
krishna appartment,0.35,sector 12,3500.0,3.0,3.0,1,2.0,Old Property,flat,905.0,0,0,0,0,0,0,0,"28.4723° N, 77.0320° E",28.4723,77.032
independent,0.62,sector 8,11273.0,3.0,1.0,0,2.0,Moderately Old,house,550.0,0,0,0,0,0,0,0,"28.3738° N, 76.8970° E",28.3738,76.897
experion the heartsong,1.7,sector 108,8487.0,3.0,4.0,3+,14.0,Relatively New,flat,1500.29,0,0,0,0,0,0,119,"28.5134° N, 76.9830° E",28.5134,76.983
sare crescent parc royal greens phase 1,0.79,sector 92,6086.0,3.0,2.0,2,15.0,New Property,flat,1175.0,0,0,0,0,0,0,25,"28.4079° N, 76.9153° E",28.4079,76.9153
tarc maceo,0.9,sector 91,6870.0,2.0,2.0,2,13.0,Relatively New,flat,1186.0,0,0,0,0,0,2,67,"28.4014° N, 76.9225° E",28.4014,76.9225
tulip violet,1.9,sector 69,9453.0,4.0,4.0,2,6.0,Relatively New,flat,1743.0,0,0,0,0,0,0,174,"28.3966° N, 77.0341° E",28.3966,77.0341
imperia the esfera,1.4,sector 37c,5385.0,4.0,5.0,3,9.0,Relatively New,flat,2343.0,0,0,0,0,0,0,49,"28.4515° N, 76.9882° E",28.4515,76.9882
emaar mgf the palm drive,2.8,sector 66,14359.0,3.0,3.0,2,12.0,New Property,flat,1950.0,0,0,0,0,0,2,69,"28.3925° N, 77.0541° E",28.3925,77.0541
landmark the residency,0.9,sector 103,6667.0,2.0,2.0,2,1.0,Relatively New,flat,1222.0,0,0,0,0,0,0,44,"28.4949° N, 76.9845° E",28.4949,76.9845
bptp terra,1.67,sector 37d,7622.0,4.0,4.0,3,11.0,Relatively New,flat,2091.0,0,0,0,0,0,1,149,"28.4478° N, 76.9703° E",28.4478,76.9703
tulip violet,1.38,sector 69,8967.0,3.0,3.0,1,12.0,Relatively New,flat,1392.0,0,0,0,0,0,0,86,"28.3966° N, 77.0341° E",28.3966,77.0341
ss the leaf,1.07,sector 85,6524.0,2.0,2.0,3,21.0,Relatively New,flat,1484.0,0,0,0,0,0,0,67,"28.4042° N, 76.9513° E",28.4042,76.9513
dlf park place,6.75,sector 54,24963.0,4.0,4.0,2,8.0,Moderately Old,flat,2076.0,0,0,0,0,0,2,135,"28.4348° N, 77.1089° E",28.4348,77.1089
umang monsoon breeze,0.75,sector 78,6053.0,2.0,2.0,1,5.0,Moderately Old,flat,1239.0,0,0,0,0,0,0,0,"28.3733° N, 76.9729° E",28.3733,76.9729
independent,0.7,sector 105,5833.0,3.0,2.0,2,1.0,Moderately Old,house,1200.0,0,0,0,0,0,0,0,"28.4952° N, 77.0114° E",28.4952,77.0114
central park flower valley,1.55,sector 33,11923.0,3.0,3.0,3+,7.0,New Property,flat,1444.0,0,0,0,0,0,1,28,"28.4420° N, 77.0207° E",28.442,77.0207
unitech uniworld gardens,2.4,sector 47,11505.0,3.0,3.0,3+,10.0,Moderately Old,flat,1888.0,0,0,0,0,0,1,120,"28.4276° N, 77.0492° E",28.4276,77.0492
tulip violet,1.43,sector 69,8888.0,3.0,3.0,2,1.0,Relatively New,flat,1455.0,0,0,0,0,0,0,86,"28.3966° N, 77.0341° E",28.3966,77.0341
dlf the skycourt,1.5,sector 86,9740.0,3.0,3.0,3+,18.0,Relatively New,flat,1780.0,0,0,0,0,0,0,174,"28.3986° N, 76.9384° E",28.3986,76.9384
bestech park view sanskruti,1.6,sector 92,8020.0,3.0,4.0,3+,10.0,Relatively New,flat,1615.0,0,0,0,0,0,1,174,"28.4079° N, 76.9153° E",28.4079,76.9153
godrej,1.91,sector 79,8512.0,3.0,4.0,3+,7.0,Relatively New,flat,2031.0,0,0,0,0,0,0,158,"28.3624° N, 76.9787° E",28.3624,76.9787
smart world gems,1.0,sector 89,9009.0,2.0,2.0,3,3.0,New Property,flat,1233.0,0,0,0,0,0,0,99,"28.4253° N, 76.9439° E",28.4253,76.9439
la vida by tata housing,3.05,sector 113,15561.0,3.0,4.0,3,3.0,Relatively New,flat,2150.0,0,0,0,0,0,0,174,"28.5287° N, 77.0233° E",28.5287,77.0233
emaar mgf palm terraces,4.5,sector 66,10598.0,5.0,5.0,3+,11.0,New Property,flat,3321.0,0,0,0,0,0,0,105,"28.3925° N, 77.0541° E",28.3925,77.0541
signature global solera,0.6,sector 107,8000.0,3.0,2.0,2,8.0,Relatively New,flat,750.0,0,0,0,0,0,0,55,"28.5052° N, 76.9729° E",28.5052,76.9729
independent,3.9,sector 38,21242.0,6.0,6.0,3+,3.0,Moderately Old,house,1836.0,1,1,0,1,0,0,32,"28.4347° N, 77.0430° E",28.4347,77.043
corona optus,1.44,sector 37c,7236.0,3.0,3.0,3+,2.0,Relatively New,flat,1789.0,0,0,0,0,0,0,49,"28.4515° N, 76.9882° E",28.4515,76.9882
puri emerald bay,1.59,sector 104,10905.0,2.0,2.0,2,12.0,Relatively New,flat,1403.0,0,0,0,0,0,0,121,"28.4788° N, 76.9960° E",28.4788,76.996
ild greens,1.0,sector 37c,4724.0,3.0,3.0,3,3.0,Under Construction,flat,1629.0,0,0,0,0,0,0,51,"28.4515° N, 76.9882° E",28.4515,76.9882
emaar mgf emerald floors premier,2.36,sector 65,14303.0,3.0,3.0,3,0.0,Relatively New,flat,1493.0,0,0,0,0,0,1,159,"28.4030° N, 77.0690° E",28.403,77.069
ss radiance residency,0.6,sector 12,5660.0,3.0,3.0,2,3.0,Relatively New,flat,1178.0,0,0,0,0,0,0,44,"28.4723° N, 77.0320° E",28.4723,77.032
vasant appartments,1.7,sector 14,7391.0,5.0,5.0,2,2.0,Old Property,flat,2556.0,0,0,0,0,0,2,71,"28.4711° N, 77.0454° E",28.4711,77.0454
brisk lumbini terrace homes,1.38,sector 109,6339.0,3.0,3.0,1,4.0,Moderately Old,flat,2419.0,0,0,0,0,0,0,20,"28.5073° N, 77.0089° E",28.5073,77.0089
orchid petals,4.52,sector 49,10984.0,5.0,5.0,3+,14.0,Moderately Old,flat,3724.0,0,0,0,0,0,0,49,"28.4121° N, 77.0480° E",28.4121,77.048
corona optus,1.43,sector 37c,7186.0,3.0,3.0,3+,2.0,Relatively New,flat,1834.0,0,0,0,0,0,0,49,"28.4515° N, 76.9882° E",28.4515,76.9882
pyramid urban homes 2,0.5,sector 86,9615.0,2.0,2.0,1,10.0,Relatively New,flat,578.0,0,0,0,0,0,0,15,"28.3986° N, 76.9384° E",28.3986,76.9384
independent,0.35,sector 105,7778.0,2.0,2.0,1,2.0,Moderately Old,house,556.0,0,0,0,0,0,0,0,"28.4952° N, 77.0114° E",28.4952,77.0114
samadhan shri kamal cghs,2.01,sector 1,11427.0,4.0,4.0,3+,10.0,Moderately Old,flat,1956.0,0,0,0,0,0,2,0,"28.3663° N, 76.9456° E",28.3663,76.9456
godrej summit,1.3,sector 104,9028.0,3.0,2.0,3+,16.0,Relatively New,flat,1303.0,0,0,0,0,0,1,0,"28.4788° N, 76.9960° E",28.4788,76.996
orris aster court premier,1.49,sector 85,5820.0,4.0,5.0,3+,10.0,Relatively New,flat,2017.0,0,0,0,0,0,1,84,"28.4042° N, 76.9513° E",28.4042,76.9513
ss,2.09,sector 85,7432.0,4.0,4.0,3,8.0,Relatively New,flat,2600.0,0,0,0,0,0,0,49,"28.4042° N, 76.9513° E",28.4042,76.9513
tulip ivory,2.1,sector 70,8750.0,4.0,5.0,3+,5.0,Moderately Old,flat,2114.0,0,0,0,0,0,1,120,"28.3968° N, 77.0233° E",28.3968,77.0233
elan mercado,0.85,sector 80,12409.0,1.0,1.0,1,15.0,Relatively New,flat,761.0,0,0,0,0,0,0,60,"28.3659° N, 76.9557° E",28.3659,76.9557
emaar mgf marbella,9.01,sector 66,16066.0,4.0,4.0,3+,3.0,Relatively New,house,5574.7,0,1,1,0,0,0,122,"28.3925° N, 77.0541° E",28.3925,77.0541
shree vardhman flora,0.7,sector 90,5178.0,2.0,2.0,3,9.0,New Property,flat,1224.0,0,0,0,0,0,0,97,"28.4085° N, 76.9369° E",28.4085,76.9369
ats triumph,2.6,sector 104,8814.0,4.0,4.0,3+,16.0,Relatively New,flat,3064.0,0,0,0,0,0,1,150,"28.4788° N, 76.9960° E",28.4788,76.996
pareena coban residences,1.08,sector 99a,6626.0,3.0,5.0,3,2.0,Relatively New,flat,1750.0,0,0,0,0,0,0,49,"28.4561° N, 76.9542° E",28.4561,76.9542
smart world gems,0.86,sector 89,7797.0,2.0,3.0,3,4.0,Under Construction,flat,998.0,0,0,0,0,0,0,45,"28.4253° N, 76.9439° E",28.4253,76.9439
ats triumph,1.75,sector 104,7642.0,3.0,4.0,3+,11.0,Relatively New,flat,2072.0,0,0,0,0,0,0,110,"28.4788° N, 76.9960° E",28.4788,76.996
zara aavaas,0.2,sector 104,6645.0,1.0,2.0,2,3.0,New Property,flat,334.0,0,0,0,0,0,0,67,"28.4788° N, 76.9960° E",28.4788,76.996
central park resorts,9.3,sector 48,24926.0,4.0,4.0,3+,10.0,Moderately Old,flat,3831.0,0,0,0,0,0,1,67,"28.4177° N, 77.0359° E",28.4177,77.0359
ramprasta awho,0.92,sector 95,5257.0,3.0,3.0,3+,13.0,New Property,flat,1750.0,0,0,0,0,0,0,0,"28.4172° N, 76.9081° E",28.4172,76.9081
dlf city phase 1,5.5,sector 26,30556.0,4.0,4.0,3,2.0,Moderately Old,house,1800.0,1,1,0,1,0,0,69,"28.4757° N, 77.1032° E",28.4757,77.1032
international city by sobha phase 1,5.7,sector 109,10556.0,4.0,5.0,3+,3.0,Relatively New,house,5400.0,1,1,1,1,0,0,160,"28.5073° N, 77.0089° E",28.5073,77.0089
central park flower valley,1.35,sector 33,10385.0,3.0,2.0,2,3.0,New Property,flat,1444.0,0,0,0,0,0,0,87,"28.4420° N, 77.0207° E",28.442,77.0207
mapsko paradise,0.95,sector 83,6300.0,3.0,3.0,3,1.0,Moderately Old,flat,1489.0,0,0,0,0,0,0,0,"28.3986° N, 76.9647° E",28.3986,76.9647
gls avenue 51,0.45,sector 92,6000.0,3.0,3.0,1,10.0,Relatively New,flat,833.0,0,0,0,0,0,0,0,"28.4079° N, 76.9153° E",28.4079,76.9153
puri emerald bay,2.25,sector 104,10465.0,3.0,4.0,3+,4.0,Relatively New,flat,2303.0,0,0,0,0,0,1,159,"28.4788° N, 76.9960° E",28.4788,76.996
bptp terra,1.98,sector 37d,9037.0,3.0,3.0,3+,12.0,New Property,flat,1983.0,0,0,0,0,0,1,49,"28.4478° N, 76.9703° E",28.4478,76.9703
paras quartier,7.5,gwal pahari,14019.0,4.0,4.0,3+,20.0,New Property,flat,4842.0,0,0,0,0,0,1,49,"28.4484° N, 77.0210° E",28.4484,77.021
mian wali,1.7,sector 12,9444.0,1.0,1.0,1,1.0,Old Property,house,1800.0,0,1,0,0,0,0,7,"28.4723° N, 77.0320° E",28.4723,77.032
pioneer araya,9.14,sector 62,19488.0,4.0,6.0,3,16.0,Relatively New,flat,3932.0,0,0,0,0,0,1,146,"28.4139° N, 77.0886° E",28.4139,77.0886
m3m woodshire,1.29,sector 107,8836.0,3.0,3.0,3+,1.0,Relatively New,flat,1690.0,0,0,0,0,0,1,174,"28.5052° N, 76.9729° E",28.5052,76.9729
godrej,1.34,sector 79,8524.0,3.0,3.0,3,7.0,Relatively New,flat,1423.0,0,0,0,0,0,0,158,"28.3624° N, 76.9787° E",28.3624,76.9787
palam vihar extension west zone rwa,0.2,sector 2,4000.0,1.0,1.0,1,1.0,Moderately Old,flat,556.0,0,0,0,0,0,0,0,"28.5095° N, 77.0320° E",28.5095,77.032
independent,3.25,sector 31,22429.0,4.0,4.0,3+,3.0,Moderately Old,house,1449.0,1,1,1,1,0,1,29,"28.4528° N, 77.0498° E",28.4528,77.0498
zara aavaas,0.4,sector 104,7030.0,2.0,2.0,1,4.0,Relatively New,flat,514.0,0,0,0,0,0,0,52,"28.4788° N, 76.9960° E",28.4788,76.996
emaar palm gardens,1.3,sector 83,11872.0,3.0,3.0,3,16.0,Relatively New,flat,1387.0,0,0,0,0,0,1,174,"28.3986° N, 76.9647° E",28.3986,76.9647
puri emerald bay,1.32,sector 104,8516.0,2.0,2.0,2,10.0,Relatively New,flat,1403.0,0,0,0,0,0,0,128,"28.4788° N, 76.9960° E",28.4788,76.996
dlf city plots phase 2,6.3,sector 25,35000.0,4.0,4.0,3+,2.0,Old Property,house,1800.0,0,1,1,0,0,0,89,"28.4844° N, 77.0860° E",28.4844,77.086
central park 2 bellevue,5.0,sector 48,11628.0,3.0,4.0,3,14.0,Moderately Old,flat,4778.0,0,0,0,0,0,0,82,"28.4177° N, 77.0359° E",28.4177,77.0359
dlf new town heights,2.47,sector 86,7719.0,4.0,4.0,3+,2.0,Moderately Old,house,2800.0,0,1,0,1,0,1,130,"28.3986° N, 76.9384° E",28.3986,76.9384
independent,0.4,sector 4,8889.0,1.0,1.0,0,1.0,Moderately Old,house,450.0,0,0,0,0,0,0,0,"28.4738° N, 77.0107° E",28.4738,77.0107
dlf regency park,1.91,sector 28,16609.0,2.0,2.0,2,11.0,New Property,flat,1278.0,0,0,0,0,0,2,98,"28.4728° N, 77.0865° E",28.4728,77.0865
ansal api esencia,5.46,sector 67,24170.0,4.0,5.0,3+,2.0,Relatively New,house,2259.0,1,0,1,1,0,1,103,"28.3859° N, 77.0608° E",28.3859,77.0608
chd avenue,0.98,sector 71,6049.0,3.0,3.0,3,0.0,Moderately Old,flat,1466.0,0,0,0,0,0,0,65,"28.4104° N, 77.0281° E",28.4104,77.0281
la vida by tata housing,2.35,sector 113,13352.0,3.0,4.0,3,3.0,Relatively New,flat,1930.0,0,0,0,0,0,0,174,"28.5287° N, 77.0233° E",28.5287,77.0233
emaar mgf marbella,11.0,sector 66,33951.0,5.0,6.0,3+,2.0,New Property,house,3240.0,1,1,1,1,0,1,153,"28.3925° N, 77.0541° E",28.3925,77.0541
krrish florence estate,1.65,sector 70,7765.0,3.0,4.0,3+,27.0,New Property,flat,1923.0,0,0,0,0,0,0,81,"28.3968° N, 77.0233° E",28.3968,77.0233
vipul lavanya,1.28,sector 81,7175.0,3.0,3.0,3,1.0,Moderately Old,flat,1982.0,0,0,0,0,0,1,49,"28.3867° N, 76.9485° E",28.3867,76.9485
shapoorji pallonji joyville gurugram,1.2,sector 102,14563.0,2.0,2.0,3,0.0,Relatively New,flat,1073.0,0,0,0,0,0,0,49,"28.4750° N, 76.9715° E",28.475,76.9715
puri diplomatic greens,3.9,sector 111,13000.0,4.0,5.0,3+,6.0,Relatively New,flat,2996.0,0,0,0,0,0,2,160,"28.5238° N, 77.0320° E",28.5238,77.032
signature global solera,0.29,sector 107,5930.0,2.0,2.0,2,3.0,Relatively New,flat,543.0,0,0,0,0,0,0,45,"28.5052° N, 76.9729° E",28.5052,76.9729
godrej oasis,2.65,sector 88a,16751.0,3.0,3.0,3+,10.0,New Property,flat,1582.0,0,0,0,0,0,0,110,"28.4347° N, 76.9557° E",28.4347,76.9557
corona optus,1.27,sector 37c,7204.0,3.0,3.0,3,2.0,Relatively New,flat,1581.0,0,0,0,0,0,0,49,"28.4515° N, 76.9882° E",28.4515,76.9882
tata primanti,3.19,sector 72,12152.0,4.0,5.0,3+,20.0,Relatively New,flat,2376.0,0,0,0,0,0,1,159,"28.4225° N, 77.0211° E",28.4225,77.0211
indiabulls enigma,3.79,sector 110,9896.0,5.0,5.0,3,4.0,Relatively New,flat,3466.0,0,0,0,0,0,0,125,"28.5145° N, 77.0197° E",28.5145,77.0197
independent,8.4,sector 28,34568.0,4.0,4.0,3+,2.0,Relatively New,house,2430.0,0,1,1,1,0,1,139,"28.4728° N, 77.0865° E",28.4728,77.0865
tulip violet,1.36,sector 69,8843.0,3.0,3.0,1,12.0,Relatively New,flat,1392.0,0,0,0,0,0,0,86,"28.3966° N, 77.0341° E",28.3966,77.0341
paras dews,1.05,sector 106,8537.0,3.0,4.0,3+,10.0,Relatively New,flat,1345.0,0,0,0,0,0,0,174,"28.5007° N, 77.0003° E",28.5007,77.0003
dlf new town heights,1.3,sector 90,6736.0,3.0,3.0,3+,10.0,Relatively New,flat,1929.0,0,0,0,0,0,1,129,"28.4085° N, 76.9369° E",28.4085,76.9369
rof ananda,0.38,sector 95,5901.0,3.0,2.0,1,2.0,Relatively New,flat,716.0,0,0,0,0,0,1,66,"28.4172° N, 76.9081° E",28.4172,76.9081
central park flower valley cerise floors,1.35,sector 33,11157.0,2.0,2.0,2,4.0,New Property,house,1210.0,1,0,0,0,0,2,107,"28.4420° N, 77.0207° E",28.442,77.0207
independent,3.0,sector 7,11494.0,7.0,7.0,0,3.0,Old Property,house,2610.0,0,0,0,0,0,0,0,"28.4644° N, 77.0143° E",28.4644,77.0143
shree vardhman victoria,1.1,sector 70,8462.0,2.0,2.0,2,8.0,Relatively New,flat,1444.0,0,0,0,0,0,0,101,"28.3968° N, 77.0233° E",28.3968,77.0233
m3m skywalk,1.52,sector 74,13345.0,2.0,2.0,3,6.0,Relatively New,flat,1250.0,0,0,0,0,0,0,174,"28.4158° N, 77.0118° E",28.4158,77.0118
unitech harmony,2.6,sector 50,9591.0,3.0,4.0,2,15.0,Relatively New,flat,2700.0,0,0,0,0,0,1,174,"28.4178° N, 77.0628° E",28.4178,77.0628
ardee city,2.25,sector 52,16071.0,3.0,3.0,3,4.0,New Property,house,1800.0,0,1,0,0,0,1,22,"28.4379° N, 77.0785° E",28.4379,77.0785
pyramid urban homes 2,0.5,sector 86,8319.0,2.0,2.0,1,2.0,Relatively New,flat,668.0,0,0,0,0,0,0,35,"28.3986° N, 76.9384° E",28.3986,76.9384
indiabulls enigma,4.25,sector 110,10954.0,5.0,5.0,3+,4.0,Relatively New,flat,3511.0,0,0,0,0,0,0,101,"28.5145° N, 77.0197° E",28.5145,77.0197
independent,7.3,sector 25,37726.0,3.0,9.0,2,3.0,Relatively New,house,5800.0,0,1,1,0,0,1,109,"28.4844° N, 77.0860° E",28.4844,77.086
raheja vedaanta,0.8,sector 108,4080.0,3.0,3.0,3,9.0,Relatively New,flat,1663.0,0,0,0,0,0,0,174,"28.5134° N, 76.9830° E",28.5134,76.983
independent,8.0,sector 57,29630.0,5.0,4.0,3,2.0,Relatively New,house,2700.0,1,1,0,1,0,0,21,"28.4232° N, 77.0752° E",28.4232,77.0752
signature global grand iva,0.5,sector 103,6250.0,2.0,2.0,2,10.0,Relatively New,flat,698.0,0,0,0,0,0,0,8,"28.4949° N, 76.9845° E",28.4949,76.9845
corona optus,1.25,sector 37c,8929.0,3.0,3.0,3,2.0,Relatively New,flat,1563.0,0,0,0,0,0,0,49,"28.4515° N, 76.9882° E",28.4515,76.9882
dlf the ultima,2.21,sector 81,10366.0,3.0,3.0,3+,3.0,Relatively New,flat,1881.0,0,0,0,0,0,2,149,"28.3867° N, 76.9485° E",28.3867,76.9485
microtek greenburg,1.65,sector 86,8707.0,3.0,4.0,3,8.0,Relatively New,flat,1715.0,0,0,0,0,0,0,124,"28.3986° N, 76.9384° E",28.3986,76.9384
independent,6.0,sector 2,20000.0,4.0,4.0,1,2.0,Relatively New,house,3000.0,0,0,0,0,0,0,0,"28.5095° N, 77.0320° E",28.5095,77.032
alpha corp gurgaonone,1.49,sector 84,7590.0,3.0,3.0,3,6.0,Relatively New,flat,1833.0,0,0,0,0,0,0,28,"28.3979° N, 76.9736° E",28.3979,76.9736
ats marigold,1.5,sector 89,8499.0,3.0,3.0,3,5.0,Under Construction,flat,1480.0,0,0,0,0,0,0,96,"28.4253° N, 76.9439° E",28.4253,76.9439
shree vardhman flora,0.65,sector 90,4815.0,2.0,2.0,3,6.0,Relatively New,flat,1222.0,0,0,0,0,0,0,165,"28.4085° N, 76.9369° E",28.4085,76.9369
krrish provence estate,5.5,gwal pahari,9483.0,4.0,5.0,3+,11.0,New Property,flat,5249.0,0,0,0,0,0,0,151,"28.4484° N, 77.0210° E",28.4484,77.021
paras dews,1.35,sector 106,8940.0,4.0,3.0,3,19.0,Old Property,flat,1678.0,0,0,0,0,0,0,112,"28.5007° N, 77.0003° E",28.5007,77.0003
shapoorji pallonji joyville gurugram,1.28,sector 102,10535.0,2.0,2.0,3,10.0,Relatively New,flat,1100.0,0,0,0,0,0,0,49,"28.4750° N, 76.9715° E",28.475,76.9715
emaar digihomes,2.15,sector 62,14257.0,2.0,2.0,3,31.0,Under Construction,flat,1676.0,0,0,0,0,0,0,101,"28.4139° N, 77.0886° E",28.4139,77.0886
vipul tatvam villa,8.5,sector 48,26235.0,4.0,4.0,2,2.0,Moderately Old,house,3240.0,0,1,1,1,0,0,88,"28.4177° N, 77.0359° E",28.4177,77.0359
umang winter hills,0.71,sector 77,5306.0,2.0,2.0,2,6.0,Relatively New,flat,1057.0,0,0,0,0,0,0,108,"28.3801° N, 76.9845° E",28.3801,76.9845
vatika city,2.65,sector 49,11773.0,3.0,4.0,3,11.0,Moderately Old,flat,2251.0,0,0,0,0,0,1,140,"28.4121° N, 77.0480° E",28.4121,77.048
tulip ivory,2.35,sector 70,9792.0,4.0,4.0,3+,8.0,Moderately Old,flat,2667.0,0,0,0,0,0,0,108,"28.3968° N, 77.0233° E",28.3968,77.0233
jacob pura,0.35,sector 12,9722.0,2.0,1.0,0,2.0,Old Property,house,360.0,0,0,0,0,0,0,0,"28.4723° N, 77.0320° E",28.4723,77.032
signature global synera,0.4,sector 81,6319.0,2.0,2.0,1,12.0,Relatively New,flat,586.0,0,0,0,0,0,1,23,"28.3867° N, 76.9485° E",28.3867,76.9485
signature global synera,0.45,sector 81,7525.0,2.0,2.0,2,6.0,Relatively New,flat,664.0,0,0,0,0,0,1,39,"28.3867° N, 76.9485° E",28.3867,76.9485
puri diplomatic greens,3.4,sector 111,11525.0,4.0,5.0,3+,14.0,Relatively New,flat,2670.0,0,0,0,0,0,1,94,"28.5238° N, 77.0320° E",28.5238,77.032
ss the leaf,2.15,sector 85,7646.0,4.0,5.0,3+,1.0,Relatively New,flat,2545.0,0,0,0,0,0,0,165,"28.4042° N, 76.9513° E",28.4042,76.9513
tulip violet,1.7,sector 69,8625.0,4.0,4.0,1,12.0,Relatively New,flat,1783.0,0,0,0,0,0,0,88,"28.3966° N, 77.0341° E",28.3966,77.0341
vatika gurgaon,1.05,sector 83,7000.0,3.0,3.0,3,3.0,Relatively New,flat,1618.0,0,0,0,0,0,0,79,"28.3986° N, 76.9647° E",28.3986,76.9647
m3m heights,2.8,sector 65,14997.0,3.0,3.0,3,20.0,Under Construction,flat,1867.0,0,0,0,0,0,0,91,"28.4030° N, 77.0690° E",28.403,77.069
emaar gurgaon greens,1.42,sector 102,8606.0,3.0,3.0,3,7.0,Relatively New,flat,1315.0,0,0,0,0,0,0,128,"28.4750° N, 76.9715° E",28.475,76.9715
tulip violet,1.4,sector 69,8917.0,3.0,3.0,1,12.0,Relatively New,flat,1419.0,0,0,0,0,0,0,86,"28.3966° N, 77.0341° E",28.3966,77.0341
vipul tatvam villa,7.69,sector 48,24069.0,4.0,5.0,3,2.0,Moderately Old,house,3195.0,1,1,1,1,0,1,110,"28.4177° N, 77.0359° E",28.4177,77.0359
signature global solera,0.36,sector 107,6581.0,2.0,2.0,2,8.0,Relatively New,flat,608.0,0,0,0,0,0,0,45,"28.5052° N, 76.9729° E",28.5052,76.9729
pareena coban residences,1.23,sector 99a,6159.0,3.0,5.0,3,5.0,Relatively New,flat,1807.0,0,0,0,0,0,0,99,"28.4561° N, 76.9542° E",28.4561,76.9542
emaar mgf emerald floors premier,2.8,sector 65,14177.0,4.0,4.0,3,2.0,Relatively New,flat,2194.0,0,0,0,0,0,1,108,"28.4030° N, 77.0690° E",28.403,77.069
signature global grand iva,0.3,sector 103,8287.0,1.0,2.0,2,5.0,New Property,flat,402.0,0,0,0,0,0,0,37,"28.4949° N, 76.9845° E",28.4949,76.9845
independent,10.0,sector 25,37037.0,5.0,6.0,3,3.0,Old Property,house,2700.0,0,1,1,0,0,1,64,"28.4844° N, 77.0860° E",28.4844,77.086
ss the leaf,1.11,sector 85,6852.0,2.0,2.0,3,8.0,Relatively New,flat,1630.0,0,0,0,0,0,0,174,"28.4042° N, 76.9513° E",28.4042,76.9513
shapoorji pallonji joyville gurugram,1.95,sector 102,13929.0,3.0,3.0,3,6.0,New Property,flat,1616.0,0,0,0,0,0,1,174,"28.4750° N, 76.9715° E",28.475,76.9715
emaar gurgaon greens,1.45,sector 102,8788.0,3.0,3.0,3,8.0,Relatively New,flat,1300.0,0,0,0,0,0,0,49,"28.4750° N, 76.9715° E",28.475,76.9715
central park flower valley,1.4,sector 33,21538.0,3.0,3.0,3,2.0,Under Construction,flat,588.0,0,0,0,0,0,0,54,"28.4420° N, 77.0207° E",28.442,77.0207
tulip violet,1.68,sector 69,10072.0,3.0,3.0,2,0.0,Relatively New,flat,1510.0,0,0,0,0,0,0,157,"28.3966° N, 77.0341° E",28.3966,77.0341
emaar imperial gardens,1.7,sector 102,8395.0,3.0,4.0,3+,8.0,Relatively New,flat,1750.0,0,0,0,0,0,1,174,"28.4750° N, 76.9715° E",28.475,76.9715
ss the leaf,1.22,sector 85,13319.0,2.0,2.0,3,16.0,Relatively New,flat,1300.0,0,0,0,0,0,0,81,"28.4042° N, 76.9513° E",28.4042,76.9513
m3m merlin,3.32,sector 67,14080.0,3.0,4.0,3,8.0,New Property,flat,2016.0,0,0,0,0,0,1,174,"28.3859° N, 77.0608° E",28.3859,77.0608
sbtl caladium,1.88,sector 109,6154.0,4.0,5.0,3,10.0,Relatively New,flat,2765.0,0,0,0,0,0,0,110,"28.5073° N, 77.0089° E",28.5073,77.0089
experion the heartsong,1.68,sector 108,8387.0,3.0,3.0,3+,4.0,Relatively New,flat,1338.29,0,0,0,0,0,1,86,"28.5134° N, 76.9830° E",28.5134,76.983
m3m skycity,3.0,sector 65,16411.0,3.0,3.0,3,17.0,Under Construction,flat,1828.0,0,0,0,0,0,0,99,"28.4030° N, 77.0690° E",28.403,77.069
ild grand,0.66,sector 37c,5038.0,2.0,2.0,3+,14.0,Relatively New,flat,1310.0,0,0,0,0,0,0,60,"28.4515° N, 76.9882° E",28.4515,76.9882
bptp mansions park prime,2.7,sector 66,9768.0,4.0,4.0,3,6.0,Relatively New,flat,2501.0,0,0,0,0,0,0,13,"28.3925° N, 77.0541° E",28.3925,77.0541
signature global synera,0.49,sector 81,6667.0,2.0,2.0,3,5.0,Relatively New,flat,700.0,0,0,0,0,0,0,117,"28.3867° N, 76.9485° E",28.3867,76.9485
ambience creacions,1.99,sector 22,14420.0,2.0,2.0,2,9.0,New Property,flat,1285.0,0,0,0,0,0,0,20,"28.5072° N, 77.0640° E",28.5072,77.064
rof ananda,0.36,sector 95,5660.0,2.0,2.0,2,10.0,New Property,flat,717.0,0,0,0,0,0,0,75,"28.4172° N, 76.9081° E",28.4172,76.9081
mapsko mount ville,1.28,sector 79,8556.0,3.0,3.0,3,16.0,Relatively New,flat,1265.0,0,0,0,0,0,1,128,"28.3624° N, 76.9787° E",28.3624,76.9787
experion windchants,2.6,sector 112,10651.0,2.0,2.0,3,8.0,Relatively New,flat,2441.0,0,0,0,0,0,0,168,"28.5189° N, 77.0183° E",28.5189,77.0183
unitech aspen greens,7.0,sector 50,32407.0,4.0,4.0,2,2.0,Old Property,house,2160.0,0,1,0,0,0,0,29,"28.4178° N, 77.0628° E",28.4178,77.0628
mapsko mount ville,1.65,sector 79,9091.0,3.0,3.0,0,12.0,Relatively New,flat,1815.0,0,0,0,0,0,0,0,"28.3624° N, 76.9787° E",28.3624,76.9787
signature global the millennia,0.6,sector 37d,9231.0,2.0,2.0,3,7.0,New Property,flat,625.0,0,0,0,0,0,0,35,"28.4478° N, 76.9703° E",28.4478,76.9703
shree vardhman victoria,1.67,sector 70,14384.0,3.0,5.0,3,5.0,Moderately Old,flat,1527.0,0,0,0,0,0,0,108,"28.3968° N, 77.0233° E",28.3968,77.0233
orchid petals,1.95,sector 49,9974.0,3.0,3.0,3,2.0,Old Property,flat,1633.0,0,0,0,0,0,1,90,"28.4121° N, 77.0480° E",28.4121,77.048
ss the leaf,1.99,sector 85,8660.0,3.0,4.0,3+,17.0,Relatively New,flat,2398.0,0,0,0,0,0,1,174,"28.4042° N, 76.9513° E",28.4042,76.9513
la vida by tata housing,1.5,sector 113,11755.0,2.0,2.0,2,13.0,New Property,flat,1418.0,0,0,0,0,0,0,71,"28.5287° N, 77.0233° E",28.5287,77.0233
the laburnum,11.0,sector 43,27160.0,5.0,6.0,3+,3.0,New Property,house,4050.0,0,1,0,1,0,1,160,"28.4629° N, 77.0772° E",28.4629,77.0772
shree vardhman flora,0.65,sector 90,4815.0,2.0,2.0,3,10.0,Moderately Old,flat,1222.0,0,0,0,0,0,1,83,"28.4085° N, 76.9369° E",28.4085,76.9369
m3m woodshire,1.4,sector 107,5930.0,3.0,4.0,3+,6.0,Relatively New,flat,2137.0,0,0,0,0,0,0,117,"28.5052° N, 76.9729° E",28.5052,76.9729
central park flower valley,1.79,sector 33,11251.0,3.0,3.0,3,3.0,Old Property,flat,1619.0,0,0,0,0,0,0,71,"28.4420° N, 77.0207° E",28.442,77.0207
ss the leaf,1.78,sector 85,7392.0,3.0,4.0,3+,6.0,New Property,flat,2179.0,0,0,0,0,0,0,113,"28.4042° N, 76.9513° E",28.4042,76.9513
tulip orange,1.1,sector 70,8148.0,3.0,2.0,2,5.0,Relatively New,flat,1350.0,0,0,0,0,0,0,0,"28.3968° N, 77.0233° E",28.3968,77.0233
dlf city phase 1,3.25,sector 26,3681.0,3.0,3.0,3,2.0,Old Property,house,8829.0,1,0,0,0,0,0,79,"28.4757° N, 77.1032° E",28.4757,77.1032
godrej nature plus,1.75,sector 33,8768.0,3.0,3.0,0,2.0,Under Construction,flat,1996.0,0,0,0,0,0,0,56,"28.4420° N, 77.0207° E",28.442,77.0207
la vida by tata housing,2.78,sector 113,10335.0,3.0,4.0,3+,5.0,Relatively New,flat,2350.0,0,0,0,0,0,0,174,"28.5287° N, 77.0233° E",28.5287,77.0233
tulip violet,1.51,sector 69,9569.0,3.0,3.0,2,0.0,Relatively New,flat,1325.0,0,0,0,0,0,2,165,"28.3966° N, 77.0341° E",28.3966,77.0341
chd avenue,1.16,sector 71,6655.0,3.0,3.0,3,5.0,Moderately Old,flat,1577.0,0,0,0,0,0,1,73,"28.4104° N, 77.0281° E",28.4104,77.0281
shree vardhman flora,0.96,sector 90,5120.0,3.0,4.0,3,3.0,New Property,flat,1697.0,0,0,0,0,0,0,106,"28.4085° N, 76.9369° E",28.4085,76.9369
orchid petals,1.9,sector 49,10526.0,3.0,3.0,3,9.0,Moderately Old,flat,2006.0,0,0,0,0,0,1,95,"28.4121° N, 77.0480° E",28.4121,77.048
orris aster court premier,1.45,sector 85,6840.0,3.0,4.0,2,3.0,New Property,flat,1616.0,0,0,0,0,0,0,16,"28.4042° N, 76.9513° E",28.4042,76.9513
independent,1.35,sector 105,3857.0,5.0,3.0,3,3.0,Moderately Old,house,3500.0,0,0,0,0,0,0,0,"28.4952° N, 77.0114° E",28.4952,77.0114
ats triumph,2.5,sector 104,7937.0,4.0,4.0,3+,14.0,New Property,flat,2851.0,0,0,0,0,0,0,21,"28.4788° N, 76.9960° E",28.4788,76.996
dlf city plots phase 2,10.5,sector 25,29022.0,4.0,4.0,2,2.0,Old Property,house,3618.0,0,1,0,1,0,1,91,"28.4844° N, 77.0860° E",28.4844,77.086
saan verdante,2.0,sector 95,10178.0,3.0,4.0,3+,5.0,New Property,flat,1964.0,0,0,0,0,0,0,49,"28.4172° N, 76.9081° E",28.4172,76.9081
signature global solera,0.49,sector 107,8221.0,2.0,2.0,1,8.0,Relatively New,flat,598.0,0,0,0,0,0,2,49,"28.5052° N, 76.9729° E",28.5052,76.9729
tulip purple,1.8,sector 69,9000.0,4.0,5.0,3+,4.0,Relatively New,flat,2200.0,0,0,0,0,0,0,165,"28.3966° N, 77.0341° E",28.3966,77.0341
godrej aria,1.7,sector 79,7427.0,3.0,4.0,3+,6.0,New Property,flat,1659.0,0,0,0,0,0,0,81,"28.3624° N, 76.9787° E",28.3624,76.9787
independent,3.55,sector 46,24500.0,5.0,4.0,3+,3.0,Moderately Old,house,1449.0,0,1,0,0,0,1,73,"28.4374° N, 77.0586° E",28.4374,77.0586
dlf the ultima,2.25,sector 81,10553.0,3.0,3.0,3+,15.0,Relatively New,flat,1929.0,0,0,0,0,0,2,165,"28.3867° N, 76.9485° E",28.3867,76.9485
independent,2.7,sector 23,18621.0,5.0,5.0,2,3.0,Old Property,house,1450.0,0,0,0,0,0,1,17,"28.5121° N, 77.0478° E",28.5121,77.0478
unitech sunbreeze,0.74,sector 69,5502.0,3.0,3.0,1,10.0,Under Construction,flat,1210.0,0,0,0,0,0,0,60,"28.3966° N, 77.0341° E",28.3966,77.0341
m3m sierra 68,1.08,sector 68,8675.0,2.0,2.0,3,1.0,Relatively New,flat,1130.0,0,0,0,0,0,1,149,"28.3853° N, 77.0484° E",28.3853,77.0484
umang monsoon breeze,0.8,sector 78,4837.0,3.0,2.0,2,7.0,Moderately Old,flat,1472.0,0,0,0,0,0,0,102,"28.3733° N, 76.9729° E",28.3733,76.9729
vatika the seven lamps,0.85,sector 82,5977.0,2.0,2.0,2,9.0,Relatively New,flat,1294.0,0,0,0,0,0,0,117,"28.3935° N, 76.9600° E",28.3935,76.96
unitech espace,11.29,sector 50,34846.0,5.0,5.0,3+,2.0,Moderately Old,house,3240.0,1,0,0,1,0,0,21,"28.4178° N, 77.0628° E",28.4178,77.0628
independent,1.45,sector 28,8002.0,3.0,2.0,1,1.0,Relatively New,house,1800.0,0,0,0,0,0,0,0,"28.4728° N, 77.0865° E",28.4728,77.0865
mapsko mount ville,1.4,sector 79,9396.0,3.0,3.0,3,2.0,New Property,flat,1656.0,0,0,0,0,0,1,112,"28.3624° N, 76.9787° E",28.3624,76.9787
bptp terra,1.78,sector 37d,8124.0,4.0,3.0,3,10.0,Relatively New,flat,1983.0,0,0,0,0,0,0,127,"28.4478° N, 76.9703° E",28.4478,76.9703
emaar mgf palm hills,1.5,sector 77,12744.0,3.0,3.0,3,4.0,Relatively New,flat,1310.0,0,0,0,0,0,1,97,"28.3801° N, 76.9845° E",28.3801,76.9845
supertech araville,0.83,sector 79,5425.0,2.0,2.0,3,5.0,New Property,flat,1700.0,0,0,0,0,0,2,49,"28.3624° N, 76.9787° E",28.3624,76.9787
sare crescent parc,0.5,sector 92,5000.0,2.0,2.0,2,2.0,Relatively New,flat,905.0,0,0,0,0,0,0,72,"28.4079° N, 76.9153° E",28.4079,76.9153
hero homes,1.2,sector 104,17544.0,2.0,2.0,2,22.0,Under Construction,flat,877.0,0,0,0,0,0,0,30,"28.4788° N, 76.9960° E",28.4788,76.996
hsiidc sidco shivalik apartments,0.48,manesar,3840.0,2.0,2.0,3,7.0,Moderately Old,flat,993.0,0,0,0,0,0,0,88,"28.3515° N, 76.9428° E",28.3515,76.9428
.,7.0,gwal pahari,10999.0,4.0,4.0,3+,6.0,Relatively New,flat,5430.0,0,0,0,0,0,0,52,"28.4484° N, 77.0210° E",28.4484,77.021
tata primanti,3.21,sector 72,16050.0,3.0,4.0,3+,15.0,Relatively New,flat,2140.0,0,0,0,0,0,1,174,"28.4225° N, 77.0211° E",28.4225,77.0211
suncity township,2.0,sector 54,3440.0,9.0,9.0,3,11.0,Relatively New,house,60.0,0,1,0,0,0,2,7,"28.4348° N, 77.1089° E",28.4348,77.1089
the close north,2.65,sector 50,10685.0,3.0,4.0,3+,6.0,Moderately Old,flat,2470.0,0,0,0,0,0,1,174,"28.4178° N, 77.0628° E",28.4178,77.0628
bestech park view grand spa,2.3,sector 81,8647.0,3.0,4.0,3+,7.0,Relatively New,flat,2280.0,0,0,0,0,0,1,49,"28.3867° N, 76.9485° E",28.3867,76.9485
la vida by tata housing,1.85,sector 113,11716.0,3.0,2.0,2,7.0,New Property,flat,1429.0,0,0,0,0,0,0,13,"28.5287° N, 77.0233° E",28.5287,77.0233
housing apna enclave,0.39,sector 4,4105.0,2.0,2.0,1,1.0,Relatively New,flat,950.0,0,0,0,0,0,0,0,"28.4738° N, 77.0107° E",28.4738,77.0107
godrej aria,1.0,sector 79,6653.0,2.0,2.0,2,4.0,Relatively New,flat,1300.0,0,0,0,0,0,0,49,"28.3624° N, 76.9787° E",28.3624,76.9787
greenopolis,0.65,sector 89,5196.0,2.0,2.0,2,15.0,Under Construction,flat,1390.0,0,0,0,0,0,0,37,"28.4253° N, 76.9439° E",28.4253,76.9439
emaar mgf the enclave,1.9,sector 66,10556.0,3.0,4.0,2,8.0,Relatively New,flat,1850.0,0,0,0,0,0,1,174,"28.3925° N, 77.0541° E",28.3925,77.0541
independent,1.1,sector 4,11111.0,3.0,4.0,1,2.0,Moderately Old,house,990.0,0,0,0,0,0,0,0,"28.4738° N, 77.0107° E",28.4738,77.0107
shapoorji pallonji joyville gurugram,2.12,sector 102,11447.0,3.0,3.0,3,9.0,New Property,flat,1571.0,0,0,0,0,0,0,109,"28.4750° N, 76.9715° E",28.475,76.9715
orris carnation residency,1.1,sector 85,6687.0,3.0,4.0,3,6.0,Moderately Old,flat,1467.0,0,0,0,0,0,2,65,"28.4042° N, 76.9513° E",28.4042,76.9513
sare crescent parc,0.92,sector 92,4855.0,4.0,5.0,3+,14.0,Moderately Old,flat,1895.0,0,0,0,0,0,1,131,"28.4079° N, 76.9153° E",28.4079,76.9153
independent,2.55,sector 2,16378.0,3.0,3.0,2,2.0,Old Property,house,1557.0,0,0,0,0,0,0,8,"28.5095° N, 77.0320° E",28.5095,77.032
smart world gems,1.25,sector 89,8784.0,3.0,3.0,2,1.0,Under Construction,house,1423.0,1,0,0,0,1,0,45,"28.4253° N, 76.9439° E",28.4253,76.9439
independent,1.15,sector 7,8519.0,5.0,3.0,2,2.0,Old Property,house,1350.0,0,0,0,1,0,0,15,"28.4644° N, 77.0143° E",28.4644,77.0143
dlf city plots,4.0,sector 26,4531.0,4.0,3.0,2,2.0,Relatively New,house,8829.0,0,0,0,0,0,1,0,"28.4757° N, 77.1032° E",28.4757,77.1032
spaze privy,3.1,sector 72,6693.0,4.0,5.0,3+,8.0,Moderately Old,flat,3374.0,0,0,0,0,0,0,136,"28.4225° N, 77.0211° E",28.4225,77.0211
umang monsoon breeze,1.2,sector 78,6494.0,3.0,3.0,2,8.0,Moderately Old,flat,2045.0,0,0,0,0,0,2,8,"28.3733° N, 76.9729° E",28.3733,76.9729
uppal southend,3.75,sector 49,25562.0,2.0,6.0,3+,3.0,Moderately Old,house,1467.0,1,0,0,0,0,1,26,"28.4121° N, 77.0480° E",28.4121,77.048
ss the leaf,2.1,sector 85,7468.0,4.0,4.0,3,7.0,Relatively New,flat,2600.0,0,0,0,0,0,0,49,"28.4042° N, 76.9513° E",28.4042,76.9513
signature global city 81,0.96,sector 81,9766.0,2.0,2.0,2,1.0,Under Construction,flat,1194.0,0,0,0,0,0,0,49,"28.3867° N, 76.9485° E",28.3867,76.9485
independent,4.3,sector 47,29312.0,3.0,4.0,2,2.0,Moderately Old,house,1467.0,0,0,0,0,1,0,0,"28.4276° N, 77.0492° E",28.4276,77.0492
siddhartha apartment,0.72,sector 95,3664.0,3.0,3.0,2,4.0,Relatively New,flat,1800.0,0,0,0,0,0,0,21,"28.4172° N, 76.9081° E",28.4172,76.9081
independent,2.9,sector 12,10741.0,7.0,7.0,3,2.0,Old Property,house,2700.0,0,0,0,0,0,0,7,"28.4723° N, 77.0320° E",28.4723,77.032
emaar gurgaon greens,1.3,sector 102,7879.0,3.0,3.0,3,7.0,Relatively New,flat,1388.0,0,0,0,0,0,0,93,"28.4750° N, 76.9715° E",28.475,76.9715
smart world gems,1.1,sector 89,9973.0,2.0,2.0,2,3.0,New Property,flat,1226.0,0,0,0,0,0,0,77,"28.4253° N, 76.9439° E",28.4253,76.9439
independent,18.25,sector 26,18250.0,7.0,9.0,3+,4.0,Relatively New,house,11111.0,1,1,1,1,0,1,77,"28.4757° N, 77.1032° E",28.4757,77.1032
tulip violet,3.1,sector 69,9823.0,4.0,6.0,3+,14.0,Relatively New,flat,2817.0,0,0,0,0,0,0,174,"28.3966° N, 77.0341° E",28.3966,77.0341
dlf the icon,6.0,sector 43,26087.0,4.0,4.0,3+,18.0,Old Property,flat,2556.0,0,0,0,0,0,1,150,"28.4629° N, 77.0772° E",28.4629,77.0772
la vida by tata housing,1.93,sector 113,12223.0,3.0,3.0,2,8.0,Under Construction,flat,1429.0,0,0,0,0,0,0,71,"28.5287° N, 77.0233° E",28.5287,77.0233
alpha corp gurgaonone,1.15,sector 84,7497.0,2.0,2.0,3,14.0,Relatively New,flat,1394.0,0,0,0,0,0,0,28,"28.3979° N, 76.9736° E",28.3979,76.9736
experion the heartsong,0.87,sector 108,11853.0,2.0,3.0,3,2.0,Relatively New,flat,978.23,0,0,0,0,0,1,123,"28.5134° N, 76.9830° E",28.5134,76.983
ss,2.14,sector 85,7610.0,4.0,4.0,3,6.0,Relatively New,flat,2300.0,0,0,0,0,0,0,49,"28.4042° N, 76.9513° E",28.4042,76.9513
adani aangan arcade,0.5,sector 89,7764.0,2.0,2.0,1,4.0,Relatively New,flat,672.0,0,0,0,0,0,2,69,"28.4253° N, 76.9439° E",28.4253,76.9439
ashiana anmol,1.1,sector 33,8627.0,2.0,2.0,2,4.0,Under Construction,flat,1275.0,0,0,0,0,0,0,0,"28.4420° N, 77.0207° E",28.442,77.0207
ansal sushant residency,1.5,sector 57,6775.0,3.0,2.0,3+,1.0,Moderately Old,flat,273.0,0,0,0,0,0,0,87,"28.4232° N, 77.0752° E",28.4232,77.0752
vipul world,1.38,sector 48,9485.0,3.0,3.0,1,2.0,Relatively New,flat,1611.0,0,0,0,0,0,0,60,"28.4177° N, 77.0359° E",28.4177,77.0359
ss the leaf,1.77,sector 85,7350.0,3.0,4.0,3,6.0,Moderately Old,flat,1450.0,0,0,0,0,0,1,135,"28.4042° N, 76.9513° E",28.4042,76.9513
ireo victory valley,3.05,sector 67,12650.0,3.0,3.0,3+,21.0,Relatively New,flat,2029.0,0,0,0,0,0,1,157,"28.3859° N, 77.0608° E",28.3859,77.0608
dlf the skycourt,1.6,sector 86,8294.0,3.0,3.0,1,14.0,Relatively New,flat,1746.0,0,0,0,0,0,0,72,"28.3986° N, 76.9384° E",28.3986,76.9384
m3m woodshire,1.4,sector 107,5930.0,3.0,4.0,0,1.0,New Property,flat,2137.0,0,0,0,0,0,0,67,"28.5052° N, 76.9729° E",28.5052,76.9729
rof ananda,0.32,sector 95,5735.0,2.0,2.0,1,10.0,Relatively New,flat,610.0,0,0,0,0,0,1,50,"28.4172° N, 76.9081° E",28.4172,76.9081
bptp terra,1.6,sector 37d,7303.0,4.0,3.0,3+,7.0,Relatively New,flat,2000.0,0,0,0,0,0,1,139,"28.4478° N, 76.9703° E",28.4478,76.9703
independent,4.5,sector 49,15625.0,8.0,8.0,3,3.0,Moderately Old,house,2880.0,1,1,1,1,0,2,151,"28.4121° N, 77.0480° E",28.4121,77.048
signature global orchard avenue,0.4,sector 93,7353.0,2.0,2.0,2,11.0,New Property,flat,604.0,0,0,0,0,0,0,37,"28.4153° N, 76.9326° E",28.4153,76.9326
independent,1.5,sector 12,11111.0,5.0,5.0,2,3.0,Old Property,house,1350.0,0,0,0,0,0,0,16,"28.4723° N, 77.0320° E",28.4723,77.032
m3m woodshire,1.49,sector 107,6311.0,3.0,4.0,3+,5.0,Relatively New,flat,2137.0,0,0,0,0,0,1,174,"28.5052° N, 76.9729° E",28.5052,76.9729
deepak minda,1.25,manesar,4715.0,3.0,3.0,3+,6.0,Moderately Old,flat,2944.0,0,0,0,0,0,0,44,"28.3515° N, 76.9428° E",28.3515,76.9428
experion windchants,6.5,sector 112,10417.0,4.0,5.0,3,11.0,Relatively New,flat,4800.0,0,0,0,0,0,0,55,"28.5189° N, 77.0183° E",28.5189,77.0183
m3m skywalk,1.4,sector 74,9831.0,2.0,2.0,2,17.0,New Property,flat,1289.0,0,0,0,0,0,1,167,"28.4158° N, 77.0118° E",28.4158,77.0118
umang monsoon breeze,0.88,sector 78,4746.0,3.0,4.0,3,8.0,Moderately Old,flat,1668.0,0,0,0,0,0,0,111,"28.3733° N, 76.9729° E",28.3733,76.9729
smart world orchard,1.65,sector 61,13750.0,2.0,2.0,2,1.0,Under Construction,flat,1333.0,0,0,0,0,0,0,16,"28.4050° N, 77.0963° E",28.405,77.0963
vatika sovereign park,2.45,sector 99,8813.0,3.0,4.0,3,1.0,New Property,flat,2516.0,0,0,0,0,0,1,165,"28.4640° N, 76.9614° E",28.464,76.9614
ss the leaf,2.2,sector 85,11179.0,4.0,5.0,3+,4.0,Relatively New,flat,2390.0,0,0,0,0,0,0,174,"28.4042° N, 76.9513° E",28.4042,76.9513
ild greens,0.95,sector 37c,5067.0,3.0,3.0,3+,0.0,New Property,flat,1697.0,0,0,0,0,0,0,51,"28.4515° N, 76.9882° E",28.4515,76.9882
paras dews,0.95,sector 106,6859.0,2.0,2.0,3+,2.0,Relatively New,flat,940.0,0,0,0,0,0,0,49,"28.5007° N, 77.0003° E",28.5007,77.0003
sobha city,3.35,sector 108,13267.0,3.0,4.0,2,19.0,New Property,flat,2525.0,0,0,0,0,0,0,102,"28.5134° N, 76.9830° E",28.5134,76.983
tarc maceo,1.8,sector 91,7759.0,3.0,3.0,3+,0.0,Relatively New,flat,2578.0,0,0,0,0,0,2,45,"28.4014° N, 76.9225° E",28.4014,76.9225
tata primanti,8.6,sector 72,12286.0,4.0,5.0,3+,3.0,Relatively New,house,7000.0,0,0,0,0,0,1,30,"28.4225° N, 77.0211° E",28.4225,77.0211
raheja vedaanta,0.7,sector 108,4667.0,2.0,2.0,1,10.0,Moderately Old,flat,1468.0,0,0,0,0,0,0,0,"28.5134° N, 76.9830° E",28.5134,76.983
corona optus,1.5,sector 37c,6361.0,3.0,4.0,3+,14.0,New Property,flat,2134.0,0,0,0,0,0,0,83,"28.4515° N, 76.9882° E",28.4515,76.9882
alpha corp gurgaonone,1.5,sector 84,7641.0,3.0,3.0,3,20.0,Relatively New,flat,1833.0,0,0,0,0,0,1,37,"28.3979° N, 76.9736° E",28.3979,76.9736
signature the roselia,0.45,sector 95,7909.0,2.0,2.0,2,2.0,New Property,flat,632.0,0,0,0,0,0,1,31,"28.4172° N, 76.9081° E",28.4172,76.9081
independent,6.21,sector 57,23000.0,6.0,6.0,3+,4.0,Old Property,house,2700.0,1,1,1,1,0,0,52,"28.4232° N, 77.0752° E",28.4232,77.0752
dhoot time residency,3.0,sector 63,18270.0,3.0,3.0,3+,14.0,Relatively New,flat,1642.0,0,0,0,0,0,1,0,"28.3971° N, 77.0867° E",28.3971,77.0867
independent,8.25,sector 43,30556.0,5.0,6.0,3+,3.0,Moderately Old,house,2700.0,1,1,1,1,0,1,64,"28.4629° N, 77.0772° E",28.4629,77.0772
independent,6.5,sector 25,36111.0,4.0,3.0,3,3.0,Moderately Old,house,1800.0,1,0,0,1,0,0,19,"28.4844° N, 77.0860° E",28.4844,77.086
emaar mgf the palm drive,3.98,sector 66,18091.0,3.0,4.0,3+,2.0,Moderately Old,flat,2200.0,0,0,0,0,0,1,123,"28.3925° N, 77.0541° E",28.3925,77.0541
m3m golfestate,5.9,sector 65,17544.0,3.0,3.0,3,9.0,Moderately Old,flat,3043.0,0,0,0,0,0,2,21,"28.4030° N, 77.0690° E",28.403,77.069
sare homes,0.65,sector 92,4587.0,3.0,3.0,2,3.0,Relatively New,flat,1574.0,0,0,0,0,0,0,6,"28.4079° N, 76.9153° E",28.4079,76.9153
independent,0.7,sector 12,4118.0,4.0,4.0,1,2.0,Moderately Old,house,1700.0,0,0,0,0,0,0,0,"28.4723° N, 77.0320° E",28.4723,77.032
dlf city plots phase 3,1.6,sector 24,3292.0,8.0,5.0,3+,4.0,Old Property,house,540.0,0,0,0,0,0,0,8,"28.4939° N, 77.1038° E",28.4939,77.1038
adani brahma samsara,18.02,sector 60,28200.0,9.0,12.0,3+,3.0,Relatively New,house,6390.0,0,1,0,0,0,1,146,"28.4003° N, 77.0975° E",28.4003,77.0975
godrej oasis,1.45,sector 88a,8082.0,3.0,3.0,3,12.0,Relatively New,flat,1993.0,0,0,0,0,0,0,49,"28.4347° N, 76.9557° E",28.4347,76.9557
ansal florence super,3.75,sector 57,23148.0,3.0,4.0,3,2.0,Moderately Old,house,1620.0,1,1,1,0,0,1,38,"28.4232° N, 77.0752° E",28.4232,77.0752
mapsko mount ville,1.2,sector 79,8054.0,3.0,3.0,3,9.0,Relatively New,flat,1321.0,0,0,0,0,0,1,104,"28.3624° N, 76.9787° E",28.3624,76.9787
m3m woodshire,1.35,sector 107,5718.0,3.0,4.0,3+,8.0,Relatively New,flat,1950.0,0,0,0,0,0,1,74,"28.5052° N, 76.9729° E",28.5052,76.9729
conscient heritage max,1.75,sector 102,9063.0,3.0,4.0,3+,16.0,Relatively New,flat,1748.0,0,0,0,0,0,1,134,"28.4750° N, 76.9715° E",28.475,76.9715
vatika the seven lamps,1.28,sector 82,6819.0,3.0,3.0,3,3.0,Relatively New,flat,1800.0,0,0,0,0,0,1,165,"28.3935° N, 76.9600° E",28.3935,76.96
dlf the skycourt,1.54,sector 86,9222.0,3.0,3.0,3+,15.0,Relatively New,flat,1780.0,0,0,0,0,0,0,174,"28.3986° N, 76.9384° E",28.3986,76.9384
not applicable,0.75,sector 4,11719.0,2.0,4.0,3,2.0,Moderately Old,house,640.0,0,0,0,0,0,0,0,"28.4738° N, 77.0107° E",28.4738,77.0107
m3m skywalk,1.54,sector 74,10815.0,2.0,2.0,3+,15.0,Relatively New,flat,1200.0,0,0,0,0,0,0,137,"28.4158° N, 77.0118° E",28.4158,77.0118
antriksh green,2.25,sector 45,7826.0,4.0,4.0,2,9.0,Old Property,flat,3194.0,0,0,0,0,0,2,23,"28.4466° N, 77.0660° E",28.4466,77.066
m3m sierra 68,1.2,sector 68,9002.0,2.0,2.0,3,1.0,Relatively New,flat,982.0,0,0,0,0,0,2,76,"28.3853° N, 77.0484° E",28.3853,77.0484
shree vardhman victoria,1.64,sector 70,8384.0,3.0,5.0,3,3.0,Relatively New,flat,1527.0,0,0,0,0,0,0,51,"28.3968° N, 77.0233° E",28.3968,77.0233
smart world gems,1.13,sector 89,8503.0,3.0,3.0,2,4.0,Under Construction,flat,1473.0,0,0,0,0,0,0,115,"28.4253° N, 76.9439° E",28.4253,76.9439
vatika gurgaon,1.42,sector 83,8875.0,4.0,4.0,3,7.0,Relatively New,flat,2000.0,0,0,0,0,0,0,103,"28.3986° N, 76.9647° E",28.3986,76.9647
dlf regal gardens,1.27,sector 90,5498.0,3.0,3.0,3+,2.0,Relatively New,flat,1500.0,0,0,0,0,0,0,72,"28.4085° N, 76.9369° E",28.4085,76.9369
dlf new town heights,1.25,sector 90,6477.0,3.0,3.0,3+,17.0,Relatively New,flat,1700.0,0,0,0,0,0,0,65,"28.4085° N, 76.9369° E",28.4085,76.9369
ss the leaf,1.93,sector 85,8075.0,3.0,4.0,3,7.0,Relatively New,flat,2400.0,0,0,0,0,0,0,174,"28.4042° N, 76.9513° E",28.4042,76.9513
citizen apartment,3.55,sector 51,6826.0,5.0,6.0,3+,11.0,Moderately Old,flat,5200.0,0,0,0,0,0,1,157,"28.4320° N, 77.0686° E",28.432,77.0686
supertech araville,0.8,sector 79,6178.0,2.0,2.0,3+,9.0,New Property,flat,1172.0,0,0,0,0,0,0,24,"28.3624° N, 76.9787° E",28.3624,76.9787
emaar palm heights,1.79,sector 77,8840.0,3.0,3.0,3,1.0,New Property,flat,1600.0,0,0,0,0,0,1,49,"28.3801° N, 76.9845° E",28.3801,76.9845
pyramid elite,0.45,sector 86,7745.0,2.0,2.0,1,4.0,Under Construction,flat,646.0,0,0,0,0,0,0,66,"28.3986° N, 76.9384° E",28.3986,76.9384
sare crescent parc,1.44,sector 92,7069.0,4.0,4.0,3,8.0,Relatively New,flat,2267.0,0,0,0,0,0,0,37,"28.4079° N, 76.9153° E",28.4079,76.9153
pioneer park,2.0,sector 61,11765.0,3.0,3.0,3,24.0,Moderately Old,flat,1538.0,0,0,0,0,0,1,75,"28.4050° N, 77.0963° E",28.405,77.0963
vatika independent floors,1.4,sector 82,8235.0,3.0,3.0,2,3.0,New Property,house,1700.0,0,0,0,1,0,0,61,"28.3935° N, 76.9600° E",28.3935,76.96
shri shyam residency,0.62,sector 104,12400.0,3.0,3.0,1,2.0,Moderately Old,house,900.0,0,0,0,0,1,2,8,"28.4788° N, 76.9960° E",28.4788,76.996
independent,1.39,sector 28,11583.0,2.0,2.0,1,3.0,Old Property,house,1450.0,0,0,1,0,0,0,37,"28.4728° N, 77.0865° E",28.4728,77.0865
emaar mgf the palm drive,4.6,sector 66,18400.0,3.0,3.0,3,11.0,Relatively New,flat,2882.0,0,0,0,0,0,1,131,"28.3925° N, 77.0541° E",28.3925,77.0541
orchid petals,2.35,sector 49,11559.0,3.0,3.0,3,15.0,Relatively New,flat,2030.0,0,0,0,0,0,0,49,"28.4121° N, 77.0480° E",28.4121,77.048
rof ananda,0.26,sector 95,6032.0,1.0,1.0,1,8.0,New Property,flat,406.0,0,0,0,0,0,0,49,"28.4172° N, 76.9081° E",28.4172,76.9081
dlf new town heights,1.9,sector 90,5684.0,4.0,4.0,3+,7.0,Relatively New,flat,2468.0,0,0,0,0,0,0,88,"28.4085° N, 76.9369° E",28.4085,76.9369
city shri ram apartments 1,0.22,sector 110,3667.0,2.0,1.0,1,1.0,Relatively New,flat,543.0,0,0,0,0,0,0,0,"28.5145° N, 77.0197° E",28.5145,77.0197
chd avenue,0.95,sector 71,7917.0,2.0,2.0,0,5.0,Moderately Old,flat,1200.0,0,0,0,0,0,0,0,"28.4104° N, 77.0281° E",28.4104,77.0281
tulip violet,1.4,sector 69,9103.0,3.0,3.0,1,12.0,Relatively New,flat,1392.0,0,0,0,0,0,1,157,"28.3966° N, 77.0341° E",28.3966,77.0341
ansal heights 86,0.64,sector 86,4706.0,2.0,2.0,1,3.0,New Property,flat,1360.0,0,0,0,0,0,0,73,"28.3986° N, 76.9384° E",28.3986,76.9384
eldeco mansionz,6.4,sector 48,23704.0,4.0,4.0,3,3.0,Moderately Old,house,2700.0,0,1,1,0,0,1,151,"28.4177° N, 77.0359° E",28.4177,77.0359
emaar mgf emerald floors premier,2.85,sector 65,14430.0,4.0,4.0,3,2.0,Relatively New,flat,1975.0,0,0,0,0,0,0,21,"28.4030° N, 77.0690° E",28.403,77.069
dlf regal gardens,1.8,sector 90,7223.0,4.0,4.0,3+,7.0,Moderately Old,flat,2005.0,0,0,0,0,0,0,38,"28.4085° N, 76.9369° E",28.4085,76.9369
nul,0.56,gwal pahari,6054.0,2.0,2.0,1,11.0,Old Property,flat,1028.0,0,0,0,0,0,1,0,"28.4484° N, 77.0210° E",28.4484,77.021
tulip violet,1.2,sector 69,8889.0,2.0,3.0,1,0.0,Relatively New,flat,1222.0,0,0,0,0,0,0,150,"28.3966° N, 77.0341° E",28.3966,77.0341
dlf south city 1,2.65,sector 41,18929.0,3.0,3.0,3,4.0,New Property,house,1400.0,0,1,0,0,0,1,22,"28.4557° N, 77.0632° E",28.4557,77.0632
dlf gardencity enclave,1.3,sector 93,11285.0,3.0,2.0,1,3.0,Relatively New,house,1152.0,0,0,0,0,0,0,50,"28.4153° N, 76.9326° E",28.4153,76.9326
shree krishna homes,0.48,sector 104,5556.0,2.0,2.0,1,1.0,New Property,house,795.0,1,0,0,1,1,0,44,"28.4788° N, 76.9960° E",28.4788,76.996
suncity vatsal valley,1.38,gwal pahari,12212.0,2.0,2.0,2,4.0,Under Construction,flat,1130.0,0,0,0,0,0,1,133,"28.4484° N, 77.0210° E",28.4484,77.021
paras dews,0.87,sector 106,9255.0,2.0,2.0,3+,1.0,New Property,flat,1120.0,0,0,0,0,0,0,174,"28.5007° N, 77.0003° E",28.5007,77.0003
vatika india next,0.8,sector 82,6426.0,2.0,2.0,3,9.0,Relatively New,flat,1383.0,0,0,0,0,0,0,0,"28.3935° N, 76.9600° E",28.3935,76.96
not applicable,2.2,sector 11,12222.0,4.0,3.0,2,1.0,Old Property,house,1800.0,1,0,0,1,0,0,24,"28.4531° N, 77.0202° E",28.4531,77.0202
independent,10.0,sector 45,30864.0,6.0,6.0,3+,4.0,Moderately Old,house,3240.0,1,1,1,1,0,1,70,"28.4466° N, 77.0660° E",28.4466,77.066
indiabulls centrum park,1.01,sector 103,8080.0,2.0,2.0,3,5.0,Relatively New,flat,1338.0,0,0,0,0,0,1,165,"28.4949° N, 76.9845° E",28.4949,76.9845
dlf city phase 1,5.5,sector 26,30556.0,4.0,4.0,3+,2.0,Moderately Old,house,1800.0,0,0,1,1,0,0,49,"28.4757° N, 77.1032° E",28.4757,77.1032
chd avenue,1.35,sector 71,5745.0,4.0,4.0,3,8.0,Moderately Old,flat,2127.0,0,0,0,0,0,0,26,"28.4104° N, 77.0281° E",28.4104,77.0281
ansals palam vihar,5.7,sector 2,14729.0,5.0,5.0,2,2.0,Old Property,house,4550.0,0,0,0,1,0,2,94,"28.5095° N, 77.0320° E",28.5095,77.032
unitech palms south city 1,9.35,sector 41,28858.0,10.0,10.0,3+,4.0,Moderately Old,house,7500.0,1,1,0,0,0,1,70,"28.4557° N, 77.0632° E",28.4557,77.0632
independent,6.5,sector 7,15046.0,3.0,2.0,3+,2.0,Old Property,house,4320.0,0,0,0,0,0,0,9,"28.4644° N, 77.0143° E",28.4644,77.0143
deepak minda,1.2,manesar,4528.0,3.0,3.0,3+,6.0,Moderately Old,flat,2944.0,0,0,0,0,0,0,7,"28.3515° N, 76.9428° E",28.3515,76.9428
godrej icon,1.65,sector 88a,9041.0,3.0,3.0,3,12.0,New Property,flat,1652.0,0,0,0,0,0,0,60,"28.4347° N, 76.9557° E",28.4347,76.9557
dlf regal gardens,1.13,sector 90,6647.0,3.0,3.0,3+,8.0,Relatively New,flat,1566.0,0,0,0,0,0,0,72,"28.4085° N, 76.9369° E",28.4085,76.9369
shree vardhman victoria,1.75,sector 70,8204.0,3.0,5.0,3,7.0,New Property,flat,1527.0,0,0,0,0,0,0,37,"28.3968° N, 77.0233° E",28.3968,77.0233
emaar gurgaon greens,1.49,sector 102,9030.0,3.0,3.0,3,10.0,Relatively New,flat,1315.0,0,0,0,0,0,1,159,"28.4750° N, 76.9715° E",28.475,76.9715
ats tourmaline,1.4,sector 109,8000.0,3.0,3.0,3+,9.0,Relatively New,flat,1584.0,0,0,0,0,0,0,95,"28.5073° N, 77.0089° E",28.5073,77.0089
emaar digihomes,3.95,sector 62,15263.0,3.0,3.0,3,33.0,New Property,flat,2876.0,0,0,0,0,0,1,49,"28.4139° N, 77.0886° E",28.4139,77.0886
vatika india next,7.0,sector 82,21605.0,4.0,4.0,3+,3.0,Relatively New,house,3900.0,0,1,0,0,0,2,105,"28.3935° N, 76.9600° E",28.3935,76.96
shree vardhman victoria,1.1,sector 70,8462.0,2.0,2.0,2,0.0,New Property,flat,1026.0,0,0,0,0,0,0,49,"28.3968° N, 77.0233° E",28.3968,77.0233
bestech park view residency,0.98,sector 2,6960.0,2.0,2.0,3,0.0,Moderately Old,flat,1281.0,0,0,0,0,0,0,85,"28.5095° N, 77.0320° E",28.5095,77.032
independent,7.85,sector 43,29074.0,9.0,9.0,3+,3.0,Relatively New,house,2700.0,1,1,0,1,1,2,49,"28.4629° N, 77.0772° E",28.4629,77.0772
ansal api esencia,1.85,sector 67,8222.0,3.0,3.0,3,1.0,Moderately Old,house,278.0,0,0,0,0,0,0,49,"28.3859° N, 77.0608° E",28.3859,77.0608
smart world orchard,2.57,sector 61,15767.0,3.0,3.0,2,3.0,Under Construction,flat,1630.0,0,0,0,0,0,0,0,"28.4050° N, 77.0963° E",28.405,77.0963
vipul tatvam villa,8.5,sector 48,21250.0,4.0,5.0,3+,2.0,Moderately Old,house,4000.0,1,1,0,1,1,1,49,"28.4177° N, 77.0359° E",28.4177,77.0359
international city by sobha phase 2,11.3,sector 109,25111.0,7.0,5.0,3+,4.0,Relatively New,house,4500.0,1,1,0,1,1,0,49,"28.5073° N, 77.0089° E",28.5073,77.0089
kendriya vihar,0.65,sector 56,8609.0,1.0,1.0,1,0.0,Moderately Old,flat,839.0,0,0,0,0,0,0,143,"28.4245° N, 77.0991° E",28.4245,77.0991
independent,5.8,sector 26,12838.0,4.0,4.0,3+,4.0,Old Property,house,4518.0,0,0,0,0,0,0,38,"28.4757° N, 77.1032° E",28.4757,77.1032
independent,0.92,sector 3,15257.0,4.0,1.0,0,1.0,Moderately Old,house,603.0,0,0,0,0,0,0,0,"28.4909° N, 77.0176° E",28.4909,77.0176
m3m skycity,2.1,sector 65,16031.0,2.0,2.0,2,43.0,New Property,flat,1186.0,0,0,0,0,0,0,127,"28.4030° N, 77.0690° E",28.403,77.069
ss the leaf,1.58,sector 85,7715.0,3.0,4.0,3,8.0,Relatively New,flat,2227.0,0,0,0,0,0,0,159,"28.4042° N, 76.9513° E",28.4042,76.9513
sare petioles,1.3,sector 92,6373.0,4.0,4.0,0,7.0,Relatively New,flat,2040.0,0,0,0,0,0,0,0,"28.4079° N, 76.9153° E",28.4079,76.9153
ireo uptown,1.5,sector 66,11219.0,2.0,3.0,3,1.0,Relatively New,flat,1330.0,0,0,0,0,0,1,79,"28.3925° N, 77.0541° E",28.3925,77.0541
pivotal devaan,0.35,sector 84,6003.0,2.0,2.0,1,4.0,Relatively New,flat,528.0,0,0,0,0,0,0,37,"28.3979° N, 76.9736° E",28.3979,76.9736
antriksh heights,0.9,sector 84,4444.0,3.0,3.0,3,18.0,Relatively New,flat,1833.0,0,0,0,0,0,0,59,"28.3979° N, 76.9736° E",28.3979,76.9736
tulip violet,1.76,sector 69,8756.0,4.0,4.0,2,6.0,Relatively New,flat,1819.0,0,0,0,0,0,0,108,"28.3966° N, 77.0341° E",28.3966,77.0341
tulip orange,1.0,sector 70,10309.0,3.0,2.0,2,3.0,Moderately Old,flat,1078.0,0,0,0,0,0,0,58,"28.3968° N, 77.0233° E",28.3968,77.0233
bestech park view ananda,0.95,sector 81,6985.0,2.0,2.0,2,13.0,Relatively New,flat,1150.0,0,0,0,0,0,1,167,"28.3867° N, 76.9485° E",28.3867,76.9485
experion the heartsong,0.98,sector 108,13351.0,2.0,3.0,3,4.0,Relatively New,flat,978.23,0,0,0,0,0,0,135,"28.5134° N, 76.9830° E",28.5134,76.983
tulip violet,1.55,sector 69,9639.0,3.0,3.0,2,2.0,Relatively New,flat,1455.0,0,0,0,0,0,1,86,"28.3966° N, 77.0341° E",28.3966,77.0341
mahindra luminare,5.8,sector 59,19174.0,3.0,4.0,3,16.0,New Property,flat,3361.0,0,0,0,0,0,1,49,"28.4051° N, 77.1097° E",28.4051,77.1097
shapoorji pallonji joyville gurugram,0.95,sector 102,10383.0,2.0,2.0,2,14.0,Relatively New,flat,915.0,0,0,0,0,0,0,0,"28.4750° N, 76.9715° E",28.475,76.9715
experion windchants,2.8,sector 112,11471.0,2.0,3.0,2,9.0,Relatively New,flat,2441.0,0,0,0,0,0,0,137,"28.5189° N, 77.0183° E",28.5189,77.0183
ireo skyon,2.12,sector 60,15531.0,2.0,2.0,2,2.0,Relatively New,flat,1350.0,0,0,0,0,0,1,174,"28.4003° N, 77.0975° E",28.4003,77.0975
dlf city plots phase 2,10.55,sector 25,39074.0,5.0,6.0,3+,3.0,Moderately Old,house,2700.0,1,1,1,1,0,0,131,"28.4844° N, 77.0860° E",28.4844,77.086
shapoorji pallonji joyville gurugram,1.76,sector 102,10227.0,3.0,3.0,3,1.0,Relatively New,flat,1531.0,0,0,0,0,0,0,100,"28.4750° N, 76.9715° E",28.475,76.9715
sare green parc,0.75,sector 92,4820.0,3.0,2.0,2,16.0,Relatively New,flat,1556.0,0,0,0,0,0,0,0,"28.4079° N, 76.9153° E",28.4079,76.9153
independent,0.95,sector 11,7308.0,5.0,3.0,0,1.0,Moderately Old,house,1300.0,0,0,0,0,0,0,0,"28.4531° N, 77.0202° E",28.4531,77.0202
suncity avenue,0.47,sector 102,8935.0,2.0,2.0,1,5.0,Relatively New,flat,582.0,0,0,0,0,0,0,142,"28.4750° N, 76.9715° E",28.475,76.9715
indiabulls enigma,3.49,sector 110,10265.0,4.0,5.0,3,7.0,Relatively New,flat,3077.0,0,0,0,0,0,0,165,"28.5145° N, 77.0197° E",28.5145,77.0197
bhim garh kheri,0.75,sector 3,6410.0,4.0,2.0,2,2.0,Old Property,house,1170.0,0,0,0,0,0,0,16,"28.4909° N, 77.0176° E",28.4909,77.0176
"ganpati apartment  2, laxman vihar phase 1",0.45,sector 4,4707.0,2.0,2.0,1,0.0,Relatively New,flat,944.0,0,0,0,0,0,0,46,"28.4738° N, 77.0107° E",28.4738,77.0107
mahindra luminare,5.5,sector 59,18182.0,3.0,3.0,1,26.0,Under Construction,flat,2738.0,0,0,0,0,0,0,24,"28.4051° N, 77.1097° E",28.4051,77.1097
afnhb jalvayu vihar,1.45,sector 30,11154.0,3.0,2.0,2,2.0,Old Property,flat,1300.0,0,0,0,0,0,2,75,"28.4604° N, 77.0579° E",28.4604,77.0579
ansal heights 86,0.78,sector 86,5735.0,2.0,2.0,1,8.0,New Property,flat,1231.0,0,0,0,0,0,0,67,"28.3986° N, 76.9384° E",28.3986,76.9384
paras dews,1.5,sector 106,6369.0,4.0,6.0,3+,11.0,Relatively New,flat,1535.0,0,0,0,0,0,0,174,"28.5007° N, 77.0003° E",28.5007,77.0003
independent,19.5,sector 2,27083.0,8.0,9.0,3+,2.0,New Property,house,7200.0,1,1,0,1,0,0,122,"28.5095° N, 77.0320° E",28.5095,77.032
independent,13.5,sector 25,37313.0,5.0,6.0,3+,4.0,Old Property,house,3618.0,0,0,0,0,1,1,79,"28.4844° N, 77.0860° E",28.4844,77.086
dlf beverly park,8.0,sector 25,15385.0,5.0,5.0,3+,2.0,Old Property,flat,5778.0,0,0,0,0,0,2,26,"28.4844° N, 77.0860° E",28.4844,77.086
ambience caitriona,14.0,sector 24,22222.0,4.0,5.0,3,3.0,Old Property,flat,6300.0,0,0,0,0,0,0,0,"28.4939° N, 77.1038° E",28.4939,77.1038
tulip violet,1.7,sector 69,8458.0,4.0,4.0,2,1.0,Relatively New,flat,1819.0,0,0,0,0,0,0,126,"28.3966° N, 77.0341° E",28.3966,77.0341
ats tourmaline,1.72,sector 109,8000.0,3.0,4.0,3+,7.0,Relatively New,flat,1797.0,0,0,0,0,0,0,167,"28.5073° N, 77.0089° E",28.5073,77.0089
ireo uptown,2.4,sector 66,13065.0,3.0,2.0,3,5.0,Relatively New,flat,1700.0,0,0,0,0,0,1,156,"28.3925° N, 77.0541° E",28.3925,77.0541
essel tower,2.2,sector 28,12500.0,3.0,4.0,3+,3.0,Moderately Old,flat,1956.0,0,0,0,0,0,2,0,"28.4728° N, 77.0865° E",28.4728,77.0865
eldeco mansionz,6.0,sector 48,22222.0,4.0,4.0,3+,2.0,Moderately Old,house,2700.0,0,1,0,0,0,0,69,"28.4177° N, 77.0359° E",28.4177,77.0359
shree vardhman victoria,1.6,sector 70,8205.0,3.0,3.0,3,10.0,Relatively New,flat,1527.0,0,0,0,0,0,0,43,"28.3968° N, 77.0233° E",28.3968,77.0233
vatika xpressions,0.92,sector 88b,7360.0,2.0,2.0,2,3.0,Relatively New,flat,1300.0,0,0,0,0,0,0,174,"28.4446° N, 76.9542° E",28.4446,76.9542
microtek greenburg,1.45,sector 86,9797.0,3.0,2.0,3,8.0,Relatively New,flat,1480.0,0,0,0,0,0,2,72,"28.3986° N, 76.9384° E",28.3986,76.9384
kanchanjanga tower,1.45,sector 56,7632.0,3.0,3.0,3+,2.0,Moderately Old,flat,1719.0,0,0,0,0,0,1,126,"28.4245° N, 77.0991° E",28.4245,77.0991
dlf the ultima,2.45,sector 81,11492.0,3.0,3.0,2,9.0,Relatively New,flat,1800.0,0,0,0,0,0,1,174,"28.3867° N, 76.9485° E",28.3867,76.9485
rwa,0.48,sector 7,6000.0,3.0,2.0,1,1.0,New Property,flat,889.0,0,0,0,0,0,0,21,"28.4644° N, 77.0143° E",28.4644,77.0143
park view apartments,1.6,sector 15,11034.0,3.0,3.0,3+,2.0,Moderately Old,flat,1611.0,0,0,0,0,0,0,56,"28.4621° N, 77.0464° E",28.4621,77.0464
central park flower valley aqua front towers,2.1,sector 33,11738.0,3.0,3.0,2,6.0,Under Construction,flat,1619.0,0,0,0,0,0,0,24,"28.4420° N, 77.0207° E",28.442,77.0207
ss,1.18,sector 85,7169.0,2.0,2.0,3,4.0,Relatively New,flat,1630.0,0,0,0,0,0,0,49,"28.4042° N, 76.9513° E",28.4042,76.9513
independent,5.6,sector 55,20741.0,6.0,4.0,3,3.0,Old Property,house,2700.0,0,1,0,0,0,1,41,"28.4281° N, 77.1100° E",28.4281,77.11
emaar mgf emerald floors premier,2.8,sector 65,16970.0,3.0,3.0,2,3.0,Relatively New,flat,1650.0,0,0,0,0,0,0,105,"28.4030° N, 77.0690° E",28.403,77.069
independent,8.49,sector 43,31444.0,3.0,3.0,2,4.0,Relatively New,house,2700.0,0,1,0,1,0,1,21,"28.4629° N, 77.0772° E",28.4629,77.0772
unitech uniworld gardens,1.05,sector 47,10532.0,2.0,2.0,2,3.0,Relatively New,flat,1108.0,0,0,0,0,0,1,34,"28.4276° N, 77.0492° E",28.4276,77.0492
shapoorji pallonji joyville gurugram,1.8,sector 102,10638.0,3.0,3.0,3,5.0,Relatively New,flat,1531.0,0,0,0,0,0,0,49,"28.4750° N, 76.9715° E",28.475,76.9715
rof ananda,0.2,sector 95,5464.0,1.0,1.0,1,10.0,Relatively New,flat,407.0,0,0,0,0,0,0,82,"28.4172° N, 76.9081° E",28.4172,76.9081
independent,7.0,sector 39,10000.0,10.0,11.0,3+,4.0,Relatively New,house,7000.0,0,0,0,1,0,2,38,"28.4434° N, 77.0515° E",28.4434,77.0515
ansal housing highland park,0.8,sector 103,5878.0,2.0,2.0,3,3.0,New Property,flat,1089.0,0,0,0,0,0,0,174,"28.4949° N, 76.9845° E",28.4949,76.9845
independent,9.85,sector 43,29642.0,5.0,5.0,2,3.0,Old Property,house,3323.0,1,1,0,1,0,0,21,"28.4629° N, 77.0772° E",28.4629,77.0772
mittal cosmos executive apartments,0.75,sector 2,6550.0,2.0,2.0,2,15.0,Old Property,flat,1100.0,0,0,0,0,0,1,42,"28.5095° N, 77.0320° E",28.5095,77.032
maruti vihar colony,0.95,sector 28,8887.0,2.0,1.0,1,1.0,Old Property,flat,1188.0,0,0,0,0,0,0,59,"28.4728° N, 77.0865° E",28.4728,77.0865
godrej air,1.75,sector 85,9589.0,3.0,3.0,2,27.0,Relatively New,flat,1825.0,0,0,0,0,0,0,44,"28.4042° N, 76.9513° E",28.4042,76.9513
godrej aria,1.69,sector 79,8522.0,3.0,3.0,2,7.0,Relatively New,flat,1795.0,0,0,0,0,0,0,112,"28.3624° N, 76.9787° E",28.3624,76.9787
independent,2.5,sector 43,2885.0,7.0,7.0,3,4.0,Relatively New,house,963.0,0,0,0,0,1,2,20,"28.4629° N, 77.0772° E",28.4629,77.0772
vipul lavanya,0.6,sector 81,6667.0,2.0,2.0,1,0.0,Under Construction,flat,814.0,0,0,0,0,0,0,0,"28.3867° N, 76.9485° E",28.3867,76.9485
emaar mgf emerald floors premier,2.65,sector 65,16061.0,3.0,3.0,3,5.0,Relatively New,flat,1650.0,0,0,0,0,0,0,37,"28.4030° N, 77.0690° E",28.403,77.069
emaar palm gardens,3.15,sector 83,8400.0,5.0,7.0,3+,15.0,Relatively New,flat,3200.0,0,0,0,0,0,1,165,"28.3986° N, 76.9647° E",28.3986,76.9647
sare homes,0.71,sector 92,5354.0,3.0,3.0,3,2.0,Relatively New,flat,1473.0,0,0,0,0,0,0,108,"28.4079° N, 76.9153° E",28.4079,76.9153
orris aster court,0.93,sector 85,5671.0,3.0,3.0,3,8.0,Relatively New,flat,1587.0,0,0,0,0,0,0,0,"28.4042° N, 76.9513° E",28.4042,76.9513
sare crescent parc,0.95,sector 92,5013.0,4.0,5.0,3+,13.0,Relatively New,flat,1895.0,0,0,0,0,0,0,0,"28.4079° N, 76.9153° E",28.4079,76.9153
essel towers,2.2,sector 14,12500.0,3.0,4.0,3+,3.0,Old Property,flat,1956.0,0,0,0,0,0,0,0,"28.4711° N, 77.0454° E",28.4711,77.0454
ss the leaf,1.14,sector 85,6433.0,2.0,2.0,3,16.0,Relatively New,flat,1604.0,0,0,0,0,0,0,44,"28.4042° N, 76.9513° E",28.4042,76.9513
emaar palm gardens,1.48,sector 83,7789.0,3.0,3.0,3,7.0,Relatively New,flat,1549.0,0,0,0,0,0,0,66,"28.3986° N, 76.9647° E",28.3986,76.9647
tulip violet,1.3,sector 69,8447.0,3.0,3.0,1,12.0,Relatively New,flat,1392.0,0,0,0,0,0,1,94,"28.3966° N, 77.0341° E",28.3966,77.0341
m3m capital,2.9,sector 113,12620.0,4.0,4.0,3+,11.0,Under Construction,flat,2553.0,0,0,0,0,0,0,49,"28.5287° N, 77.0233° E",28.5287,77.0233
godrej nature plus,1.08,sector 33,13123.0,2.0,2.0,3,8.0,Under Construction,flat,85.0,0,0,0,0,0,0,56,"28.4420° N, 77.0207° E",28.442,77.0207
ramprastha skyz,1.25,sector 37d,7251.0,3.0,3.0,3+,2.0,Under Construction,flat,1725.0,0,0,0,0,0,0,8,"28.4478° N, 76.9703° E",28.4478,76.9703
adani oyster greens,1.9,sector 102,10058.0,3.0,3.0,3+,9.0,Relatively New,flat,2099.0,0,0,0,0,0,0,0,"28.4750° N, 76.9715° E",28.475,76.9715
prime habitat,0.27,sector 99a,6054.0,2.0,2.0,1,10.0,Relatively New,flat,498.0,0,0,0,0,0,0,67,"28.4561° N, 76.9542° E",28.4561,76.9542
independent,0.9,sector 3,10000.0,3.0,4.0,3,3.0,Moderately Old,house,3500.0,0,0,0,0,1,1,42,"28.4909° N, 77.0176° E",28.4909,77.0176
dlf the arbour,7.52,sector 63,18999.0,4.0,4.0,3,15.0,New Property,flat,3956.0,0,0,0,0,0,0,61,"28.3971° N, 77.0867° E",28.3971,77.0867
sunischit apartments,1.75,sector 54,7955.0,3.0,3.0,3+,6.0,Moderately Old,flat,2100.0,0,0,0,0,0,1,126,"28.4348° N, 77.1089° E",28.4348,77.1089
dlf the primus,2.25,sector 82a,10714.0,3.0,3.0,3+,29.0,Relatively New,flat,2333.0,0,0,0,0,0,2,72,"28.3858° N, 76.9686° E",28.3858,76.9686
shree vardhman victoria,1.62,sector 70,13953.0,3.0,3.0,3,9.0,Relatively New,flat,1527.0,0,0,0,0,0,0,96,"28.3968° N, 77.0233° E",28.3968,77.0233
emaar palm gardens,1.73,sector 83,9105.0,3.0,3.0,3,5.0,Relatively New,flat,1600.0,0,0,0,0,0,1,174,"28.3986° N, 76.9647° E",28.3986,76.9647
sare crescent parc,0.51,sector 92,4080.0,3.0,2.0,2,2.0,Relatively New,flat,1131.0,0,0,0,0,0,0,72,"28.4079° N, 76.9153° E",28.4079,76.9153
housing board colony,3.5,sector 28,25926.0,2.0,6.0,3,3.0,Relatively New,house,1350.0,0,0,0,0,0,0,0,"28.4728° N, 77.0865° E",28.4728,77.0865
bestech park view aindependentda,4.35,sector 81,7937.0,4.0,4.0,3,2.0,Relatively New,house,5480.0,0,1,1,0,0,0,51,"28.3867° N, 76.9485° E",28.3867,76.9485
international city by sobha phase 1,5.75,sector 109,16429.0,4.0,4.0,2,3.0,Relatively New,house,4800.0,0,1,0,0,0,0,146,"28.5073° N, 77.0089° E",28.5073,77.0089
sare crescent parc,0.49,sector 92,4910.0,2.0,2.0,2,2.0,Relatively New,flat,1109.0,0,0,0,0,0,0,96,"28.4079° N, 76.9153° E",28.4079,76.9153
ss the leaf,1.17,sector 85,7002.0,2.0,2.0,3,11.0,Relatively New,flat,1660.0,0,0,0,0,0,0,49,"28.4042° N, 76.9513° E",28.4042,76.9513
emaar mgf palm hills,1.55,sector 77,7949.0,4.0,4.0,3+,2.0,Relatively New,flat,1800.0,0,0,0,0,0,2,49,"28.3801° N, 76.9845° E",28.3801,76.9845
sanskriti apartments,2.5,sector 43,13514.0,3.0,2.0,3,5.0,Old Property,flat,1674.0,0,0,0,0,0,0,0,"28.4629° N, 77.0772° E",28.4629,77.0772
ss,1.19,sector 85,7121.0,2.0,2.0,3,11.0,Relatively New,flat,1670.0,0,0,0,0,0,0,49,"28.4042° N, 76.9513° E",28.4042,76.9513
dlf regal gardens,1.17,sector 90,6709.0,3.0,3.0,3,15.0,Relatively New,flat,1630.0,0,0,0,0,0,1,136,"28.4085° N, 76.9369° E",28.4085,76.9369
experion windchants,4.75,sector 112,12623.0,3.0,5.0,3+,4.0,Relatively New,flat,3405.0,0,0,0,0,0,1,42,"28.5189° N, 77.0183° E",28.5189,77.0183
pyramid urban homes 2,0.41,sector 86,6902.0,2.0,2.0,1,3.0,Relatively New,flat,668.0,0,0,0,0,0,0,63,"28.3986° N, 76.9384° E",28.3986,76.9384
ramprastha the edge towers,0.75,sector 37d,5319.0,2.0,2.0,3,19.0,Moderately Old,flat,1410.0,0,0,0,0,0,0,63,"28.4478° N, 76.9703° E",28.4478,76.9703
ansals palam vihar,5.0,sector 2,12500.0,6.0,4.0,0,3.0,Moderately Old,house,4000.0,0,0,0,0,0,0,0,"28.5095° N, 77.0320° E",28.5095,77.032
emaar digihomes,2.1,sector 62,13926.0,2.0,2.0,3,12.0,New Property,flat,1500.0,0,0,0,0,0,1,49,"28.4139° N, 77.0886° E",28.4139,77.0886
emaar mgf the palm drive,2.99,sector 66,14950.0,3.0,3.0,3,7.0,Relatively New,flat,2000.0,0,0,0,0,0,1,49,"28.3925° N, 77.0541° E",28.3925,77.0541
imt view society,0.95,manesar,3652.0,3.0,4.0,3,6.0,Moderately Old,flat,2232.0,0,0,0,0,0,0,81,"28.3515° N, 76.9428° E",28.3515,76.9428
umang winter hills,0.99,sector 77,7857.0,2.0,2.0,2,1.0,Relatively New,flat,1126.0,0,0,0,0,0,0,97,"28.3801° N, 76.9845° E",28.3801,76.9845
godrej summit,1.25,sector 104,6779.0,3.0,4.0,3+,12.0,Relatively New,flat,1669.0,0,0,0,0,0,0,79,"28.4788° N, 76.9960° E",28.4788,76.996
emaar mgf emerald floors premier,2.77,sector 65,14025.0,4.0,4.0,3+,3.0,Relatively New,flat,2194.0,0,0,0,0,0,2,174,"28.4030° N, 77.0690° E",28.403,77.069
4s aradhya homes,1.83,sector 67a,6778.0,4.0,4.0,2,4.0,New Property,house,2700.0,0,0,0,1,0,1,145,"28.3960° N, 77.0372° E",28.396,77.0372
pareena mi casa,1.9,sector 68,9228.0,3.0,3.0,3+,1.0,Under Construction,flat,2288.0,0,0,0,0,0,0,49,"28.3853° N, 77.0484° E",28.3853,77.0484
signature global solera,0.5,sector 107,7692.0,2.0,2.0,1,11.0,Relatively New,flat,494.0,0,0,0,0,0,0,55,"28.5052° N, 76.9729° E",28.5052,76.9729
dlf the ultima,2.2,sector 81,10461.0,3.0,3.0,3+,5.0,Relatively New,flat,1570.0,0,0,0,0,0,2,49,"28.3867° N, 76.9485° E",28.3867,76.9485
shree vardhman flora,1.25,sector 90,4854.0,4.0,5.0,2,8.0,Relatively New,flat,2330.0,0,0,0,0,0,0,165,"28.4085° N, 76.9369° E",28.4085,76.9369
signature global synera,0.5,sector 81,6803.0,2.0,2.0,3,6.0,Relatively New,flat,700.0,0,0,0,0,0,0,117,"28.3867° N, 76.9485° E",28.3867,76.9485
signature global the millennia,0.65,sector 37d,10906.0,2.0,2.0,3,0.0,New Property,flat,625.0,0,0,0,0,0,0,40,"28.4478° N, 76.9703° E",28.4478,76.9703
today callidora,1.0,sector 73,7692.0,2.0,2.0,2,13.0,New Property,flat,1444.0,0,0,0,0,0,0,0,"28.4072° N, 77.0118° E",28.4072,77.0118
bestech park view spa next,2.32,sector 67,11990.0,3.0,4.0,3+,14.0,Moderately Old,flat,1764.0,0,0,0,0,0,1,59,"28.3859° N, 77.0608° E",28.3859,77.0608
godrej air,1.05,sector 85,10606.0,2.0,2.0,1,15.0,Under Construction,flat,97.0,0,0,0,0,0,0,45,"28.4042° N, 76.9513° E",28.4042,76.9513
dlf the primus,2.6,sector 82a,11439.0,4.0,4.0,3+,2.0,Relatively New,flat,2273.0,0,0,0,0,0,0,38,"28.3858° N, 76.9686° E",28.3858,76.9686
tulip violet,1.68,sector 69,8350.0,4.0,4.0,2,1.0,Relatively New,flat,1819.0,0,0,0,0,0,0,102,"28.3966° N, 77.0341° E",28.3966,77.0341
signature global city,1.1,sector 37d,9839.0,2.0,2.0,2,4.0,Relatively New,flat,1242.0,0,0,0,0,0,0,59,"28.4478° N, 76.9703° E",28.4478,76.9703
vatika gurgaon,1.19,sector 83,7438.0,3.0,3.0,2,10.0,Relatively New,flat,1778.0,0,0,0,0,0,1,35,"28.3986° N, 76.9647° E",28.3986,76.9647
unitech south city,5.88,sector 50,27222.0,3.0,9.0,3+,3.0,Relatively New,house,2160.0,1,1,0,1,1,2,128,"28.4178° N, 77.0628° E",28.4178,77.0628
ats kocoon,2.15,sector 109,10263.0,3.0,4.0,3,9.0,Relatively New,flat,1896.0,0,0,0,0,0,0,97,"28.5073° N, 77.0089° E",28.5073,77.0089
independent,2.4,sector 46,2963.0,4.0,4.0,3,3.0,Moderately Old,house,900.0,0,0,1,0,0,1,44,"28.4374° N, 77.0586° E",28.4374,77.0586
chanderlok society,0.9,sector 28,7235.0,4.0,2.0,3+,1.0,Old Property,flat,1382.0,0,0,0,0,0,0,0,"28.4728° N, 77.0865° E",28.4728,77.0865
ramsons kshitij,0.17,sector 95,544.0,1.0,1.0,1,12.0,Relatively New,flat,3569.0,0,0,0,0,0,0,56,"28.4172° N, 76.9081° E",28.4172,76.9081
signature global city,0.8,sector 37d,8421.0,2.0,2.0,2,2.0,Under Construction,flat,860.0,0,0,0,0,0,0,42,"28.4478° N, 76.9703° E",28.4478,76.9703
emaar mgf the palm drive,1.51,sector 66,15130.0,2.0,2.0,2,5.0,Relatively New,flat,1188.0,0,0,0,0,0,1,82,"28.3925° N, 77.0541° E",28.3925,77.0541
dlf regal gardens,2.05,sector 90,8999.0,4.0,4.0,3+,5.0,Relatively New,flat,2005.0,0,0,0,0,0,1,49,"28.4085° N, 76.9369° E",28.4085,76.9369
dlf regal gardens,1.25,sector 90,10417.0,3.0,3.0,3,18.0,Moderately Old,flat,1437.0,0,0,0,0,0,0,100,"28.4085° N, 76.9369° E",28.4085,76.9369
mapsko mount ville,1.1,sector 79,12731.0,3.0,3.0,3,22.0,Relatively New,flat,1154.0,0,0,0,0,0,1,135,"28.3624° N, 76.9787° E",28.3624,76.9787
unitech south park,1.13,sector 70,7001.0,3.0,3.0,2,1.0,Under Construction,flat,1457.0,0,0,0,0,0,0,46,"28.3968° N, 77.0233° E",28.3968,77.0233
mapsko casa bella,0.86,sector 82,8121.0,3.0,3.0,3,5.0,Moderately Old,flat,1234.0,0,0,0,0,0,1,120,"28.3935° N, 76.9600° E",28.3935,76.96
suncity essel towers,8.95,sector 28,17900.0,5.0,6.0,3+,4.0,Moderately Old,house,5000.0,0,0,0,0,0,0,0,"28.4728° N, 77.0865° E",28.4728,77.0865
la vida by tata housing,2.33,sector 113,12534.0,3.0,3.0,3,3.0,New Property,flat,2098.0,0,0,0,0,0,0,174,"28.5287° N, 77.0233° E",28.5287,77.0233
la vida by tata housing,2.45,sector 113,11051.0,3.0,3.0,3+,3.0,Relatively New,flat,1890.0,0,0,0,0,0,0,174,"28.5287° N, 77.0233° E",28.5287,77.0233
suncity avenue,0.48,sector 102,9023.0,2.0,2.0,1,5.0,Relatively New,flat,582.0,0,0,0,0,0,0,159,"28.4750° N, 76.9715° E",28.475,76.9715
meditech apartment,2.45,sector 56,8167.0,4.0,4.0,3+,1.0,Relatively New,flat,2900.0,0,0,0,0,0,1,118,"28.4245° N, 77.0991° E",28.4245,77.0991
pareena mi casa,1.0,sector 68,8163.0,2.0,2.0,2,16.0,New Property,flat,1361.0,0,0,0,0,0,0,65,"28.3853° N, 77.0484° E",28.3853,77.0484
puri emerald bay,1.58,sector 104,9117.0,2.0,3.0,3,11.0,Relatively New,flat,1538.0,0,0,0,0,0,0,101,"28.4788° N, 76.9960° E",28.4788,76.996
green court,0.47,sector 90,6812.0,2.0,2.0,1,0.0,New Property,flat,767.0,0,0,0,0,0,0,49,"28.4085° N, 76.9369° E",28.4085,76.9369
indiabulls centrum park,1.65,sector 103,8250.0,3.0,3.0,3+,15.0,Relatively New,flat,1683.0,0,0,0,0,0,0,38,"28.4949° N, 76.9845° E",28.4949,76.9845
tulip violet,1.4,sector 69,8929.0,3.0,3.0,1,12.0,Relatively New,flat,1376.0,0,0,0,0,0,0,174,"28.3966° N, 77.0341° E",28.3966,77.0341
the close north,3.0,sector 50,11516.0,3.0,3.0,3+,14.0,Old Property,flat,2357.0,0,0,0,0,0,1,121,"28.4178° N, 77.0628° E",28.4178,77.0628
sidhartha ncr greens,0.96,sector 95,6202.0,3.0,3.0,3,8.0,New Property,flat,1720.0,0,0,0,0,0,0,8,"28.4172° N, 76.9081° E",28.4172,76.9081
independent,0.61,sector 4,11111.0,2.0,2.0,2,2.0,Moderately Old,house,61.0,0,0,0,0,1,0,14,"28.4738° N, 77.0107° E",28.4738,77.0107
nirvana cedar crest,7.1,sector 50,32870.0,5.0,4.0,3,2.0,Moderately Old,house,2160.0,1,0,1,1,0,1,110,"28.4178° N, 77.0628° E",28.4178,77.0628
independent,3.75,sector 54,26042.0,4.0,4.0,3,3.0,Moderately Old,house,1440.0,0,1,0,0,0,1,13,"28.4348° N, 77.1089° E",28.4348,77.1089
independent,3.2,sector 9,13519.0,3.0,3.0,2,1.0,Old Property,house,2367.0,0,0,0,0,0,1,36,"28.4603° N, 77.0000° E",28.4603,77.0
vatika gurgaon,1.1,sector 83,6051.0,3.0,3.0,3,12.0,Relatively New,flat,1570.0,0,0,0,0,0,1,66,"28.3986° N, 76.9647° E",28.3986,76.9647
gls avenue 51,0.39,sector 92,6075.0,3.0,3.0,3+,6.0,Relatively New,flat,713.0,0,0,0,0,0,0,104,"28.4079° N, 76.9153° E",28.4079,76.9153
suncity vatsal valley,1.28,gwal pahari,9552.0,3.0,3.0,3,1.0,Relatively New,flat,1489.0,0,0,0,0,0,1,49,"28.4484° N, 77.0210° E",28.4484,77.021
m3m woodshire,0.9,sector 107,6589.0,2.0,2.0,3+,14.0,New Property,flat,1236.0,0,0,0,0,0,0,67,"28.5052° N, 76.9729° E",28.5052,76.9729
ats triumph,2.0,sector 104,8734.0,3.0,4.0,3+,4.0,Relatively New,flat,2072.0,0,0,0,0,0,0,60,"28.4788° N, 76.9960° E",28.4788,76.996
bestech park view ananda,1.45,sector 81,8011.0,3.0,3.0,3,8.0,Relatively New,flat,1650.0,0,0,0,0,0,1,128,"28.3867° N, 76.9485° E",28.3867,76.9485
tulip violet,1.7,sector 69,8445.0,4.0,4.0,2,7.0,Relatively New,flat,1819.0,0,0,0,0,0,0,128,"28.3966° N, 77.0341° E",28.3966,77.0341
unitech the palms,2.75,sector 41,16768.0,3.0,3.0,2,14.0,Old Property,flat,1640.0,0,0,0,0,0,2,79,"28.4557° N, 77.0632° E",28.4557,77.0632
tulip violet,1.29,sector 69,8227.0,3.0,3.0,1,12.0,Relatively New,flat,1419.0,0,0,0,0,0,1,86,"28.3966° N, 77.0341° E",28.3966,77.0341
smart world gems,1.2,sector 89,12526.0,3.0,3.0,3,3.0,Under Construction,flat,1064.0,0,0,0,0,0,0,131,"28.4253° N, 76.9439° E",28.4253,76.9439
"nirmal enclave, maruti kunj road",0.24,sector 11,5333.0,2.0,2.0,0,2.0,Relatively New,house,450.0,0,0,0,0,0,0,0,"28.4531° N, 77.0202° E",28.4531,77.0202
the pearl apartmen,0.43,sector 15,5584.0,2.0,2.0,1,2.0,Relatively New,flat,856.0,0,0,0,0,0,1,28,"28.4621° N, 77.0464° E",28.4621,77.0464
godrej frontier,1.4,sector 80,6189.0,3.0,4.0,2,6.0,Moderately Old,flat,1922.0,0,0,0,0,0,0,111,"28.3659° N, 76.9557° E",28.3659,76.9557
ss almeria,1.48,sector 84,7400.0,3.0,3.0,2,1.0,New Property,flat,1624.0,0,0,0,0,0,1,139,"28.3979° N, 76.9736° E",28.3979,76.9736
independent,4.45,sector 26,35178.0,4.0,4.0,3,3.0,Old Property,house,1265.0,0,0,0,0,0,0,25,"28.4757° N, 77.1032° E",28.4757,77.1032
bestech park view sanskruti,1.6,sector 92,7547.0,3.0,3.0,3,10.0,Relatively New,flat,1765.0,0,0,0,0,0,1,60,"28.4079° N, 76.9153° E",28.4079,76.9153
rail vihar cghs,1.35,sector 56,10385.0,3.0,2.0,2,1.0,Old Property,flat,1275.0,0,0,0,0,0,0,159,"28.4245° N, 77.0991° E",28.4245,77.0991
emaar palm premier,2.1,sector 77,10500.0,3.0,4.0,3+,11.0,New Property,flat,1600.0,0,0,0,0,0,1,129,"28.3801° N, 76.9845° E",28.3801,76.9845
dlf city plots,13.5,sector 26,29880.0,5.0,5.0,3,2.0,Old Property,house,4518.0,1,1,1,1,0,1,110,"28.4757° N, 77.1032° E",28.4757,77.1032
ats triumph,1.85,sector 104,8079.0,3.0,3.0,3+,24.0,Relatively New,flat,2072.0,0,0,0,0,0,0,174,"28.4788° N, 76.9960° E",28.4788,76.996
bestech park view residency,1.55,sector 2,8073.0,3.0,4.0,3+,10.0,Moderately Old,flat,1738.0,0,0,0,0,0,0,100,"28.5095° N, 77.0320° E",28.5095,77.032
signature global city,1.1,sector 37d,8800.0,3.0,3.0,3,1.0,Under Construction,flat,1389.0,0,0,0,0,0,0,16,"28.4478° N, 76.9703° E",28.4478,76.9703
mittal surya vihar,1.4,sector 21,5833.0,5.0,4.0,2,2.0,Moderately Old,flat,2172.0,0,0,0,0,0,0,0,"28.5134° N, 77.0723° E",28.5134,77.0723
the penthouses at the hibiscus,8.0,sector 50,8888.0,4.0,3.0,3,7.0,Moderately Old,flat,10000.0,0,0,0,0,0,0,35,"28.4178° N, 77.0628° E",28.4178,77.0628
tulip violet,1.38,sector 69,8973.0,3.0,3.0,1,12.0,Relatively New,flat,1709.0,0,0,0,0,0,0,174,"28.3966° N, 77.0341° E",28.3966,77.0341
ansal api sushant estate,0.29,sector 52,11600.0,1.0,1.0,0,0.0,Moderately Old,flat,278.0,0,0,0,0,0,1,49,"28.4379° N, 77.0785° E",28.4379,77.0785
independent,5.8,sector 26,32222.0,5.0,5.0,3+,2.0,Old Property,house,1800.0,1,1,1,1,0,0,53,"28.4757° N, 77.1032° E",28.4757,77.1032
vatika xpressions,0.92,sector 88b,6815.0,2.0,2.0,3,3.0,New Property,flat,1350.0,0,0,0,0,0,0,26,"28.4446° N, 76.9542° E",28.4446,76.9542
vatika the seven lamps,0.78,sector 82,5932.0,2.0,2.0,2,0.0,Relatively New,flat,1175.0,0,0,0,0,0,1,103,"28.3935° N, 76.9600° E",28.3935,76.96
m3m woodshire,1.45,sector 107,6141.0,3.0,4.0,3+,7.0,Relatively New,flat,1900.0,0,0,0,0,0,0,67,"28.5052° N, 76.9729° E",28.5052,76.9729
microtek greenburg,1.93,sector 86,8446.0,3.0,4.0,3,12.0,Relatively New,flat,2068.0,0,0,0,0,0,0,72,"28.3986° N, 76.9384° E",28.3986,76.9384
today callidora,0.9,sector 73,5549.0,3.0,3.0,3,3.0,Under Construction,flat,1622.0,0,0,0,0,0,0,63,"28.4072° N, 77.0118° E",28.4072,77.0118
the close north,2.65,sector 50,11277.0,3.0,3.0,3+,3.0,Moderately Old,flat,2491.0,0,0,0,0,0,0,174,"28.4178° N, 77.0628° E",28.4178,77.0628
ats kocoon,1.7,sector 109,9742.0,3.0,3.0,3,21.0,Moderately Old,flat,1550.0,0,0,0,0,0,0,49,"28.5073° N, 77.0089° E",28.5073,77.0089
deepak minda,1.25,manesar,4715.0,4.0,4.0,3+,6.0,Moderately Old,flat,2946.0,0,0,0,0,0,1,44,"28.3515° N, 76.9428° E",28.3515,76.9428
m3m soulitude,1.14,sector 89,8000.0,3.0,3.0,2,2.0,Under Construction,flat,1581.0,0,0,0,0,0,0,77,"28.4253° N, 76.9439° E",28.4253,76.9439
supertech araville,0.95,sector 79,6209.0,2.0,2.0,3,7.0,New Property,flat,1385.0,0,0,0,0,0,0,49,"28.3624° N, 76.9787° E",28.3624,76.9787
pivotal devaan,0.36,sector 84,7595.0,2.0,2.0,1,9.0,Relatively New,flat,531.0,0,0,0,0,0,2,80,"28.3979° N, 76.9736° E",28.3979,76.9736
bptp terra,1.72,sector 37d,7850.0,3.0,3.0,3+,10.0,Relatively New,flat,1983.0,0,0,0,0,0,0,31,"28.4478° N, 76.9703° E",28.4478,76.9703
rose apartment,3.0,sector 28,10482.0,3.0,5.0,3+,8.0,Old Property,flat,2590.0,0,0,0,0,0,0,0,"28.4728° N, 77.0865° E",28.4728,77.0865
zara aavaas,0.22,sector 104,7309.0,1.0,2.0,2,2.0,New Property,flat,335.0,0,0,0,0,0,0,60,"28.4788° N, 76.9960° E",28.4788,76.996
independent,4.5,sector 28,13889.0,4.0,4.0,0,4.0,Relatively New,house,3240.0,0,0,0,0,0,0,0,"28.4728° N, 77.0865° E",28.4728,77.0865
dlf park place,5.75,sector 54,24689.0,3.0,4.0,3,12.0,Relatively New,flat,2329.0,0,0,0,0,0,2,174,"28.4348° N, 77.1089° E",28.4348,77.1089
international city by sobha phase 1,6.0,sector 109,24691.0,4.0,5.0,3+,2.0,Relatively New,house,2430.0,0,1,0,0,0,1,96,"28.5073° N, 77.0089° E",28.5073,77.0089
independent,1.1,sector 4,6111.0,4.0,4.0,3+,2.0,Old Property,house,1800.0,0,0,0,0,0,0,7,"28.4738° N, 77.0107° E",28.4738,77.0107
spaze privy at,1.2,sector 84,7453.0,2.0,2.0,3,3.0,Relatively New,flat,1457.0,0,0,0,0,0,1,133,"28.3979° N, 76.9736° E",28.3979,76.9736
dlf new town heights,1.26,sector 86,6114.0,3.0,3.0,3,5.0,Moderately Old,flat,1747.0,0,0,0,0,0,0,113,"28.3986° N, 76.9384° E",28.3986,76.9384
huda flats,2.3,sector 7,17037.0,5.0,3.0,3+,3.0,Old Property,house,1350.0,1,1,0,1,0,0,27,"28.4644° N, 77.0143° E",28.4644,77.0143
puri diplomatic greens,3.65,sector 111,12373.0,4.0,5.0,3+,17.0,Moderately Old,flat,2670.0,0,0,0,0,0,1,132,"28.5238° N, 77.0320° E",28.5238,77.032
ansal heights 86,0.74,sector 86,5441.0,2.0,2.0,1,11.0,Under Construction,flat,1231.0,0,0,0,0,0,0,45,"28.3986° N, 76.9384° E",28.3986,76.9384
vipul tatvam villa,7.8,sector 48,23145.0,4.0,4.0,3+,2.0,Relatively New,house,3240.0,1,1,1,1,0,1,145,"28.4177° N, 77.0359° E",28.4177,77.0359
m3m woodshire,0.98,sector 107,6422.0,2.0,2.0,3,7.0,Relatively New,flat,1281.0,0,0,0,0,0,1,174,"28.5052° N, 76.9729° E",28.5052,76.9729
m3m golf hills,1.45,sector 79,10211.0,2.0,2.0,3,15.0,Under Construction,flat,1578.0,0,0,0,0,0,0,67,"28.3624° N, 76.9787° E",28.3624,76.9787
m3m woodshire,1.02,sector 107,6649.0,2.0,2.0,3,6.0,Relatively New,flat,1388.0,0,0,0,0,0,0,112,"28.5052° N, 76.9729° E",28.5052,76.9729
emaar palm gardens,1.75,sector 83,9211.0,3.0,3.0,3,6.0,Relatively New,flat,1600.0,0,0,0,0,0,1,150,"28.3986° N, 76.9647° E",28.3986,76.9647
independent,6.5,sector 25,36111.0,4.0,4.0,3+,2.0,Moderately Old,house,1800.0,1,1,1,1,0,0,61,"28.4844° N, 77.0860° E",28.4844,77.086
tulip violet,1.38,sector 69,8973.0,3.0,3.0,1,12.0,Relatively New,flat,1392.0,0,0,0,0,0,0,157,"28.3966° N, 77.0341° E",28.3966,77.0341
ambience creacions,6.16,sector 22,20533.0,4.0,5.0,3+,10.0,New Property,flat,3333.0,0,0,0,0,0,1,49,"28.5072° N, 77.0640° E",28.5072,77.064
tulip violet,1.68,sector 69,8358.0,4.0,4.0,2,2.0,Relatively New,flat,1819.0,0,0,0,0,0,0,112,"28.3966° N, 77.0341° E",28.3966,77.0341
pareena laxmi apartments,0.32,sector 99a,5517.0,2.0,2.0,1,2.0,New Property,flat,577.0,0,0,0,0,0,0,43,"28.4561° N, 76.9542° E",28.4561,76.9542
vatika boulevard residences and heights,1.42,sector 83,8000.0,3.0,3.0,2,2.0,Relatively New,flat,1972.0,0,0,0,0,0,1,113,"28.3986° N, 76.9647° E",28.3986,76.9647
m3m woodshire,1.01,sector 107,7394.0,2.0,2.0,3+,11.0,New Property,flat,1200.0,0,0,0,0,0,0,74,"28.5052° N, 76.9729° E",28.5052,76.9729
raheja vedaanta,1.0,sector 108,4854.0,2.0,2.0,2,0.0,Relatively New,flat,2060.0,0,0,0,0,0,0,0,"28.5134° N, 76.9830° E",28.5134,76.983
ansal heights 86,0.67,sector 86,5099.0,2.0,2.0,1,10.0,Relatively New,flat,1231.0,0,0,0,0,0,0,115,"28.3986° N, 76.9384° E",28.3986,76.9384
vatika india next,6.5,sector 82,20062.0,4.0,3.0,0,2.0,Relatively New,house,3240.0,0,0,0,0,0,0,0,"28.3935° N, 76.9600° E",28.3935,76.96
aipl joy square,0.7,sector 63a,10101.0,1.0,1.0,0,7.0,Under Construction,flat,693.0,0,0,0,0,0,0,0,"28.3923° N, 77.0888° E",28.3923,77.0888
independent,1.34,sector 108,5000.0,1.0,1.0,0,1.0,Relatively New,house,2680.0,0,0,0,0,0,0,0,"28.5134° N, 76.9830° E",28.5134,76.983
guru gram haryana cghs,1.39,sector 56,7228.0,3.0,3.0,3,4.0,Moderately Old,flat,1738.0,0,0,0,0,0,1,134,"28.4245° N, 77.0991° E",28.4245,77.0991
vipul tatvam villa,8.2,sector 48,25309.0,3.0,3.0,2,2.0,Moderately Old,house,3240.0,1,1,0,1,0,2,160,"28.4177° N, 77.0359° E",28.4177,77.0359
m3m woodshire,0.9,sector 107,5867.0,2.0,2.0,3,8.0,Relatively New,flat,1281.0,0,0,0,0,0,1,74,"28.5052° N, 76.9729° E",28.5052,76.9729
independent,0.34,sector 39,7556.0,1.0,1.0,1,1.0,Relatively New,house,450.0,0,0,0,0,0,0,0,"28.4434° N, 77.0515° E",28.4434,77.0515
dlf the arbour,7.8,sector 63,19747.0,4.0,4.0,0,6.0,New Property,flat,3950.0,0,0,0,0,0,0,61,"28.3971° N, 77.0867° E",28.3971,77.0867
signature global city,1.25,sector 37d,6083.0,3.0,3.0,3,4.0,Under Construction,flat,2283.0,0,0,0,0,0,0,16,"28.4478° N, 76.9703° E",28.4478,76.9703
signature global city 63a,2.0,sector 63a,12804.0,3.0,3.0,2,1.0,Under Construction,flat,1540.0,0,0,0,0,0,0,36,"28.3923° N, 77.0888° E",28.3923,77.0888
huda ashok vihar phase,0.43,sector 4,6615.0,2.0,2.0,1,2.0,Relatively New,flat,722.0,0,0,0,0,0,0,7,"28.4738° N, 77.0107° E",28.4738,77.0107
orchid island,1.7,sector 51,10652.0,3.0,4.0,3,2.0,Moderately Old,flat,1773.0,0,0,0,0,0,0,90,"28.4320° N, 77.0686° E",28.432,77.0686
independent,3.6,sector 10a,19608.0,3.0,4.0,3,3.0,Moderately Old,house,1836.0,0,0,0,1,0,1,28,"28.4469° N, 77.0106° E",28.4469,77.0106
emaar mgf emerald floors premier,3.5,sector 65,17722.0,4.0,4.0,3,4.0,Relatively New,flat,1975.0,0,0,0,0,0,1,114,"28.4030° N, 77.0690° E",28.403,77.069
dlf new town heights,1.28,sector 86,8205.0,3.0,4.0,3+,12.0,Moderately Old,flat,1740.0,0,0,0,0,0,0,96,"28.3986° N, 76.9384° E",28.3986,76.9384
independent,2.15,sector 43,13030.0,1.0,1.0,0,1.0,Moderately Old,house,1650.0,0,0,0,0,0,0,0,"28.4629° N, 77.0772° E",28.4629,77.0772
radhakrishna society,0.55,sector 23,5000.0,2.0,2.0,1,1.0,Moderately Old,flat,995.0,0,0,0,0,0,1,29,"28.5121° N, 77.0478° E",28.5121,77.0478
antriksh heights,0.89,sector 84,4369.0,3.0,3.0,3,8.0,Relatively New,flat,1833.0,0,0,0,0,0,0,67,"28.3979° N, 76.9736° E",28.3979,76.9736
tulip violet,1.68,sector 69,8358.0,4.0,4.0,2,7.0,Relatively New,flat,1819.0,0,0,0,0,0,0,127,"28.3966° N, 77.0341° E",28.3966,77.0341
ramsons kshitij,0.3,sector 95,3158.0,2.0,2.0,1,11.0,New Property,flat,950.0,0,0,0,0,0,0,0,"28.4172° N, 76.9081° E",28.4172,76.9081
smartworld one dxp,2.0,sector 113,11074.0,3.0,3.0,3,12.0,New Property,flat,1806.0,0,0,0,0,0,0,70,"28.5287° N, 77.0233° E",28.5287,77.0233
la vida by tata housing,1.32,sector 113,10345.0,2.0,2.0,2,3.0,Relatively New,flat,1199.0,0,0,0,0,0,0,49,"28.5287° N, 77.0233° E",28.5287,77.0233
dlf the ultima,2.34,sector 81,11185.0,3.0,4.0,3+,14.0,Relatively New,flat,1760.0,0,0,0,0,0,2,174,"28.3867° N, 76.9485° E",28.3867,76.9485
m3m merlin,3.0,sector 67,14656.0,3.0,3.0,3+,4.0,Relatively New,flat,2047.0,0,0,0,0,0,1,174,"28.3859° N, 77.0608° E",28.3859,77.0608
dlf regal gardens,1.29,sector 90,7104.0,3.0,3.0,3+,12.0,Relatively New,flat,1817.0,0,0,0,0,0,0,152,"28.4085° N, 76.9369° E",28.4085,76.9369
ireo the corridors,2.0,sector 67a,11429.0,3.0,3.0,3,12.0,New Property,flat,1584.0,0,0,0,0,0,0,38,"28.3960° N, 77.0372° E",28.396,77.0372
puri emerald bay,2.3,sector 104,9388.0,3.0,4.0,3+,10.0,Moderately Old,flat,2217.0,0,0,0,0,0,0,101,"28.4788° N, 76.9960° E",28.4788,76.996
hsiidc sidco aravali,0.81,manesar,3129.0,3.0,3.0,3+,2.0,Moderately Old,flat,1900.0,0,0,0,0,0,0,74,"28.3515° N, 76.9428° E",28.3515,76.9428
tulip leaf,2.07,sector 69,11424.0,3.0,3.0,3,16.0,Relatively New,flat,1640.0,0,0,0,0,0,0,49,"28.3966° N, 77.0341° E",28.3966,77.0341
rof ananda,0.25,sector 95,6579.0,1.0,1.0,1,4.0,New Property,flat,344.0,0,0,0,0,0,0,0,"28.4172° N, 76.9081° E",28.4172,76.9081
sapphire eighty three,0.65,sector 83,9286.0,1.0,1.0,0,6.0,Relatively New,flat,700.0,0,0,0,0,0,0,0,"28.3986° N, 76.9647° E",28.3986,76.9647
ss the leaf,1.09,sector 85,6667.0,2.0,2.0,3,9.0,Relatively New,flat,1638.0,0,0,0,0,0,0,174,"28.4042° N, 76.9513° E",28.4042,76.9513
saksham welfare association,4.7,sector 22,19848.0,6.0,6.0,3+,2.0,Old Property,house,2368.0,0,0,1,1,0,1,106,"28.5072° N, 77.0640° E",28.5072,77.064
paras dews,1.13,sector 106,6406.0,3.0,4.0,3+,18.0,Relatively New,flat,1186.0,0,0,0,0,0,0,49,"28.5007° N, 77.0003° E",28.5007,77.0003
conscient heritage max,1.78,sector 102,9218.0,3.0,4.0,3+,5.0,Moderately Old,flat,1748.0,0,0,0,0,0,0,125,"28.4750° N, 76.9715° E",28.475,76.9715
international city by sobha phase 2,6.25,sector 109,11574.0,4.0,4.0,3+,2.0,Relatively New,house,5400.0,0,1,0,0,0,0,138,"28.5073° N, 77.0089° E",28.5073,77.0089
pioneer urban presidia,6.5,sector 62,14987.0,4.0,4.0,3+,3.0,Moderately Old,flat,3925.0,0,0,0,0,0,0,86,"28.4139° N, 77.0886° E",28.4139,77.0886
sai kripa floors 5,0.9,sector 11,11250.0,2.0,5.0,3,3.0,Relatively New,house,800.0,0,0,0,0,0,0,0,"28.4531° N, 77.0202° E",28.4531,77.0202
la vida by tata housing,1.9,sector 113,18500.0,3.0,2.0,2,10.0,Relatively New,flat,1285.0,0,0,0,0,0,1,174,"28.5287° N, 77.0233° E",28.5287,77.0233
sanskriti apartment,1.1,sector 10a,6667.0,3.0,3.0,3,2.0,Moderately Old,flat,1833.0,0,0,0,0,0,0,22,"28.4469° N, 77.0106° E",28.4469,77.0106
m3m heights,3.67,sector 65,17990.0,3.0,3.0,2,27.0,Under Construction,flat,2040.0,0,0,0,0,0,0,43,"28.4030° N, 77.0690° E",28.403,77.069
palam vihar extension west zone rwa,0.4,sector 2,4444.0,3.0,4.0,2,2.0,Moderately Old,house,900.0,0,0,0,0,0,0,36,"28.5095° N, 77.0320° E",28.5095,77.032
ireo the grand arch,4.85,sector 58,16934.0,4.0,5.0,3,23.0,Relatively New,flat,3182.0,0,0,0,0,0,1,49,"28.4200° N, 77.1105° E",28.42,77.1105
independent,0.29,sector 17,3255.0,2.0,1.0,0,0.0,Old Property,house,891.0,0,0,0,0,0,0,0,"28.4791° N, 77.0608° E",28.4791,77.0608
independent,3.49,sector 57,20197.0,4.0,4.0,2,3.0,Moderately Old,house,1728.0,1,1,0,1,0,1,49,"28.4232° N, 77.0752° E",28.4232,77.0752
signature global city 37d ph 2,1.35,sector 37d,9375.0,3.0,3.0,3+,3.0,Under Construction,flat,1600.0,0,0,0,0,0,0,51,"28.4478° N, 76.9703° E",28.4478,76.9703
tata primanti,4.1,sector 72,13726.0,3.0,3.0,3,8.0,Moderately Old,flat,2308.0,0,0,0,0,0,0,38,"28.4225° N, 77.0211° E",28.4225,77.0211
independent,2.8,sector 55,18667.0,4.0,4.0,0,2.0,Old Property,house,1500.0,0,0,0,0,0,0,0,"28.4281° N, 77.1100° E",28.4281,77.11
chintels paradiso,1.8,sector 109,8867.0,3.0,3.0,2,0.0,Moderately Old,flat,1910.0,0,0,0,0,0,0,83,"28.5073° N, 77.0089° E",28.5073,77.0089
independent,1.65,sector 41,13750.0,1.0,1.0,0,1.0,Moderately Old,house,1200.0,0,0,0,0,0,0,0,"28.4557° N, 77.0632° E",28.4557,77.0632
independent,4.7,sector 57,21759.0,3.0,3.0,2,2.0,Old Property,house,2160.0,0,1,0,0,1,0,43,"28.4232° N, 77.0752° E",28.4232,77.0752
ss the leaf,1.18,sector 85,10727.0,2.0,2.0,3,9.0,Relatively New,flat,1700.0,0,0,0,0,0,1,150,"28.4042° N, 76.9513° E",28.4042,76.9513
godrej summit,0.75,sector 104,5910.0,2.0,2.0,3,6.0,Relatively New,flat,1148.0,0,0,0,0,0,0,79,"28.4788° N, 76.9960° E",28.4788,76.996
m3m skycity,2.0,sector 65,15267.0,2.0,2.0,2,16.0,New Property,flat,1186.0,0,0,0,0,0,1,174,"28.4030° N, 77.0690° E",28.403,77.069
chd avenue,1.4,sector 71,7946.0,3.0,3.0,2,1.0,Moderately Old,flat,1958.0,0,0,0,0,0,1,125,"28.4104° N, 77.0281° E",28.4104,77.0281
bestech park view residency,0.98,sector 2,6931.0,2.0,2.0,3,11.0,Moderately Old,flat,1281.0,0,0,0,0,0,0,83,"28.5095° N, 77.0320° E",28.5095,77.032
dlf the ultima,2.35,sector 81,11175.0,3.0,3.0,3+,14.0,Relatively New,flat,1550.0,0,0,0,0,0,2,49,"28.3867° N, 76.9485° E",28.3867,76.9485
south city 1 floors,3.4,sector 41,11724.0,4.0,4.0,3,0.0,Old Property,flat,2900.0,0,0,0,0,0,0,0,"28.4557° N, 77.0632° E",28.4557,77.0632
smart world orchard,1.9,sector 61,22700.0,3.0,3.0,3,1.0,New Property,flat,1137.0,0,0,0,0,0,0,30,"28.4050° N, 77.0963° E",28.405,77.0963
dlf park place,4.85,sector 54,30180.0,3.0,4.0,3+,6.0,Moderately Old,flat,1607.0,0,0,0,0,0,2,158,"28.4348° N, 77.1089° E",28.4348,77.1089
smart world orchard,2.3,sector 61,14110.0,3.0,3.0,2,2.0,Under Construction,flat,1475.0,0,0,0,0,0,0,79,"28.4050° N, 77.0963° E",28.405,77.0963
central park flower valley aqua front towers,2.96,sector 33,13871.0,4.0,4.0,3,1.0,New Property,flat,2371.0,0,0,0,0,0,1,24,"28.4420° N, 77.0207° E",28.442,77.0207
park royal apartment,1.85,sector 56,9024.0,3.0,4.0,3,7.0,Old Property,flat,2278.0,0,0,0,0,0,0,72,"28.4245° N, 77.0991° E",28.4245,77.0991
pivotal devaan,0.3,sector 84,6667.0,1.0,1.0,1,14.0,New Property,flat,500.0,0,0,0,0,0,1,22,"28.3979° N, 76.9736° E",28.3979,76.9736
ireo skyon,2.85,sector 60,13936.0,3.0,4.0,3+,5.0,Relatively New,flat,2045.0,0,0,0,0,0,1,174,"28.4003° N, 77.0975° E",28.4003,77.0975
house number b-34,0.8,sector 5,8889.0,2.0,2.0,1,1.0,Old Property,house,900.0,0,0,0,0,0,0,0,"28.4794° N, 77.0176° E",28.4794,77.0176
unitech vistas,0.99,sector 70,6326.0,3.0,4.0,2,11.0,Under Construction,flat,1416.0,0,0,0,0,0,0,0,"28.3968° N, 77.0233° E",28.3968,77.0233
emaar palm gardens,1.8,sector 83,9474.0,3.0,4.0,0,9.0,Relatively New,flat,1900.0,0,0,0,0,0,0,55,"28.3986° N, 76.9647° E",28.3986,76.9647
independent,4.25,sector 10a,17955.0,4.0,3.0,2,1.0,Moderately Old,house,2367.0,0,0,0,0,0,0,0,"28.4469° N, 77.0106° E",28.4469,77.0106
la vida by tata housing,2.85,sector 113,12855.0,3.0,3.0,3+,10.0,New Property,flat,2006.0,0,0,0,0,0,0,72,"28.5287° N, 77.0233° E",28.5287,77.0233
sare homes,1.1,sector 92,5348.0,4.0,4.0,3,4.0,Relatively New,flat,2286.0,0,0,0,0,0,0,108,"28.4079° N, 76.9153° E",28.4079,76.9153
dlf regal gardens,1.15,sector 90,6326.0,3.0,3.0,3+,18.0,Relatively New,flat,1645.0,0,0,0,0,0,1,130,"28.4085° N, 76.9369° E",28.4085,76.9369
dlf the ultima,2.12,sector 81,10081.0,3.0,3.0,3+,9.0,Relatively New,flat,1650.0,0,0,0,0,0,2,49,"28.3867° N, 76.9485° E",28.3867,76.9485
independent,1.9,sector 4,8444.0,4.0,3.0,2,2.0,Moderately Old,house,211.0,0,0,1,1,0,1,46,"28.4738° N, 77.0107° E",28.4738,77.0107
vatika gurgaon,0.78,sector 83,6265.0,2.0,2.0,2,3.0,Relatively New,flat,850.0,0,0,0,0,0,1,165,"28.3986° N, 76.9647° E",28.3986,76.9647
m3m golfestate,7.0,sector 65,18182.0,3.0,3.0,2,12.0,Moderately Old,flat,4278.0,0,0,0,0,0,0,60,"28.4030° N, 77.0690° E",28.403,77.069
shapoorji pallonji joyville gurugram,0.95,sector 102,10383.0,2.0,2.0,2,14.0,Relatively New,flat,915.0,0,0,0,0,0,0,0,"28.4750° N, 76.9715° E",28.475,76.9715
hsiidc sidco aravali,0.9,manesar,3478.0,3.0,3.0,3+,8.0,Moderately Old,flat,1900.0,0,0,0,0,0,0,23,"28.3515° N, 76.9428° E",28.3515,76.9428
shree vardhman victoria,1.65,sector 70,8462.0,3.0,4.0,3,12.0,Relatively New,flat,1765.0,0,0,0,0,0,0,56,"28.3968° N, 77.0233° E",28.3968,77.0233
unitech espace,11.5,sector 50,35494.0,5.0,6.0,0,1.0,Moderately Old,house,3240.0,0,0,0,0,0,0,0,"28.4178° N, 77.0628° E",28.4178,77.0628
independent,0.9,sector 7,10000.0,2.0,4.0,3,3.0,Old Property,house,900.0,0,1,0,0,1,1,44,"28.4644° N, 77.0143° E",28.4644,77.0143
experion the heartsong,1.6,sector 108,7988.0,3.0,4.0,3+,3.0,Relatively New,flat,1500.29,0,0,0,0,0,1,60,"28.5134° N, 76.9830° E",28.5134,76.983
la vida by tata housing,2.48,sector 113,14091.0,3.0,3.0,3+,8.0,New Property,flat,1980.0,0,0,0,0,0,0,79,"28.5287° N, 77.0233° E",28.5287,77.0233
m3m heights,2.0,sector 65,13957.0,2.0,2.0,2,32.0,Relatively New,flat,1433.0,0,0,0,0,0,0,48,"28.4030° N, 77.0690° E",28.403,77.069
emaar gurgaon greens,1.45,sector 102,14174.0,3.0,3.0,3,10.0,Relatively New,flat,1315.0,0,0,0,0,0,0,165,"28.4750° N, 76.9715° E",28.475,76.9715
smart world orchard,1.85,sector 61,14800.0,2.0,2.0,2,3.0,New Property,flat,1389.0,0,0,0,0,0,0,44,"28.4050° N, 77.0963° E",28.405,77.0963
maruti kunj,0.8,sector 11,5161.0,3.0,2.0,0,0.0,Old Property,flat,1403.0,0,0,0,0,0,0,8,"28.4531° N, 77.0202° E",28.4531,77.0202
dlf floors phase 3,3.51,sector 24,12342.0,4.0,4.0,3,4.0,Under Construction,house,2844.0,1,1,1,1,0,1,160,"28.4939° N, 77.1038° E",28.4939,77.1038
ss the leaf,1.31,sector 85,7988.0,2.0,2.0,2,5.0,Relatively New,flat,1822.0,0,0,0,0,0,0,89,"28.4042° N, 76.9513° E",28.4042,76.9513
emaar mgf emerald floors premier,2.8,sector 65,16970.0,3.0,3.0,3+,3.0,Relatively New,flat,1650.0,0,0,0,0,0,1,38,"28.4030° N, 77.0690° E",28.403,77.069
godrej aria,1.3,sector 79,9623.0,2.0,4.0,2,3.0,Relatively New,flat,1223.0,0,0,0,0,0,0,53,"28.3624° N, 76.9787° E",28.3624,76.9787
raheja vedaanta,0.85,sector 108,4637.0,3.0,3.0,2,2.0,Relatively New,flat,1500.0,0,0,0,0,0,0,65,"28.5134° N, 76.9830° E",28.5134,76.983
conscient heritage max,2.1,sector 102,9772.0,3.0,4.0,3+,10.0,Relatively New,flat,1945.0,0,0,0,0,0,0,53,"28.4750° N, 76.9715° E",28.475,76.9715
ambience creacions,4.3,sector 22,13916.0,3.0,4.0,3+,6.0,Relatively New,flat,2600.0,0,0,0,0,0,2,120,"28.5072° N, 77.0640° E",28.5072,77.064
sare crescent parc,0.71,sector 92,4934.0,3.0,3.0,2,6.0,Relatively New,flat,1596.0,0,0,0,0,0,0,37,"28.4079° N, 76.9153° E",28.4079,76.9153
satya element one,0.87,sector 49,19333.0,1.0,1.0,1,2.0,Relatively New,flat,500.0,0,0,0,0,0,0,22,"28.4121° N, 77.0480° E",28.4121,77.048
emaar mgf the palm drive,3.5,sector 66,16471.0,3.0,4.0,3,6.0,Relatively New,flat,2150.0,0,0,0,0,0,0,68,"28.3925° N, 77.0541° E",28.3925,77.0541
ss the leaf,1.09,sector 85,6663.0,2.0,2.0,3,5.0,Relatively New,flat,1475.0,0,0,0,0,0,0,49,"28.4042° N, 76.9513° E",28.4042,76.9513
rof aalayas,0.45,sector 102,6000.0,1.0,1.0,2,6.0,Relatively New,flat,750.0,0,0,0,0,0,0,0,"28.4750° N, 76.9715° E",28.475,76.9715
pioneer urban presidia,7.15,sector 62,16486.0,4.0,5.0,3+,7.0,Relatively New,flat,3925.0,0,0,0,0,0,1,158,"28.4139° N, 77.0886° E",28.4139,77.0886
ats tourmaline,1.4,sector 109,8000.0,3.0,3.0,3+,5.0,Relatively New,flat,1466.0,0,0,0,0,0,0,44,"28.5073° N, 77.0089° E",28.5073,77.0089
independent,1.2,sector 12,14184.0,2.0,4.0,2,2.0,Relatively New,house,846.0,0,0,0,1,0,1,7,"28.4723° N, 77.0320° E",28.4723,77.032
indiabulls enigma,3.4,sector 110,10000.0,4.0,5.0,3,3.0,Relatively New,flat,3077.0,0,0,0,0,0,0,90,"28.5145° N, 77.0197° E",28.5145,77.0197
bestech park view residency,1.55,sector 2,8073.0,3.0,4.0,3+,4.0,Old Property,flat,1738.0,0,0,0,0,0,0,84,"28.5095° N, 77.0320° E",28.5095,77.032
emaar mgf emerald estate,1.42,sector 65,13922.0,2.0,2.0,2,6.0,Relatively New,flat,1010.0,0,0,0,0,0,1,174,"28.4030° N, 77.0690° E",28.403,77.069
supertech araville,1.45,sector 79,7455.0,3.0,3.0,3,3.0,Relatively New,flat,2161.0,0,0,0,0,0,0,0,"28.3624° N, 76.9787° E",28.3624,76.9787
godrej nature plus,1.3,sector 33,8349.0,3.0,2.0,3+,18.0,New Property,flat,1409.0,0,0,0,0,0,0,38,"28.4420° N, 77.0207° E",28.442,77.0207
sidhartha ncr greens,0.56,sector 95,5657.0,2.0,2.0,3,13.0,New Property,flat,896.0,0,0,0,0,0,0,8,"28.4172° N, 76.9081° E",28.4172,76.9081
independent,4.5,sector 24,33333.0,2.0,8.0,3+,4.0,Relatively New,house,1350.0,0,1,1,0,0,1,56,"28.4939° N, 77.1038° E",28.4939,77.1038
shapoorji pallonji joyville gurugram,1.26,sector 102,10040.0,2.0,2.0,2,10.0,Relatively New,flat,1100.0,0,0,0,0,0,0,108,"28.4750° N, 76.9715° E",28.475,76.9715
independent,12.5,sector 50,40611.0,6.0,5.0,3,4.0,Moderately Old,house,3078.0,1,1,0,1,0,1,23,"28.4178° N, 77.0628° E",28.4178,77.0628
eros rosewood villas,2.5,sector 49,13514.0,3.0,3.0,2,2.0,Moderately Old,house,1900.0,0,0,1,1,0,0,59,"28.4121° N, 77.0480° E",28.4121,77.048
shree vardhman flora,0.65,sector 90,4962.0,2.0,2.0,3,11.0,Relatively New,flat,1225.0,0,0,0,0,0,1,49,"28.4085° N, 76.9369° E",28.4085,76.9369
godrej air,2.6,sector 85,12212.0,3.0,3.0,3,17.0,Under Construction,flat,2129.0,0,0,0,0,0,0,44,"28.4042° N, 76.9513° E",28.4042,76.9513
ramprastha the edge towers,0.8,sector 37d,8889.0,2.0,2.0,3,10.0,Relatively New,flat,1310.0,0,0,0,0,0,0,166,"28.4478° N, 76.9703° E",28.4478,76.9703
smart world gems,0.97,sector 89,8794.0,2.0,2.0,3+,2.0,New Property,flat,1103.0,0,0,0,0,0,0,49,"28.4253° N, 76.9439° E",28.4253,76.9439
tulip violet,2.0,sector 69,10168.0,4.0,4.0,1,12.0,Relatively New,flat,2186.0,0,0,0,0,0,0,79,"28.3966° N, 77.0341° E",28.3966,77.0341
tata gurgaon gateway,3.21,sector 113,11823.0,3.0,3.0,3,9.0,New Property,flat,2281.0,0,0,0,0,0,0,49,"28.5287° N, 77.0233° E",28.5287,77.0233
smart world orchard,2.55,sector 61,15644.0,3.0,3.0,2,4.0,New Property,flat,1630.0,0,0,0,0,0,0,30,"28.4050° N, 77.0963° E",28.405,77.0963
shri banke bihari society,1.35,sector 56,6750.0,3.0,3.0,3,5.0,Old Property,flat,1800.0,0,0,0,0,0,1,82,"28.4245° N, 77.0991° E",28.4245,77.0991
godrej frontier,1.6,sector 80,6999.0,3.0,3.0,3,5.0,Moderately Old,flat,2047.0,0,0,0,0,0,0,53,"28.3659° N, 76.9557° E",28.3659,76.9557
bestech park view grand spa,4.2,sector 81,10000.0,4.0,4.0,3+,25.0,Relatively New,flat,3512.0,0,0,0,0,0,1,90,"28.3867° N, 76.9485° E",28.3867,76.9485
satya the hermitage,3.15,sector 103,6702.0,4.0,5.0,0,12.0,Relatively New,house,4700.0,0,0,0,0,0,0,61,"28.4949° N, 76.9845° E",28.4949,76.9845
independent,0.7,sector 4,6648.0,3.0,3.0,0,1.0,Moderately Old,house,117.0,0,0,0,0,0,0,0,"28.4738° N, 77.0107° E",28.4738,77.0107
bestech park view ananda,0.88,sector 81,8044.0,2.0,2.0,3,8.0,Relatively New,flat,1223.0,0,0,0,0,0,1,95,"28.3867° N, 76.9485° E",28.3867,76.9485
godrej aria,0.95,sector 79,6552.0,2.0,2.0,3,5.0,Relatively New,flat,1611.0,0,0,0,0,0,1,174,"28.3624° N, 76.9787° E",28.3624,76.9787
puri diplomatic greens,3.45,sector 111,11695.0,4.0,5.0,3+,9.0,Relatively New,flat,2670.0,0,0,0,0,0,0,68,"28.5238° N, 77.0320° E",28.5238,77.032
satya element one,0.94,sector 49,14009.0,1.0,2.0,2,2.0,Moderately Old,flat,746.0,0,0,0,0,0,0,0,"28.4121° N, 77.0480° E",28.4121,77.048
experion windchants,4.25,sector 112,11294.0,3.0,5.0,2,15.0,Relatively New,flat,3000.0,0,0,0,0,0,0,72,"28.5189° N, 77.0183° E",28.5189,77.0183
independent,3.5,sector 17,24306.0,2.0,6.0,3+,3.0,Old Property,house,1440.0,0,0,0,0,0,0,0,"28.4791° N, 77.0608° E",28.4791,77.0608
shapoorji pallonji joyville gurugram,1.41,sector 102,10307.0,2.0,2.0,3,0.0,Relatively New,flat,1238.0,0,0,0,0,0,0,49,"28.4750° N, 76.9715° E",28.475,76.9715
parsvnath exotica,5.0,sector 53,17241.0,3.0,4.0,3,7.0,Old Property,flat,3222.0,0,0,0,0,0,1,24,"28.4433° N, 77.0948° E",28.4433,77.0948
shapoorji pallonji joyville gurugram,0.97,sector 102,16441.0,2.0,2.0,2,10.0,Relatively New,flat,742.0,0,0,0,0,0,0,151,"28.4750° N, 76.9715° E",28.475,76.9715
emaar mgf palm hills,1.65,sector 77,8462.0,4.0,3.0,3,9.0,Relatively New,flat,1765.0,0,0,0,0,0,0,100,"28.3801° N, 76.9845° E",28.3801,76.9845
dlf new town heights,1.25,sector 90,6504.0,3.0,3.0,3+,5.0,Relatively New,flat,1929.0,0,0,0,0,0,0,127,"28.4085° N, 76.9369° E",28.4085,76.9369
dlf new town heights,1.9,sector 90,6967.0,4.0,4.0,3+,19.0,Relatively New,flat,2512.0,0,0,0,0,0,1,174,"28.4085° N, 76.9369° E",28.4085,76.9369
dlf new town heights,1.75,sector 90,5721.0,4.0,4.0,3+,17.0,Relatively New,flat,2468.0,0,0,0,0,0,0,88,"28.4085° N, 76.9369° E",28.4085,76.9369
godrej oasis,1.0,sector 88a,6897.0,2.0,2.0,3,7.0,Relatively New,flat,1611.0,0,0,0,0,0,0,72,"28.4347° N, 76.9557° E",28.4347,76.9557
gls avenue 51,0.42,sector 92,6562.0,3.0,3.0,1,2.0,Relatively New,flat,711.0,0,0,0,0,0,0,20,"28.4079° N, 76.9153° E",28.4079,76.9153
smart world orchard,2.45,sector 61,15796.0,3.0,3.0,3,3.0,New Property,flat,1223.0,0,0,0,0,0,0,119,"28.4050° N, 77.0963° E",28.405,77.0963
bhawani enclave,0.42,sector 12,8235.0,3.0,3.0,0,2.0,New Property,house,567.0,0,0,0,1,0,0,0,"28.4723° N, 77.0320° E",28.4723,77.032
bestech park view grand spa,2.4,sector 81,9023.0,3.0,4.0,3+,8.0,New Property,flat,2407.0,0,0,0,0,0,1,167,"28.3867° N, 76.9485° E",28.3867,76.9485
independent,4.6,sector 31,32258.0,2.0,2.0,2,2.0,Moderately Old,house,1426.0,0,0,0,0,0,0,0,"28.4528° N, 77.0498° E",28.4528,77.0498
dlf the ultima,2.4,sector 81,11412.0,3.0,4.0,3+,19.0,Relatively New,flat,1903.0,0,0,0,0,0,2,174,"28.3867° N, 76.9485° E",28.3867,76.9485
suncity platinum towers,6.0,sector 28,22346.0,3.0,3.0,2,8.0,Moderately Old,flat,2983.0,0,0,0,0,0,0,31,"28.4728° N, 77.0865° E",28.4728,77.0865
tulip violet,1.7,sector 69,10773.0,3.0,3.0,2,0.0,Relatively New,flat,1428.0,0,0,0,0,0,0,49,"28.3966° N, 77.0341° E",28.3966,77.0341
shri banke bihari society,1.37,sector 56,9133.0,3.0,3.0,3+,2.0,Old Property,flat,1450.0,0,0,0,0,0,0,174,"28.4245° N, 77.0991° E",28.4245,77.0991
mrg world ultimus,0.5,sector 90,6983.0,2.0,2.0,2,1.0,Under Construction,flat,796.0,0,0,0,0,0,0,21,"28.4085° N, 76.9369° E",28.4085,76.9369
independent,1.8,sector 92,7627.0,4.0,5.0,0,13.0,Relatively New,house,2360.0,0,0,0,0,0,0,0,"28.4079° N, 76.9153° E",28.4079,76.9153
sobha city,3.95,sector 108,16859.0,4.0,5.0,3,25.0,Relatively New,flat,2343.0,0,0,0,0,0,0,59,"28.5134° N, 76.9830° E",28.5134,76.983
nbcc heights,1.5,sector 89,7059.0,3.0,3.0,3,8.0,Relatively New,flat,1923.0,0,0,0,0,0,0,105,"28.4253° N, 76.9439° E",28.4253,76.9439
ss the coralwood,1.01,sector 84,5771.0,3.0,3.0,2,18.0,Relatively New,flat,1475.0,0,0,0,0,0,0,40,"28.3979° N, 76.9736° E",28.3979,76.9736
la vida by tata housing,3.05,sector 113,11338.0,3.0,4.0,3,15.0,New Property,flat,2600.0,0,0,0,0,0,0,174,"28.5287° N, 77.0233° E",28.5287,77.0233
dlf the skycourt,1.55,sector 86,8031.0,3.0,3.0,1,12.0,Relatively New,flat,1900.0,0,0,0,0,0,1,153,"28.3986° N, 76.9384° E",28.3986,76.9384
m3m the marina,2.22,sector 68,14323.0,3.0,2.0,3,4.0,Relatively New,flat,1403.0,0,0,0,0,0,0,44,"28.3853° N, 77.0484° E",28.3853,77.0484
vipul tatvam villa,7.25,sector 48,22377.0,4.0,4.0,3,2.0,Relatively New,house,3240.0,1,1,1,1,0,1,103,"28.4177° N, 77.0359° E",28.4177,77.0359
sobha smriti apartments,0.5,sector 56,8333.0,1.0,1.0,2,3.0,Old Property,flat,667.0,0,0,0,0,0,0,0,"28.4245° N, 77.0991° E",28.4245,77.0991
emaar mgf emerald floors,3.2,sector 65,10159.0,4.0,3.0,2,1.0,Relatively New,flat,3150.0,0,0,0,0,0,0,0,"28.4030° N, 77.0690° E",28.403,77.069
paras dews,1.0,sector 106,7220.0,2.0,2.0,3+,2.0,New Property,flat,940.0,0,0,0,0,0,1,21,"28.5007° N, 77.0003° E",28.5007,77.0003
shree vardhman victoria,1.23,sector 70,9111.0,2.0,2.0,3,1.0,Relatively New,flat,1222.0,0,0,0,0,0,0,43,"28.3968° N, 77.0233° E",28.3968,77.0233
sbr minda sec 1 imt manesar,0.65,manesar,4260.0,3.0,2.0,3+,6.0,Moderately Old,flat,1696.0,0,0,0,0,0,0,5,"28.3515° N, 76.9428° E",28.3515,76.9428
raheja atlantis,5.5,sector 31,18688.0,4.0,5.0,3+,1.0,Relatively New,flat,2663.0,0,0,0,0,0,0,81,"28.4528° N, 77.0498° E",28.4528,77.0498
independent,7.0,sector 82,21605.0,4.0,4.0,3+,1.0,Relatively New,house,3240.0,1,1,0,1,0,1,49,"28.3935° N, 76.9600° E",28.3935,76.96
m3m skycity,2.8,sector 65,15317.0,3.0,3.0,0,14.0,Relatively New,flat,1828.0,0,0,0,0,0,0,39,"28.4030° N, 77.0690° E",28.403,77.069
sushant lok 1 builder floors,13.0,sector 43,48148.0,3.0,3.0,3+,4.0,New Property,house,2700.0,0,0,0,1,0,1,7,"28.4629° N, 77.0772° E",28.4629,77.0772
microtek greenburg,1.3,sector 86,8754.0,2.0,2.0,3,10.0,Relatively New,flat,1339.0,0,0,0,0,0,0,38,"28.3986° N, 76.9384° E",28.3986,76.9384
conscient elevate,6.75,sector 59,19882.0,4.0,4.0,2,10.0,New Property,flat,2567.0,0,0,0,0,0,0,31,"28.4051° N, 77.1097° E",28.4051,77.1097
bestech altura,2.55,sector 79,9533.0,4.0,5.0,2,4.0,New Property,flat,2675.0,0,0,0,0,0,0,44,"28.3624° N, 76.9787° E",28.3624,76.9787
independent,0.45,sector 13,4808.0,1.0,1.0,0,1.0,Old Property,house,936.0,0,0,0,0,0,0,0,"28.4757° N, 77.0392° E",28.4757,77.0392
signature global city,1.0,sector 37d,8163.0,3.0,3.0,3,4.0,Under Construction,flat,1250.0,0,0,0,0,0,0,49,"28.4478° N, 76.9703° E",28.4478,76.9703
ats kocoon,1.6,sector 109,9169.0,3.0,3.0,3,10.0,Relatively New,flat,1550.0,0,0,0,0,0,0,86,"28.5073° N, 77.0089° E",28.5073,77.0089
independent,0.59,sector 8,10085.0,2.0,2.0,2,2.0,Moderately Old,house,585.0,0,0,0,0,1,0,7,"28.3738° N, 76.8970° E",28.3738,76.897
orchid petals,2.45,sector 49,11887.0,3.0,3.0,3,0.0,Relatively New,flat,1865.0,0,0,0,0,0,0,49,"28.4121° N, 77.0480° E",28.4121,77.048
viridian the plaza 106,0.39,sector 106,5571.0,1.0,1.0,1,7.0,Relatively New,flat,567.0,0,0,0,0,0,0,130,"28.5007° N, 77.0003° E",28.5007,77.0003
kiran residency,1.55,sector 56,6889.0,3.0,3.0,3+,5.0,Moderately Old,flat,1900.0,0,0,0,0,0,1,92,"28.4245° N, 77.0991° E",28.4245,77.0991
dlf city plots phase 2,6.5,sector 25,36111.0,5.0,5.0,3+,3.0,Old Property,house,1800.0,1,1,1,1,0,1,134,"28.4844° N, 77.0860° E",28.4844,77.086
smart world orchard,1.47,sector 61,12783.0,2.0,2.0,2,4.0,New Property,flat,1278.0,0,0,0,0,0,0,53,"28.4050° N, 77.0963° E",28.405,77.0963
sbtl caladium,1.9,sector 109,6219.0,4.0,4.0,3,8.0,Relatively New,flat,2765.0,0,0,0,0,0,0,151,"28.5073° N, 77.0089° E",28.5073,77.0089
signature global solera 2,0.5,sector 107,8929.0,2.0,2.0,2,13.0,New Property,flat,622.0,0,0,0,0,0,0,8,"28.5052° N, 76.9729° E",28.5052,76.9729
ats kocoon,1.7,sector 109,12879.0,3.0,3.0,3,22.0,Relatively New,flat,1550.0,0,0,0,0,0,0,103,"28.5073° N, 77.0089° E",28.5073,77.0089
tulip violet,2.0,sector 69,9950.0,4.0,4.0,2,0.0,Relatively New,flat,1819.0,0,0,0,0,0,0,95,"28.3966° N, 77.0341° E",28.3966,77.0341
vatika the seven lamps,1.6,sector 82,6598.0,4.0,4.0,3+,16.0,Moderately Old,house,2425.0,0,1,0,0,0,0,94,"28.3935° N, 76.9600° E",28.3935,76.96
emaar palm gardens,1.8,sector 83,9474.0,3.0,3.0,3+,9.0,Relatively New,flat,1719.0,0,0,0,0,0,0,55,"28.3986° N, 76.9647° E",28.3986,76.9647
raheja sampada,0.9,sector 92,6569.0,3.0,2.0,3,11.0,Relatively New,flat,1240.0,0,0,0,0,0,0,88,"28.4079° N, 76.9153° E",28.4079,76.9153
independent,1.7,sector 12,9444.0,3.0,3.0,0,1.0,Old Property,house,200.0,0,0,0,0,0,0,0,"28.4723° N, 77.0320° E",28.4723,77.032
central park flower valley,2.3,sector 33,12778.0,4.0,4.0,3+,5.0,New Property,flat,2000.0,0,0,0,0,0,0,42,"28.4420° N, 77.0207° E",28.442,77.0207
shree vardhman victoria,1.6,sector 70,8205.0,3.0,5.0,3,6.0,Relatively New,flat,2167.0,0,0,0,0,0,0,174,"28.3968° N, 77.0233° E",28.3968,77.0233
emaar mgf marbella,18.0,sector 66,40000.0,5.0,6.0,3+,3.0,Relatively New,house,4500.0,1,1,1,1,0,2,153,"28.3925° N, 77.0541° E",28.3925,77.0541
smart world orchard,1.7,sector 61,15179.0,2.0,2.0,2,4.0,Under Construction,flat,1244.0,0,0,0,0,0,0,127,"28.4050° N, 77.0963° E",28.405,77.0963
puri emerald bay,1.5,sector 104,9677.0,2.0,2.0,2,7.0,Under Construction,flat,1403.0,0,0,0,0,0,0,43,"28.4788° N, 76.9960° E",28.4788,76.996
bestech park view residency,1.59,sector 2,8281.0,3.0,4.0,3+,11.0,Moderately Old,flat,1738.0,0,0,0,0,0,0,100,"28.5095° N, 77.0320° E",28.5095,77.032
kothi,6.95,sector 17b,15444.0,4.0,4.0,3+,2.0,Old Property,house,3500.0,1,1,1,1,0,0,33,"28.4806° N, 77.0663° E",28.4806,77.0663
beverley park 1,8.44,sector 43,16231.0,4.0,5.0,3,9.0,Moderately Old,flat,5000.0,0,0,0,0,0,2,117,"28.4629° N, 77.0772° E",28.4629,77.0772
vatika gurgaon,1.4,sector 83,7179.0,4.0,4.0,3,10.0,Relatively New,flat,2167.0,0,0,0,0,0,0,35,"28.3986° N, 76.9647° E",28.3986,76.9647
godrej nature plus,1.65,sector 33,8267.0,3.0,3.0,3,2.0,Under Construction,flat,2218.0,0,0,0,0,0,0,37,"28.4420° N, 77.0207° E",28.442,77.0207
paras dews,1.25,sector 106,10656.0,3.0,4.0,3,14.0,Relatively New,flat,1305.0,0,0,0,0,0,0,167,"28.5007° N, 77.0003° E",28.5007,77.0003
tulip violet,1.85,sector 69,9204.0,4.0,4.0,2,14.0,Relatively New,flat,1819.0,0,0,0,0,0,1,157,"28.3966° N, 77.0341° E",28.3966,77.0341
signature global solera,0.5,sector 107,7752.0,3.0,2.0,2,6.0,Relatively New,flat,717.0,0,0,0,0,0,0,15,"28.5052° N, 76.9729° E",28.5052,76.9729
tulip violet,1.31,sector 69,8518.0,3.0,3.0,2,12.0,Relatively New,flat,1392.0,0,0,0,0,0,1,174,"28.3966° N, 77.0341° E",28.3966,77.0341
independent,2.99,sector 56,20635.0,4.0,4.0,2,2.0,Moderately Old,house,1449.0,1,1,0,1,0,1,49,"28.4245° N, 77.0991° E",28.4245,77.0991
rk tower,0.95,sector 2,9596.0,2.0,2.0,1,1.0,Relatively New,flat,1100.0,0,0,0,0,0,0,99,"28.5095° N, 77.0320° E",28.5095,77.032
independent,5.0,sector 14,22222.0,3.0,3.0,3,1.0,Moderately Old,house,2250.0,0,0,0,0,0,0,25,"28.4711° N, 77.0454° E",28.4711,77.0454
dlf the arbour,7.9,sector 63,20000.0,4.0,4.0,3+,34.0,Under Construction,flat,3950.0,0,0,0,0,0,0,61,"28.3971° N, 77.0867° E",28.3971,77.0867
ireo victory valley,2.95,sector 67,12236.0,3.0,3.0,3,10.0,Relatively New,flat,2150.0,0,0,0,0,0,1,174,"28.3859° N, 77.0608° E",28.3859,77.0608
experion windchants,3.65,sector 112,12310.0,3.0,4.0,3+,14.0,Relatively New,flat,2225.56,0,0,0,0,0,1,150,"28.5189° N, 77.0183° E",28.5189,77.0183
dlf the primus,1.59,sector 82a,10338.0,3.0,3.0,3+,5.0,Relatively New,flat,1668.0,0,0,0,0,0,2,167,"28.3858° N, 76.9686° E",28.3858,76.9686
signature global solera,0.25,sector 107,7862.0,1.0,1.0,0,0.0,Relatively New,flat,318.0,0,0,0,0,0,0,55,"28.5052° N, 76.9729° E",28.5052,76.9729
signature global solera,0.51,sector 107,7907.0,3.0,2.0,2,9.0,Relatively New,flat,717.0,0,0,0,0,0,0,15,"28.5052° N, 76.9729° E",28.5052,76.9729
bestech park view residency,0.95,sector 2,6709.0,2.0,2.0,3,10.0,Old Property,flat,1573.0,0,0,0,0,0,1,88,"28.5095° N, 77.0320° E",28.5095,77.032
paras quartier,5.9,gwal pahari,11028.0,4.0,4.0,3+,0.0,Moderately Old,flat,5350.0,0,0,0,0,0,0,63,"28.4484° N, 77.0210° E",28.4484,77.021
emaar palm heights,1.75,sector 77,11667.0,3.0,3.0,3+,11.0,Relatively New,flat,1900.0,0,0,0,0,0,0,94,"28.3801° N, 76.9845° E",28.3801,76.9845
ats kocoon,2.2,sector 109,10023.0,3.0,4.0,3,8.0,Relatively New,flat,1860.0,0,0,0,0,0,0,156,"28.5073° N, 77.0089° E",28.5073,77.0089
bestech park view city,2.9,sector 49,12170.0,4.0,4.0,3+,5.0,Moderately Old,flat,2157.0,0,0,0,0,0,0,117,"28.4121° N, 77.0480° E",28.4121,77.048
shree vardhman flora,1.27,sector 90,4951.0,4.0,5.0,2,9.0,New Property,flat,2248.0,0,0,0,0,0,0,83,"28.4085° N, 76.9369° E",28.4085,76.9369
independent,0.6,sector 3,6000.0,1.0,1.0,0,1.0,Moderately Old,house,1000.0,0,0,0,0,0,0,0,"28.4909° N, 77.0176° E",28.4909,77.0176
sobha city,2.9,sector 108,14478.0,3.0,4.0,2,11.0,Relatively New,flat,2003.0,0,0,0,0,0,0,108,"28.5134° N, 76.9830° E",28.5134,76.983
independent,1.6,sector 8,3186.0,4.0,6.0,1,3.0,Relatively New,house,558.0,0,0,0,0,0,0,0,"28.3738° N, 76.8970° E",28.3738,76.897
eros rosewood city,4.05,sector 49,20769.0,3.0,3.0,3,2.0,Moderately Old,house,2000.0,0,1,1,0,0,0,46,"28.4121° N, 77.0480° E",28.4121,77.048
puri the aravallis,3.87,sector 61,17200.0,3.0,4.0,3+,21.0,Under Construction,flat,2250.0,0,0,0,0,0,0,58,"28.4050° N, 77.0963° E",28.405,77.0963
godrej summit,1.75,sector 104,7530.0,4.0,5.0,3+,1.0,New Property,flat,2582.0,0,0,0,0,0,0,60,"28.4788° N, 76.9960° E",28.4788,76.996
bestech park view ananda,1.45,sector 81,8735.0,3.0,2.0,3+,3.0,Relatively New,flat,1352.0,0,0,0,0,0,0,45,"28.3867° N, 76.9485° E",28.3867,76.9485
independent,5.7,sector 2,22637.0,9.0,9.0,3+,3.0,Moderately Old,house,2430.0,0,0,0,1,0,1,0,"28.5095° N, 77.0320° E",28.5095,77.032
ramprastha primera,1.2,sector 37d,13333.0,3.0,3.0,3,5.0,Relatively New,flat,1000.0,0,0,0,0,0,0,50,"28.4478° N, 76.9703° E",28.4478,76.9703
tulip violet,1.28,sector 69,8112.0,3.0,3.0,2,12.0,Relatively New,flat,1428.0,0,0,0,0,0,1,49,"28.3966° N, 77.0341° E",28.3966,77.0341
spaze privy at,1.35,sector 84,9643.0,3.0,3.0,3,7.0,Relatively New,flat,1750.0,0,0,0,0,0,0,90,"28.3979° N, 76.9736° E",28.3979,76.9736
rof ananda,0.55,sector 95,5500.0,3.0,2.0,2,14.0,New Property,flat,866.0,0,0,0,0,0,2,30,"28.4172° N, 76.9081° E",28.4172,76.9081
independent,0.45,sector 21,8411.0,3.0,2.0,1,1.0,Old Property,house,594.0,0,0,0,0,0,0,0,"28.5134° N, 77.0723° E",28.5134,77.0723
independent,0.8,sector 69,10485.0,1.0,1.0,0,1.0,New Property,house,763.0,0,0,0,0,0,0,0,"28.3966° N, 77.0341° E",28.3966,77.0341
dlf the ultima,2.7,sector 81,12802.0,3.0,3.0,3,15.0,Relatively New,flat,2343.0,0,0,0,0,0,1,49,"28.3867° N, 76.9485° E",28.3867,76.9485
bestech park view grand spa,2.22,sector 81,8346.0,3.0,4.0,3+,15.0,Relatively New,flat,2407.0,0,0,0,0,0,1,174,"28.3867° N, 76.9485° E",28.3867,76.9485
dlf regency park,1.35,sector 28,11989.0,2.0,2.0,2,1.0,Moderately Old,flat,1109.0,0,0,0,0,0,0,0,"28.4728° N, 77.0865° E",28.4728,77.0865
dlf new town heights,1.6,sector 90,6768.0,4.0,4.0,3+,10.0,Relatively New,flat,2139.0,0,0,0,0,0,0,88,"28.4085° N, 76.9369° E",28.4085,76.9369
ss the leaf,2.05,sector 85,7290.0,4.0,4.0,3+,4.0,Relatively New,flat,2500.0,0,0,0,0,0,1,49,"28.4042° N, 76.9513° E",28.4042,76.9513
emaar mgf emerald floors premier,2.35,sector 65,16207.0,3.0,3.0,3,2.0,Relatively New,flat,1500.0,0,0,0,0,0,1,64,"28.4030° N, 77.0690° E",28.403,77.069
smriti apartment,0.6,sector 56,10000.0,1.0,1.0,1,2.0,Moderately Old,flat,543.0,0,0,0,0,0,0,49,"28.4245° N, 77.0991° E",28.4245,77.0991
signature andour heights,0.59,sector 71,8429.0,2.0,2.0,1,6.0,Moderately Old,flat,639.0,0,0,0,0,0,0,67,"28.4104° N, 77.0281° E",28.4104,77.0281
tata primanti,3.5,sector 72,11427.0,4.0,5.0,3+,16.0,Relatively New,flat,2625.0,0,0,0,0,0,0,31,"28.4225° N, 77.0211° E",28.4225,77.0211
international city by sobha phase 1,5.7,sector 109,10556.0,4.0,4.0,3+,4.0,Relatively New,house,5400.0,1,1,0,0,0,0,98,"28.5073° N, 77.0089° E",28.5073,77.0089
vatika city,2.1,sector 49,10417.0,3.0,3.0,3,9.0,Moderately Old,flat,1604.25,0,0,0,0,0,1,132,"28.4121° N, 77.0480° E",28.4121,77.048
antriksh heights,0.92,sector 84,5041.0,3.0,3.0,3,2.0,Relatively New,flat,1652.0,0,0,0,0,0,0,67,"28.3979° N, 76.9736° E",28.3979,76.9736
independent,0.92,sector 4,15257.0,1.0,4.0,3,4.0,Moderately Old,house,603.0,0,0,0,0,1,0,0,"28.4738° N, 77.0107° E",28.4738,77.0107
godrej,1.47,sector 79,16261.0,2.0,2.0,3,9.0,New Property,flat,93.0,0,0,0,0,0,0,99,"28.3624° N, 76.9787° E",28.3624,76.9787
tata primanti,5.25,sector 72,15648.0,4.0,4.0,3+,30.0,New Property,flat,3000.0,0,0,0,0,0,1,174,"28.4225° N, 77.0211° E",28.4225,77.0211
ansal api spanish court,2.9,sector 2,18626.0,4.0,4.0,3,2.0,Relatively New,house,1557.0,0,0,1,0,0,1,49,"28.5095° N, 77.0320° E",28.5095,77.032
shree vardhman flora,0.9,sector 90,4615.0,3.0,4.0,3,4.0,Relatively New,flat,1765.0,0,0,0,0,0,0,165,"28.4085° N, 76.9369° E",28.4085,76.9369
krrish provence estate,7.5,gwal pahari,7500.0,5.0,6.0,3+,23.0,Relatively New,flat,9050.0,0,0,0,0,0,0,49,"28.4484° N, 77.0210° E",28.4484,77.021
lotus homz,0.6,sector 111,8451.0,2.0,2.0,3,9.0,New Property,flat,789.0,0,0,0,0,0,0,52,"28.5238° N, 77.0320° E",28.5238,77.032
m3m urbana,1.0,sector 67,12107.0,1.0,1.0,1,17.0,Relatively New,flat,826.0,0,0,0,0,0,0,49,"28.3859° N, 77.0608° E",28.3859,77.0608
independent,0.99,sector 47,17188.0,1.0,4.0,3,4.0,Relatively New,house,576.0,0,0,0,0,0,0,13,"28.4276° N, 77.0492° E",28.4276,77.0492
emaar imperial gardens,2.05,sector 102,9875.0,3.0,4.0,3+,14.0,Relatively New,flat,2250.0,0,0,0,0,0,0,116,"28.4750° N, 76.9715° E",28.475,76.9715
tata primanti,3.2,sector 72,12190.0,4.0,4.0,3+,8.0,Moderately Old,flat,2600.0,0,0,0,0,0,1,168,"28.4225° N, 77.0211° E",28.4225,77.0211
ramprastha primera,1.1,sector 37d,6111.0,3.0,3.0,3,6.0,Relatively New,flat,1700.0,0,0,0,0,0,0,149,"28.4478° N, 76.9703° E",28.4478,76.9703
smart world orchard,1.6,sector 61,13913.0,2.0,2.0,2,3.0,Under Construction,flat,1278.0,0,0,0,0,0,0,37,"28.4050° N, 77.0963° E",28.405,77.0963
bestech park view residency,1.01,sector 2,7138.0,2.0,2.0,3,0.0,Moderately Old,flat,1281.0,0,0,0,0,0,0,92,"28.5095° N, 77.0320° E",28.5095,77.032
shree vardhman victoria,1.9,sector 70,9744.0,3.0,3.0,3,10.0,New Property,flat,1765.0,0,0,0,0,0,0,36,"28.3968° N, 77.0233° E",28.3968,77.0233
signature global synera,0.31,sector 81,7434.0,1.0,1.0,1,13.0,Relatively New,flat,366.0,0,0,0,0,0,2,123,"28.3867° N, 76.9485° E",28.3867,76.9485
tulip violet,1.2,sector 69,10909.0,2.0,3.0,0,0.0,Relatively New,flat,1100.0,0,0,0,0,0,0,54,"28.3966° N, 77.0341° E",28.3966,77.0341
tulip violet,1.8,sector 69,8955.0,4.0,4.0,2,9.0,Relatively New,flat,1819.0,0,0,0,0,0,1,165,"28.3966° N, 77.0341° E",28.3966,77.0341
hsiidc sidco aravali,0.9,manesar,3478.0,3.0,3.0,3,2.0,Old Property,flat,1900.0,0,0,0,0,0,2,21,"28.3515° N, 76.9428° E",28.3515,76.9428
emaar gurgaon greens,1.4,sector 102,8485.0,3.0,3.0,3,9.0,Relatively New,flat,1413.0,0,0,0,0,0,0,49,"28.4750° N, 76.9715° E",28.475,76.9715
ireo skyon,2.82,sector 60,12818.0,3.0,3.0,3,2.0,Relatively New,flat,2400.0,0,0,0,0,0,1,174,"28.4003° N, 77.0975° E",28.4003,77.0975
ss the leaf,2.15,sector 85,8929.0,3.0,5.0,3,2.0,New Property,flat,2179.0,0,0,0,0,0,0,53,"28.4042° N, 76.9513° E",28.4042,76.9513
shapoorji pallonji joyville gurugram,1.4,sector 102,10378.0,2.0,2.0,2,11.0,New Property,flat,1166.0,0,0,0,0,0,1,49,"28.4750° N, 76.9715° E",28.475,76.9715
sector 14 rwa,6.5,sector 14,26000.0,5.0,5.0,0,4.0,Moderately Old,house,2500.0,0,0,0,0,0,0,0,"28.4711° N, 77.0454° E",28.4711,77.0454
godrej nature plus,1.25,sector 33,9025.0,2.0,2.0,3,17.0,Under Construction,flat,1385.0,0,0,0,0,0,0,56,"28.4420° N, 77.0207° E",28.442,77.0207
the close north,2.5,sector 50,11945.0,3.0,3.0,3,11.0,Relatively New,flat,1894.0,0,0,0,0,0,1,127,"28.4178° N, 77.0628° E",28.4178,77.0628
independent,5.5,sector 46,23061.0,8.0,8.0,3+,3.0,Moderately Old,house,2385.0,1,0,0,0,1,1,32,"28.4374° N, 77.0586° E",28.4374,77.0586
ireo the corridors,2.0,sector 67a,11581.0,3.0,3.0,2,6.0,Under Construction,flat,1346.0,0,0,0,0,0,0,15,"28.3960° N, 77.0372° E",28.396,77.0372
supertech hues,0.93,sector 68,8611.0,2.0,2.0,2,11.0,New Property,flat,1200.0,0,0,0,0,0,0,0,"28.3853° N, 77.0484° E",28.3853,77.0484
independent,6.6,sector 25,36667.0,6.0,7.0,3+,2.0,Moderately Old,house,1800.0,1,1,0,0,0,1,119,"28.4844° N, 77.0860° E",28.4844,77.086
godrej aria,1.1,sector 79,7774.0,2.0,2.0,3+,4.0,New Property,flat,1223.0,0,0,0,0,0,1,49,"28.3624° N, 76.9787° E",28.3624,76.9787
dlf the arbour,8.5,sector 63,21519.0,4.0,4.0,3+,27.0,New Property,house,3950.0,0,0,0,0,0,0,61,"28.3971° N, 77.0867° E",28.3971,77.0867
m3m merlin,2.9,sector 67,14167.0,3.0,3.0,3,0.0,Relatively New,flat,2047.0,0,0,0,0,0,1,49,"28.3859° N, 77.0608° E",28.3859,77.0608
independent,3.5,sector 31,24155.0,4.0,3.0,3,2.0,Moderately Old,house,1449.0,0,0,1,0,0,1,81,"28.4528° N, 77.0498° E",28.4528,77.0498
paras dews,1.4,sector 106,6001.0,3.0,4.0,3+,12.0,Under Construction,flat,1593.0,0,0,0,0,0,0,55,"28.5007° N, 77.0003° E",28.5007,77.0003
emaar palm gardens,1.76,sector 83,9263.0,3.0,3.0,3,5.0,Relatively New,flat,1600.0,0,0,0,0,0,1,174,"28.3986° N, 76.9647° E",28.3986,76.9647
ireo victory valley,8.0,sector 67,22222.0,6.0,7.0,3+,3.0,Moderately Old,house,3600.0,1,1,1,1,0,1,151,"28.3859° N, 77.0608° E",28.3859,77.0608
independent,1.0,sector 6,4630.0,6.0,4.0,0,3.0,Moderately Old,house,240.0,0,0,0,0,0,0,0,"28.4745° N, 77.0262° E",28.4745,77.0262
shree vardhman flora,1.0,sector 90,5128.0,3.0,4.0,3,8.0,New Property,flat,1765.0,0,0,0,0,0,0,95,"28.4085° N, 76.9369° E",28.4085,76.9369
allure homes,0.72,sector 12,7273.0,2.0,2.0,1,2.0,Relatively New,flat,1100.0,0,0,0,0,0,1,16,"28.4723° N, 77.0320° E",28.4723,77.032
m3m capital,2.57,sector 113,15576.0,4.0,5.0,3+,25.0,Under Construction,flat,2060.0,0,0,0,0,0,1,79,"28.5287° N, 77.0233° E",28.5287,77.0233
m3m merlin,2.65,sector 67,12946.0,3.0,3.0,3,0.0,Relatively New,flat,2047.0,0,0,0,0,0,1,174,"28.3859° N, 77.0608° E",28.3859,77.0608
sbtl caladium,1.63,sector 109,6405.0,3.0,3.0,2,8.0,Relatively New,flat,2303.0,0,0,0,0,0,0,159,"28.5073° N, 77.0089° E",28.5073,77.0089
godrej,1.29,sector 79,8206.0,2.0,2.0,3,4.0,New Property,flat,1423.0,0,0,0,0,0,0,0,"28.3624° N, 76.9787° E",28.3624,76.9787
krrish provence estate,5.25,gwal pahari,9052.0,4.0,5.0,3+,2.0,New Property,flat,5249.0,0,0,0,0,0,0,49,"28.4484° N, 77.0210° E",28.4484,77.021
shree arihant apartment,1.55,sector 54,7381.0,3.0,3.0,3+,3.0,Moderately Old,flat,2000.0,0,0,0,0,0,1,125,"28.4348° N, 77.1089° E",28.4348,77.1089
ss the leaf,1.84,sector 85,7641.0,3.0,4.0,3,8.0,Relatively New,flat,2026.0,0,0,0,0,0,0,158,"28.4042° N, 76.9513° E",28.4042,76.9513
bptp mansions park prime,3.0,sector 66,10854.0,4.0,4.0,3,3.0,Relatively New,flat,2700.0,0,0,0,0,0,1,174,"28.3925° N, 77.0541° E",28.3925,77.0541
m3m soulitude,1.3,sector 89,8701.0,3.0,3.0,2,1.0,New Property,flat,1179.0,0,0,0,0,0,0,45,"28.4253° N, 76.9439° E",28.4253,76.9439
independent,2.0,sector 7,11111.0,2.0,2.0,1,2.0,Relatively New,house,1800.0,0,0,0,0,0,0,0,"28.4644° N, 77.0143° E",28.4644,77.0143
independent,1.65,sector 9,18333.0,2.0,3.0,0,3.0,Old Property,house,900.0,0,0,0,0,0,0,0,"28.4603° N, 77.0000° E",28.4603,77.0
sare green parc phase 3,0.75,sector 92,7143.0,3.0,2.0,2,3.0,New Property,flat,1298.0,0,0,0,0,0,0,121,"28.4079° N, 76.9153° E",28.4079,76.9153
ramprastha skyz,1.1,sector 37d,6377.0,3.0,3.0,3+,7.0,Under Construction,flat,1561.0,0,0,0,0,0,0,109,"28.4478° N, 76.9703° E",28.4478,76.9703
ats tourmaline,1.4,sector 109,8000.0,3.0,3.0,3+,12.0,Relatively New,flat,1584.0,0,0,0,0,0,0,65,"28.5073° N, 77.0089° E",28.5073,77.0089
shree vardhman victoria,1.55,sector 70,7949.0,3.0,3.0,3,6.0,Relatively New,flat,1527.0,0,0,0,0,0,0,49,"28.3968° N, 77.0233° E",28.3968,77.0233
independent,10.5,sector 28,32407.0,5.0,6.0,3+,3.0,New Property,house,3240.0,1,1,0,1,0,1,153,"28.4728° N, 77.0865° E",28.4728,77.0865
bestech altura,1.72,sector 79,8000.0,3.0,4.0,3+,5.0,Relatively New,flat,1695.0,0,0,0,0,0,1,174,"28.3624° N, 76.9787° E",28.3624,76.9787
signature global synera,0.48,sector 81,8027.0,2.0,2.0,1,14.0,Relatively New,flat,547.0,0,0,0,0,0,1,14,"28.3867° N, 76.9485° E",28.3867,76.9485
dlf regal gardens,1.25,sector 90,5930.0,3.0,3.0,3,18.0,Relatively New,flat,1557.0,0,0,0,0,0,0,72,"28.4085° N, 76.9369° E",28.4085,76.9369
raheja atharva,2.2,sector 109,9491.0,3.0,3.0,2,7.0,Moderately Old,flat,2576.0,0,0,0,0,0,1,111,"28.5073° N, 77.0089° E",28.5073,77.0089
godrej nature plus,1.5,sector 33,9677.0,3.0,3.0,3,6.0,Under Construction,flat,1403.0,0,0,0,0,0,0,72,"28.4420° N, 77.0207° E",28.442,77.0207
sidhivinayak apartments,1.9,sector 55,10556.0,4.0,3.0,3+,9.0,Moderately Old,flat,2000.0,0,0,0,0,0,2,35,"28.4281° N, 77.1100° E",28.4281,77.11
la vida by tata housing,1.35,sector 113,13990.0,2.0,2.0,3,10.0,New Property,flat,1090.0,0,0,0,0,0,0,174,"28.5287° N, 77.0233° E",28.5287,77.0233
vatika gurgaon,1.33,sector 83,5565.0,4.0,4.0,3,3.0,Relatively New,flat,2193.0,0,0,0,0,0,0,26,"28.3986° N, 76.9647° E",28.3986,76.9647
chd avenue,1.1,sector 71,6790.0,3.0,3.0,3,11.0,Relatively New,flat,1466.0,0,0,0,0,0,0,72,"28.4104° N, 77.0281° E",28.4104,77.0281
independent,13.5,sector 25,19286.0,9.0,9.0,0,1.0,Relatively New,house,7000.0,0,0,0,0,0,0,0,"28.4844° N, 77.0860° E",28.4844,77.086
tulip violet,1.4,sector 69,8929.0,3.0,3.0,1,12.0,Relatively New,flat,1419.0,0,0,0,0,0,0,157,"28.3966° N, 77.0341° E",28.3966,77.0341
bestech park view sanskruti,1.5,sector 92,7812.0,3.0,3.0,3,3.0,Relatively New,flat,1738.0,0,0,0,0,0,0,49,"28.4079° N, 76.9153° E",28.4079,76.9153
independent,3.6,sector 91,14815.0,4.0,4.0,3,2.0,New Property,house,2430.0,0,0,0,0,0,1,49,"28.4014° N, 76.9225° E",28.4014,76.9225
smart world orchard,1.58,sector 61,13739.0,2.0,2.0,2,3.0,New Property,flat,1278.0,0,0,0,0,0,0,15,"28.4050° N, 77.0963° E",28.405,77.0963
international city by sobha phase 1,6.75,sector 109,10838.0,4.0,4.0,3+,2.0,New Property,house,6228.0,0,1,0,1,0,0,130,"28.5073° N, 77.0089° E",28.5073,77.0089
ild greens,0.95,sector 37c,9223.0,2.0,2.0,3+,11.0,Relatively New,flat,1179.0,0,0,0,0,0,1,119,"28.4515° N, 76.9882° E",28.4515,76.9882
corona gracieux,1.05,sector 76,5949.0,3.0,3.0,3+,7.0,Relatively New,flat,1597.0,0,0,0,0,0,1,133,"28.3935° N, 76.9888° E",28.3935,76.9888
signature global city 63a,1.65,sector 63a,15264.0,2.0,2.0,2,1.0,Under Construction,flat,978.0,0,0,0,0,0,0,0,"28.3923° N, 77.0888° E",28.3923,77.0888
pioneer park,2.1,sector 61,11667.0,3.0,3.0,3,15.0,Relatively New,flat,1592.0,0,0,0,0,0,1,49,"28.4050° N, 77.0963° E",28.405,77.0963
vipul tatvam villa,7.65,sector 48,19125.0,4.0,4.0,3,2.0,Moderately Old,house,4000.0,1,1,0,0,1,0,49,"28.4177° N, 77.0359° E",28.4177,77.0359
pivotal devaan,0.35,sector 84,7277.0,2.0,2.0,1,10.0,Relatively New,flat,531.0,0,0,0,0,0,0,103,"28.3979° N, 76.9736° E",28.3979,76.9736
supertech basera,0.36,sector 79,7643.0,2.0,2.0,1,4.0,New Property,flat,546.0,0,0,0,0,0,0,60,"28.3624° N, 76.9787° E",28.3624,76.9787
guru gram haryana cghs,1.39,sector 56,8424.0,3.0,2.0,3,6.0,Old Property,flat,1750.0,0,0,0,0,0,1,89,"28.4245° N, 77.0991° E",28.4245,77.0991
ramprastha primera,1.08,sector 37d,6000.0,3.0,3.0,3,9.0,Relatively New,flat,1700.0,0,0,0,0,0,0,158,"28.4478° N, 76.9703° E",28.4478,76.9703
rof ananda,0.55,sector 95,8527.0,3.0,2.0,2,14.0,New Property,flat,811.0,0,0,0,0,0,1,81,"28.4172° N, 76.9081° E",28.4172,76.9081
signature global orchard avenue,0.85,sector 93,14238.0,2.0,2.0,0,10.0,Relatively New,flat,597.0,0,0,0,0,0,0,0,"28.4153° N, 76.9326° E",28.4153,76.9326
emaar mgf the palm drive,3.0,sector 66,14286.0,4.0,5.0,3+,10.0,Relatively New,flat,2100.0,0,0,0,0,0,1,49,"28.3925° N, 77.0541° E",28.3925,77.0541
shree vardhman victoria,1.64,sector 70,8410.0,3.0,5.0,3,8.0,Relatively New,flat,1527.0,0,0,0,0,0,0,126,"28.3968° N, 77.0233° E",28.3968,77.0233
maxworth city residences,0.9,sector 10a,7081.0,2.0,2.0,3,9.0,New Property,flat,1086.0,0,0,0,0,0,0,52,"28.4469° N, 77.0106° E",28.4469,77.0106
orris aster court premier,1.73,sector 85,6758.0,4.0,5.0,3+,8.0,Relatively New,flat,2017.0,0,0,0,0,0,0,16,"28.4042° N, 76.9513° E",28.4042,76.9513
emaar mgf palm terraces select,3.4,sector 66,14108.0,4.0,4.0,3+,2.0,Relatively New,flat,2210.0,0,0,0,0,0,1,157,"28.3925° N, 77.0541° E",28.3925,77.0541
dlf new town heights,1.99,sector 90,7297.0,4.0,4.0,3+,9.0,Relatively New,flat,3030.0,0,0,0,0,0,1,102,"28.4085° N, 76.9369° E",28.4085,76.9369
conscient elevate,4.25,sector 59,18519.0,3.0,4.0,3,3.0,Under Construction,flat,2077.0,0,0,0,0,0,0,0,"28.4051° N, 77.1097° E",28.4051,77.1097
independent,4.5,sector 14,20000.0,5.0,5.0,1,1.0,Relatively New,house,2778.0,0,0,0,0,0,0,0,"28.4711° N, 77.0454° E",28.4711,77.0454
prime habitat,0.26,sector 99a,4745.0,2.0,2.0,1,6.0,Relatively New,flat,611.0,0,0,0,0,0,0,79,"28.4561° N, 76.9542° E",28.4561,76.9542
independent,1.0,sector 7,8818.0,2.0,2.0,0,0.0,Old Property,house,126.0,1,0,0,0,0,0,7,"28.4644° N, 77.0143° E",28.4644,77.0143
tulip violet,1.75,sector 69,8883.0,4.0,4.0,1,12.0,Relatively New,flat,1783.0,0,0,0,0,0,0,86,"28.3966° N, 77.0341° E",28.3966,77.0341
conscient heritage max,3.0,sector 102,10490.0,4.0,4.0,3+,7.0,Relatively New,flat,3178.0,0,0,0,0,0,1,65,"28.4750° N, 76.9715° E",28.475,76.9715
ireo victory valley,3.49,sector 67,12998.0,3.0,3.0,3,19.0,Relatively New,flat,2724.0,0,0,0,0,0,0,103,"28.3859° N, 77.0608° E",28.3859,77.0608
birla navya,2.1,sector 63a,16667.0,2.0,2.0,2,2.0,Under Construction,flat,1400.0,0,0,0,0,0,0,38,"28.3923° N, 77.0888° E",28.3923,77.0888
pioneer araya,9.2,sector 62,19944.0,4.0,6.0,3,5.0,Relatively New,flat,3867.0,0,0,0,0,0,1,156,"28.4139° N, 77.0886° E",28.4139,77.0886
vatika the seven lamps,1.0,sector 82,6969.0,2.0,2.0,2,14.0,Relatively New,flat,1299.0,0,0,0,0,0,0,69,"28.3935° N, 76.9600° E",28.3935,76.96
iffco nagar and 17b rwa,2.98,sector 17,20566.0,2.0,6.0,3+,3.0,Relatively New,house,1449.0,1,0,0,1,0,0,78,"28.4791° N, 77.0608° E",28.4791,77.0608
tata primanti,3.5,sector 72,11427.0,4.0,5.0,3+,10.0,Relatively New,flat,2625.0,0,0,0,0,0,0,38,"28.4225° N, 77.0211° E",28.4225,77.0211
ansal heights,0.6,sector 92,4545.0,2.0,2.0,3,11.0,Under Construction,flat,1195.0,0,0,0,0,0,0,23,"28.4079° N, 76.9153° E",28.4079,76.9153
independent,7.25,sector 57,26852.0,9.0,9.0,3+,2.0,New Property,house,2700.0,0,1,0,1,1,1,49,"28.4232° N, 77.0752° E",28.4232,77.0752
valley view estate,0.38,gwal pahari,6090.0,1.0,1.0,1,11.0,Moderately Old,flat,565.0,0,0,0,0,0,0,42,"28.4484° N, 77.0210° E",28.4484,77.021
experion windchants,7.46,sector 112,10260.0,4.0,4.0,3+,2.0,Relatively New,house,6350.0,0,1,0,1,0,1,62,"28.5189° N, 77.0183° E",28.5189,77.0183
m3m golfestate,5.0,sector 65,18519.0,3.0,3.0,3+,28.0,Relatively New,flat,2800.0,0,0,0,0,0,1,165,"28.4030° N, 77.0690° E",28.403,77.069
dlf new town heights,1.95,sector 90,7151.0,4.0,4.0,3+,24.0,Relatively New,flat,2456.0,0,0,0,0,0,0,174,"28.4085° N, 76.9369° E",28.4085,76.9369
unitech espace,10.45,sector 50,32253.0,5.0,7.0,3+,3.0,Moderately Old,house,3240.0,1,1,0,1,1,1,153,"28.4178° N, 77.0628° E",28.4178,77.0628
alpha corp gurgaonone,1.15,sector 84,7497.0,2.0,2.0,3,8.0,Relatively New,flat,1361.0,0,0,0,0,0,1,37,"28.3979° N, 76.9736° E",28.3979,76.9736
zara aavaas,0.49,sector 104,6577.0,3.0,2.0,2,7.0,Under Construction,flat,695.0,0,0,0,0,0,0,74,"28.4788° N, 76.9960° E",28.4788,76.996
millenia,0.4,sector 37c,6667.0,2.0,2.0,2,4.0,New Property,flat,667.0,0,0,0,0,0,0,29,"28.4515° N, 76.9882° E",28.4515,76.9882
dlf new town heights,1.3,sector 86,6736.0,3.0,3.0,3,12.0,Moderately Old,flat,1747.0,0,0,0,0,0,1,165,"28.3986° N, 76.9384° E",28.3986,76.9384
adani m2k oyster grande,1.9,sector 102,9104.0,3.0,4.0,3,8.0,Relatively New,flat,1710.0,0,0,0,0,0,0,165,"28.4750° N, 76.9715° E",28.475,76.9715
godrej habitat,1.3,sector 3,9003.0,2.0,2.0,2,6.0,Under Construction,flat,1604.0,0,0,0,0,0,0,36,"28.4909° N, 77.0176° E",28.4909,77.0176
independent,4.25,sector 41,26235.0,2.0,9.0,3+,4.0,Moderately Old,house,1620.0,1,1,0,0,0,1,36,"28.4557° N, 77.0632° E",28.4557,77.0632
independent,10.0,sector 24,25543.0,8.0,10.0,3+,1.0,Old Property,house,3915.0,0,0,0,0,0,0,0,"28.4939° N, 77.1038° E",28.4939,77.1038
ireo the corridors,1.7,sector 67a,9844.0,3.0,3.0,2,10.0,New Property,flat,1346.0,0,0,0,0,0,1,44,"28.3960° N, 77.0372° E",28.396,77.0372
sbr apartment,0.68,manesar,4456.0,3.0,3.0,3,2.0,Moderately Old,flat,1526.0,0,0,0,0,0,0,0,"28.3515° N, 76.9428° E",28.3515,76.9428
emaar mgf palm hills,1.25,sector 77,8621.0,3.0,4.0,3,3.0,Relatively New,flat,1310.0,0,0,0,0,0,0,49,"28.3801° N, 76.9845° E",28.3801,76.9845
corona optus,1.27,sector 37c,7232.0,3.0,3.0,3,2.0,Relatively New,flat,1595.0,0,0,0,0,0,0,49,"28.4515° N, 76.9882° E",28.4515,76.9882
bestech spa signature,4.4,sector 81,12571.0,4.0,4.0,3+,6.0,New Property,flat,3700.0,0,0,0,0,0,2,49,"28.3867° N, 76.9485° E",28.3867,76.9485
bestech park view spa next,3.32,sector 67,12600.0,4.0,5.0,3+,12.0,Moderately Old,flat,2385.0,0,0,0,0,0,1,174,"28.3859° N, 77.0608° E",28.3859,77.0608
ss the leaf,1.12,sector 85,6452.0,2.0,2.0,3,10.0,Relatively New,flat,1485.0,0,0,0,0,0,0,49,"28.4042° N, 76.9513° E",28.4042,76.9513
cghs rail vihar,1.4,sector 15,10769.0,4.0,3.0,3,3.0,Old Property,flat,1444.0,0,0,0,0,0,1,81,"28.4621° N, 77.0464° E",28.4621,77.0464
dlf regency park,2.26,sector 28,13697.0,3.0,3.0,2,19.0,Old Property,flat,1700.0,0,0,0,0,0,0,158,"28.4728° N, 77.0865° E",28.4728,77.0865
vatika lifestyle homes,1.15,sector 83,8214.0,3.0,3.0,1,7.0,Moderately Old,flat,1607.0,0,0,0,0,0,1,95,"28.3986° N, 76.9647° E",28.3986,76.9647
pyramid urban homes 2,0.6,sector 86,8000.0,3.0,2.0,2,2.0,New Property,flat,833.0,0,0,0,0,0,0,13,"28.3986° N, 76.9384° E",28.3986,76.9384
apna enclave,0.5,sector 3,7692.0,2.0,2.0,1,1.0,Old Property,flat,722.0,0,0,0,0,0,1,37,"28.4909° N, 77.0176° E",28.4909,77.0176
vatika gurgaon,1.25,sector 83,6313.0,3.0,3.0,2,2.0,Relatively New,flat,1792.0,0,0,0,0,0,0,119,"28.3986° N, 76.9647° E",28.3986,76.9647
dlf regal gardens,1.26,sector 90,7636.0,3.0,3.0,2,12.0,Relatively New,flat,1650.0,0,0,0,0,0,0,8,"28.4085° N, 76.9369° E",28.4085,76.9369
independent,10.5,sector 25,29022.0,5.0,5.0,3,3.0,Moderately Old,house,3618.0,1,1,0,1,0,0,42,"28.4844° N, 77.0860° E",28.4844,77.086
m3m woodshire,1.2,sector 107,6176.0,3.0,3.0,3,7.0,Relatively New,flat,1750.0,0,0,0,0,0,1,49,"28.5052° N, 76.9729° E",28.5052,76.9729
ansal sushant lok,10.5,sector 43,27911.0,4.0,4.0,2,2.0,Old Property,house,3762.0,0,1,0,0,0,0,59,"28.4629° N, 77.0772° E",28.4629,77.0772
pivotal riddhi siddhi,0.72,sector 99,947.0,2.0,2.0,2,12.0,Relatively New,flat,784.0,0,0,0,0,0,0,31,"28.4640° N, 76.9614° E",28.464,76.9614
sare crescent parc,0.8,sector 92,4211.0,4.0,3.0,2,10.0,Relatively New,flat,1719.0,0,0,0,0,0,0,37,"28.4079° N, 76.9153° E",28.4079,76.9153
dlf regal gardens,1.78,sector 90,8036.0,4.0,4.0,3+,8.0,Relatively New,flat,2000.0,0,0,0,0,0,0,126,"28.4085° N, 76.9369° E",28.4085,76.9369
ireo victory valley,4.5,sector 67,14098.0,4.0,4.0,3+,0.0,Relatively New,flat,3160.0,0,0,0,0,0,1,42,"28.3859° N, 77.0608° E",28.3859,77.0608
independent,2.5,sector 37d,13158.0,5.0,5.0,3+,2.0,Relatively New,house,1900.0,0,0,0,0,0,0,0,"28.4478° N, 76.9703° E",28.4478,76.9703
independent,0.66,sector 6,10784.0,3.0,2.0,1,2.0,Old Property,house,612.0,0,0,0,0,0,0,36,"28.4745° N, 77.0262° E",28.4745,77.0262
adarsh nagar,0.65,sector 12,6190.0,3.0,3.0,1,1.0,New Property,flat,1167.0,0,0,0,0,0,1,42,"28.4723° N, 77.0320° E",28.4723,77.032
parsvnath exotica,6.44,sector 53,19003.0,4.0,4.0,3,7.0,Moderately Old,flat,3068.0,0,0,0,0,0,1,80,"28.4433° N, 77.0948° E",28.4433,77.0948
raheja atharva,0.79,sector 109,7932.0,3.0,2.0,2,3.0,Relatively New,flat,1213.0,0,0,0,0,0,1,44,"28.5073° N, 77.0089° E",28.5073,77.0089
paras dews,1.42,sector 106,6030.0,4.0,6.0,3+,11.0,Relatively New,flat,2131.0,0,0,0,0,0,0,143,"28.5007° N, 77.0003° E",28.5007,77.0003
m3m soulitude,1.28,sector 89,8828.0,3.0,3.0,2,4.0,Under Construction,flat,1611.0,0,0,0,0,0,0,114,"28.4253° N, 76.9439° E",28.4253,76.9439
shree vardhman flora,0.7,sector 90,4614.0,2.0,2.0,3,9.0,New Property,flat,1224.0,0,0,0,0,0,0,51,"28.4085° N, 76.9369° E",28.4085,76.9369
independent,19.0,sector 26,42222.0,6.0,8.0,3+,3.0,Moderately Old,house,4500.0,1,1,1,1,0,1,103,"28.4757° N, 77.1032° E",28.4757,77.1032
emaar mgf emerald floors premier,2.29,sector 65,13879.0,3.0,4.0,3+,2.0,Relatively New,flat,1833.0,0,0,0,0,0,2,174,"28.4030° N, 77.0690° E",28.403,77.069
dhoot time residency,2.2,sector 63,12813.0,3.0,4.0,3+,8.0,Moderately Old,flat,1554.0,0,0,0,0,0,1,61,"28.3971° N, 77.0867° E",28.3971,77.0867
ats tourmaline,1.5,sector 109,8571.0,3.0,3.0,3+,7.0,Relatively New,flat,1466.0,0,0,0,0,0,0,165,"28.5073° N, 77.0089° E",28.5073,77.0089
bestech park view grand spa,3.0,sector 81,9419.0,4.0,5.0,2,6.0,Relatively New,flat,2882.0,0,0,0,0,0,1,110,"28.3867° N, 76.9485° E",28.3867,76.9485
the lions cghs,2.0,sector 56,8333.0,4.0,4.0,3,8.0,Relatively New,flat,2253.0,0,0,0,0,0,1,49,"28.4245° N, 77.0991° E",28.4245,77.0991
mahindra aura,1.4,sector 110,9655.0,3.0,3.0,3,10.0,Relatively New,flat,1550.0,0,0,0,0,0,1,142,"28.5145° N, 77.0197° E",28.5145,77.0197
tulip violet,1.55,sector 69,9823.0,3.0,3.0,2,0.0,Relatively New,flat,1428.0,0,0,0,0,0,1,129,"28.3966° N, 77.0341° E",28.3966,77.0341
shree vardhman flora,0.65,sector 90,4815.0,2.0,2.0,3,3.0,Relatively New,flat,1222.0,0,0,0,0,0,0,106,"28.4085° N, 76.9369° E",28.4085,76.9369
sare crescent parc,0.5,sector 92,5000.0,2.0,2.0,3,2.0,Moderately Old,flat,905.0,0,0,0,0,0,0,38,"28.4079° N, 76.9153° E",28.4079,76.9153
huda ashok vihar phase,0.7,sector 4,10234.0,3.0,2.0,1,2.0,New Property,house,684.0,1,0,0,0,0,0,7,"28.4738° N, 77.0107° E",28.4738,77.0107
independent,4.0,sector 56,26613.0,4.0,4.0,3+,2.0,Relatively New,house,1503.0,0,0,0,0,0,1,24,"28.4245° N, 77.0991° E",28.4245,77.0991
signature global city 63a,1.5,sector 63,6289.0,3.0,3.0,2,1.0,New Property,house,2385.0,0,0,0,0,0,0,0,"28.3971° N, 77.0867° E",28.3971,77.0867
piedmont taksila heights,1.0,sector 37c,6506.0,3.0,3.0,3+,8.0,Relatively New,flat,1708.0,0,0,0,0,0,1,49,"28.4515° N, 76.9882° E",28.4515,76.9882
adani m2k oyster grande,2.6,sector 102,10008.0,3.0,3.0,3,2.0,Relatively New,flat,2351.0,0,0,0,0,0,0,118,"28.4750° N, 76.9715° E",28.475,76.9715
shapoorji pallonji joyville gurugram,1.75,sector 102,15514.0,3.0,3.0,3+,1.0,Relatively New,flat,1465.0,0,0,0,0,0,0,49,"28.4750° N, 76.9715° E",28.475,76.9715
smart world orchard,2.2,sector 61,13497.0,3.0,3.0,2,1.0,Under Construction,flat,1778.0,0,0,0,0,0,0,49,"28.4050° N, 77.0963° E",28.405,77.0963
experion the heartsong,3.0,sector 108,18394.0,4.0,5.0,3+,2.0,Relatively New,flat,2204.25,0,0,0,0,0,2,149,"28.5134° N, 76.9830° E",28.5134,76.983
apex our homes,0.38,sector 37c,4108.0,2.0,2.0,1,9.0,Relatively New,flat,925.0,0,0,0,0,0,0,65,"28.4515° N, 76.9882° E",28.4515,76.9882
paras dews,1.14,sector 106,6000.0,3.0,4.0,3,8.0,Relatively New,flat,1305.0,0,0,0,0,0,0,49,"28.5007° N, 77.0003° E",28.5007,77.0003
bestech park view grand spa,2.91,sector 81,9137.0,4.0,5.0,2,6.0,Relatively New,flat,3017.0,0,0,0,0,0,1,101,"28.3867° N, 76.9485° E",28.3867,76.9485
adani m2k oyster grande,4.55,sector 102,10000.0,4.0,4.0,3+,11.0,Relatively New,flat,4630.0,0,0,0,0,0,1,60,"28.4750° N, 76.9715° E",28.475,76.9715
unitech espace,7.45,sector 50,34491.0,4.0,4.0,3,3.0,Old Property,house,4500.0,0,1,0,0,0,1,59,"28.4178° N, 77.0628° E",28.4178,77.0628
unitech fresco,1.82,sector 50,9913.0,3.0,3.0,3+,14.0,Moderately Old,flat,1830.0,0,0,0,0,0,1,174,"28.4178° N, 77.0628° E",28.4178,77.0628
independent,3.55,sector 55,24500.0,4.0,4.0,3+,2.0,Old Property,house,1449.0,0,0,0,0,0,1,27,"28.4281° N, 77.1100° E",28.4281,77.11
independent,0.75,sector 6,10519.0,2.0,4.0,1,3.0,Moderately Old,house,713.0,0,0,0,0,0,0,62,"28.4745° N, 77.0262° E",28.4745,77.0262
sector 14 rwa,5.51,sector 14,16990.0,3.0,3.0,2,4.0,Moderately Old,house,3249.0,0,0,0,0,0,0,14,"28.4711° N, 77.0454° E",28.4711,77.0454
ild greens,0.75,sector 37c,5245.0,2.0,2.0,3+,13.0,Relatively New,flat,1430.0,0,0,0,0,0,0,51,"28.4515° N, 76.9882° E",28.4515,76.9882
independent,1.45,sector 24,2984.0,3.0,3.0,1,2.0,Old Property,house,540.0,0,0,0,0,0,0,9,"28.4939° N, 77.1038° E",28.4939,77.1038
independent,7.0,sector 50,32407.0,3.0,2.0,0,1.0,Moderately Old,house,2160.0,0,0,0,0,0,0,0,"28.4178° N, 77.0628° E",28.4178,77.0628
green campus chs,0.92,manesar,4023.0,3.0,3.0,3+,8.0,Moderately Old,flat,1924.0,0,0,0,0,0,0,5,"28.3515° N, 76.9428° E",28.3515,76.9428
umang monsoon breeze,1.15,sector 78,5285.0,3.0,3.0,3,9.0,Moderately Old,flat,1969.0,0,0,0,0,0,0,22,"28.3733° N, 76.9729° E",28.3733,76.9729
kendriya vihar,0.55,sector 56,9016.0,1.0,2.0,1,0.0,Old Property,flat,678.0,0,0,0,0,0,0,68,"28.4245° N, 77.0991° E",28.4245,77.0991
conscient heritage max,2.65,sector 102,10376.0,4.0,5.0,3+,17.0,Moderately Old,flat,2311.0,0,0,0,0,0,0,125,"28.4750° N, 76.9715° E",28.475,76.9715
uphaar homes,0.45,sector 105,4737.0,3.0,2.0,1,1.0,Relatively New,flat,1056.0,0,0,0,0,0,1,44,"28.4952° N, 77.0114° E",28.4952,77.0114
divya apartments,0.6,sector 6,7595.0,2.0,2.0,0,2.0,Relatively New,flat,790.0,0,0,0,0,0,1,15,"28.4745° N, 77.0262° E",28.4745,77.0262
pyramid urban,0.7,sector 67a,11844.0,2.0,2.0,1,14.0,New Property,flat,657.0,0,0,0,0,0,0,44,"28.3960° N, 77.0372° E",28.396,77.0372
the lions cghs,2.05,sector 56,9535.0,4.0,4.0,3,7.0,Relatively New,flat,2000.0,0,0,0,0,0,1,49,"28.4245° N, 77.0991° E",28.4245,77.0991
m3m skywalk,1.78,sector 74,12500.0,2.0,2.0,3+,12.0,Relatively New,flat,1582.0,0,0,0,0,0,0,63,"28.4158° N, 77.0118° E",28.4158,77.0118
m3m merlin,3.4,sector 67,14419.0,3.0,4.0,3,15.0,Relatively New,flat,2123.0,0,0,0,0,0,1,110,"28.3859° N, 77.0608° E",28.3859,77.0608
independent,4.0,sector 23,16006.0,3.0,3.0,2,2.0,Moderately Old,house,2430.0,0,1,0,0,0,1,115,"28.5121° N, 77.0478° E",28.5121,77.0478
signature global park 4,0.82,sector 36,7586.0,3.0,2.0,3,2.0,New Property,flat,1201.0,0,0,0,0,0,0,24,"28.4160° N, 76.9914° E",28.416,76.9914
dlf new town heights,1.21,sector 90,6244.0,3.0,3.0,3+,7.0,Relatively New,flat,1929.0,0,0,0,0,0,0,127,"28.4085° N, 76.9369° E",28.4085,76.9369
dlf the primus,1.85,sector 82a,10283.0,3.0,3.0,3+,2.0,Relatively New,flat,1668.0,0,0,0,0,0,1,44,"28.3858° N, 76.9686° E",28.3858,76.9686
m3m skywalk,1.6,sector 74,9512.0,2.0,2.0,2,26.0,Relatively New,flat,1508.0,0,0,0,0,0,1,158,"28.4158° N, 77.0118° E",28.4158,77.0118
raheja vedaanta,0.95,sector 108,5214.0,3.0,3.0,3,3.0,Relatively New,flat,1649.0,0,0,0,0,0,0,95,"28.5134° N, 76.9830° E",28.5134,76.983
vatika emilia floors,0.65,sector 83,6190.0,2.0,2.0,2,1.0,Relatively New,flat,950.0,0,0,0,0,0,1,174,"28.3986° N, 76.9647° E",28.3986,76.9647
orris carnation residency,0.72,sector 85,4881.0,3.0,3.0,2,9.0,Moderately Old,flat,1350.0,0,0,0,0,0,0,49,"28.4042° N, 76.9513° E",28.4042,76.9513
unitech escape,12.0,sector 50,37037.0,5.0,6.0,3+,3.0,Moderately Old,house,3240.0,0,0,0,0,0,0,66,"28.4178° N, 77.0628° E",28.4178,77.0628
housing board colony,5.5,sector 28,30556.0,4.0,3.0,3,2.0,Old Property,house,1800.0,0,0,0,1,1,1,22,"28.4728° N, 77.0865° E",28.4728,77.0865
emaar mgf marbella,12.0,sector 66,37037.0,4.0,4.0,3+,3.0,Relatively New,house,3240.0,1,1,1,1,0,1,160,"28.3925° N, 77.0541° E",28.3925,77.0541
m3m golfestate,5.9,sector 65,17481.0,3.0,3.0,3,18.0,Relatively New,flat,3043.0,0,0,0,0,0,0,76,"28.4030° N, 77.0690° E",28.403,77.069
imperia the esfera,0.87,sector 37c,5513.0,2.0,3.0,3+,9.0,New Property,flat,1428.0,0,0,0,0,0,0,49,"28.4515° N, 76.9882° E",28.4515,76.9882
shapoorji pallonji joyville gurugram,0.97,sector 102,10601.0,2.0,2.0,2,12.0,New Property,flat,747.0,0,0,0,0,0,0,57,"28.4750° N, 76.9715° E",28.475,76.9715
ansal heights 86,0.95,sector 86,5621.0,3.0,2.0,1,6.0,New Property,flat,1878.0,0,0,0,0,0,0,15,"28.3986° N, 76.9384° E",28.3986,76.9384
mapsko mount ville,1.55,sector 79,8540.0,3.0,4.0,3,11.0,Relatively New,flat,1416.0,0,0,0,0,0,1,152,"28.3624° N, 76.9787° E",28.3624,76.9787
central park 2 bellevue,2.75,sector 48,10755.0,3.0,4.0,3+,3.0,Moderately Old,flat,2574.0,0,0,0,0,0,0,32,"28.4177° N, 77.0359° E",28.4177,77.0359
mapsko royale ville,1.22,sector 82,7176.0,3.0,5.0,3+,10.0,Relatively New,flat,2000.0,0,0,0,0,0,1,76,"28.3935° N, 76.9600° E",28.3935,76.96
m3m golfestate,6.15,sector 65,15999.0,3.0,5.0,3+,1.0,Relatively New,flat,4271.0,0,0,0,0,0,2,49,"28.4030° N, 77.0690° E",28.403,77.069
ss the leaf,2.15,sector 85,10925.0,4.0,5.0,3+,6.0,Relatively New,flat,2366.0,0,0,0,0,0,0,156,"28.4042° N, 76.9513° E",28.4042,76.9513
independent,2.15,sector 40,23889.0,3.0,3.0,3,3.0,Moderately Old,house,900.0,1,0,1,1,0,0,45,"28.4498° N, 77.0567° E",28.4498,77.0567
shree vardhman flora,0.9,sector 90,4615.0,3.0,4.0,3,4.0,Relatively New,flat,1765.0,0,0,0,0,0,0,165,"28.4085° N, 76.9369° E",28.4085,76.9369
prasha apartments,0.75,manesar,3308.0,3.0,3.0,3+,3.0,Moderately Old,flat,1914.0,0,0,0,0,0,0,31,"28.3515° N, 76.9428° E",28.3515,76.9428
ansal celebrity homes,5.2,sector 2,10000.0,4.0,5.0,2,1.0,Moderately Old,house,5200.0,0,0,0,0,0,0,0,"28.5095° N, 77.0320° E",28.5095,77.032
shree vardhman victoria,1.75,sector 70,8974.0,3.0,4.0,2,16.0,Relatively New,flat,1950.0,0,0,0,0,0,0,49,"28.3968° N, 77.0233° E",28.3968,77.0233
bestech park view grand spa,2.35,sector 81,8835.0,3.0,4.0,3+,6.0,Relatively New,flat,2513.0,0,0,0,0,0,1,101,"28.3867° N, 76.9485° E",28.3867,76.9485
ireo the grand arch,4.0,sector 58,18484.0,3.0,4.0,3,5.0,Old Property,flat,2164.0,0,0,0,0,0,1,49,"28.4200° N, 77.1105° E",28.42,77.1105
vatika gurgaon,1.25,sector 83,7812.0,4.0,4.0,3,12.0,Moderately Old,flat,1970.0,0,0,0,0,0,0,103,"28.3986° N, 76.9647° E",28.3986,76.9647
emaar digihomes,4.0,sector 62,14870.0,3.0,3.0,3,18.0,New Property,flat,2343.0,0,0,0,0,0,1,38,"28.4139° N, 77.0886° E",28.4139,77.0886
vatika lifestyle homes,1.05,sector 83,7500.0,3.0,2.0,2,1.0,Moderately Old,flat,1600.0,0,0,0,0,0,1,106,"28.3986° N, 76.9647° E",28.3986,76.9647
independent,9.9,sector 25,29333.0,5.0,5.0,2,2.0,Moderately Old,house,3375.0,0,0,0,1,0,1,106,"28.4844° N, 77.0860° E",28.4844,77.086
emaar mgf palm hills,1.9,sector 77,9500.0,3.0,4.0,3+,6.0,New Property,flat,1582.0,0,0,0,0,0,1,42,"28.3801° N, 76.9845° E",28.3801,76.9845
shree vardhman flora,0.65,sector 90,4815.0,2.0,2.0,3,6.0,Relatively New,flat,1222.0,0,0,0,0,0,0,174,"28.4085° N, 76.9369° E",28.4085,76.9369
independent,5.5,sector 43,19298.0,8.0,7.0,3+,3.0,Moderately Old,house,2850.0,1,1,0,1,1,1,123,"28.4629° N, 77.0772° E",28.4629,77.0772
central park resort belgravia residences,6.25,sector 48,24300.0,3.0,5.0,3+,5.0,Moderately Old,flat,3200.0,0,0,0,0,0,1,49,"28.4177° N, 77.0359° E",28.4177,77.0359
supertech hues,0.82,sector 68,6949.0,2.0,2.0,3+,21.0,Under Construction,flat,1068.0,0,0,0,0,0,0,72,"28.3853° N, 77.0484° E",28.3853,77.0484
emaar digihomes,2.1,sector 62,14257.0,2.0,2.0,2,30.0,New Property,flat,1365.0,0,0,0,0,0,0,52,"28.4139° N, 77.0886° E",28.4139,77.0886
spectrum centre,0.62,sector 82a,9538.0,1.0,1.0,0,6.0,Relatively New,flat,650.0,0,0,0,0,0,0,0,"28.3858° N, 76.9686° E",28.3858,76.9686
experion the heartsong,2.28,sector 108,8204.0,4.0,5.0,3+,8.0,Relatively New,flat,2515.0,0,0,0,0,0,0,101,"28.5134° N, 76.9830° E",28.5134,76.983
emaar mgf the palm drive,3.45,sector 66,15682.0,3.0,4.0,3,6.0,Relatively New,flat,2000.0,0,0,0,0,0,1,95,"28.3925° N, 77.0541° E",28.3925,77.0541
the lions cghs,2.05,sector 56,8542.0,4.0,4.0,3+,8.0,Moderately Old,flat,2667.0,0,0,0,0,0,1,49,"28.4245° N, 77.0991° E",28.4245,77.0991
bestech park view spa next,2.7,sector 67,11489.0,4.0,4.0,3+,9.0,Moderately Old,flat,2127.0,0,0,0,0,0,1,149,"28.3859° N, 77.0608° E",28.3859,77.0608
park royal apartment,1.71,sector 56,7600.0,3.0,3.0,3+,5.0,Moderately Old,flat,2251.0,0,0,0,0,0,1,118,"28.4245° N, 77.0991° E",28.4245,77.0991
independent,17.0,sector 26,37627.0,5.0,5.0,3+,2.0,Relatively New,house,4518.0,1,1,1,1,0,1,124,"28.4757° N, 77.1032° E",28.4757,77.1032
bptp freedom park life,2.5,sector 57,11111.0,3.0,3.0,3,9.0,Moderately Old,flat,2036.0,0,0,0,0,0,0,55,"28.4232° N, 77.0752° E",28.4232,77.0752
huda floor,4.0,sector 38,22222.0,4.0,9.0,3+,2.0,Relatively New,house,4800.0,0,0,1,1,0,1,152,"28.4347° N, 77.0430° E",28.4347,77.043
vipul lavanya,0.64,sector 81,5263.0,2.0,2.0,3,12.0,Relatively New,flat,1361.0,0,0,0,0,0,1,93,"28.3867° N, 76.9485° E",28.3867,76.9485
godrej air,1.35,sector 85,13636.0,2.0,2.0,3,19.0,Under Construction,flat,102.0,0,0,0,0,0,0,44,"28.4042° N, 76.9513° E",28.4042,76.9513
signature global solera,0.28,sector 107,5833.0,2.0,2.0,2,11.0,Relatively New,flat,543.0,0,0,0,0,0,0,45,"28.5052° N, 76.9729° E",28.5052,76.9729
vatika sovereign next,3.85,sector 82a,7500.0,5.0,6.0,3+,6.0,New Property,flat,5711.0,0,0,0,0,0,0,148,"28.3858° N, 76.9686° E",28.3858,76.9686
m3m skywalk,1.47,sector 74,10954.0,2.0,2.0,3,26.0,New Property,flat,1281.0,0,0,0,0,0,1,31,"28.4158° N, 77.0118° E",28.4158,77.0118
m3m merlin,3.5,sector 67,14583.0,3.0,4.0,3,17.0,Relatively New,flat,2225.0,0,0,0,0,0,1,167,"28.3859° N, 77.0608° E",28.3859,77.0608
tarc maceo,1.8,sector 91,7759.0,4.0,3.0,3+,0.0,Relatively New,flat,2578.0,0,0,0,0,0,2,45,"28.4014° N, 76.9225° E",28.4014,76.9225
ireo skyon,2.65,sector 60,13125.0,3.0,4.0,3+,7.0,Moderately Old,flat,2037.0,0,0,0,0,0,1,152,"28.4003° N, 77.0975° E",28.4003,77.0975
apex builders,0.42,sector 37c,5600.0,2.0,2.0,2,4.0,Relatively New,flat,833.0,0,0,0,0,0,0,42,"28.4515° N, 76.9882° E",28.4515,76.9882
professional society,0.75,manesar,3067.0,3.0,4.0,3,3.0,Relatively New,flat,2717.0,0,0,0,0,0,0,21,"28.3515° N, 76.9428° E",28.3515,76.9428
paras dews,1.1,sector 106,9735.0,3.0,4.0,3+,8.0,Relatively New,flat,1186.0,0,0,0,0,0,1,174,"28.5007° N, 77.0003° E",28.5007,77.0003
m3m woodshire,1.15,sector 107,7497.0,2.0,2.0,3,0.0,Relatively New,flat,1281.0,0,0,0,0,0,0,29,"28.5052° N, 76.9729° E",28.5052,76.9729
shapoorji pallonji joyville gurugram,1.77,sector 102,9195.0,3.0,3.0,3,1.0,Relatively New,flat,1653.0,0,0,0,0,0,0,151,"28.4750° N, 76.9715° E",28.475,76.9715
independent,5.0,sector 4,10101.0,3.0,3.0,2,1.0,Old Property,house,4950.0,0,0,0,0,0,0,22,"28.4738° N, 77.0107° E",28.4738,77.0107
gls avenue 51,0.5,sector 92,7812.0,3.0,3.0,1,0.0,Relatively New,flat,579.0,0,0,0,0,0,0,0,"28.4079° N, 76.9153° E",28.4079,76.9153
independent,4.0,sector 38,21786.0,6.0,6.0,3+,4.0,Old Property,house,1836.0,1,1,0,1,1,1,137,"28.4347° N, 77.0430° E",28.4347,77.043
vatika independent floors,0.67,sector 82,5826.0,2.0,2.0,3,2.0,Moderately Old,flat,1150.0,0,0,0,0,0,0,53,"28.3935° N, 76.9600° E",28.3935,76.96
pyramid elite,0.45,sector 86,7840.0,2.0,2.0,1,12.0,Under Construction,flat,637.0,0,0,0,0,0,0,30,"28.3986° N, 76.9384° E",28.3986,76.9384
satya element one,0.8,sector 49,11111.0,1.0,1.0,1,0.0,Moderately Old,flat,720.0,0,0,0,0,0,0,0,"28.4121° N, 77.0480° E",28.4121,77.048
ild grand centra,0.95,sector 37c,5220.0,3.0,1.0,0,0.0,Relatively New,flat,1820.0,0,0,0,0,0,0,0,"28.4515° N, 76.9882° E",28.4515,76.9882
chd avenue,0.79,sector 71,6594.0,2.0,2.0,2,8.0,Relatively New,flat,1084.0,0,0,0,0,0,0,0,"28.4104° N, 77.0281° E",28.4104,77.0281
emaar mgf emerald estate,1.3,sector 65,20602.0,2.0,2.0,2,7.0,Relatively New,flat,812.0,0,0,0,0,0,0,78,"28.4030° N, 77.0690° E",28.403,77.069
independent,5.5,sector 23,13095.0,9.0,9.0,3+,3.0,Moderately Old,house,4200.0,0,1,0,0,1,1,0,"28.5121° N, 77.0478° E",28.5121,77.0478
dlf pink town house,1.9,sector 24,3786.0,10.0,9.0,3+,3.0,Relatively New,house,5018.0,0,0,0,0,1,2,29,"28.4939° N, 77.1038° E",28.4939,77.1038
sobha city,3.25,sector 108,15685.0,3.0,3.0,3,12.0,Relatively New,flat,2072.0,0,0,0,0,0,0,99,"28.5134° N, 76.9830° E",28.5134,76.983
m3m merlin,3.5,sector 67,14843.0,3.0,4.0,3+,15.0,Relatively New,flat,2134.0,0,0,0,0,0,1,158,"28.3859° N, 77.0608° E",28.3859,77.0608
m3m heights,1.95,sector 65,15997.0,2.0,2.0,3,16.0,Under Construction,flat,1141.0,0,0,0,0,0,0,44,"28.4030° N, 77.0690° E",28.403,77.069
smart world orchard,1.6,sector 61,13913.0,2.0,2.0,2,4.0,Under Construction,flat,1278.0,0,0,0,0,0,0,16,"28.4050° N, 77.0963° E",28.405,77.0963
vatika emilia floors,0.6,sector 83,5714.0,2.0,2.0,2,1.0,Relatively New,flat,990.0,0,0,0,0,0,1,167,"28.3986° N, 76.9647° E",28.3986,76.9647
tata primanti,5.0,sector 72,11111.0,4.0,4.0,3+,2.0,Moderately Old,flat,4500.0,0,0,0,0,0,1,174,"28.4225° N, 77.0211° E",28.4225,77.0211
huda plots,2.95,sector 56,20359.0,2.0,2.0,2,1.0,Moderately Old,house,1449.0,0,0,0,0,0,0,31,"28.4245° N, 77.0991° E",28.4245,77.0991
dlf new town heights,1.25,sector 90,8639.0,3.0,4.0,3+,0.0,Old Property,flat,1608.0,0,0,0,0,0,2,31,"28.4085° N, 76.9369° E",28.4085,76.9369
vatika the seven lamps,0.94,sector 82,6569.0,2.0,2.0,2,12.0,Relatively New,flat,1299.0,0,0,0,0,0,1,103,"28.3935° N, 76.9600° E",28.3935,76.96
bestech park view ananda,0.9,sector 81,6618.0,2.0,2.0,3,8.0,New Property,flat,1231.0,0,0,0,0,0,0,60,"28.3867° N, 76.9485° E",28.3867,76.9485
sapphire eighty three,0.4,sector 83,8547.0,1.0,1.0,1,6.0,Relatively New,flat,520.0,0,0,0,0,0,2,52,"28.3986° N, 76.9647° E",28.3986,76.9647
signature the roselia,0.41,sector 95,6193.0,2.0,2.0,2,12.0,New Property,flat,670.0,0,0,0,0,0,1,90,"28.4172° N, 76.9081° E",28.4172,76.9081
ambience creacions,3.5,sector 22,19444.0,3.0,4.0,3+,8.0,New Property,flat,2000.0,0,0,0,0,0,1,57,"28.5072° N, 77.0640° E",28.5072,77.064
shree vardhman victoria,1.75,sector 70,8974.0,3.0,5.0,0,0.0,Relatively New,flat,1950.0,0,0,0,0,0,0,47,"28.3968° N, 77.0233° E",28.3968,77.0233
ss the leaf,1.3,sector 85,7927.0,2.0,2.0,2,17.0,New Property,flat,1484.0,0,0,0,0,0,0,90,"28.4042° N, 76.9513° E",28.4042,76.9513
independent,4.75,sector 57,28788.0,3.0,3.0,3,2.0,Moderately Old,house,1650.0,0,0,1,0,0,1,96,"28.4232° N, 77.0752° E",28.4232,77.0752
apex our homes,0.33,sector 37c,3568.0,2.0,2.0,1,3.0,Relatively New,flat,850.0,0,0,0,0,0,1,158,"28.4515° N, 76.9882° E",28.4515,76.9882
independent,5.5,sector 23,21825.0,8.0,8.0,2,3.0,Moderately Old,house,2520.0,1,1,0,1,0,1,76,"28.5121° N, 77.0478° E",28.5121,77.0478
puri diplomatic greens,2.65,sector 111,11964.0,3.0,4.0,3+,19.0,Relatively New,flat,2005.0,0,0,0,0,0,1,65,"28.5238° N, 77.0320° E",28.5238,77.032
suncity avenue 76,0.55,sector 76,7422.0,2.0,2.0,2,9.0,Under Construction,flat,823.0,0,0,0,0,0,0,26,"28.3935° N, 76.9888° E",28.3935,76.9888
imperia aashiyara,0.4,sector 37c,5882.0,2.0,2.0,3,3.0,Under Construction,flat,756.0,0,0,0,0,0,0,126,"28.4515° N, 76.9882° E",28.4515,76.9882
shapoorji pallonji joyville gurugram,1.8,sector 102,10638.0,3.0,3.0,3,1.0,Relatively New,flat,1531.0,0,0,0,0,0,0,141,"28.4750° N, 76.9715° E",28.475,76.9715
dlf regency park,2.35,sector 28,13225.0,3.0,4.0,3,8.0,Old Property,flat,1700.0,0,0,0,0,0,1,109,"28.4728° N, 77.0865° E",28.4728,77.0865
tulip violet,1.9,sector 69,9453.0,4.0,4.0,2,0.0,Relatively New,flat,1819.0,0,0,0,0,0,0,49,"28.3966° N, 77.0341° E",28.3966,77.0341
nirvana country,10.0,sector 50,14286.0,5.0,7.0,2,4.0,Moderately Old,house,7000.0,0,1,0,0,0,2,0,"28.4178° N, 77.0628° E",28.4178,77.0628
emaar mgf emerald floors premier,2.85,sector 65,14430.0,4.0,4.0,3,3.0,Relatively New,flat,2194.0,0,0,0,0,0,0,28,"28.4030° N, 77.0690° E",28.403,77.069
independent,18.9,sector 26,41833.0,6.0,8.0,2,3.0,Relatively New,house,4518.0,1,1,1,1,0,1,120,"28.4757° N, 77.1032° E",28.4757,77.1032
independent,8.5,sector 45,26235.0,5.0,4.0,2,1.0,Moderately Old,house,3240.0,0,1,0,1,0,1,49,"28.4466° N, 77.0660° E",28.4466,77.066
experion the heartsong,0.93,sector 108,6078.0,2.0,3.0,3,10.0,Relatively New,flat,1161.0,0,0,0,0,0,0,81,"28.5134° N, 76.9830° E",28.5134,76.983
bestech park view city,4.25,sector 48,9335.0,4.0,5.0,3+,14.0,Moderately Old,flat,4120.0,0,0,0,0,0,1,81,"28.4177° N, 77.0359° E",28.4177,77.0359
m3m merlin,2.8,sector 67,13672.0,3.0,3.0,3,2.0,Relatively New,flat,2048.0,0,0,0,0,0,2,174,"28.3859° N, 77.0608° E",28.3859,77.0608
sidhartha ncr one phase,0.43,sector 95,3152.0,2.0,2.0,2,6.0,Relatively New,flat,1300.0,0,0,0,0,0,0,120,"28.4172° N, 76.9081° E",28.4172,76.9081
antriksh heights,0.69,sector 84,5111.0,2.0,2.0,3+,8.0,Relatively New,flat,1222.0,0,0,0,0,0,0,59,"28.3979° N, 76.9736° E",28.3979,76.9736
bestech park view residency,1.4,sector 2,7865.0,3.0,3.0,3+,6.0,Old Property,flat,1611.0,0,0,0,0,0,2,107,"28.5095° N, 77.0320° E",28.5095,77.032
dlf new town heights,1.42,sector 90,4865.0,4.0,4.0,3+,8.0,Moderately Old,flat,2139.0,0,0,0,0,0,0,31,"28.4085° N, 76.9369° E",28.4085,76.9369
vipul tatvam villa,8.5,sector 48,26235.0,4.0,4.0,1,2.0,Relatively New,house,3240.0,0,0,0,0,0,0,21,"28.4177° N, 77.0359° E",28.4177,77.0359
om apartment dayanand colony,0.26,sector 5,4370.0,1.0,1.0,1,3.0,Relatively New,flat,648.0,0,0,0,0,0,0,14,"28.4794° N, 77.0176° E",28.4794,77.0176
m3m skywalk,1.57,sector 74,11002.0,2.0,2.0,3+,10.0,Relatively New,flat,1300.0,0,0,0,0,0,0,137,"28.4158° N, 77.0118° E",28.4158,77.0118
ss the leaf,1.2,sector 85,7317.0,2.0,2.0,3,12.0,Relatively New,flat,1484.0,0,0,0,0,0,1,157,"28.4042° N, 76.9513° E",28.4042,76.9513
"godrej 101, sector 79",1.25,sector 79,9038.0,2.0,2.0,3,1.0,Relatively New,flat,1383.0,0,0,0,0,0,0,0,"28.3624° N, 76.9787° E",28.3624,76.9787
unitech fresco,1.14,sector 50,8533.0,2.0,2.0,2,19.0,Moderately Old,flat,1330.0,0,0,0,0,0,2,174,"28.4178° N, 77.0628° E",28.4178,77.0628
experion windchants,5.6,sector 112,11551.0,4.0,6.0,3+,8.0,Relatively New,flat,3655.35,0,0,0,0,0,1,168,"28.5189° N, 77.0183° E",28.5189,77.0183
signature global city 92,0.78,sector 92,8050.0,2.0,2.0,2,2.0,New Property,flat,1083.0,0,0,0,0,0,1,47,"28.4079° N, 76.9153° E",28.4079,76.9153
ramshanti cooperative society,1.76,sector 52,7243.0,4.0,4.0,3+,12.0,New Property,flat,2199.0,0,0,0,0,0,0,0,"28.4379° N, 77.0785° E",28.4379,77.0785
godrej nature plus,1.27,sector 33,9183.0,2.0,2.0,3+,9.0,Under Construction,flat,1252.0,0,0,0,0,0,0,38,"28.4420° N, 77.0207° E",28.442,77.0207
greenopolis,0.8,sector 89,6168.0,2.0,2.0,2,6.0,Under Construction,flat,1441.0,0,0,0,0,0,0,44,"28.4253° N, 76.9439° E",28.4253,76.9439
independent,1.2,sector 7,11194.0,2.0,4.0,2,3.0,Old Property,house,1072.0,0,0,0,0,0,0,0,"28.4644° N, 77.0143° E",28.4644,77.0143
godrej nature plus,1.55,sector 33,9955.0,3.0,2.0,3+,8.0,New Property,flat,1730.0,0,0,0,0,0,0,43,"28.4420° N, 77.0207° E",28.442,77.0207
m3m golfestate,4.95,sector 65,15906.0,3.0,3.0,3,10.0,Relatively New,flat,2816.0,0,0,0,0,0,1,82,"28.4030° N, 77.0690° E",28.403,77.069
independent,3.35,sector 43,26973.0,1.0,1.0,0,1.0,Old Property,house,1242.0,0,0,0,0,0,0,9,"28.4629° N, 77.0772° E",28.4629,77.0772
independent,3.2,sector 4,14222.0,3.0,3.0,2,2.0,Old Property,house,2250.0,0,0,0,0,0,0,13,"28.4738° N, 77.0107° E",28.4738,77.0107
emaar gurgaon greens,1.52,sector 102,9212.0,3.0,3.0,3,7.0,Relatively New,flat,1315.0,0,0,0,0,0,1,137,"28.4750° N, 76.9715° E",28.475,76.9715
suncity vatsal valley,1.38,gwal pahari,9650.0,3.0,3.0,2,1.0,Relatively New,flat,1294.0,0,0,0,0,0,1,151,"28.4484° N, 77.0210° E",28.4484,77.021
dlf city plots phase 2,6.5,sector 25,33592.0,3.0,9.0,3+,3.0,Old Property,house,1935.0,1,1,1,1,0,1,142,"28.4844° N, 77.0860° E",28.4844,77.086
ss the leaf,2.1,sector 85,7468.0,4.0,5.0,3+,9.0,Relatively New,flat,2545.0,0,0,0,0,0,1,67,"28.4042° N, 76.9513° E",28.4042,76.9513
puri diplomatic greens,9.0,sector 111,11250.0,5.0,5.0,3+,3.0,Relatively New,house,8000.0,0,1,0,0,0,0,112,"28.5238° N, 77.0320° E",28.5238,77.032
dlf the belaire,10.0,sector 54,24558.0,4.0,5.0,3+,17.0,Moderately Old,flat,3000.0,0,0,0,0,0,2,167,"28.4348° N, 77.1089° E",28.4348,77.1089
independent,4.6,sector 55,21296.0,3.0,3.0,3+,2.0,Old Property,house,2160.0,0,1,1,1,0,1,37,"28.4281° N, 77.1100° E",28.4281,77.11
independent,4.75,sector 1,10556.0,6.0,7.0,0,4.0,Moderately Old,house,4500.0,0,0,0,0,0,0,0,"28.3663° N, 76.9456° E",28.3663,76.9456
emaar palm gardens,1.38,sector 83,8023.0,3.0,3.0,3,5.0,Relatively New,flat,1350.0,0,0,0,0,0,1,8,"28.3986° N, 76.9647° E",28.3986,76.9647
the lions cghs,2.05,sector 56,7885.0,4.0,4.0,3+,6.0,Relatively New,flat,2500.0,0,0,0,0,0,1,101,"28.4245° N, 77.0991° E",28.4245,77.0991
dlf the ultima,3.46,sector 81,12047.0,4.0,4.0,3+,10.0,New Property,flat,2599.0,0,0,0,0,0,2,161,"28.3867° N, 76.9485° E",28.3867,76.9485
experion the heartsong,2.08,sector 108,9905.0,4.0,4.0,3+,3.0,Relatively New,flat,2631.0,0,0,0,0,0,0,126,"28.5134° N, 76.9830° E",28.5134,76.983
godrej air,1.3,sector 85,14541.0,2.0,2.0,3,30.0,Under Construction,flat,1130.0,0,0,0,0,0,0,111,"28.4042° N, 76.9513° E",28.4042,76.9513
krrish florence estate,1.3,sector 70,5601.0,3.0,3.0,3,17.0,Under Construction,flat,1865.0,0,0,0,0,0,1,61,"28.3968° N, 77.0233° E",28.3968,77.0233
vatika iris floors,0.63,sector 82,5590.0,2.0,2.0,3+,2.0,Relatively New,flat,1026.0,0,0,0,0,0,0,110,"28.3935° N, 76.9600° E",28.3935,76.96
independent,0.6,sector 9,10753.0,2.0,2.0,1,1.0,Moderately Old,house,558.0,0,0,0,0,0,0,8,"28.4603° N, 77.0000° E",28.4603,77.0
tulip violet,1.4,sector 69,8838.0,3.0,3.0,2,1.0,Relatively New,flat,1428.0,0,0,0,0,0,0,95,"28.3966° N, 77.0341° E",28.3966,77.0341
international city by sobha phase 1,5.85,sector 109,26423.0,4.0,5.0,3+,2.0,Relatively New,house,2214.0,0,1,0,0,0,1,85,"28.5073° N, 77.0089° E",28.5073,77.0089
sare crescent parc,0.65,sector 92,4597.0,3.0,3.0,3,3.0,Moderately Old,flat,1571.0,0,0,0,0,0,0,44,"28.4079° N, 76.9153° E",28.4079,76.9153
vipul lavanya,0.65,sector 81,5263.0,2.0,2.0,2,14.0,Moderately Old,flat,985.0,0,0,0,0,0,0,96,"28.3867° N, 76.9485° E",28.3867,76.9485
vatika the seven lamps,1.37,sector 82,8754.0,3.0,3.0,3,11.0,Relatively New,flat,2000.0,0,0,0,0,0,1,145,"28.3935° N, 76.9600° E",28.3935,76.96
ninex city,1.75,sector 76,6250.0,4.0,4.0,0,14.0,New Property,house,3111.0,0,0,0,0,0,0,0,"28.3935° N, 76.9888° E",28.3935,76.9888
pyramid urban,0.56,sector 67a,7932.0,2.0,2.0,2,0.0,Relatively New,flat,778.0,0,0,0,0,0,0,49,"28.3960° N, 77.0372° E",28.396,77.0372
independent,7.5,sector 14,16600.0,3.0,3.0,2,1.0,Old Property,house,4518.0,1,1,0,1,0,1,27,"28.4711° N, 77.0454° E",28.4711,77.0454
unitech heritage city,4.26,sector 14,13108.0,4.0,4.0,0,9.0,Old Property,flat,3250.0,0,0,0,0,0,0,0,"28.4711° N, 77.0454° E",28.4711,77.0454
shree vardhman flora,0.7,sector 90,5323.0,2.0,2.0,3,9.0,New Property,flat,1350.0,0,0,0,0,0,0,60,"28.4085° N, 76.9369° E",28.4085,76.9369
pioneer park,2.04,sector 61,14624.0,3.0,3.0,3+,16.0,Moderately Old,flat,1595.0,0,0,0,0,0,1,165,"28.4050° N, 77.0963° E",28.405,77.0963
m3m golfestate,6.1,sector 65,18139.0,3.0,3.0,3,19.0,Moderately Old,flat,3027.0,0,0,0,0,0,1,174,"28.4030° N, 77.0690° E",28.403,77.069
independent,0.65,sector 4,10317.0,1.0,1.0,1,1.0,Moderately Old,house,70.0,0,0,0,0,1,0,21,"28.4738° N, 77.0107° E",28.4738,77.0107
independent,0.7,sector 2,7778.0,1.0,1.0,0,1.0,Moderately Old,house,900.0,0,0,0,0,0,0,0,"28.5095° N, 77.0320° E",28.5095,77.032
independent,6.46,sector 14,18889.0,5.0,5.0,2,3.0,Moderately Old,house,3420.0,1,1,0,1,0,1,27,"28.4711° N, 77.0454° E",28.4711,77.0454
rof ananda,0.32,sector 95,5829.0,2.0,2.0,1,9.0,Relatively New,flat,610.0,0,0,0,0,0,1,71,"28.4172° N, 76.9081° E",28.4172,76.9081
experion windchants,9.5,sector 112,23457.0,5.0,5.0,3,2.0,Relatively New,house,7450.0,0,1,0,0,0,0,45,"28.5189° N, 77.0183° E",28.5189,77.0183
puri diplomatic greens,3.7,sector 111,12542.0,4.0,5.0,3+,12.0,Relatively New,flat,2650.0,0,0,0,0,0,1,158,"28.5238° N, 77.0320° E",28.5238,77.032
independent,3.5,sector 3,9211.0,1.0,1.0,0,1.0,Moderately Old,house,3800.0,0,0,0,0,0,0,0,"28.4909° N, 77.0176° E",28.4909,77.0176
independent,3.4,sector 9,12938.0,9.0,9.0,3,3.0,Moderately Old,house,2628.0,0,0,0,0,0,1,61,"28.4603° N, 77.0000° E",28.4603,77.0
chd avenue,1.32,sector 71,6019.0,4.0,4.0,3,14.0,Moderately Old,flat,1985.0,0,0,0,0,0,0,65,"28.4104° N, 77.0281° E",28.4104,77.0281
godrej oasis,1.5,sector 88a,8108.0,3.0,3.0,3+,11.0,New Property,flat,1674.0,0,0,0,0,0,0,39,"28.4347° N, 76.9557° E",28.4347,76.9557
dlf city plot phase 4,13.0,sector 28,17931.0,10.0,10.0,3+,1.0,Relatively New,house,8056.0,0,0,0,0,0,0,0,"28.4728° N, 77.0865° E",28.4728,77.0865
central park flower valley,2.15,sector 33,13522.0,3.0,3.0,3+,1.0,New Property,flat,1439.0,0,0,0,0,0,0,31,"28.4420° N, 77.0207° E",28.442,77.0207
adani m2k oyster grande,2.4,sector 102,9306.0,3.0,4.0,3+,3.0,Relatively New,flat,2334.0,0,0,0,0,0,1,49,"28.4750° N, 76.9715° E",28.475,76.9715
sushant lok 1 builder floors,1.65,sector 43,3395.0,4.0,4.0,3+,4.0,Moderately Old,house,540.0,0,0,0,0,1,2,49,"28.4629° N, 77.0772° E",28.4629,77.0772
tulip violet,1.6,sector 69,10139.0,3.0,3.0,2,0.0,Relatively New,flat,1428.0,0,0,0,0,0,0,49,"28.3966° N, 77.0341° E",28.3966,77.0341
independent,6.0,sector 12,35088.0,4.0,6.0,2,2.0,Old Property,house,1710.0,0,0,0,0,0,0,0,"28.4723° N, 77.0320° E",28.4723,77.032
la vida by tata housing,2.35,sector 113,10600.0,3.0,3.0,3,11.0,New Property,flat,2210.0,0,0,0,0,0,0,174,"28.5287° N, 77.0233° E",28.5287,77.0233
independent,0.47,sector 4,8007.0,2.0,1.0,1,1.0,Moderately Old,house,624.0,0,0,1,0,0,0,0,"28.4738° N, 77.0107° E",28.4738,77.0107
ss the leaf,1.25,sector 85,7180.0,2.0,2.0,2,16.0,Relatively New,flat,1934.0,0,0,0,0,0,1,49,"28.4042° N, 76.9513° E",28.4042,76.9513
dlf new town heights,1.2,sector 90,6218.0,3.0,3.0,3+,15.0,Relatively New,flat,1747.0,0,0,0,0,0,0,37,"28.4085° N, 76.9369° E",28.4085,76.9369
m3m ikonic,1.78,sector 68,9128.0,3.0,3.0,3+,27.0,Relatively New,flat,1845.0,0,0,0,0,0,1,126,"28.3853° N, 77.0484° E",28.3853,77.0484
antriksh heights,1.05,sector 84,5012.0,4.0,4.0,3+,3.0,New Property,flat,1896.0,0,0,0,0,0,0,66,"28.3979° N, 76.9736° E",28.3979,76.9736
tulip violet,1.7,sector 69,8433.0,4.0,4.0,2,10.0,New Property,flat,1819.0,0,0,0,0,0,0,125,"28.3966° N, 77.0341° E",28.3966,77.0341
sector 14 rwa,6.5,sector 14,20635.0,4.0,4.0,3+,2.0,Moderately Old,house,3150.0,0,0,0,0,0,0,0,"28.4711° N, 77.0454° E",28.4711,77.0454
adani m2k oyster grande,2.5,sector 102,7817.0,4.0,5.0,3+,5.0,Relatively New,flat,2894.0,0,0,0,0,0,0,76,"28.4750° N, 76.9715° E",28.475,76.9715
emaar palm gardens,1.55,sector 83,9012.0,3.0,3.0,3,4.0,Relatively New,flat,1400.0,0,0,0,0,0,1,174,"28.3986° N, 76.9647° E",28.3986,76.9647
raheja vedas,2.15,sector 108,4134.0,3.0,4.0,3+,12.0,Relatively New,flat,4600.0,0,0,0,0,0,0,0,"28.5134° N, 76.9830° E",28.5134,76.983
international city by sobha phase 2,12.5,sector 109,26670.0,5.0,6.0,3,3.0,Relatively New,house,4500.0,1,1,1,1,0,0,63,"28.5073° N, 77.0089° E",28.5073,77.0089
sonata group housing gh 24,1.65,manesar,5893.0,4.0,3.0,3,8.0,New Property,flat,3111.0,0,0,0,0,0,0,20,"28.3515° N, 76.9428° E",28.3515,76.9428
suncity vatsal valley,1.45,gwal pahari,10140.0,3.0,3.0,3,4.0,Under Construction,flat,1430.0,0,0,0,0,0,0,49,"28.4484° N, 77.0210° E",28.4484,77.021
emaar mgf palm hills,1.25,sector 77,8621.0,3.0,4.0,3,1.0,Relatively New,flat,1611.0,0,0,0,0,0,1,104,"28.3801° N, 76.9845° E",28.3801,76.9845
emaar gurgaon greens,1.35,sector 102,10800.0,3.0,4.0,3+,9.0,Relatively New,flat,1400.0,0,0,0,0,0,1,174,"28.4750° N, 76.9715° E",28.475,76.9715
emaar gurgaon greens,1.39,sector 102,8424.0,3.0,3.0,3,7.0,Relatively New,flat,1493.0,0,0,0,0,0,1,21,"28.4750° N, 76.9715° E",28.475,76.9715
vatika the seven lamps,0.85,sector 82,6538.0,2.0,2.0,2,0.0,Relatively New,flat,1176.0,0,0,0,0,0,1,49,"28.3935° N, 76.9600° E",28.3935,76.96
unitech the residences,1.55,sector 33,9873.0,3.0,4.0,1,1.0,Relatively New,flat,1421.0,0,0,0,0,0,0,37,"28.4420° N, 77.0207° E",28.442,77.0207
dlf city plots,16.0,sector 26,37780.0,4.0,4.0,3,1.0,Relatively New,house,4235.0,1,0,1,1,0,0,7,"28.4757° N, 77.1032° E",28.4757,77.1032
project mianwali colony,1.7,sector 12,9444.0,1.0,1.0,2,1.0,Old Property,house,2000.0,0,0,0,0,0,0,0,"28.4723° N, 77.0320° E",28.4723,77.032
birla navya,3.7,sector 63a,15417.0,3.0,3.0,3+,1.0,Under Construction,flat,2667.0,0,0,0,0,0,0,72,"28.3923° N, 77.0888° E",28.3923,77.0888
the close north,2.7,sector 50,10365.0,3.0,3.0,3+,6.0,Moderately Old,flat,2400.0,0,0,0,0,0,0,174,"28.4178° N, 77.0628° E",28.4178,77.0628
imperia the esfera,0.7,sector 37c,4878.0,2.0,3.0,3+,12.0,Under Construction,flat,1299.0,0,0,0,0,0,0,58,"28.4515° N, 76.9882° E",28.4515,76.9882
umang winter hills,0.92,sector 77,5049.0,3.0,3.0,3,17.0,Relatively New,flat,1602.0,0,0,0,0,0,1,49,"28.3801° N, 76.9845° E",28.3801,76.9845
vatika city homes,0.75,sector 83,5660.0,2.0,2.0,2,3.0,Relatively New,flat,1199.0,0,0,0,0,0,1,49,"28.3986° N, 76.9647° E",28.3986,76.9647
umang monsoon breeze,0.95,sector 78,5491.0,3.0,3.0,2,9.0,Relatively New,flat,1730.0,0,0,0,0,0,1,65,"28.3733° N, 76.9729° E",28.3733,76.9729
shapoorji pallonji joyville gurugram,0.97,sector 102,10601.0,2.0,2.0,2,12.0,Relatively New,flat,828.0,0,0,0,0,0,0,100,"28.4750° N, 76.9715° E",28.475,76.9715
ramsons kshitij,0.45,sector 95,4592.0,2.0,2.0,1,2.0,Relatively New,flat,887.0,0,0,0,0,0,0,89,"28.4172° N, 76.9081° E",28.4172,76.9081
ansals palam vihar,4.0,sector 2,16667.0,4.0,4.0,3+,2.0,Moderately Old,house,2400.0,0,1,0,0,0,0,0,"28.5095° N, 77.0320° E",28.5095,77.032
independent,4.75,sector 22,20068.0,7.0,5.0,3+,3.0,Old Property,house,2367.0,0,0,0,1,1,1,49,"28.5072° N, 77.0640° E",28.5072,77.064
independent,0.7,sector 28,8102.0,2.0,2.0,0,2.0,Old Property,house,864.0,0,0,0,0,0,0,7,"28.4728° N, 77.0865° E",28.4728,77.0865
paras dews,1.17,sector 106,6648.0,3.0,4.0,3+,12.0,Relatively New,flat,1186.0,0,0,0,0,0,0,49,"28.5007° N, 77.0003° E",28.5007,77.0003
sare homes,0.82,sector 92,5384.0,3.0,3.0,3+,12.0,Relatively New,flat,1221.18,0,0,0,0,0,0,114,"28.4079° N, 76.9153° E",28.4079,76.9153
ats triumph,1.85,sector 104,8079.0,3.0,4.0,3+,14.0,Relatively New,flat,2072.0,0,0,0,0,0,0,117,"28.4788° N, 76.9960° E",28.4788,76.996
independent,2.1,sector 40,23333.0,3.0,3.0,2,3.0,Moderately Old,house,900.0,0,0,0,0,1,1,35,"28.4498° N, 77.0567° E",28.4498,77.0567
emaar mgf the palm drive,3.5,sector 66,15909.0,3.0,3.0,3,7.0,Moderately Old,flat,2125.0,0,0,0,0,0,1,149,"28.3925° N, 77.0541° E",28.3925,77.0541
shree vardhman victoria,1.65,sector 70,8462.0,3.0,5.0,3,6.0,Relatively New,flat,1527.0,0,0,0,0,0,0,167,"28.3968° N, 77.0233° E",28.3968,77.0233
bptp terra,2.08,sector 37d,10000.0,4.0,4.0,3,0.0,New Property,flat,2211.0,0,0,0,0,0,0,121,"28.4478° N, 76.9703° E",28.4478,76.9703
mapsko royale ville,1.12,sector 82,6257.0,3.0,3.0,2,12.0,Relatively New,flat,1588.0,0,0,0,0,0,1,49,"28.3935° N, 76.9600° E",28.3935,76.96
bestech park view spa next,2.85,sector 67,12128.0,4.0,4.0,3+,5.0,Moderately Old,flat,2127.0,0,0,0,0,0,1,149,"28.3859° N, 77.0608° E",28.3859,77.0608
ambience creacions,3.2,sector 22,11498.0,3.0,4.0,3+,2.0,New Property,flat,2517.0,0,0,0,0,0,0,42,"28.5072° N, 77.0640° E",28.5072,77.064
pareena coban residences,1.6,sector 99a,8000.0,3.0,3.0,3,6.0,Under Construction,flat,1810.0,0,0,0,0,0,0,0,"28.4561° N, 76.9542° E",28.4561,76.9542
maa bhagwati residency,0.45,sector 7,5000.0,2.0,2.0,1,4.0,Relatively New,flat,1000.0,0,0,0,0,0,0,28,"28.4644° N, 77.0143° E",28.4644,77.0143
unitech nirvana birch court,6.8,sector 50,31481.0,4.0,4.0,3+,2.0,Old Property,house,2160.0,1,1,0,1,0,0,105,"28.4178° N, 77.0628° E",28.4178,77.0628
shree vardhman mantra,0.56,sector 67,7000.0,2.0,2.0,1,8.0,New Property,flat,889.0,0,0,0,0,0,0,65,"28.3859° N, 77.0608° E",28.3859,77.0608
supertech araville,1.0,sector 79,6536.0,2.0,2.0,3,4.0,Relatively New,flat,1700.0,0,0,0,0,0,0,24,"28.3624° N, 76.9787° E",28.3624,76.9787
independent,3.5,sector 24,32407.0,2.0,4.0,3,3.0,Old Property,house,1080.0,0,0,0,0,0,0,15,"28.4939° N, 77.1038° E",28.4939,77.1038
raheja revanta,0.99,sector 78,6100.0,2.0,2.0,3,14.0,Under Construction,flat,1467.0,0,0,0,0,0,0,39,"28.3733° N, 76.9729° E",28.3733,76.9729
emaar mgf marbella,19.0,sector 66,31667.0,5.0,6.0,3+,3.0,Relatively New,house,6667.0,0,1,1,1,0,1,110,"28.3925° N, 77.0541° E",28.3925,77.0541
rattan garden,1.3,sector 7,13499.0,2.0,3.0,2,3.0,Old Property,house,963.0,0,0,0,0,0,0,0,"28.4644° N, 77.0143° E",28.4644,77.0143
m3m skywalk,1.54,sector 74,11000.0,2.0,2.0,3+,22.0,Relatively New,flat,1200.0,0,0,0,0,0,0,137,"28.4158° N, 77.0118° E",28.4158,77.0118
godrej aria,1.3,sector 79,8844.0,2.0,2.0,2,7.0,Relatively New,flat,1330.0,0,0,0,0,0,1,116,"28.3624° N, 76.9787° E",28.3624,76.9787
bestech park view residency,1.02,sector 2,7208.0,2.0,2.0,3,11.0,Moderately Old,flat,1281.0,0,0,0,0,0,0,92,"28.5095° N, 77.0320° E",28.5095,77.032
emaar mgf marbella,15.1,sector 66,18605.0,5.0,5.0,3+,3.0,New Property,house,8067.799999999999,1,1,1,1,0,0,120,"28.3925° N, 77.0541° E",28.3925,77.0541
ats marigold,1.85,sector 89,8605.0,3.0,3.0,3+,12.0,New Property,flat,1946.0,0,0,0,0,0,0,37,"28.4253° N, 76.9439° E",28.4253,76.9439
godrej habitat,1.25,sector 3,8657.0,2.0,2.0,3,14.0,Under Construction,flat,1161.0,0,0,0,0,0,0,36,"28.4909° N, 77.0176° E",28.4909,77.0176
emaar mgf emerald floors premier,2.75,sector 65,13924.0,4.0,4.0,3,3.0,Relatively New,flat,1975.0,0,0,0,0,0,1,113,"28.4030° N, 77.0690° E",28.403,77.069
independent,4.6,sector 47,26620.0,2.0,6.0,3+,4.0,Moderately Old,house,1728.0,0,0,0,0,0,2,51,"28.4276° N, 77.0492° E",28.4276,77.0492
la vida by tata housing,3.35,sector 113,16750.0,3.0,4.0,3+,12.0,New Property,flat,2200.0,0,0,0,0,0,0,174,"28.5287° N, 77.0233° E",28.5287,77.0233
puri diplomatic greens,3.5,sector 111,11864.0,4.0,5.0,3+,10.0,Relatively New,flat,2700.0,0,0,0,0,0,1,49,"28.5238° N, 77.0320° E",28.5238,77.032
housing board colony,2.1,sector 28,23333.0,2.0,8.0,3+,4.0,Moderately Old,house,900.0,0,0,0,0,1,1,38,"28.4728° N, 77.0865° E",28.4728,77.0865
dlf royalton tower,6.2,sector 43,20687.0,4.0,4.0,3+,9.0,Moderately Old,flat,2712.0,0,0,0,0,0,0,7,"28.4629° N, 77.0772° E",28.4629,77.0772
sare crescent parc,0.9,sector 92,4278.0,4.0,5.0,3+,14.0,Relatively New,flat,1692.0,0,0,0,0,0,0,62,"28.4079° N, 76.9153° E",28.4079,76.9153
m3m heights,2.5,sector 65,13602.0,3.0,3.0,3,19.0,Under Construction,flat,1654.0,0,0,0,0,0,0,48,"28.4030° N, 77.0690° E",28.403,77.069
bptp terra,1.45,sector 37d,8007.0,3.0,3.0,3,8.0,Relatively New,flat,1711.0,0,0,0,0,0,0,149,"28.4478° N, 76.9703° E",28.4478,76.9703
mahindra aura,1.8,sector 110,8815.0,3.0,3.0,3+,7.0,Relatively New,flat,1850.0,0,0,0,0,0,1,136,"28.5145° N, 77.0197° E",28.5145,77.0197
independent,0.9,sector 3,8929.0,3.0,3.0,0,2.0,Moderately Old,house,112.0,0,0,0,0,0,0,0,"28.4909° N, 77.0176° E",28.4909,77.0176
project mianwali colony,2.0,sector 12,14815.0,5.0,5.0,2,3.0,Old Property,house,1350.0,0,0,0,0,0,0,0,"28.4723° N, 77.0320° E",28.4723,77.032
pareena coban residences,1.45,sector 99a,7261.0,3.0,5.0,3,11.0,Relatively New,flat,1807.0,0,0,0,0,0,1,49,"28.4561° N, 76.9542° E",28.4561,76.9542
signature global grand iva,0.23,sector 103,6534.0,1.0,1.0,1,4.0,Relatively New,flat,400.0,0,0,0,0,0,0,23,"28.4949° N, 76.9845° E",28.4949,76.9845
independent,0.65,sector 105,9028.0,3.0,2.0,1,1.0,Relatively New,house,720.0,0,0,0,1,1,0,14,"28.4952° N, 77.0114° E",28.4952,77.0114
godrej nature plus,1.2,sector 33,12000.0,2.0,2.0,3+,3.0,Under Construction,flat,1111.0,0,0,0,0,0,0,105,"28.4420° N, 77.0207° E",28.442,77.0207
ss the coralwood,1.1,sector 84,5820.0,3.0,3.0,3+,12.0,Moderately Old,flat,1710.0,0,0,0,0,0,1,104,"28.3979° N, 76.9736° E",28.3979,76.9736
apna enclave,0.58,sector 3,6105.0,2.0,2.0,2,2.0,Old Property,flat,900.0,0,0,0,0,0,0,66,"28.4909° N, 77.0176° E",28.4909,77.0176
sbtl caladium,1.2,sector 109,6383.0,3.0,2.0,2,8.0,Relatively New,flat,1701.0,0,0,0,0,0,0,151,"28.5073° N, 77.0089° E",28.5073,77.0089
independent,16.0,sector 45,35003.0,6.0,7.0,3+,3.0,Relatively New,house,4500.0,1,1,1,1,0,1,105,"28.4466° N, 77.0660° E",28.4466,77.066
independent,3.5,sector 38,20325.0,3.0,2.0,2,1.0,Moderately Old,house,1722.0,0,0,0,0,0,0,0,"28.4347° N, 77.0430° E",28.4347,77.043
ats tourmaline,1.45,sector 109,6744.0,3.0,4.0,3+,4.0,Relatively New,flat,1797.0,0,0,0,0,0,0,71,"28.5073° N, 77.0089° E",28.5073,77.0089
indiabulls enigma,3.25,sector 110,9559.0,4.0,4.0,3,11.0,Relatively New,flat,3077.0,0,0,0,0,0,0,125,"28.5145° N, 77.0197° E",28.5145,77.0197
the close south,3.1,sector 50,12445.0,3.0,4.0,3+,4.0,Moderately Old,flat,2450.0,0,0,0,0,0,1,165,"28.4178° N, 77.0628° E",28.4178,77.0628
m3m woodshire,0.8,sector 107,5857.0,2.0,2.0,3+,7.0,Relatively New,flat,1236.0,0,0,0,0,0,1,165,"28.5052° N, 76.9729° E",28.5052,76.9729
experion windchants,3.4,sector 112,12134.0,3.0,3.0,2,14.0,Relatively New,flat,2225.56,0,0,0,0,0,1,159,"28.5189° N, 77.0183° E",28.5189,77.0183
eros rosewood villas,2.75,sector 49,19841.0,3.0,3.0,1,2.0,Old Property,house,1386.0,0,0,0,0,1,1,80,"28.4121° N, 77.0480° E",28.4121,77.048
dlf regal gardens,1.25,sector 90,7340.0,3.0,3.0,3,28.0,Moderately Old,flat,1541.0,0,0,0,0,0,0,38,"28.4085° N, 76.9369° E",28.4085,76.9369
independent,4.0,sector 53,17778.0,5.0,5.0,2,3.0,Relatively New,house,2250.0,1,0,0,0,0,0,23,"28.4433° N, 77.0948° E",28.4433,77.0948
dlf express greens,1.2,manesar,6504.0,3.0,4.0,2,5.0,Relatively New,flat,1670.0,0,0,0,0,0,0,43,"28.3515° N, 76.9428° E",28.3515,76.9428
wings apartment,1.2,sector 9,6667.0,4.0,3.0,2,4.0,Moderately Old,flat,2000.0,0,0,0,0,0,1,23,"28.4603° N, 77.0000° E",28.4603,77.0
sbtl caladium,1.26,sector 109,6542.0,3.0,2.0,3,8.0,Relatively New,flat,1701.0,0,0,0,0,0,0,103,"28.5073° N, 77.0089° E",28.5073,77.0089
signature global city 92,0.99,sector 92,9074.0,3.0,2.0,3,1.0,Under Construction,flat,1091.0,0,0,0,0,0,0,24,"28.4079° N, 76.9153° E",28.4079,76.9153
ss the leaf,1.85,sector 85,7683.0,3.0,4.0,3,2.0,Relatively New,flat,2179.0,0,0,0,0,0,1,49,"28.4042° N, 76.9513° E",28.4042,76.9513
independent,1.6,sector 21,11852.0,5.0,5.0,2,3.0,Relatively New,house,120.0,0,0,0,0,0,0,0,"28.5134° N, 77.0723° E",28.5134,77.0723
ats tourmaline,2.25,sector 109,8704.0,3.0,4.0,3,14.0,Relatively New,flat,2339.0,0,0,0,0,0,0,101,"28.5073° N, 77.0089° E",28.5073,77.0089
bestech park view grand spa,4.5,sector 81,10714.0,4.0,6.0,3+,17.0,Relatively New,flat,3801.0,0,0,0,0,0,1,44,"28.3867° N, 76.9485° E",28.3867,76.9485
sobha city,2.6,sector 108,15196.0,3.0,3.0,2,11.0,New Property,flat,1711.0,0,0,0,0,0,0,49,"28.5134° N, 76.9830° E",28.5134,76.983
dlf new town heights,2.5,sector 86,7058.0,4.0,4.0,3+,3.0,Moderately Old,house,3400.0,1,1,1,1,0,1,142,"28.3986° N, 76.9384° E",28.3986,76.9384
independent,0.67,sector 4,8557.0,3.0,2.0,1,1.0,Moderately Old,house,783.0,0,0,0,1,1,0,19,"28.4738° N, 77.0107° E",28.4738,77.0107
godrej nature plus serenity,1.45,sector 33,8677.0,3.0,2.0,3,3.0,Under Construction,flat,1512.0,0,0,0,0,0,0,49,"28.4420° N, 77.0207° E",28.442,77.0207
smart world gems,0.86,sector 89,7797.0,2.0,3.0,2,4.0,New Property,flat,1226.0,0,0,0,0,0,1,72,"28.4253° N, 76.9439° E",28.4253,76.9439
pareena coban residences,1.16,sector 99a,5809.0,3.0,3.0,3,3.0,Relatively New,flat,1790.0,0,0,0,0,0,0,49,"28.4561° N, 76.9542° E",28.4561,76.9542
tata primanti,4.1,sector 72,14099.0,4.0,5.0,3+,39.0,New Property,flat,2629.0,0,0,0,0,0,0,103,"28.4225° N, 77.0211° E",28.4225,77.0211
vatika gurgaon,1.15,sector 83,5808.0,3.0,3.0,2,3.0,Relatively New,flat,1350.0,0,0,0,0,0,1,165,"28.3986° N, 76.9647° E",28.3986,76.9647
ireo the corridors,1.4,sector 67a,9434.0,2.0,2.0,2,8.0,Relatively New,flat,1149.0,0,0,0,0,0,0,90,"28.3960° N, 77.0372° E",28.396,77.0372
tata primanti,4.0,sector 72,16032.0,4.0,5.0,3+,22.0,Relatively New,flat,2701.0,0,0,0,0,0,1,174,"28.4225° N, 77.0211° E",28.4225,77.0211
dlf the ultima,3.25,sector 81,11805.0,4.0,4.0,3+,11.0,Moderately Old,flat,2491.0,0,0,0,0,0,0,28,"28.3867° N, 76.9485° E",28.3867,76.9485
emaar mgf palm hills,1.09,sector 77,5383.0,3.0,4.0,3+,5.0,Relatively New,flat,1833.0,0,0,0,0,0,1,167,"28.3801° N, 76.9845° E",28.3801,76.9845
sare crescent parc royal greens phase 1,0.65,sector 92,4511.0,3.0,3.0,3,1.0,Moderately Old,flat,1304.0,0,0,0,0,0,0,91,"28.4079° N, 76.9153° E",28.4079,76.9153
puri the aravallis,3.9,sector 61,33220.0,3.0,4.0,3+,33.0,Under Construction,flat,1174.0,0,0,0,0,0,0,158,"28.4050° N, 77.0963° E",28.405,77.0963
karmyogi apartment,2.3,sector 10a,6466.0,6.0,4.0,2,6.0,Moderately Old,flat,3951.0,0,0,0,0,0,0,0,"28.4469° N, 77.0106° E",28.4469,77.0106
vatika lifestyle homes,1.15,sector 83,6553.0,3.0,2.0,3,15.0,Relatively New,flat,1588.0,0,0,0,0,0,0,37,"28.3986° N, 76.9647° E",28.3986,76.9647
nagata group housing society,0.85,sector 1,3696.0,3.0,3.0,3+,4.0,Relatively New,flat,2081.0,0,0,0,0,0,0,5,"28.3663° N, 76.9456° E",28.3663,76.9456
independent,4.35,sector 25,32222.0,5.0,4.0,3,3.0,Old Property,house,1350.0,0,1,0,0,0,0,49,"28.4844° N, 77.0860° E",28.4844,77.086
independent,6.0,sector 2,24691.0,5.0,6.0,3+,3.0,Old Property,house,2430.0,1,0,0,1,1,1,43,"28.5095° N, 77.0320° E",28.5095,77.032
eros rosewood villas,2.8,sector 49,15556.0,3.0,3.0,3,2.0,Moderately Old,house,1800.0,0,0,0,1,0,0,68,"28.4121° N, 77.0480° E",28.4121,77.048
ss the leaf,2.0,sector 85,8306.0,3.0,4.0,3,8.0,Relatively New,flat,2179.0,0,0,0,0,0,0,21,"28.4042° N, 76.9513° E",28.4042,76.9513
independent,11.0,sector 24,28902.0,8.0,11.0,3+,3.0,Old Property,house,5000.0,1,1,0,1,1,1,39,"28.4939° N, 77.1038° E",28.4939,77.1038
not applicable,0.65,sector 4,13000.0,2.0,1.0,1,3.0,Moderately Old,house,500.0,0,0,0,0,0,0,7,"28.4738° N, 77.0107° E",28.4738,77.0107
godrej oasis,1.45,sector 88a,8367.0,2.0,2.0,3+,9.0,Relatively New,flat,133.0,0,0,0,0,0,2,85,"28.4347° N, 76.9557° E",28.4347,76.9557
suncity heights,3.85,sector 54,16446.0,3.0,3.0,3+,8.0,Old Property,flat,2119.0,0,0,0,0,0,0,67,"28.4348° N, 77.1089° E",28.4348,77.1089
spaze privvy the address,1.25,sector 93,6898.0,3.0,4.0,2,12.0,Relatively New,flat,1350.0,0,0,0,0,0,1,96,"28.4153° N, 76.9326° E",28.4153,76.9326
unitech fresco,1.8,sector 50,9590.0,3.0,4.0,3+,6.0,Moderately Old,flat,1870.0,0,0,0,0,0,1,174,"28.4178° N, 77.0628° E",28.4178,77.0628
supertech araville,1.1,sector 79,5641.0,3.0,3.0,3,1.0,Relatively New,flat,2167.0,0,0,0,0,0,1,106,"28.3624° N, 76.9787° E",28.3624,76.9787
central park resorts,15.0,sector 48,22388.0,5.0,6.0,3+,17.0,Relatively New,flat,7444.0,0,0,0,0,0,2,45,"28.4177° N, 77.0359° E",28.4177,77.0359
sheetla enclave,0.96,sector 5,10000.0,2.0,4.0,2,3.0,Moderately Old,house,945.0,0,0,1,1,0,1,0,"28.4794° N, 77.0176° E",28.4794,77.0176
ats marigold,1.5,sector 89,8571.0,3.0,3.0,3,2.0,New Property,flat,1944.0,0,0,0,0,0,0,49,"28.4253° N, 76.9439° E",28.4253,76.9439
hero homes,1.75,sector 104,10361.0,3.0,3.0,3,2.0,Under Construction,flat,1529.0,0,0,0,0,0,0,30,"28.4788° N, 76.9960° E",28.4788,76.996
ireo the grand arch,3.83,sector 58,21577.0,3.0,4.0,2,10.0,Relatively New,flat,2000.0,0,0,0,0,0,1,174,"28.4200° N, 77.1105° E",28.42,77.1105
la vida by tata housing,2.7,sector 113,16364.0,3.0,4.0,3+,4.0,Relatively New,flat,2217.0,0,0,0,0,0,1,49,"28.5287° N, 77.0233° E",28.5287,77.0233
smart world gems,0.9,sector 89,8160.0,2.0,2.0,2,3.0,New Property,flat,998.0,0,0,0,0,0,0,95,"28.4253° N, 76.9439° E",28.4253,76.9439
unitech espace,9.8,sector 50,30247.0,4.0,4.0,3,2.0,Moderately Old,house,3240.0,0,1,0,0,0,0,22,"28.4178° N, 77.0628° E",28.4178,77.0628
viridian the plaza 106,0.46,sector 106,6571.0,1.0,1.0,1,18.0,New Property,flat,778.0,0,0,0,0,0,0,104,"28.5007° N, 77.0003° E",28.5007,77.0003
imperia the esfera,1.1,sector 37c,5405.0,3.0,4.0,3,9.0,Relatively New,flat,1899.0,0,0,0,0,0,0,49,"28.4515° N, 76.9882° E",28.4515,76.9882
smartworld 1dxp,2.75,sector 113,10589.0,4.0,4.0,3+,20.0,Under Construction,flat,2886.0,0,0,0,0,0,2,57,"28.5287° N, 77.0233° E",28.5287,77.0233
shapoorji pallonji joyville gurugram,1.42,sector 102,10380.0,2.0,2.0,3,14.0,Relatively New,flat,1368.0,0,0,0,0,0,0,0,"28.4750° N, 76.9715° E",28.475,76.9715
the lions cghs,1.99,sector 56,11056.0,4.0,4.0,3+,4.0,Old Property,flat,2000.0,0,0,0,0,0,1,105,"28.4245° N, 77.0991° E",28.4245,77.0991
parsvnath exotica,4.8,sector 53,14679.0,3.0,4.0,3+,12.0,New Property,flat,2895.0,0,0,0,0,0,0,69,"28.4433° N, 77.0948° E",28.4433,77.0948
independent,1.9,sector 43,3909.0,3.0,3.0,3+,3.0,Old Property,house,60.0,0,0,0,0,0,2,0,"28.4629° N, 77.0772° E",28.4629,77.0772
siddhi vinayak apartments,1.44,sector 55,9600.0,3.0,3.0,2,6.0,Moderately Old,flat,1700.0,0,0,0,0,0,1,47,"28.4281° N, 77.1100° E",28.4281,77.11
raheja sampada,0.65,sector 92,4745.0,3.0,2.0,3,6.0,Relatively New,flat,1240.0,0,0,0,0,0,0,49,"28.4079° N, 76.9153° E",28.4079,76.9153
palam vihar society,3.35,sector 2,7444.0,4.0,4.0,3+,2.0,New Property,flat,5000.0,0,0,0,0,0,0,66,"28.5095° N, 77.0320° E",28.5095,77.032
corona optus,1.2,sector 37c,6916.0,3.0,4.0,3,8.0,Relatively New,flat,1635.0,0,0,0,0,0,0,149,"28.4515° N, 76.9882° E",28.4515,76.9882
orris aster court,0.69,sector 85,5219.0,2.0,2.0,2,5.0,Relatively New,flat,1075.0,0,0,0,0,0,0,37,"28.4042° N, 76.9513° E",28.4042,76.9513
adani brahma samsara vilasa,3.0,sector 63,16667.0,3.0,3.0,3,3.0,New Property,flat,2000.0,0,0,0,0,0,0,24,"28.3971° N, 77.0867° E",28.3971,77.0867
tulip violet,1.46,sector 69,9252.0,3.0,3.0,2,0.0,Relatively New,flat,1428.0,0,0,0,0,0,1,174,"28.3966° N, 77.0341° E",28.3966,77.0341
ansals florence villa,3.65,sector 57,10580.0,6.0,6.0,2,3.0,Moderately Old,house,3450.0,1,1,1,1,0,2,152,"28.4232° N, 77.0752° E",28.4232,77.0752
ss the leaf,1.98,sector 85,8257.0,3.0,4.0,3,12.0,Relatively New,flat,2399.0,0,0,0,0,0,0,174,"28.4042° N, 76.9513° E",28.4042,76.9513
independent,9.0,sector 13,11111.0,10.0,5.0,3+,4.0,Old Property,house,8100.0,0,0,0,0,0,0,0,"28.4757° N, 77.0392° E",28.4757,77.0392
ss the leaf,1.91,sector 85,5026.0,4.0,6.0,3,6.0,Relatively New,flat,3890.0,0,0,0,0,0,0,174,"28.4042° N, 76.9513° E",28.4042,76.9513
vatika india next,1.7,sector 83,7870.0,3.0,3.0,3+,4.0,New Property,house,2160.0,0,1,0,1,0,0,0,"28.3986° N, 76.9647° E",28.3986,76.9647
ss hibiscus,12.25,sector 50,20940.0,5.0,7.0,3+,1.0,Relatively New,house,5850.0,1,1,0,1,1,1,160,"28.4178° N, 77.0628° E",28.4178,77.0628
sidhartha ncr one phase,0.46,sector 95,4646.0,2.0,2.0,0,6.0,New Property,flat,990.0,0,0,0,0,0,0,0,"28.4172° N, 76.9081° E",28.4172,76.9081
emaar mgf emerald floors premier,2.25,sector 65,13636.0,3.0,3.0,3,3.0,Relatively New,flat,1600.0,0,0,0,0,0,1,49,"28.4030° N, 77.0690° E",28.403,77.069
signature global solera,0.28,sector 107,5680.0,2.0,2.0,2,6.0,Relatively New,flat,543.0,0,0,0,0,0,0,45,"28.5052° N, 76.9729° E",28.5052,76.9729
antriksh heights,0.85,sector 84,5556.0,2.0,2.0,3,10.0,New Property,flat,1222.0,0,0,0,0,0,0,24,"28.3979° N, 76.9736° E",28.3979,76.9736
shapoorji pallonji joyville gurugram,1.24,sector 102,10206.0,2.0,2.0,2,10.0,Relatively New,flat,1100.0,0,0,0,0,0,0,141,"28.4750° N, 76.9715° E",28.475,76.9715
tulip violet,2.05,sector 69,9951.0,4.0,4.0,2,0.0,Relatively New,flat,1889.0,0,0,0,0,0,0,157,"28.3966° N, 77.0341° E",28.3966,77.0341
tulip ivory,2.0,sector 70,8333.0,4.0,5.0,3+,7.0,Moderately Old,flat,2169.0,0,0,0,0,0,1,174,"28.3968° N, 77.0233° E",28.3968,77.0233
ss the leaf,1.15,sector 85,11967.0,2.0,2.0,3,20.0,Relatively New,flat,1263.0,0,0,0,0,0,0,107,"28.4042° N, 76.9513° E",28.4042,76.9513
smart world orchard,2.1,sector 61,13752.0,3.0,2.0,3,3.0,Under Construction,flat,1534.0,0,0,0,0,0,0,146,"28.4050° N, 77.0963° E",28.405,77.0963
dlf icon,5.8,sector 43,20707.0,4.0,4.0,3+,18.0,Old Property,flat,2801.0,0,0,0,0,0,0,0,"28.4629° N, 77.0772° E",28.4629,77.0772
independent,1.25,sector 6,11574.0,2.0,5.0,1,2.0,New Property,house,120.0,0,0,0,1,0,0,0,"28.4745° N, 77.0262° E",28.4745,77.0262
pyramid urban homes 2,0.42,sector 86,8485.0,2.0,2.0,1,2.0,New Property,flat,557.0,0,0,0,0,0,0,84,"28.3986° N, 76.9384° E",28.3986,76.9384
independent,0.32,sector 8,7111.0,2.0,3.0,1,1.0,Relatively New,house,450.0,0,0,0,0,0,0,0,"28.3738° N, 76.8970° E",28.3738,76.897
tulip violet,1.66,sector 69,8409.0,4.0,4.0,1,12.0,Relatively New,flat,1783.0,0,0,0,0,0,0,102,"28.3966° N, 77.0341° E",28.3966,77.0341
signature global solera,0.37,sector 107,6752.0,2.0,2.0,1,10.0,Relatively New,flat,496.0,0,0,0,0,0,0,73,"28.5052° N, 76.9729° E",28.5052,76.9729
m3m heights,2.86,sector 65,13999.0,3.0,3.0,3,45.0,Under Construction,flat,2267.0,0,0,0,0,0,0,48,"28.4030° N, 77.0690° E",28.403,77.069
dlf new town heights,1.65,sector 91,6346.0,4.0,4.0,3+,11.0,Moderately Old,flat,2139.0,0,0,0,0,0,0,72,"28.4014° N, 76.9225° E",28.4014,76.9225
gls avenue 51,0.45,sector 92,7614.0,2.0,2.0,1,10.0,New Property,flat,646.0,0,0,0,0,0,1,20,"28.4079° N, 76.9153° E",28.4079,76.9153
hsiidc sidco shivalik apartments,0.85,manesar,5102.0,3.0,2.0,2,5.0,Moderately Old,flat,1508.0,0,0,0,0,0,0,0,"28.3515° N, 76.9428° E",28.3515,76.9428
tarc maceo,1.75,sector 91,11118.0,4.0,3.0,3+,8.0,Relatively New,flat,2107.0,0,0,0,0,0,0,128,"28.4014° N, 76.9225° E",28.4014,76.9225
eldeco mansionz,4.75,sector 48,20299.0,7.0,7.0,3,2.0,Moderately Old,house,2340.0,1,0,0,0,0,1,33,"28.4177° N, 77.0359° E",28.4177,77.0359
bestech park view residency,1.5,sector 2,7825.0,3.0,4.0,3+,10.0,Moderately Old,flat,1738.0,0,0,0,0,0,0,93,"28.5095° N, 77.0320° E",28.5095,77.032
vipul world,3.35,sector 48,5583.0,6.0,5.0,3+,3.0,Moderately Old,house,6000.0,0,0,0,0,0,0,53,"28.4177° N, 77.0359° E",28.4177,77.0359
ireo victory valley,4.75,sector 67,13930.0,4.0,4.0,3+,0.0,Relatively New,flat,3200.0,0,0,0,0,0,1,165,"28.3859° N, 77.0608° E",28.3859,77.0608
sare green parc 2,0.75,sector 92,4744.0,3.0,3.0,3,2.0,Relatively New,flat,1415.0,0,0,0,0,0,1,49,"28.4079° N, 76.9153° E",28.4079,76.9153
m3m capital,2.37,sector 113,11499.0,4.0,4.0,3+,20.0,Under Construction,flat,2060.0,0,0,0,0,0,0,143,"28.5287° N, 77.0233° E",28.5287,77.0233
indiabulls centrum park,1.33,sector 103,8581.0,3.0,3.0,3+,8.0,Relatively New,flat,1671.0,0,0,0,0,0,0,150,"28.4949° N, 76.9845° E",28.4949,76.9845
independent,1.55,sector 109,6568.0,3.0,2.0,0,1.0,Relatively New,house,2360.0,0,0,0,0,0,0,0,"28.5073° N, 77.0089° E",28.5073,77.0089
dlf new town heights,1.65,sector 90,5684.0,4.0,4.0,3+,7.0,Moderately Old,flat,2468.0,0,0,0,0,0,0,117,"28.4085° N, 76.9369° E",28.4085,76.9369
central park flower valley cerise floors,1.3,sector 33,10744.0,2.0,2.0,2,3.0,New Property,flat,1095.0,0,0,0,0,0,0,22,"28.4420° N, 77.0207° E",28.442,77.0207
shree vardhman victoria,1.6,sector 70,8205.0,3.0,5.0,3,6.0,Relatively New,flat,1527.0,0,0,0,0,0,0,108,"28.3968° N, 77.0233° E",28.3968,77.0233
green court,0.45,sector 90,7188.0,2.0,2.0,1,2.0,New Property,flat,696.0,0,0,0,0,0,1,42,"28.4085° N, 76.9369° E",28.4085,76.9369
hsiidc sidco aravali,0.9,manesar,3648.0,4.0,4.0,3,7.0,Moderately Old,flat,2233.0,0,0,0,0,0,0,0,"28.3515° N, 76.9428° E",28.3515,76.9428
paras dews,1.2,sector 106,6818.0,3.0,4.0,3+,9.0,Relatively New,flat,1186.0,0,0,0,0,0,0,174,"28.5007° N, 77.0003° E",28.5007,77.0003
parsvnath green ville,1.75,sector 48,7202.0,3.0,3.0,3,7.0,Old Property,flat,2200.0,0,0,0,0,0,2,109,"28.4177° N, 77.0359° E",28.4177,77.0359
signature andour heights,0.37,sector 71,7400.0,1.0,1.0,2,2.0,Relatively New,flat,425.0,0,0,0,0,0,1,37,"28.4104° N, 77.0281° E",28.4104,77.0281
kibithu villas,3.45,sector 48,12778.0,4.0,4.0,3+,2.0,Moderately Old,flat,3000.0,0,0,0,0,0,0,0,"28.4177° N, 77.0359° E",28.4177,77.0359
ireo skyon,3.8,sector 60,13571.0,4.0,5.0,3,15.0,Moderately Old,flat,2791.0,0,0,0,0,0,1,145,"28.4003° N, 77.0975° E",28.4003,77.0975
independent,1.0,sector 12,8230.0,3.0,7.0,3+,3.0,Moderately Old,house,3750.0,0,0,1,1,0,0,7,"28.4723° N, 77.0320° E",28.4723,77.032
emaar mgf emerald estate,1.7,sector 65,21014.0,3.0,3.0,3,7.0,Relatively New,flat,1081.0,0,0,0,0,0,1,116,"28.4030° N, 77.0690° E",28.403,77.069
ansal heights 86,0.78,sector 86,5735.0,2.0,2.0,2,8.0,New Property,flat,1360.0,0,0,0,0,0,0,72,"28.3986° N, 76.9384° E",28.3986,76.9384
international city by sobha phase 2,9.4,sector 109,26111.0,5.0,6.0,3+,2.0,Relatively New,house,3600.0,1,1,1,1,0,1,147,"28.5073° N, 77.0089° E",28.5073,77.0089
emaar imperial gardens,1.91,sector 102,9550.0,3.0,4.0,2,17.0,Relatively New,flat,1587.0,0,0,0,0,0,1,152,"28.4750° N, 76.9715° E",28.475,76.9715
tata primanti,4.0,sector 72,13769.0,4.0,5.0,2,7.0,Moderately Old,flat,2629.0,0,0,0,0,0,0,38,"28.4225° N, 77.0211° E",28.4225,77.0211
mapsko royale ville,1.15,sector 82,6425.0,3.0,4.0,2,15.0,Relatively New,flat,1620.0,0,0,0,0,0,1,104,"28.3935° N, 76.9600° E",28.3935,76.96
ats kocoon,2.95,sector 109,10351.0,4.0,4.0,3+,7.0,Relatively New,flat,3150.0,0,0,0,0,0,1,158,"28.5073° N, 77.0089° E",28.5073,77.0089
ambience lagoon,4.25,sector 24,13281.0,3.0,4.0,3+,3.0,Old Property,flat,3201.0,0,0,0,0,0,1,143,"28.4939° N, 77.1038° E",28.4939,77.1038
godrej,1.12,sector 79,7147.0,2.0,2.0,3,6.0,Relatively New,flat,1325.0,0,0,0,0,0,0,49,"28.3624° N, 76.9787° E",28.3624,76.9787
antriksh heights,0.73,sector 84,6083.0,2.0,2.0,3+,4.0,Relatively New,flat,1026.0,0,0,0,0,0,0,158,"28.3979° N, 76.9736° E",28.3979,76.9736
independent,0.6,sector 105,13333.0,3.0,3.0,0,3.0,Moderately Old,house,450.0,0,0,0,0,0,0,0,"28.4952° N, 77.0114° E",28.4952,77.0114
independent,1.2,sector 105,10118.0,3.0,2.0,1,2.0,Old Property,house,1185.51,0,0,0,0,0,0,9,"28.4952° N, 77.0114° E",28.4952,77.0114
m3m merlin,2.98,sector 67,14558.0,3.0,3.0,3,0.0,Relatively New,flat,2047.0,0,0,0,0,0,1,49,"28.3859° N, 77.0608° E",28.3859,77.0608
smart world orchard,1.57,sector 61,13652.0,2.0,2.0,2,3.0,New Property,flat,1150.0,0,0,0,0,0,0,71,"28.4050° N, 77.0963° E",28.405,77.0963
emaar palm gardens,1.75,sector 83,9211.0,3.0,3.0,3,6.0,Relatively New,flat,1549.0,0,0,0,0,0,1,105,"28.3986° N, 76.9647° E",28.3986,76.9647
sare homes,0.58,sector 92,4099.0,3.0,3.0,3,3.0,New Property,flat,1281.0,0,0,0,0,0,0,54,"28.4079° N, 76.9153° E",28.4079,76.9153
umang winter hills,1.4,sector 77,6341.0,3.0,3.0,3,10.0,Relatively New,flat,1735.0,0,0,0,0,0,0,28,"28.3801° N, 76.9845° E",28.3801,76.9845
m3m sky lofts,0.9,sector 71,13177.0,1.0,1.0,0,6.0,New Property,flat,683.0,0,0,0,0,0,0,77,"28.4104° N, 77.0281° E",28.4104,77.0281
aditya apartment,1.0,manesar,4032.0,3.0,4.0,0,3.0,New Property,flat,2480.0,0,0,0,0,0,0,0,"28.3515° N, 76.9428° E",28.3515,76.9428
dlf belvedere towers,3.4,sector 25,13765.0,4.0,4.0,3,1.0,Old Property,flat,2744.0,0,0,0,0,0,0,26,"28.4844° N, 77.0860° E",28.4844,77.086
m3m heights,2.15,sector 65,15003.0,2.0,2.0,3+,28.0,Relatively New,flat,1433.0,0,0,0,0,0,0,48,"28.4030° N, 77.0690° E",28.403,77.069
godrej meridien,5.6,sector 106,14000.0,5.0,4.0,3+,33.0,New Property,house,4000.0,1,1,1,1,0,0,151,"28.5007° N, 77.0003° E",28.5007,77.0003
la vida by tata housing,1.75,sector 113,10492.0,2.0,2.0,3,10.0,Relatively New,flat,1424.0,0,0,0,0,0,0,93,"28.5287° N, 77.0233° E",28.5287,77.0233
ats triumph,1.95,sector 104,8515.0,3.0,3.0,3+,3.0,New Property,flat,2544.0,0,0,0,0,0,0,69,"28.4788° N, 76.9960° E",28.4788,76.996
emaar mgf emerald estate,1.73,sector 65,12401.0,3.0,3.0,3,9.0,Relatively New,flat,1262.0,0,0,0,0,0,2,159,"28.4030° N, 77.0690° E",28.403,77.069
dlf the skycourt,1.56,sector 86,8087.0,3.0,4.0,3+,17.0,Relatively New,flat,1580.0,0,0,0,0,0,0,174,"28.3986° N, 76.9384° E",28.3986,76.9384
independent,10.45,sector 50,38704.0,4.0,5.0,2,3.0,Moderately Old,house,4000.0,1,1,0,1,0,1,142,"28.4178° N, 77.0628° E",28.4178,77.0628
ireo skyon,2.15,sector 60,23344.0,2.0,3.0,2,5.0,Relatively New,flat,1250.0,0,0,0,0,0,1,49,"28.4003° N, 77.0975° E",28.4003,77.0975
spaze privy,3.09,sector 72,6981.0,5.0,5.0,3+,14.0,Relatively New,house,3653.0,0,1,0,0,0,1,33,"28.4225° N, 77.0211° E",28.4225,77.0211
unitech espace,7.5,sector 50,34722.0,3.0,3.0,2,2.0,Moderately Old,house,2160.0,0,1,0,0,0,1,66,"28.4178° N, 77.0628° E",28.4178,77.0628
independent,5.75,sector 43,23663.0,4.0,4.0,2,4.0,Under Construction,house,2430.0,0,1,1,0,0,2,153,"28.4629° N, 77.0772° E",28.4629,77.0772
ambience creacions,1.75,sector 22,12700.0,2.0,2.0,2,11.0,Under Construction,flat,1249.0,0,0,0,0,0,0,57,"28.5072° N, 77.0640° E",28.5072,77.064
independent,0.82,sector 8,10224.0,2.0,4.0,0,2.0,Moderately Old,house,891.0,0,0,0,0,0,0,0,"28.3738° N, 76.8970° E",28.3738,76.897
orris aster court premier,1.5,sector 85,5859.0,4.0,5.0,3+,6.0,New Property,flat,2017.0,0,0,0,0,0,1,28,"28.4042° N, 76.9513° E",28.4042,76.9513
experion the heartsong,1.55,sector 108,7738.0,3.0,3.0,3+,7.0,Relatively New,flat,1750.0,0,0,0,0,0,1,174,"28.5134° N, 76.9830° E",28.5134,76.983
imperia the esfera,0.9,sector 37c,6272.0,3.0,3.0,3,9.0,Relatively New,flat,1435.0,0,0,0,0,0,0,66,"28.4515° N, 76.9882° E",28.4515,76.9882
sector 38 rwa,4.3,sector 38,28782.0,3.0,9.0,3+,3.0,Relatively New,house,1494.0,0,0,0,1,1,1,41,"28.4347° N, 77.0430° E",28.4347,77.043
signature global city,0.68,sector 37d,11724.0,2.0,2.0,3,9.0,New Property,flat,644.0,0,0,0,0,0,0,58,"28.4478° N, 76.9703° E",28.4478,76.9703
tulip violet,1.36,sector 69,8619.0,3.0,3.0,1,12.0,Relatively New,flat,1291.0,0,0,0,0,0,0,95,"28.3966° N, 77.0341° E",28.3966,77.0341
aindependentt raj estates,8.5,sector 63a,27139.0,6.0,6.0,3+,3.0,Under Construction,house,3132.0,0,0,1,1,0,0,29,"28.3923° N, 77.0888° E",28.3923,77.0888
indiabulls centrum park,2.45,sector 103,8522.0,4.0,6.0,3,5.0,Relatively New,flat,2602.0,0,0,0,0,0,0,38,"28.4949° N, 76.9845° E",28.4949,76.9845
independent,2.0,sector 7,13889.0,2.0,2.0,2,2.0,Old Property,house,1440.0,0,0,0,0,0,0,22,"28.4644° N, 77.0143° E",28.4644,77.0143
kashish manor one,1.65,sector 111,7097.0,3.0,4.0,3+,14.0,Under Construction,flat,2104.0,0,0,0,0,0,0,8,"28.5238° N, 77.0320° E",28.5238,77.032
shree vardhman victoria,1.15,sector 70,8519.0,2.0,2.0,3,8.0,Relatively New,flat,1222.0,0,0,0,0,0,0,49,"28.3968° N, 77.0233° E",28.3968,77.0233
m3m heights,3.29,sector 65,17998.0,3.0,3.0,3,33.0,New Property,flat,1828.0,0,0,0,0,0,0,49,"28.4030° N, 77.0690° E",28.403,77.069
sagar apartment,1.45,sector 56,7250.0,3.0,3.0,3+,7.0,Old Property,flat,1900.0,0,0,0,0,0,0,166,"28.4245° N, 77.0991° E",28.4245,77.0991
ss the coralwood,1.1,sector 84,4857.0,3.0,3.0,2,9.0,Relatively New,flat,1584.0,0,0,0,0,0,0,75,"28.3979° N, 76.9736° E",28.3979,76.9736
corona optus,1.43,sector 37c,7186.0,3.0,3.0,3+,2.0,Relatively New,flat,1845.0,0,0,0,0,0,0,49,"28.4515° N, 76.9882° E",28.4515,76.9882
m3m skycity,3.5,sector 65,17040.0,3.0,3.0,3,15.0,New Property,flat,2282.0,0,0,0,0,0,1,166,"28.4030° N, 77.0690° E",28.403,77.069
independent,2.25,sector 103,6367.0,3.0,5.0,3+,10.0,Relatively New,house,3534.0,0,0,0,0,0,0,0,"28.4949° N, 76.9845° E",28.4949,76.9845
ansal heights 86,0.82,sector 86,6029.0,2.0,2.0,1,12.0,New Property,flat,1300.0,0,0,0,0,0,0,49,"28.3986° N, 76.9384° E",28.3986,76.9384
kiran residency,1.5,sector 56,6649.0,3.0,5.0,3+,4.0,Moderately Old,flat,2250.0,0,0,0,0,0,1,134,"28.4245° N, 77.0991° E",28.4245,77.0991
bptp terra,1.49,sector 37d,8107.0,3.0,3.0,3,20.0,Relatively New,flat,1707.0,0,0,0,0,0,0,49,"28.4478° N, 76.9703° E",28.4478,76.9703
independent,0.68,sector 3,3875.0,5.0,3.0,0,1.0,Moderately Old,house,1755.0,0,0,0,0,0,0,0,"28.4909° N, 77.0176° E",28.4909,77.0176
m3m skywalk,2.25,sector 74,12500.0,3.0,3.0,3,5.0,Relatively New,flat,1900.0,0,0,0,0,0,0,174,"28.4158° N, 77.0118° E",28.4158,77.0118
satya the hermitage,4.35,sector 103,13501.0,4.0,4.0,3+,2.0,Relatively New,house,3222.0,1,1,1,1,0,1,138,"28.4949° N, 76.9845° E",28.4949,76.9845
the penthouses at the hibiscus,8.5,sector 50,8500.0,4.0,4.0,3,9.0,Moderately Old,flat,11111.0,0,0,0,0,0,0,35,"28.4178° N, 77.0628° E",28.4178,77.0628
emaar mgf emerald floors premier,2.9,sector 65,14684.0,4.0,4.0,0,0.0,Relatively New,flat,2194.0,0,0,0,0,0,0,50,"28.4030° N, 77.0690° E",28.403,77.069
shivpuri,2.4,sector 7,8889.0,10.0,5.0,3,2.0,Old Property,house,2700.0,1,1,0,1,0,0,8,"28.4644° N, 77.0143° E",28.4644,77.0143
emaar emerald hills,12.5,sector 65,34722.0,4.0,4.0,3+,2.0,Relatively New,house,3600.0,1,1,0,0,0,0,56,"28.4030° N, 77.0690° E",28.403,77.069
bestech park view residency,1.18,sector 2,7540.0,2.0,2.0,3,5.0,Old Property,flat,1416.0,0,0,0,0,0,0,76,"28.5095° N, 77.0320° E",28.5095,77.032
independent,1.64,sector 55,10123.0,3.0,3.0,2,4.0,New Property,house,1620.0,1,1,0,0,0,1,54,"28.4281° N, 77.1100° E",28.4281,77.11
not applicable,0.4,sector 4,9259.0,1.0,1.0,1,1.0,Moderately Old,house,432.0,0,0,0,0,0,0,0,"28.4738° N, 77.0107° E",28.4738,77.0107
raheja vedaanta,0.65,sector 108,4762.0,2.0,2.0,2,5.0,Relatively New,flat,1235.0,0,0,0,0,0,1,174,"28.5134° N, 76.9830° E",28.5134,76.983
dlf new town heights,1.88,sector 90,6894.0,4.0,4.0,3+,20.0,Relatively New,flat,2726.0,0,0,0,0,0,0,145,"28.4085° N, 76.9369° E",28.4085,76.9369
smart world orchard,2.2,sector 61,13497.0,3.0,3.0,2,3.0,Under Construction,flat,1811.0,0,0,0,0,0,0,16,"28.4050° N, 77.0963° E",28.405,77.0963
shree vardhman flora,0.66,sector 90,5077.0,2.0,2.0,3,4.0,Relatively New,flat,1122.0,0,0,0,0,0,0,119,"28.4085° N, 76.9369° E",28.4085,76.9369
bhagwati sadan,1.15,sector 12,5750.0,3.0,4.0,2,2.0,Old Property,flat,2000.0,0,0,0,0,0,1,28,"28.4723° N, 77.0320° E",28.4723,77.032
dlf the grove,6.0,sector 43,25000.0,4.0,4.0,2,1.0,Under Construction,flat,2667.0,0,0,0,0,0,1,49,"28.4629° N, 77.0772° E",28.4629,77.0772
independent,1.16,sector 7,11694.0,2.0,4.0,2,3.0,Moderately Old,house,1102.0,0,0,0,0,1,0,39,"28.4644° N, 77.0143° E",28.4644,77.0143
vatika city homes,1.05,sector 83,8571.0,3.0,3.0,3,8.0,Moderately Old,flat,1468.0,0,0,0,0,0,1,103,"28.3986° N, 76.9647° E",28.3986,76.9647
pivotal devaan,0.37,sector 84,6346.0,2.0,2.0,1,5.0,Relatively New,flat,532.0,0,0,0,0,0,0,73,"28.3979° N, 76.9736° E",28.3979,76.9736
tulip lemon,0.6,sector 69,11407.0,2.0,1.0,1,11.0,Relatively New,flat,584.0,0,0,0,0,0,0,0,"28.3966° N, 77.0341° E",28.3966,77.0341
gls avenue 51,0.5,sector 92,7812.0,3.0,3.0,1,12.0,New Property,flat,711.0,0,0,0,0,0,2,95,"28.4079° N, 76.9153° E",28.4079,76.9153
adani brahma samsara vilasa,3.4,sector 63,10000.0,3.0,3.0,3+,1.0,New Property,flat,3077.0,0,0,0,0,0,0,99,"28.3971° N, 77.0867° E",28.3971,77.0867
zara aavaas,0.2,sector 104,6645.0,1.0,1.0,1,3.0,Relatively New,flat,301.0,0,0,0,0,0,0,67,"28.4788° N, 76.9960° E",28.4788,76.996
shree vardhman victoria,1.65,sector 70,8462.0,3.0,4.0,3,1.0,Relatively New,flat,1586.0,0,0,0,0,0,2,167,"28.3968° N, 77.0233° E",28.3968,77.0233
independent,3.85,sector 7,14650.0,4.0,4.0,3,3.0,Old Property,house,2628.0,0,0,0,0,0,0,27,"28.4644° N, 77.0143° E",28.4644,77.0143
unitech uniworld resorts,11.75,sector 33,23240.0,5.0,7.0,3+,3.0,Relatively New,house,5056.0,0,1,0,0,0,0,80,"28.4420° N, 77.0207° E",28.442,77.0207
m3m skywalk,1.6,sector 74,11380.0,2.0,2.0,2,28.0,New Property,flat,1272.0,0,0,0,0,0,0,15,"28.4158° N, 77.0118° E",28.4158,77.0118
green homes,1.85,sector 52,7872.0,3.0,3.0,3,7.0,Moderately Old,flat,2127.0,0,0,0,0,0,0,28,"28.4379° N, 77.0785° E",28.4379,77.0785
sidhartha ncr one phase,0.6,sector 95,4800.0,2.0,2.0,3,10.0,New Property,flat,1250.0,0,0,0,0,0,0,0,"28.4172° N, 76.9081° E",28.4172,76.9081
bestech park view ananda,0.95,sector 81,6985.0,2.0,2.0,2,14.0,Relatively New,flat,1260.0,0,0,0,0,0,1,165,"28.3867° N, 76.9485° E",28.3867,76.9485
tulip violet,1.55,sector 69,9823.0,3.0,3.0,2,5.0,Relatively New,flat,1428.0,0,0,0,0,0,0,99,"28.3966° N, 77.0341° E",28.3966,77.0341
adani aangan arcade,0.45,sector 88a,7200.0,2.0,2.0,1,3.0,New Property,flat,694.0,0,0,0,0,0,0,14,"28.4347° N, 76.9557° E",28.4347,76.9557
ireo skyon,3.75,sector 60,13393.0,4.0,4.0,3,12.0,Relatively New,flat,2650.0,0,0,0,0,0,1,49,"28.4003° N, 77.0975° E",28.4003,77.0975
sidhartha ncr one,0.57,sector 95,4179.0,2.0,2.0,2,10.0,New Property,flat,1364.0,0,0,0,0,0,0,0,"28.4172° N, 76.9081° E",28.4172,76.9081
ireo the grand arch,2.2,sector 58,13480.0,2.0,2.0,1,5.0,Relatively New,flat,1432.0,0,0,0,0,0,1,94,"28.4200° N, 77.1105° E",28.42,77.1105
tulip violet,1.7,sector 69,8458.0,4.0,4.0,2,10.0,Relatively New,flat,1804.0,0,0,0,0,0,0,174,"28.3966° N, 77.0341° E",28.3966,77.0341
independent,3.65,sector 2,23443.0,3.0,9.0,3+,3.0,New Property,house,1557.0,0,1,0,1,0,1,116,"28.5095° N, 77.0320° E",28.5095,77.032
puri emerald bay,2.23,sector 104,9911.0,3.0,4.0,3+,10.0,Relatively New,flat,2359.0,0,0,0,0,0,1,159,"28.4788° N, 76.9960° E",28.4788,76.996
tarc maceo,0.96,sector 91,5411.0,2.0,2.0,3+,8.0,Moderately Old,flat,1271.0,0,0,0,0,0,0,85,"28.4014° N, 76.9225° E",28.4014,76.9225
mapsko royale ville,0.99,sector 82,5531.0,3.0,4.0,2,14.0,New Property,flat,1620.0,0,0,0,0,0,0,95,"28.3935° N, 76.9600° E",28.3935,76.96
dlf new town heights,1.54,sector 90,6514.0,4.0,4.0,3+,12.0,Moderately Old,flat,2200.0,0,0,0,0,0,1,111,"28.4085° N, 76.9369° E",28.4085,76.9369
ss the leaf,1.2,sector 85,7317.0,2.0,2.0,3,6.0,Relatively New,flat,1300.0,0,0,0,0,0,1,174,"28.4042° N, 76.9513° E",28.4042,76.9513
independent,5.15,sector 47,26615.0,3.0,9.0,3+,3.0,Relatively New,house,1935.0,0,0,1,0,0,1,75,"28.4276° N, 77.0492° E",28.4276,77.0492
m3m capital,2.0,sector 113,12012.0,3.0,3.0,2,24.0,Under Construction,flat,1507.0,0,0,0,0,0,0,47,"28.5287° N, 77.0233° E",28.5287,77.0233
sare crescent parc royal greens phase 1,0.95,sector 92,5008.0,4.0,5.0,3+,4.0,Moderately Old,flat,1717.0,0,0,0,0,0,0,37,"28.4079° N, 76.9153° E",28.4079,76.9153
suncity vatsal valley,1.0,gwal pahari,13333.0,2.0,2.0,2,3.0,New Property,flat,833.0,0,0,0,0,0,1,13,"28.4484° N, 77.0210° E",28.4484,77.021
emaar mgf emerald floors premier,2.25,sector 65,13636.0,3.0,3.0,3+,3.0,Relatively New,flat,1493.0,0,0,0,0,0,0,152,"28.4030° N, 77.0690° E",28.403,77.069
signature global city 81,0.8,sector 81,14652.0,2.0,2.0,2,4.0,Under Construction,flat,607.0,0,0,0,0,0,0,36,"28.3867° N, 76.9485° E",28.3867,76.9485
sidhartha ncr one phase,0.56,sector 95,4106.0,2.0,2.0,2,10.0,Relatively New,flat,1234.0,0,0,0,0,0,1,60,"28.4172° N, 76.9081° E",28.4172,76.9081
ambience creacions,2.55,sector 22,13710.0,3.0,3.0,3,8.0,Relatively New,flat,1860.0,0,0,0,0,0,2,125,"28.5072° N, 77.0640° E",28.5072,77.064
independent,3.75,sector 5,11029.0,5.0,5.0,3+,3.0,Old Property,house,3400.0,0,0,0,0,0,0,0,"28.4794° N, 77.0176° E",28.4794,77.0176
dlf the primus,1.85,sector 82a,10176.0,3.0,3.0,3,15.0,Moderately Old,flat,1677.0,0,0,0,0,0,0,38,"28.3858° N, 76.9686° E",28.3858,76.9686
suncity platinum towers,6.2,sector 28,23091.0,3.0,4.0,3+,21.0,Relatively New,flat,2000.0,0,0,0,0,0,1,160,"28.4728° N, 77.0865° E",28.4728,77.0865
independent,8.0,sector 27,26298.0,9.0,9.0,3,4.0,Relatively New,house,3042.0,1,1,1,1,0,2,110,"28.4658° N, 77.0917° E",28.4658,77.0917
tulip monsella,7.4,sector 53,33199.0,4.0,4.0,3,21.0,Under Construction,flat,2477.0,0,0,0,0,0,0,35,"28.4433° N, 77.0948° E",28.4433,77.0948
umang winter hills,1.2,sector 77,6586.0,3.0,3.0,3,14.0,Relatively New,flat,1822.0,0,0,0,0,0,0,46,"28.3801° N, 76.9845° E",28.3801,76.9845
ss aaron ville,6.75,sector 49,19737.0,5.0,4.0,2,2.0,Old Property,house,3420.0,1,1,1,0,0,0,78,"28.4121° N, 77.0480° E",28.4121,77.048
tulip yellow,2.95,sector 69,16389.0,4.0,3.0,2,3.0,New Property,house,1800.0,0,0,0,1,1,2,111,"28.3966° N, 77.0341° E",28.3966,77.0341
signature global solera,0.52,sector 107,8062.0,3.0,2.0,2,5.0,Relatively New,flat,717.0,0,0,0,0,0,0,15,"28.5052° N, 76.9729° E",28.5052,76.9729
godrej oasis,0.95,sector 88a,7269.0,2.0,2.0,2,6.0,Relatively New,flat,1452.0,0,0,0,0,0,0,79,"28.4347° N, 76.9557° E",28.4347,76.9557
antriksh heights,0.9,sector 84,4932.0,3.0,3.0,3,11.0,Relatively New,flat,1652.0,0,0,0,0,0,0,87,"28.3979° N, 76.9736° E",28.3979,76.9736
dlf the ultima,2.5,sector 81,11726.0,3.0,3.0,2,20.0,Relatively New,flat,1700.0,0,0,0,0,0,2,174,"28.3867° N, 76.9485° E",28.3867,76.9485
m3m merlin,2.8,sector 67,13679.0,3.0,3.0,3,5.0,Moderately Old,flat,2047.0,0,0,0,0,0,2,26,"28.3859° N, 77.0608° E",28.3859,77.0608
dlf regal gardens,1.25,sector 90,7167.0,3.0,3.0,2,11.0,Relatively New,flat,1578.0,0,0,0,0,0,0,14,"28.4085° N, 76.9369° E",28.4085,76.9369
grover homes sec 4,4.75,sector 4,9374.0,5.0,5.0,1,1.0,Old Property,house,5067.0,1,1,0,1,0,1,35,"28.4738° N, 77.0107° E",28.4738,77.0107
emaar mgf the enclave,2.1,sector 66,12353.0,3.0,4.0,2,12.0,Relatively New,flat,1800.0,0,0,0,0,0,1,156,"28.3925° N, 77.0541° E",28.3925,77.0541
ireo uptown,4.85,sector 66,12999.0,4.0,4.0,3+,15.0,Relatively New,flat,3500.0,0,0,0,0,0,1,156,"28.3925° N, 77.0541° E",28.3925,77.0541
sobha city,2.6,sector 108,15196.0,3.0,3.0,2,8.0,Relatively New,flat,1711.0,0,0,0,0,0,0,99,"28.5134° N, 76.9830° E",28.5134,76.983
sare green parc phase 3,0.7,sector 92,5279.0,3.0,2.0,2,4.0,Relatively New,flat,1325.0,0,0,0,0,0,0,56,"28.4079° N, 76.9153° E",28.4079,76.9153
international city by sobha phase 1,6.1,sector 109,25103.0,5.0,6.0,3+,2.0,Moderately Old,house,2430.0,0,1,0,0,0,0,30,"28.5073° N, 77.0089° E",28.5073,77.0089
sare crescent parc,0.9,sector 92,4259.0,4.0,5.0,3+,3.0,Relatively New,flat,1805.0,0,0,0,0,0,0,0,"28.4079° N, 76.9153° E",28.4079,76.9153
dlf regency park,1.35,sector 28,11739.0,2.0,2.0,2,14.0,Old Property,flat,1120.0,0,0,0,0,0,0,66,"28.4728° N, 77.0865° E",28.4728,77.0865
shree vardhman flora,0.86,sector 90,6255.0,3.0,4.0,3,0.0,Relatively New,flat,1525.0,0,0,0,0,0,1,84,"28.4085° N, 76.9369° E",28.4085,76.9369
international city by sobha phase 2,9.5,sector 109,26389.0,5.0,5.0,3+,2.0,Relatively New,house,3600.0,1,1,1,1,0,0,133,"28.5073° N, 77.0089° E",28.5073,77.0089
dlf garden city floors,1.7,sector 92,8586.0,3.0,4.0,2,1.0,Under Construction,flat,1475.0,0,0,0,0,0,0,63,"28.4079° N, 76.9153° E",28.4079,76.9153
m3m golfestate,5.4,sector 65,18127.0,3.0,4.0,3,19.0,Moderately Old,flat,2696.0,0,0,0,0,0,1,174,"28.4030° N, 77.0690° E",28.403,77.069
tulip purple,1.92,sector 69,8000.0,4.0,5.0,3+,5.0,Relatively New,flat,2172.0,0,0,0,0,0,1,158,"28.3966° N, 77.0341° E",28.3966,77.0341
ss the leaf,1.05,sector 85,6402.0,2.0,2.0,3,6.0,Relatively New,flat,1484.0,0,0,0,0,0,0,49,"28.4042° N, 76.9513° E",28.4042,76.9513
independent,13.5,sector 26,29880.0,5.0,5.0,3+,2.0,Relatively New,house,4518.0,1,1,0,1,1,2,49,"28.4757° N, 77.1032° E",28.4757,77.1032
independent,9.5,sector 43,42222.0,5.0,5.0,3+,2.0,Relatively New,house,2250.0,0,1,0,1,0,1,88,"28.4629° N, 77.0772° E",28.4629,77.0772
independent,8.0,sector 7,22222.0,4.0,5.0,3+,1.0,Old Property,house,3600.0,1,1,0,1,0,0,31,"28.4644° N, 77.0143° E",28.4644,77.0143
ramprastha the edge towers,0.8,sector 37d,5797.0,2.0,2.0,3,2.0,Relatively New,flat,1300.0,0,0,0,0,0,0,78,"28.4478° N, 76.9703° E",28.4478,76.9703
emaar mgf palm hills,1.64,sector 77,8410.0,4.0,3.0,3,9.0,Relatively New,flat,1765.0,0,0,0,0,0,0,102,"28.3801° N, 76.9845° E",28.3801,76.9845
experion windchants,7.99,sector 112,12520.0,4.0,6.0,3,2.0,New Property,house,6382.0,0,1,1,1,0,1,129,"28.5189° N, 77.0183° E",28.5189,77.0183
independent,0.82,sector 8,9111.0,2.0,3.0,3,2.0,Moderately Old,house,900.0,0,0,0,0,0,0,12,"28.3738° N, 76.8970° E",28.3738,76.897
dlf the grove,5.7,sector 54,41245.0,3.0,3.0,3,1.0,Moderately Old,flat,1382.0,0,0,0,0,0,0,46,"28.4348° N, 77.1089° E",28.4348,77.1089
independent,1.1,sector 9,6111.0,4.0,3.0,1,2.0,Old Property,house,200.0,0,0,0,0,0,0,0,"28.4603° N, 77.0000° E",28.4603,77.0
independent,0.75,sector 36,6938.0,3.0,1.0,0,1.0,New Property,house,1081.0,0,0,0,0,0,0,0,"28.4160° N, 76.9914° E",28.416,76.9914
sbtl caladium,1.8,sector 109,7073.0,3.0,3.0,3+,10.0,Relatively New,flat,2000.0,0,0,0,0,0,0,174,"28.5073° N, 77.0089° E",28.5073,77.0089
shree vardhman victoria,1.5,sector 70,7692.0,3.0,5.0,3,7.0,Relatively New,flat,1527.0,0,0,0,0,0,1,174,"28.3968° N, 77.0233° E",28.3968,77.0233
ss the leaf,1.14,sector 85,6951.0,2.0,2.0,3,4.0,Relatively New,flat,1484.0,0,0,0,0,0,0,109,"28.4042° N, 76.9513° E",28.4042,76.9513
alpha corp gurgaonone,2.28,sector 84,8769.0,4.0,4.0,3+,8.0,Relatively New,flat,2998.0,0,0,0,0,0,0,61,"28.3979° N, 76.9736° E",28.3979,76.9736
ats kocoon,1.65,sector 109,10645.0,3.0,3.0,3,19.0,Relatively New,flat,1650.0,0,0,0,0,0,1,159,"28.5073° N, 77.0089° E",28.5073,77.0089
independent,3.5,sector 31,24155.0,4.0,4.0,3,2.0,Old Property,house,1449.0,0,0,1,0,0,1,70,"28.4528° N, 77.0498° E",28.4528,77.0498
godrej oasis,1.38,sector 88a,6680.0,3.0,3.0,3+,7.0,Relatively New,flat,2296.0,0,0,0,0,0,0,72,"28.4347° N, 76.9557° E",28.4347,76.9557
emaar gurgaon greens,1.55,sector 102,9394.0,3.0,4.0,3,7.0,Relatively New,flat,1315.0,0,0,0,0,0,1,152,"28.4750° N, 76.9715° E",28.475,76.9715
bhim nagar society,0.4,sector 6,2500.0,4.0,2.0,2,1.0,Moderately Old,house,1600.0,0,0,0,0,0,0,0,"28.4745° N, 77.0262° E",28.4745,77.0262
m3m heights,2.33,sector 65,18477.0,2.0,2.0,3,35.0,Under Construction,flat,1141.0,0,0,0,0,0,1,49,"28.4030° N, 77.0690° E",28.403,77.069
ansal heights 86,1.25,sector 86,7396.0,3.0,2.0,1,11.0,New Property,flat,1529.0,0,0,0,0,0,0,45,"28.3986° N, 76.9384° E",28.3986,76.9384
satya the hermitage,0.93,sector 103,6405.0,2.0,3.0,3,3.0,Relatively New,flat,1613.0,0,0,0,0,0,1,90,"28.4949° N, 76.9845° E",28.4949,76.9845
independent,0.6,sector 104,5128.0,4.0,3.0,1,2.0,Moderately Old,house,1170.0,0,0,0,0,0,0,0,"28.4788° N, 76.9960° E",28.4788,76.996
m3m skywalk,1.5,sector 74,12500.0,2.0,2.0,3,17.0,Relatively New,flat,1300.0,0,0,0,0,0,0,174,"28.4158° N, 77.0118° E",28.4158,77.0118
landmark house,2.75,sector 43,25463.0,3.0,3.0,1,2.0,Moderately Old,house,1080.0,0,0,0,1,0,0,21,"28.4629° N, 77.0772° E",28.4629,77.0772
m3m soulitude,1.0,sector 89,9066.0,2.0,2.0,2,2.0,New Property,flat,1226.0,0,0,0,0,0,0,49,"28.4253° N, 76.9439° E",28.4253,76.9439
the serenas,0.42,sector 36,7910.0,2.0,2.0,1,3.0,New Property,flat,590.0,0,0,0,0,0,0,0,"28.4160° N, 76.9914° E",28.416,76.9914
ss the leaf,1.65,sector 85,6852.0,3.0,4.0,3,9.0,New Property,flat,2179.0,0,0,0,0,0,0,21,"28.4042° N, 76.9513° E",28.4042,76.9513
international city by sobha phase 1,6.0,sector 109,9634.0,4.0,5.0,3,2.0,Moderately Old,house,6228.0,0,0,0,0,0,0,76,"28.5073° N, 77.0089° E",28.5073,77.0089
signature global solera,0.38,sector 107,6333.0,2.0,2.0,2,3.0,Relatively New,flat,627.0,0,0,0,0,0,2,23,"28.5052° N, 76.9729° E",28.5052,76.9729
ss the leaf,2.2,sector 85,6934.0,4.0,5.0,3+,4.0,Relatively New,flat,2545.0,0,0,0,0,0,0,106,"28.4042° N, 76.9513° E",28.4042,76.9513
dlf city plots,19.0,sector 26,42054.0,6.0,6.0,3,2.0,Relatively New,house,4518.0,1,1,0,0,0,1,121,"28.4757° N, 77.1032° E",28.4757,77.1032
emaar mgf emerald floors premier,2.35,sector 65,14242.0,3.0,3.0,3,3.0,Relatively New,flat,1833.0,0,0,0,0,0,1,124,"28.4030° N, 77.0690° E",28.403,77.069
espire south,1.32,sector 68,9047.0,2.0,2.0,2,9.0,New Property,flat,1460.0,0,0,0,0,0,0,0,"28.3853° N, 77.0484° E",28.3853,77.0484
ardee city,5.5,sector 52,20370.0,9.0,9.0,3+,3.0,Moderately Old,house,2700.0,0,1,0,1,1,1,26,"28.4379° N, 77.0785° E",28.4379,77.0785
tulip monsella,8.25,sector 53,28004.0,3.0,4.0,3,8.0,Under Construction,flat,2661.0,0,0,0,0,0,2,35,"28.4433° N, 77.0948° E",28.4433,77.0948
independent,2.5,sector 2,16057.0,4.0,4.0,2,4.0,Old Property,house,1557.0,0,0,0,0,0,0,17,"28.5095° N, 77.0320° E",28.5095,77.032
parsvnath green ville,3.3,sector 48,9985.0,5.0,5.0,3+,4.0,Old Property,flat,3305.0,0,0,0,0,0,0,71,"28.4177° N, 77.0359° E",28.4177,77.0359
ireo the corridors,1.8,sector 67a,14658.0,3.0,3.0,3,6.0,New Property,flat,1551.0,0,0,0,0,0,1,150,"28.3960° N, 77.0372° E",28.396,77.0372
imperia the esfera,0.86,sector 37c,4886.0,3.0,3.0,2,0.0,New Property,flat,1593.0,0,0,0,0,0,0,35,"28.4515° N, 76.9882° E",28.4515,76.9882
independent,0.34,sector 110,6800.0,1.0,1.0,0,1.0,Relatively New,house,500.0,0,0,0,0,0,0,0,"28.5145° N, 77.0197° E",28.5145,77.0197
assotech blith,1.6,sector 99,6667.0,3.0,4.0,0,15.0,New Property,flat,2400.0,0,0,0,0,0,0,51,"28.4640° N, 76.9614° E",28.464,76.9614
m3m woodshire,0.94,sector 107,6881.0,2.0,2.0,3+,1.0,Moderately Old,flat,1236.0,0,0,0,0,0,0,113,"28.5052° N, 76.9729° E",28.5052,76.9729
ansal sushant lok plots,3.3,sector 43,26570.0,1.0,1.0,0,2.0,Under Construction,house,1242.0,0,0,0,0,0,0,0,"28.4629° N, 77.0772° E",28.4629,77.0772
vatika lifestyle homes,1.05,sector 83,5983.0,3.0,3.0,2,14.0,Relatively New,flat,1588.0,0,0,0,0,0,1,174,"28.3986° N, 76.9647° E",28.3986,76.9647
dlf city plots,17.0,sector 26,37627.0,5.0,6.0,3,2.0,Old Property,house,4518.0,0,1,1,1,0,1,87,"28.4757° N, 77.1032° E",28.4757,77.1032
tarc maceo,1.5,sector 91,6466.0,3.0,4.0,3+,3.0,Relatively New,flat,1786.0,0,0,0,0,0,0,112,"28.4014° N, 76.9225° E",28.4014,76.9225
conscient heritage max,2.2,sector 102,10237.0,3.0,4.0,3+,9.0,Moderately Old,flat,1945.0,0,0,0,0,0,0,125,"28.4750° N, 76.9715° E",28.475,76.9715
ambience creacions,2.55,sector 22,13710.0,3.0,3.0,3,5.0,Relatively New,flat,1860.0,0,0,0,0,0,2,49,"28.5072° N, 77.0640° E",28.5072,77.064
tata primanti,6.75,sector 72,19286.0,4.0,4.0,3+,0.0,New Property,flat,4000.0,0,0,0,0,0,1,174,"28.4225° N, 77.0211° E",28.4225,77.0211
m3m soulitude,1.25,sector 89,8784.0,3.0,3.0,0,4.0,New Property,flat,1423.0,0,0,0,0,0,0,61,"28.4253° N, 76.9439° E",28.4253,76.9439
project krishna colony,0.36,sector 7,5143.0,2.0,2.0,1,0.0,Relatively New,flat,700.0,0,0,0,0,0,0,0,"28.4644° N, 77.0143° E",28.4644,77.0143
ss the leaf,2.13,sector 85,7575.0,4.0,4.0,3,6.0,Relatively New,flat,2600.0,0,0,0,0,0,0,49,"28.4042° N, 76.9513° E",28.4042,76.9513
dlf city plots,17.3,sector 26,38737.0,6.0,7.0,3+,3.0,New Property,house,4518.0,1,1,1,1,0,1,124,"28.4757° N, 77.1032° E",28.4757,77.1032
ss the leaf,1.3,sector 85,10484.0,2.0,2.0,3+,10.0,Relatively New,flat,1491.0,0,0,0,0,0,0,148,"28.4042° N, 76.9513° E",28.4042,76.9513
paras dews,1.4,sector 106,9979.0,4.0,6.0,3+,10.0,Relatively New,flat,1535.0,0,0,0,0,0,0,174,"28.5007° N, 77.0003° E",28.5007,77.0003
independent,1.45,sector 55,26852.0,1.0,4.0,3+,4.0,Relatively New,house,60.0,0,0,1,0,0,0,70,"28.4281° N, 77.1100° E",28.4281,77.11
indiabulls centrum park,3.25,sector 103,8125.0,4.0,3.0,3+,20.0,Under Construction,house,4000.0,0,0,0,0,0,0,51,"28.4949° N, 76.9845° E",28.4949,76.9845
whiteland the aspen,3.35,sector 76,17613.0,3.0,4.0,3+,5.0,Under Construction,flat,2111.0,0,0,0,0,0,2,151,"28.3935° N, 76.9888° E",28.3935,76.9888
emaar emerald hills,1.95,sector 65,13929.0,3.0,3.0,3+,1.0,New Property,flat,1556.0,0,0,0,0,0,2,117,"28.4030° N, 77.0690° E",28.403,77.069
paras dews,1.2,sector 106,11605.0,3.0,3.0,3,12.0,Relatively New,flat,1145.0,0,0,0,0,0,0,158,"28.5007° N, 77.0003° E",28.5007,77.0003
emaar palm gardens,1.35,sector 83,12329.0,3.0,3.0,3,7.0,Relatively New,flat,1387.0,0,0,0,0,0,0,24,"28.3986° N, 76.9647° E",28.3986,76.9647
vatika gurgaon,0.98,sector 83,8167.0,2.0,2.0,3,5.0,Relatively New,flat,1300.0,0,0,0,0,0,1,96,"28.3986° N, 76.9647° E",28.3986,76.9647
godrej nature plus,1.62,sector 33,13978.0,3.0,4.0,3+,3.0,New Property,flat,129.42,0,0,0,0,0,0,100,"28.4420° N, 77.0207° E",28.442,77.0207
antriksh heights,0.88,sector 84,4822.0,3.0,3.0,3,16.0,Relatively New,flat,1652.0,0,0,0,0,0,0,67,"28.3979° N, 76.9736° E",28.3979,76.9736
indiabulls enigma,4.49,sector 110,11572.0,5.0,5.0,3+,4.0,Relatively New,flat,3511.0,0,0,0,0,0,0,165,"28.5145° N, 77.0197° E",28.5145,77.0197
independent,3.5,sector 38,24306.0,3.0,3.0,2,1.0,Relatively New,house,1440.0,0,0,0,0,0,0,0,"28.4347° N, 77.0430° E",28.4347,77.043
independent,14.0,sector 43,39886.0,9.0,9.0,3+,4.0,Moderately Old,house,3510.0,0,1,0,0,0,0,7,"28.4629° N, 77.0772° E",28.4629,77.0772
independent,1.5,sector 13,11538.0,2.0,7.0,3,4.0,Moderately Old,house,1300.0,0,0,0,0,0,0,0,"28.4757° N, 77.0392° E",28.4757,77.0392
m3m heights,1.99,sector 65,15794.0,2.0,2.0,2,26.0,Under Construction,flat,1140.0,0,0,0,0,0,0,48,"28.4030° N, 77.0690° E",28.403,77.069
green campus chs,0.9,manesar,3935.0,3.0,3.0,3+,6.0,Moderately Old,flat,2070.0,0,0,0,0,0,0,5,"28.3515° N, 76.9428° E",28.3515,76.9428
mapsko mount ville,1.3,sector 79,8725.0,3.0,3.0,3,19.0,Relatively New,flat,1176.0,0,0,0,0,0,1,102,"28.3624° N, 76.9787° E",28.3624,76.9787
unitech uniworld gardens,2.4,sector 47,11505.0,3.0,4.0,3+,10.0,Moderately Old,flat,1916.0,0,0,0,0,0,0,103,"28.4276° N, 77.0492° E",28.4276,77.0492
kamroon court,2.75,sector 43,13750.0,3.0,4.0,3+,5.0,Moderately Old,flat,2222.0,0,0,0,0,0,1,49,"28.4629° N, 77.0772° E",28.4629,77.0772
valley view estate,1.5,gwal pahari,8278.0,4.0,4.0,3+,9.0,Old Property,flat,2013.0,0,0,0,0,0,0,135,"28.4484° N, 77.0210° E",28.4484,77.021
sare homes,1.12,sector 92,5359.0,4.0,4.0,2,12.0,Relatively New,flat,2322.0,0,0,0,0,0,0,85,"28.4079° N, 76.9153° E",28.4079,76.9153
vatika india next,6.8,sector 92,20988.0,4.0,4.0,3+,3.0,Relatively New,house,3240.0,0,1,0,0,0,2,110,"28.4079° N, 76.9153° E",28.4079,76.9153
independent,6.5,sector 43,35403.0,5.0,4.0,3+,3.0,Moderately Old,house,1836.0,0,1,0,1,0,1,54,"28.4629° N, 77.0772° E",28.4629,77.0772
central park flower valley aqua front towers,2.0,sector 33,11179.0,3.0,3.0,3+,8.0,New Property,flat,1619.0,0,0,0,0,0,0,23,"28.4420° N, 77.0207° E",28.442,77.0207
orchid petals,4.16,sector 49,11699.0,5.0,4.0,3+,14.0,Relatively New,flat,3219.0,0,0,0,0,0,0,40,"28.4121° N, 77.0480° E",28.4121,77.048
independent,8.5,sector 17b,18814.0,4.0,4.0,2,2.0,Old Property,house,4518.0,1,1,0,1,0,1,21,"28.4806° N, 77.0663° E",28.4806,77.0663
pivotal devaan apartments,0.39,sector 84,6500.0,2.0,2.0,0,5.0,Relatively New,flat,549.0,0,0,0,0,0,0,0,"28.3979° N, 76.9736° E",28.3979,76.9736
independent,0.37,sector 3,7923.0,1.0,1.0,1,1.0,Relatively New,house,480.0,0,0,0,0,0,0,0,"28.4909° N, 77.0176° E",28.4909,77.0176
park view apartment,1.74,sector 56,7565.0,3.0,3.0,3+,2.0,Old Property,flat,2400.0,0,0,0,0,0,1,104,"28.4245° N, 77.0991° E",28.4245,77.0991
independent,0.85,sector 4,7522.0,3.0,3.0,0,1.0,Moderately Old,house,1130.0,0,0,0,0,0,0,0,"28.4738° N, 77.0107° E",28.4738,77.0107
godrej oasis,1.29,sector 88a,7799.0,3.0,3.0,3,5.0,New Property,flat,1642.0,0,0,0,0,0,0,65,"28.4347° N, 76.9557° E",28.4347,76.9557
puri emerald bay,2.45,sector 104,10000.0,3.0,4.0,3+,14.0,Relatively New,flat,2131.0,0,0,0,0,0,1,56,"28.4788° N, 76.9960° E",28.4788,76.996
conscient heritage max,2.5,sector 102,11633.0,3.0,4.0,3+,25.0,New Property,flat,1945.0,0,0,0,0,0,1,56,"28.4750° N, 76.9715° E",28.475,76.9715
independent,0.69,sector 7,9103.0,1.0,1.0,1,2.0,Old Property,house,758.0,0,0,0,0,0,0,0,"28.4644° N, 77.0143° E",28.4644,77.0143
residency grand,5.0,sector 52,9615.0,5.0,5.0,3+,2.0,Moderately Old,flat,5200.0,0,0,0,0,0,0,0,"28.4379° N, 77.0785° E",28.4379,77.0785
independent,0.47,sector 4,3518.0,3.0,4.0,0,3.0,Moderately Old,house,1350.0,0,0,0,0,0,0,0,"28.4738° N, 77.0107° E",28.4738,77.0107
indiabulls centrum park,2.4,sector 103,8348.0,4.0,6.0,3+,15.0,Relatively New,flat,2456.0,0,0,0,0,0,0,156,"28.4949° N, 76.9845° E",28.4949,76.9845
vipul lavanya,0.75,sector 81,5967.0,2.0,2.0,2,7.0,Moderately Old,flat,1397.0,0,0,0,0,0,0,37,"28.3867° N, 76.9485° E",28.3867,76.9485
indiabulls centrum park,1.35,sector 103,7542.0,3.0,3.0,3+,3.0,Relatively New,flat,1620.0,0,0,0,0,0,1,168,"28.4949° N, 76.9845° E",28.4949,76.9845
spaze privy,3.1,sector 72,8486.0,5.0,5.0,3+,21.0,Relatively New,house,3653.0,0,0,0,0,0,0,0,"28.4225° N, 77.0211° E",28.4225,77.0211
signature global park 4,0.82,sector 36,7586.0,3.0,2.0,2,2.0,New Property,flat,850.0,0,0,0,0,0,0,8,"28.4160° N, 76.9914° E",28.416,76.9914
dlf the skycourt,1.5,sector 86,7776.0,3.0,3.0,1,15.0,Relatively New,flat,1550.0,0,0,0,0,0,0,159,"28.3986° N, 76.9384° E",28.3986,76.9384
dlf new town heights,1.8,sector 91,7679.0,4.0,4.0,3+,6.0,Moderately Old,flat,2604.0,0,0,0,0,0,0,81,"28.4014° N, 76.9225° E",28.4014,76.9225
ss the leaf,1.17,sector 85,6720.0,2.0,3.0,3,10.0,Relatively New,flat,1550.0,0,0,0,0,0,0,49,"28.4042° N, 76.9513° E",28.4042,76.9513
greenopolis,0.9,sector 89,4700.0,3.0,3.0,0,14.0,Under Construction,flat,1910.0,0,0,0,0,0,0,67,"28.4253° N, 76.9439° E",28.4253,76.9439
dlf new town heights,1.27,sector 86,6580.0,3.0,4.0,3,19.0,Relatively New,flat,1800.0,0,0,0,0,0,0,126,"28.3986° N, 76.9384° E",28.3986,76.9384
dlf the ultima,2.3,sector 81,14603.0,3.0,4.0,3+,27.0,Relatively New,flat,1825.0,0,0,0,0,0,1,119,"28.3867° N, 76.9485° E",28.3867,76.9485
spaze privvy the address,1.25,sector 93,5700.0,4.0,4.0,3,16.0,Relatively New,flat,2105.0,0,0,0,0,0,0,0,"28.4153° N, 76.9326° E",28.4153,76.9326
malibu towers,2.45,sector 47,10699.0,3.0,4.0,2,1.0,Old Property,flat,2544.0,0,0,0,0,0,1,42,"28.4276° N, 77.0492° E",28.4276,77.0492
ireo victory valley,3.15,sector 67,12847.0,3.0,4.0,3+,15.0,Relatively New,flat,2219.0,0,0,0,0,0,1,149,"28.3859° N, 77.0608° E",28.3859,77.0608
sare green parc phase 3,0.79,sector 92,6086.0,3.0,2.0,2,15.0,New Property,flat,1175.0,0,0,0,0,0,0,29,"28.4079° N, 76.9153° E",28.4079,76.9153
independent,0.53,sector 90,5889.0,2.0,2.0,0,1.0,Relatively New,house,900.0,0,0,0,0,0,0,0,"28.4085° N, 76.9369° E",28.4085,76.9369
indiabulls enigma,3.4,sector 110,10000.0,4.0,5.0,3,10.0,Relatively New,flat,3000.0,0,0,0,0,0,0,152,"28.5145° N, 77.0197° E",28.5145,77.0197
dlf the crest,11.0,sector 54,35484.0,4.0,5.0,3+,7.0,Relatively New,flat,3444.0,0,0,0,0,0,0,49,"28.4348° N, 77.1089° E",28.4348,77.1089
bestech altura,1.85,sector 79,8605.0,3.0,3.0,3,7.0,New Property,flat,1650.0,0,0,0,0,0,0,53,"28.3624° N, 76.9787° E",28.3624,76.9787
tulip violet,3.25,sector 69,10106.0,4.0,5.0,3+,14.0,Relatively New,flat,2910.0,0,0,0,0,0,0,20,"28.3966° N, 77.0341° E",28.3966,77.0341
dlf the primus,2.7,sector 82a,10481.0,4.0,4.0,3+,18.0,Moderately Old,flat,2576.0,0,0,0,0,0,0,38,"28.3858° N, 76.9686° E",28.3858,76.9686
godrej oasis,1.4,sector 88a,7568.0,3.0,3.0,3+,4.0,Relatively New,flat,1674.0,0,0,0,0,0,1,38,"28.4347° N, 76.9557° E",28.4347,76.9557
rof ananda,0.2,sector 95,5464.0,1.0,1.0,1,9.0,Relatively New,flat,407.0,0,0,0,0,0,0,52,"28.4172° N, 76.9081° E",28.4172,76.9081
paras dews,1.15,sector 106,6534.0,3.0,4.0,3+,12.0,Relatively New,flat,1186.0,0,0,0,0,0,1,174,"28.5007° N, 77.0003° E",28.5007,77.0003
raheja vedaanta,0.7,sector 108,4522.0,2.0,2.0,3,1.0,Relatively New,flat,1548.0,0,0,0,0,0,0,0,"28.5134° N, 76.9830° E",28.5134,76.983
bhawna cghs,3.25,sector 43,10156.0,4.0,4.0,3+,12.0,Moderately Old,flat,3115.0,0,0,0,0,0,1,119,"28.4629° N, 77.0772° E",28.4629,77.0772
bestech park view sanskruti,1.9,sector 92,8172.0,4.0,4.0,3+,10.0,Relatively New,flat,1920.0,0,0,0,0,0,0,49,"28.4079° N, 76.9153° E",28.4079,76.9153
godrej summit,1.16,sector 104,6388.0,3.0,4.0,3+,8.0,Relatively New,flat,2018.0,0,0,0,0,0,1,96,"28.4788° N, 76.9960° E",28.4788,76.996
independent,5.8,sector 26,32222.0,4.0,3.0,2,2.0,Relatively New,house,1800.0,0,0,1,0,0,0,21,"28.4757° N, 77.1032° E",28.4757,77.1032
ats tourmaline,1.87,sector 109,8698.0,3.0,4.0,0,12.0,Relatively New,house,2150.0,0,0,0,0,0,0,0,"28.5073° N, 77.0089° E",28.5073,77.0089
independent,1.7,sector 10a,18889.0,2.0,1.0,2,2.0,Old Property,house,900.0,0,0,0,0,1,0,8,"28.4469° N, 77.0106° E",28.4469,77.0106
orchid petals,2.51,sector 76,12179.0,3.0,3.0,3+,7.0,Old Property,flat,2061.0,0,0,0,0,0,1,72,"28.3935° N, 76.9888° E",28.3935,76.9888
m3m soulitude,1.32,sector 89,16923.0,3.0,3.0,3,1.0,Under Construction,flat,867.0,0,0,0,0,0,0,45,"28.4253° N, 76.9439° E",28.4253,76.9439
the close north,2.35,sector 50,11228.0,3.0,3.0,3,8.0,Moderately Old,flat,2000.0,0,0,0,0,0,1,149,"28.4178° N, 77.0628° E",28.4178,77.0628
independent,0.8,sector 4,11852.0,2.0,3.0,1,2.0,Moderately Old,house,675.0,0,0,0,0,0,0,0,"28.4738° N, 77.0107° E",28.4738,77.0107
vipul tatvam villa,8.4,sector 48,21000.0,4.0,5.0,3+,2.0,Moderately Old,house,4000.0,1,1,0,1,0,1,49,"28.4177° N, 77.0359° E",28.4177,77.0359
emaar palm gardens,1.75,sector 83,9211.0,3.0,3.0,3,6.0,Relatively New,flat,1600.0,0,0,0,0,0,1,174,"28.3986° N, 76.9647° E",28.3986,76.9647
dlf city phase 1,4.5,sector 26,33333.0,3.0,3.0,2,2.0,Moderately Old,house,1350.0,1,1,0,0,0,0,70,"28.4757° N, 77.1032° E",28.4757,77.1032
international city by sobha phase 2,6.25,sector 109,10035.0,5.0,7.0,3+,3.0,Relatively New,house,6228.0,1,1,1,1,0,0,147,"28.5073° N, 77.0089° E",28.5073,77.0089
independent,7.25,sector 41,29293.0,9.0,8.0,3,4.0,Old Property,house,2475.0,0,1,0,0,0,1,94,"28.4557° N, 77.0632° E",28.4557,77.0632
satya the hermitage,0.99,sector 103,6653.0,3.0,4.0,3+,2.0,Relatively New,flat,1731.0,0,0,0,0,0,0,174,"28.4949° N, 76.9845° E",28.4949,76.9845
tulip violet,1.32,sector 69,8413.0,3.0,3.0,1,12.0,Relatively New,flat,1419.0,0,0,0,0,0,0,86,"28.3966° N, 77.0341° E",28.3966,77.0341
independent,1.35,sector 7,4545.0,4.0,5.0,0,3.0,Old Property,house,330.0,0,0,0,0,0,0,0,"28.4644° N, 77.0143° E",28.4644,77.0143
antriksh heights,0.85,sector 84,4928.0,3.0,3.0,3+,10.0,Relatively New,flat,1561.0,0,0,0,0,0,0,52,"28.3979° N, 76.9736° E",28.3979,76.9736
shree vardhman victoria,1.15,sector 70,8519.0,2.0,2.0,2,6.0,Relatively New,flat,1500.0,0,0,0,0,0,0,85,"28.3968° N, 77.0233° E",28.3968,77.0233
independent,4.0,sector 11,19753.0,5.0,4.0,1,2.0,Moderately Old,house,2025.0,0,0,0,0,0,0,0,"28.4531° N, 77.0202° E",28.4531,77.0202
vatika independent floors,1.16,sector 82,6988.0,3.0,3.0,3+,1.0,Relatively New,flat,1844.0,0,0,0,0,0,1,151,"28.3935° N, 76.9600° E",28.3935,76.96
bestech park view ananda,1.35,sector 81,7542.0,3.0,3.0,3+,10.0,Moderately Old,flat,1438.0,0,0,0,0,0,1,72,"28.3867° N, 76.9485° E",28.3867,76.9485
m3m heights,1.9,sector 65,13991.0,2.0,2.0,2,40.0,Relatively New,flat,1358.0,0,0,0,0,0,0,48,"28.4030° N, 77.0690° E",28.403,77.069
independent,5.0,sector 40,21124.0,9.0,9.0,3+,3.0,Relatively New,house,2367.0,0,0,0,1,0,1,66,"28.4498° N, 77.0567° E",28.4498,77.0567
independent,8.9,sector 26,32963.0,4.0,4.0,3+,2.0,Old Property,house,2700.0,1,1,1,1,0,0,82,"28.4757° N, 77.1032° E",28.4757,77.1032
vatika seven elements,1.6,sector 89,8163.0,3.0,3.0,3,5.0,New Property,flat,1774.0,0,0,0,0,0,0,58,"28.4253° N, 76.9439° E",28.4253,76.9439
ansal housing highland park,2.0,sector 103,7491.0,4.0,5.0,3+,14.0,New Property,flat,2416.0,0,0,0,0,0,0,45,"28.4949° N, 76.9845° E",28.4949,76.9845
independent,3.6,sector 57,20833.0,4.0,4.0,2,2.0,Old Property,house,1728.0,1,1,1,1,0,0,110,"28.4232° N, 77.0752° E",28.4232,77.0752
smart world gems,0.9,sector 89,8145.0,2.0,2.0,2,1.0,New Property,flat,1105.0,0,0,0,0,0,0,45,"28.4253° N, 76.9439° E",28.4253,76.9439
ss hibiscus,6.0,sector 50,12272.0,4.0,3.0,3,5.0,Moderately Old,flat,3982.0,0,0,0,0,0,0,31,"28.4178° N, 77.0628° E",28.4178,77.0628
vatika city,1.85,sector 49,10577.0,3.0,3.0,1,7.0,Moderately Old,flat,1471.12,0,0,0,0,0,0,158,"28.4121° N, 77.0480° E",28.4121,77.048
sidhartha ncr one,0.55,sector 95,5556.0,2.0,2.0,3,15.0,New Property,flat,990.0,0,0,0,0,0,0,0,"28.4172° N, 76.9081° E",28.4172,76.9081
satya the hermitage,1.12,sector 103,5625.0,3.0,4.0,3+,9.0,New Property,flat,1734.0,0,0,0,0,0,0,49,"28.4949° N, 76.9845° E",28.4949,76.9845
tulip petals,1.1,sector 89,7097.0,3.0,2.0,3,4.0,New Property,flat,1550.0,0,0,0,0,0,0,0,"28.4253° N, 76.9439° E",28.4253,76.9439
independent,3.25,sector 4,14444.0,3.0,3.0,2,2.0,Old Property,house,2250.0,0,0,0,0,0,0,27,"28.4738° N, 77.0107° E",28.4738,77.0107
satya the hermitage,0.8,sector 103,5517.0,2.0,2.0,0,10.0,Relatively New,flat,1450.0,0,0,0,0,0,0,61,"28.4949° N, 76.9845° E",28.4949,76.9845
the lions cghs,2.05,sector 56,7885.0,4.0,4.0,3+,7.0,Old Property,flat,2600.0,0,0,0,0,0,1,120,"28.4245° N, 77.0991° E",28.4245,77.0991
apartment,0.75,sector 92,4688.0,3.0,4.0,3,2.0,Moderately Old,flat,1778.0,0,0,0,0,0,0,113,"28.4079° N, 76.9153° E",28.4079,76.9153
experion windchants,5.31,sector 112,11205.0,4.0,6.0,3+,15.0,Relatively New,flat,3573.33,0,0,0,0,0,0,72,"28.5189° N, 77.0183° E",28.5189,77.0183
dlf the ultima,2.3,sector 81,14375.0,3.0,4.0,3+,18.0,Relatively New,flat,1854.0,0,0,0,0,0,2,174,"28.3867° N, 76.9485° E",28.3867,76.9485
godrej,2.01,sector 79,8495.0,3.0,4.0,3+,6.0,Relatively New,flat,2141.0,0,0,0,0,0,0,158,"28.3624° N, 76.9787° E",28.3624,76.9787
signature global park 4,0.85,sector 36,11333.0,3.0,2.0,3,1.0,New Property,flat,833.0,0,0,0,0,0,0,33,"28.4160° N, 76.9914° E",28.416,76.9914
vatika gurgaon,1.18,sector 83,6801.0,3.0,3.0,2,14.0,Relatively New,flat,1618.0,0,0,0,0,0,0,26,"28.3986° N, 76.9647° E",28.3986,76.9647
sare green parc phase 3,1.08,sector 92,5150.0,4.0,4.0,2,16.0,New Property,flat,1891.0,0,0,0,0,0,0,107,"28.4079° N, 76.9153° E",28.4079,76.9153
pyramid pride,0.5,sector 76,6579.0,2.0,2.0,1,8.0,Under Construction,flat,844.0,0,0,0,0,0,0,76,"28.3935° N, 76.9888° E",28.3935,76.9888
dlf new town heights,1.3,sector 86,6736.0,3.0,3.0,3,15.0,Relatively New,flat,1715.0,0,0,0,0,0,1,49,"28.3986° N, 76.9384° E",28.3986,76.9384
independent,0.55,sector 3,6707.0,2.0,2.0,1,2.0,Moderately Old,house,810.0,0,0,0,0,0,0,0,"28.4909° N, 77.0176° E",28.4909,77.0176
independent,3.5,sector 14,18088.0,6.0,4.0,2,2.0,Old Property,house,1935.0,0,0,0,0,1,1,27,"28.4711° N, 77.0454° E",28.4711,77.0454
international city by sobha phase 1,5.9,sector 109,24280.0,4.0,5.0,2,2.0,Relatively New,house,2430.0,0,1,0,0,0,1,111,"28.5073° N, 77.0089° E",28.5073,77.0089
ramprastha primera,1.02,sector 37d,6000.0,3.0,2.0,3,22.0,Under Construction,flat,1538.0,0,0,0,0,0,0,43,"28.4478° N, 76.9703° E",28.4478,76.9703
ireo the grand arch,2.2,sector 58,16000.0,2.0,2.0,1,5.0,Relatively New,flat,1528.0,0,0,0,0,0,1,49,"28.4200° N, 77.1105° E",28.42,77.1105
adani m2k oyster grande,2.35,sector 102,8468.0,3.0,3.0,3,14.0,Relatively New,flat,2351.0,0,0,0,0,0,1,165,"28.4750° N, 76.9715° E",28.475,76.9715
m3m antalya hills,1.15,sector 79,7497.0,3.0,3.0,3+,1.0,Under Construction,flat,1200.0,0,0,0,0,0,0,51,"28.3624° N, 76.9787° E",28.3624,76.9787
professors enclave cghs,1.54,sector 56,8324.0,3.0,3.0,2,6.0,Old Property,flat,1920.0,0,0,0,0,0,1,104,"28.4245° N, 77.0991° E",28.4245,77.0991
independent,0.45,sector 7,5000.0,3.0,2.0,1,2.0,Old Property,house,900.0,0,0,0,0,1,0,12,"28.4644° N, 77.0143° E",28.4644,77.0143
experion the heartsong,1.65,sector 108,8238.0,3.0,4.0,3,3.0,Moderately Old,flat,1771.32,0,0,0,0,0,1,75,"28.5134° N, 76.9830° E",28.5134,76.983
experion the heartsong,0.9,sector 108,7015.0,2.0,3.0,3,7.0,Relatively New,flat,1161.0,0,0,0,0,0,0,72,"28.5134° N, 76.9830° E",28.5134,76.983
bestech park view residency,0.95,sector 2,6714.0,2.0,2.0,3,1.0,Moderately Old,flat,1281.0,0,0,0,0,0,1,82,"28.5095° N, 77.0320° E",28.5095,77.032
dlf new town heights,1.55,sector 90,6557.0,4.0,4.0,3+,1.0,Relatively New,flat,2139.0,0,0,0,0,0,0,81,"28.4085° N, 76.9369° E",28.4085,76.9369
experion the heartsong,0.98,sector 108,13351.0,2.0,3.0,3,12.0,Relatively New,flat,978.223232,0,0,0,0,0,1,31,"28.5134° N, 76.9830° E",28.5134,76.983
ramprastha skyz,1.2,sector 37d,6000.0,3.0,2.0,1,9.0,Under Construction,flat,1900.0,0,0,0,0,0,0,53,"28.4478° N, 76.9703° E",28.4478,76.9703
dlf city plots,18.0,sector 26,39841.0,6.0,6.0,2,3.0,Old Property,house,4518.0,0,1,0,1,1,1,49,"28.4757° N, 77.1032° E",28.4757,77.1032
orris aster court,0.67,sector 85,5826.0,2.0,2.0,2,5.0,Relatively New,flat,1250.0,0,0,0,0,0,1,174,"28.4042° N, 76.9513° E",28.4042,76.9513
pareena coban residences,1.32,sector 99a,6610.0,3.0,5.0,3,11.0,New Property,flat,1737.0,0,0,0,0,0,0,88,"28.4561° N, 76.9542° E",28.4561,76.9542
independent,0.38,sector 12,4222.0,3.0,3.0,3,3.0,Relatively New,house,900.0,0,0,0,0,0,0,0,"28.4723° N, 77.0320° E",28.4723,77.032
tata primanti,8.5,sector 72,13492.0,5.0,6.0,3+,10.0,Relatively New,house,6300.0,1,1,1,1,0,1,145,"28.4225° N, 77.0211° E",28.4225,77.0211
raheja vanya,0.85,sector 99a,6789.0,2.0,2.0,2,3.0,New Property,flat,1133.0,0,0,0,0,0,0,43,"28.4561° N, 76.9542° E",28.4561,76.9542
international city by sobha phase 2,7.0,sector 109,11240.0,5.0,5.0,3+,2.0,Relatively New,house,6228.0,0,1,0,0,0,0,129,"28.5073° N, 77.0089° E",28.5073,77.0089
la vida by tata housing,3.35,sector 113,12444.0,4.0,4.0,3+,11.0,Relatively New,flat,2991.0,0,0,0,0,0,1,174,"28.5287° N, 77.0233° E",28.5287,77.0233
orchid petals,2.38,sector 49,11498.0,3.0,4.0,3,1.0,Relatively New,flat,2061.0,0,0,0,0,0,0,49,"28.4121° N, 77.0480° E",28.4121,77.048
godrej,1.93,sector 79,8532.0,3.0,4.0,3+,5.0,Relatively New,flat,2047.0,0,0,0,0,0,0,158,"28.3624° N, 76.9787° E",28.3624,76.9787
vipul tatvam villa,8.5,sector 48,26235.0,4.0,6.0,3,3.0,Old Property,house,3240.0,0,1,0,1,1,0,49,"28.4177° N, 77.0359° E",28.4177,77.0359
ild grand,1.2,sector 37c,6593.0,3.0,3.0,3,7.0,Under Construction,flat,1647.0,0,0,0,0,0,0,24,"28.4515° N, 76.9882° E",28.4515,76.9882
nul,9.5,sector 25,33404.0,9.0,9.0,3+,3.0,Old Property,house,2844.0,0,0,0,0,1,0,81,"28.4844° N, 77.0860° E",28.4844,77.086
independent,6.75,sector 26,27778.0,3.0,3.0,3,2.0,Moderately Old,house,2430.0,0,0,0,0,0,0,27,"28.4757° N, 77.1032° E",28.4757,77.1032
adani m2k oyster grande,1.95,sector 102,7561.0,3.0,4.0,3,9.0,Relatively New,flat,2334.0,0,0,0,0,0,1,83,"28.4750° N, 76.9715° E",28.475,76.9715
international city by sobha phase 2,8.75,sector 109,24306.0,5.0,5.0,3+,3.0,New Property,house,3600.0,1,1,1,1,0,1,153,"28.5073° N, 77.0089° E",28.5073,77.0089
the castle society,2.0,sector 56,8696.0,4.0,4.0,2,4.0,Under Construction,flat,2081.0,0,0,0,0,0,0,0,"28.4245° N, 77.0991° E",28.4245,77.0991
ireo the corridors,1.8,sector 67a,9370.0,3.0,3.0,2,3.0,New Property,flat,1551.0,0,0,0,0,0,1,150,"28.3960° N, 77.0372° E",28.396,77.0372
dlf the skycourt,1.55,sector 86,8031.0,3.0,3.0,3,5.0,Relatively New,flat,1900.0,0,0,0,0,0,0,49,"28.3986° N, 76.9384° E",28.3986,76.9384
independent,3.0,sector 67,11905.0,4.0,4.0,0,3.0,Moderately Old,house,2800.0,0,0,0,0,0,0,0,"28.3859° N, 77.0608° E",28.3859,77.0608
vatika city homes,0.8,sector 83,6061.0,2.0,2.0,2,8.0,Moderately Old,flat,1195.0,0,0,0,0,0,0,22,"28.3986° N, 76.9647° E",28.3986,76.9647
independent,4.99,sector 2,18887.0,4.0,4.0,3+,3.0,Moderately Old,house,2642.0,0,1,1,1,0,0,43,"28.5095° N, 77.0320° E",28.5095,77.032
dlf regal gardens,1.7,sector 90,7222.0,4.0,4.0,3+,15.0,Moderately Old,flat,2005.0,0,0,0,0,0,0,38,"28.4085° N, 76.9369° E",28.4085,76.9369
emaar mgf emerald estate,1.75,sector 65,12545.0,3.0,3.0,3,10.0,Relatively New,flat,1081.0,0,0,0,0,0,1,124,"28.4030° N, 77.0690° E",28.403,77.069
the close north,2.7,sector 50,9982.0,3.0,3.0,3+,3.0,Moderately Old,flat,2357.0,0,0,0,0,0,0,117,"28.4178° N, 77.0628° E",28.4178,77.0628
independent,10.55,sector 50,32562.0,5.0,5.0,3,2.0,Moderately Old,house,3240.0,1,1,0,0,0,0,42,"28.4178° N, 77.0628° E",28.4178,77.0628
sare homes,0.8,sector 92,5253.0,3.0,3.0,3,7.0,Relatively New,flat,1692.0,0,0,0,0,0,1,80,"28.4079° N, 76.9153° E",28.4079,76.9153
malibu towne,8.81,sector 47,27191.0,8.0,6.0,3+,3.0,Moderately Old,house,3240.0,1,1,0,0,1,1,27,"28.4276° N, 77.0492° E",28.4276,77.0492
independent,3.1,sector 7,13778.0,3.0,3.0,2,2.0,Old Property,house,2250.0,0,0,0,0,0,0,22,"28.4644° N, 77.0143° E",28.4644,77.0143
independent,3.69,sector 31,23699.0,4.0,4.0,2,2.0,Moderately Old,house,1557.0,1,1,0,1,0,1,75,"28.4528° N, 77.0498° E",28.4528,77.0498
independent,16.0,sector 26,35556.0,5.0,6.0,3,2.0,Old Property,house,4500.0,0,0,0,0,0,0,0,"28.4757° N, 77.1032° E",28.4757,77.1032
smart world orchard,2.0,sector 61,12912.0,3.0,3.0,2,3.0,New Property,flat,1721.0,0,0,0,0,0,0,61,"28.4050° N, 77.0963° E",28.405,77.0963
m3m latitude,4.7,sector 65,19748.0,3.0,3.0,3+,9.0,Relatively New,flat,2380.0,0,0,0,0,0,1,44,"28.4030° N, 77.0690° E",28.403,77.069
independent,13.0,sector 25,45710.0,6.0,8.0,3+,2.0,Relatively New,house,2844.0,1,1,1,1,0,2,0,"28.4844° N, 77.0860° E",28.4844,77.086
umang monsoon breeze,1.1,sector 78,5055.0,3.0,3.0,3+,9.0,Old Property,flat,2176.0,0,0,0,0,0,0,80,"28.3733° N, 76.9729° E",28.3733,76.9729
ansal estella,1.5,sector 103,8671.0,3.0,3.0,3+,6.0,Under Construction,flat,1741.0,0,0,0,0,0,0,58,"28.4949° N, 76.9845° E",28.4949,76.9845
chintels paradiso,2.0,sector 109,7605.0,4.0,4.0,2,11.0,Relatively New,flat,2380.0,0,0,0,0,0,0,64,"28.5073° N, 77.0089° E",28.5073,77.0089
independent,1.07,sector 15,11889.0,2.0,2.0,1,1.0,Old Property,house,900.0,0,1,0,0,0,0,7,"28.4621° N, 77.0464° E",28.4621,77.0464
indiabulls enigma,3.45,sector 110,10147.0,4.0,4.0,3,9.0,Moderately Old,flat,3077.0,0,0,0,0,0,1,125,"28.5145° N, 77.0197° E",28.5145,77.0197
unitech uniworld gardens,2.15,sector 47,10307.0,3.0,4.0,3+,10.0,Moderately Old,flat,1950.0,0,0,0,0,0,0,49,"28.4276° N, 77.0492° E",28.4276,77.0492
hero homes,1.95,sector 104,21196.0,3.0,5.0,3+,2.0,Moderately Old,house,920.0,0,0,0,0,0,0,64,"28.4788° N, 76.9960° E",28.4788,76.996
m3m golfestate,1.4,sector 79,10000.0,2.0,2.0,2,4.0,Relatively New,flat,1556.0,0,0,0,0,0,2,83,"28.3624° N, 76.9787° E",28.3624,76.9787
spaze privvy the address,1.45,sector 93,8033.0,3.0,4.0,2,12.0,Relatively New,flat,1350.0,0,0,0,0,0,1,96,"28.4153° N, 76.9326° E",28.4153,76.9326
vatika gurgaon,0.85,sector 83,8947.0,2.0,2.0,2,18.0,Moderately Old,flat,1100.0,0,0,0,0,0,1,119,"28.3986° N, 76.9647° E",28.3986,76.9647
ireo victory valley,2.99,sector 67,11832.0,3.0,3.0,3,4.0,Relatively New,flat,2200.0,0,0,0,0,0,1,37,"28.3859° N, 77.0608° E",28.3859,77.0608
independent,9.0,sector 26,33333.0,5.0,5.0,2,3.0,Old Property,house,2700.0,1,1,1,1,0,2,110,"28.4757° N, 77.1032° E",28.4757,77.1032
conscient heritage max,1.82,sector 102,9010.0,3.0,4.0,3+,12.0,Relatively New,flat,1757.0,0,0,0,0,0,0,101,"28.4750° N, 76.9715° E",28.475,76.9715
chd avenue,1.0,sector 71,6734.0,3.0,3.0,3+,3.0,Relatively New,flat,1344.0,0,0,0,0,0,1,7,"28.4104° N, 77.0281° E",28.4104,77.0281
independent,11.0,sector 41,33951.0,4.0,4.0,2,3.0,New Property,house,3240.0,1,1,0,1,0,1,35,"28.4557° N, 77.0632° E",28.4557,77.0632
bptp terra,1.71,sector 37d,7805.0,3.0,3.0,3+,7.0,Relatively New,flat,2191.0,0,0,0,0,0,0,38,"28.4478° N, 76.9703° E",28.4478,76.9703
dlf regal gardens,1.78,sector 90,8040.0,4.0,4.0,3+,12.0,Relatively New,flat,2005.0,0,0,0,0,0,0,61,"28.4085° N, 76.9369° E",28.4085,76.9369
emaar mgf palm hills,1.08,sector 77,5400.0,3.0,4.0,3+,5.0,Relatively New,flat,1810.0,0,0,0,0,0,1,167,"28.3801° N, 76.9845° E",28.3801,76.9845
palam vihar extension west zone rwa,0.35,sector 2,6481.0,2.0,2.0,0,1.0,New Property,house,600.0,0,0,0,0,0,0,0,"28.5095° N, 77.0320° E",28.5095,77.032
m3m the marina,1.02,sector 68,8095.0,2.0,2.0,2,11.0,Relatively New,flat,1250.0,0,0,0,0,0,1,49,"28.3853° N, 77.0484° E",28.3853,77.0484
swarn jayanti cghs,1.75,sector 54,7609.0,4.0,3.0,3+,3.0,Old Property,flat,1900.0,0,0,0,0,0,1,26,"28.4348° N, 77.1089° E",28.4348,77.1089
tashee capital gateway,0.96,sector 111,6500.0,2.0,2.0,1,4.0,Under Construction,flat,1338.0,0,0,0,0,0,0,53,"28.5238° N, 77.0320° E",28.5238,77.032
corona gracieux,0.75,sector 76,5660.0,2.0,2.0,3,13.0,Relatively New,flat,1199.0,0,0,0,0,0,1,0,"28.3935° N, 76.9888° E",28.3935,76.9888
bestech altura,1.85,sector 79,8605.0,3.0,4.0,3+,11.0,New Property,flat,1946.0,0,0,0,0,0,0,49,"28.3624° N, 76.9787° E",28.3624,76.9787
suncity essel towers,6.0,sector 28,22222.0,4.0,4.0,3+,3.0,Old Property,house,2700.0,1,0,0,0,0,1,89,"28.4728° N, 77.0865° E",28.4728,77.0865
sare crescent parc,1.0,sector 92,4778.0,4.0,4.0,3,9.0,Relatively New,flat,2093.0,0,0,0,0,0,0,0,"28.4079° N, 76.9153° E",28.4079,76.9153
signature global infinity mall,0.41,sector 36,6269.0,2.0,2.0,3,3.0,New Property,flat,654.0,0,0,0,0,0,0,0,"28.4160° N, 76.9914° E",28.416,76.9914
ireo the corridors,1.3,sector 67a,10031.0,2.0,2.0,2,1.0,New Property,flat,1296.0,0,0,0,0,0,0,55,"28.3960° N, 77.0372° E",28.396,77.0372
ss the leaf,1.18,sector 85,10094.0,2.0,3.0,3,12.0,Relatively New,flat,1420.0,0,0,0,0,0,1,150,"28.4042° N, 76.9513° E",28.4042,76.9513
vipul tatvam villa,8.25,sector 48,38194.0,4.0,4.0,3+,3.0,Relatively New,house,2160.0,0,1,1,0,0,1,160,"28.4177° N, 77.0359° E",28.4177,77.0359
tulip violet,1.76,sector 69,9514.0,3.0,4.0,2,0.0,Relatively New,flat,1674.0,0,0,0,0,0,0,157,"28.3966° N, 77.0341° E",28.3966,77.0341
pareena coban residences,1.35,sector 99a,6760.0,3.0,5.0,3,6.0,New Property,flat,1807.0,0,0,0,0,0,0,60,"28.4561° N, 76.9542° E",28.4561,76.9542
shapoorji pallonji joyville gurugram,1.35,sector 102,9934.0,2.0,2.0,2,9.0,Relatively New,flat,1230.0,0,0,0,0,0,0,100,"28.4750° N, 76.9715° E",28.475,76.9715
experion windchants,3.65,sector 112,11428.0,3.0,5.0,2,3.0,Relatively New,flat,2800.0,0,0,0,0,0,0,72,"28.5189° N, 77.0183° E",28.5189,77.0183
vipul tatvam villa,22.0,sector 48,26667.0,5.0,6.0,3,3.0,Moderately Old,house,8250.0,0,1,0,0,0,0,54,"28.4177° N, 77.0359° E",28.4177,77.0359
dlf the skycourt,1.72,sector 86,8917.0,3.0,3.0,1,8.0,Relatively New,flat,1746.0,0,0,0,0,0,1,49,"28.3986° N, 76.9384° E",28.3986,76.9384
godrej oasis,1.3,sector 88a,7259.0,3.0,3.0,3+,4.0,Relatively New,flat,1990.0,0,0,0,0,0,0,79,"28.4347° N, 76.9557° E",28.4347,76.9557
sobha city,4.1,sector 108,23402.0,4.0,5.0,3,25.0,New Property,flat,2343.0,0,0,0,0,0,2,97,"28.5134° N, 76.9830° E",28.5134,76.983
puri diplomatic greens,3.45,sector 111,11695.0,4.0,5.0,3+,10.0,Relatively New,flat,2670.0,0,0,0,0,0,0,101,"28.5238° N, 77.0320° E",28.5238,77.032
bestech altura,1.9,sector 79,8837.0,3.0,4.0,3,11.0,Under Construction,flat,1946.0,0,0,0,0,0,0,96,"28.3624° N, 76.9787° E",28.3624,76.9787
international city by sobha phase 2,6.44,sector 109,26502.0,4.0,5.0,3+,3.0,New Property,house,2430.0,1,1,1,1,0,0,138,"28.5073° N, 77.0089° E",28.5073,77.0089
czar mahira homes 63a,0.42,sector 63a,7407.0,3.0,2.0,2,1.0,Under Construction,flat,630.0,0,0,0,0,0,0,0,"28.3923° N, 77.0888° E",28.3923,77.0888
emaar mgf emerald floors premier,2.35,sector 65,14242.0,3.0,3.0,2,4.0,Relatively New,flat,1650.0,0,0,0,0,0,0,165,"28.4030° N, 77.0690° E",28.403,77.069
ats tourmaline,1.65,sector 109,7674.0,3.0,3.0,3+,16.0,Relatively New,flat,1946.0,0,0,0,0,0,1,49,"28.5073° N, 77.0089° E",28.5073,77.0089
emaar mgf emerald floors premier,2.85,sector 65,14430.0,4.0,4.0,3+,0.0,Relatively New,flat,1975.0,0,0,0,0,0,1,151,"28.4030° N, 77.0690° E",28.403,77.069
adani m2k oyster grande,2.5,sector 102,7817.0,4.0,5.0,3+,10.0,Relatively New,flat,2600.0,0,0,0,0,0,1,174,"28.4750° N, 76.9715° E",28.475,76.9715
ats triumph,2.65,sector 104,8413.0,4.0,4.0,3+,14.0,Relatively New,flat,2898.0,0,0,0,0,0,1,21,"28.4788° N, 76.9960° E",28.4788,76.996
sare homes,0.8,sector 92,4695.0,4.0,4.0,3,1.0,Moderately Old,flat,1893.0,0,0,0,0,0,0,77,"28.4079° N, 76.9153° E",28.4079,76.9153
shyam apartment,0.26,sector 3,3714.0,2.0,1.0,2,2.0,Relatively New,flat,611.0,0,0,0,0,0,0,0,"28.4909° N, 77.0176° E",28.4909,77.0176
independent,2.25,sector 13,6944.0,10.0,10.0,2,1.0,Old Property,house,400.0,0,0,0,0,0,0,0,"28.4757° N, 77.0392° E",28.4757,77.0392
tulip violet,1.4,sector 69,8855.0,3.0,3.0,2,9.0,Relatively New,flat,1428.0,0,0,0,0,0,0,120,"28.3966° N, 77.0341° E",28.3966,77.0341
godrej,1.41,sector 79,8998.0,2.0,2.0,3,3.0,New Property,flat,1747.0,0,0,0,0,0,0,104,"28.3624° N, 76.9787° E",28.3624,76.9787
shree vardhman victoria,1.62,sector 70,8308.0,3.0,5.0,3,9.0,Relatively New,flat,1527.0,0,0,0,0,0,0,43,"28.3968° N, 77.0233° E",28.3968,77.0233
dlf trinity towers,3.8,sector 43,15510.0,3.0,3.0,3+,1.0,Moderately Old,flat,2450.0,0,0,0,0,0,1,68,"28.4629° N, 77.0772° E",28.4629,77.0772
tulip violet,1.6,sector 69,10139.0,3.0,3.0,2,0.0,Relatively New,flat,1428.0,0,0,0,0,0,0,166,"28.3966° N, 77.0341° E",28.3966,77.0341
tulip lemon,0.6,sector 69,10000.0,2.0,1.0,1,12.0,Relatively New,flat,667.0,0,0,0,0,0,0,23,"28.3966° N, 77.0341° E",28.3966,77.0341
dlf the ultima,2.29,sector 81,10926.0,3.0,4.0,3+,15.0,Relatively New,flat,1900.0,0,0,0,0,0,2,103,"28.3867° N, 76.9485° E",28.3867,76.9485
eros rosewood city,1.6,sector 49,3500.0,4.0,4.0,3,4.0,New Property,house,60.0,0,0,0,0,0,1,27,"28.4121° N, 77.0480° E",28.4121,77.048
sare green parc 2,1.07,sector 92,5245.0,4.0,3.0,3,10.0,Under Construction,flat,2040.0,0,0,0,0,0,0,86,"28.4079° N, 76.9153° E",28.4079,76.9153
bptp terra,1.65,sector 37d,7531.0,4.0,3.0,3+,6.0,Relatively New,flat,2091.0,0,0,0,0,0,1,149,"28.4478° N, 76.9703° E",28.4478,76.9703
m3m heights,2.25,sector 65,13612.0,2.0,2.0,3,5.0,Under Construction,flat,1592.0,0,0,0,0,0,0,48,"28.4030° N, 77.0690° E",28.403,77.069
conscient heritage max,1.82,sector 102,9372.0,3.0,4.0,3+,15.0,Moderately Old,flat,1757.0,0,0,0,0,0,0,125,"28.4750° N, 76.9715° E",28.475,76.9715
ambience creacions,3.99,sector 22,12913.0,3.0,5.0,3+,3.0,New Property,flat,2796.0,0,0,0,0,0,2,102,"28.5072° N, 77.0640° E",28.5072,77.064
uppal southend,6.75,sector 49,32328.0,4.0,4.0,3,3.0,Relatively New,house,2088.0,0,1,0,0,0,1,26,"28.4121° N, 77.0480° E",28.4121,77.048
emaar mgf emerald floors premier,2.24,sector 65,13576.0,3.0,3.0,3,2.0,Relatively New,flat,1833.0,0,0,0,0,0,0,46,"28.4030° N, 77.0690° E",28.403,77.069
smart world orchard,2.24,sector 61,14461.0,3.0,3.0,2,3.0,New Property,flat,1402.0,0,0,0,0,0,0,61,"28.4050° N, 77.0963° E",28.405,77.0963
baani city center,0.88,sector 63,10945.0,1.0,1.0,2,4.0,New Property,flat,804.0,0,0,0,0,0,0,0,"28.3971° N, 77.0867° E",28.3971,77.0867
bestech park view grand spa,2.25,sector 81,8459.0,3.0,4.0,3+,8.0,Relatively New,flat,2300.0,0,0,0,0,0,1,122,"28.3867° N, 76.9485° E",28.3867,76.9485
sare green parc,0.85,sector 92,6741.0,3.0,2.0,2,14.0,Relatively New,flat,1261.0,0,0,0,0,0,0,0,"28.4079° N, 76.9153° E",28.4079,76.9153
paras dews,1.25,sector 106,11062.0,3.0,4.0,3+,7.0,Relatively New,flat,1186.0,0,0,0,0,0,0,167,"28.5007° N, 77.0003° E",28.5007,77.0003
experion the heartsong,0.9,sector 108,7015.0,2.0,3.0,3,2.0,Relatively New,flat,978.23,0,0,0,0,0,0,94,"28.5134° N, 76.9830° E",28.5134,76.983
dlf the grove,5.7,sector 54,23457.0,4.0,4.0,0,1.0,Moderately Old,house,2430.0,0,0,0,0,0,0,46,"28.4348° N, 77.1089° E",28.4348,77.1089
conscient heritage max,2.15,sector 102,10005.0,3.0,4.0,3+,18.0,Relatively New,flat,1945.0,0,0,0,0,0,1,134,"28.4750° N, 76.9715° E",28.475,76.9715
bptp terra,1.79,sector 37d,8981.0,4.0,3.0,3,15.0,Relatively New,flat,1808.0,0,0,0,0,0,1,37,"28.4478° N, 76.9703° E",28.4478,76.9703
pyramid urban,0.55,sector 67a,10516.0,2.0,2.0,2,3.0,Relatively New,flat,581.0,0,0,0,0,0,0,73,"28.3960° N, 77.0372° E",28.396,77.0372
nitin vihar,0.85,sector 33,9444.0,3.0,2.0,0,1.0,Relatively New,house,900.0,0,0,0,0,0,0,15,"28.4420° N, 77.0207° E",28.442,77.0207
independent,1.3,sector 105,11556.0,3.0,3.0,1,2.0,Moderately Old,house,1125.0,0,0,0,0,0,0,16,"28.4952° N, 77.0114° E",28.4952,77.0114
u block dlf phase 3 road no 21,1.6,sector 24,3292.0,7.0,5.0,3+,4.0,Old Property,house,540.0,0,0,0,0,0,0,0,"28.4939° N, 77.1038° E",28.4939,77.1038
ambience creacions,2.0,sector 22,14493.0,2.0,2.0,2,9.0,Relatively New,flat,1533.0,0,0,0,0,0,0,49,"28.5072° N, 77.0640° E",28.5072,77.064
paras dews,0.88,sector 106,6354.0,2.0,2.0,3+,3.0,Relatively New,flat,1120.0,0,0,0,0,0,0,49,"28.5007° N, 77.0003° E",28.5007,77.0003
smriti apartment,0.52,sector 56,10656.0,1.0,1.0,1,1.0,Old Property,flat,475.0,0,0,0,0,0,0,34,"28.4245° N, 77.0991° E",28.4245,77.0991
sare crescent parc royal greens phase 1,0.85,sector 92,4877.0,4.0,4.0,3,4.0,Relatively New,house,1743.0,0,0,0,0,0,0,0,"28.4079° N, 76.9153° E",28.4079,76.9153
godrej summit,0.85,sector 104,6894.0,2.0,2.0,3,12.0,Relatively New,flat,1611.0,0,0,0,0,0,0,61,"28.4788° N, 76.9960° E",28.4788,76.996
sobha city,3.95,sector 108,16859.0,3.0,5.0,2,15.0,New Property,flat,2343.0,0,0,0,0,0,0,118,"28.5134° N, 76.9830° E",28.5134,76.983
ansal heights,0.72,sector 92,4500.0,3.0,3.0,3,9.0,Relatively New,flat,1700.0,0,0,0,0,0,0,49,"28.4079° N, 76.9153° E",28.4079,76.9153
sahara grace,4.3,sector 28,12421.0,3.0,4.0,3,5.0,Old Property,flat,3133.0,0,0,0,0,0,0,24,"28.4728° N, 77.0865° E",28.4728,77.0865
signature global city 92,0.78,sector 92,7723.0,2.0,2.0,3,2.0,Under Construction,flat,846.0,0,0,0,0,0,0,24,"28.4079° N, 76.9153° E",28.4079,76.9153
tarc maceo,0.89,sector 91,6339.0,2.0,2.0,3+,9.0,Relatively New,flat,1302.0,0,0,0,0,0,1,13,"28.4014° N, 76.9225° E",28.4014,76.9225
international city by sobha phase 2,6.2,sector 109,25514.0,5.0,5.0,2,2.0,Relatively New,house,2430.0,0,1,0,0,0,0,135,"28.5073° N, 77.0089° E",28.5073,77.0089
iffco nagar and 17b rwa,3.5,sector 17,24306.0,2.0,5.0,3,3.0,Old Property,house,1440.0,0,0,0,0,0,0,44,"28.4791° N, 77.0608° E",28.4791,77.0608
imperia elvedor,0.55,sector 37c,8221.0,1.0,1.0,0,5.0,Relatively New,flat,669.0,0,0,0,0,0,0,0,"28.4515° N, 76.9882° E",28.4515,76.9882
orchid petals,1.9,sector 49,10526.0,3.0,3.0,3,2.0,Old Property,flat,1600.0,0,0,0,0,0,1,49,"28.4121° N, 77.0480° E",28.4121,77.048
smart world orchard,2.2,sector 61,14203.0,3.0,3.0,2,4.0,New Property,flat,1721.0,0,0,0,0,0,0,152,"28.4050° N, 77.0963° E",28.405,77.0963
godrej oasis,1.19,sector 88a,10162.0,2.0,2.0,3,15.0,Relatively New,flat,1387.0,0,0,0,0,0,1,174,"28.4347° N, 76.9557° E",28.4347,76.9557
independent,0.74,sector 105,7400.0,3.0,3.0,0,2.0,Moderately Old,house,1000.0,0,0,0,0,0,0,0,"28.4952° N, 77.0114° E",28.4952,77.0114
hero homes,1.35,sector 104,9568.0,3.0,2.0,2,18.0,New Property,flat,1094.0,0,0,0,0,0,0,49,"28.4788° N, 76.9960° E",28.4788,76.996
tulip violet,1.92,sector 69,15360.0,4.0,4.0,2,0.0,Relatively New,flat,1389.0,0,0,0,0,0,0,174,"28.3966° N, 77.0341° E",28.3966,77.0341
dlf regency park,2.3,sector 28,11819.0,3.0,3.0,3,7.0,Moderately Old,flat,1777.0,0,0,0,0,0,0,117,"28.4728° N, 77.0865° E",28.4728,77.0865
ramprastha the edge towers,1.0,sector 37d,5650.0,3.0,3.0,3+,13.0,Moderately Old,flat,1602.0,0,0,0,0,0,0,38,"28.4478° N, 76.9703° E",28.4478,76.9703
ansal housing highland park,0.8,sector 103,5878.0,2.0,2.0,2,9.0,Relatively New,flat,1361.0,0,0,0,0,0,0,0,"28.4949° N, 76.9845° E",28.4949,76.9845
vatika xpressions,1.1,sector 88b,8148.0,2.0,4.0,3+,2.0,Under Construction,flat,1350.0,0,0,0,0,0,0,58,"28.4446° N, 76.9542° E",28.4446,76.9542
godrej nature plus,1.7,sector 33,12593.0,3.0,3.0,3+,6.0,New Property,flat,1500.0,0,0,0,0,0,0,38,"28.4420° N, 77.0207° E",28.442,77.0207
sare homes,0.56,sector 92,4730.0,3.0,1.0,3,1.0,Moderately Old,flat,1316.0,0,0,0,0,0,1,75,"28.4079° N, 76.9153° E",28.4079,76.9153
residency grand,5.0,sector 52,7692.0,5.0,7.0,3+,1.0,Moderately Old,flat,5778.0,0,0,0,0,0,0,77,"28.4379° N, 77.0785° E",28.4379,77.0785
ats triumph,2.78,sector 104,8825.0,4.0,4.0,3+,11.0,Relatively New,flat,2851.0,0,0,0,0,0,0,110,"28.4788° N, 76.9960° E",28.4788,76.996
sare homes,0.5,sector 92,4237.0,3.0,3.0,2,1.0,Relatively New,flat,1068.0,0,0,0,0,0,0,26,"28.4079° N, 76.9153° E",28.4079,76.9153
mapsko royale ville,0.97,sector 82,5419.0,3.0,4.0,2,16.0,Relatively New,flat,1620.0,0,0,0,0,0,0,95,"28.3935° N, 76.9600° E",28.3935,76.96
independent,5.0,sector 2,15385.0,6.0,6.0,2,1.0,Moderately Old,house,3611.0,0,0,0,0,0,0,0,"28.5095° N, 77.0320° E",28.5095,77.032
emaar digihomes,4.25,sector 62,26562.0,3.0,3.0,3,8.0,Under Construction,flat,1600.0,0,0,0,0,0,0,16,"28.4139° N, 77.0886° E",28.4139,77.0886
shapoorji pallonji joyville gurugram,2.03,sector 102,11998.0,3.0,3.0,2,1.0,New Property,flat,1337.0,0,0,0,0,0,0,67,"28.4750° N, 76.9715° E",28.475,76.9715
orris aster court premier,1.25,sector 85,5896.0,3.0,4.0,2,5.0,Relatively New,flat,1900.0,0,0,0,0,0,1,174,"28.4042° N, 76.9513° E",28.4042,76.9513
chintels paradiso,1.97,sector 109,7490.0,4.0,4.0,2,11.0,Relatively New,flat,2380.0,0,0,0,0,0,0,49,"28.5073° N, 77.0089° E",28.5073,77.0089
dlf regal gardens,1.29,sector 90,9021.0,3.0,3.0,3,7.0,Relatively New,flat,1540.0,0,0,0,0,0,0,174,"28.4085° N, 76.9369° E",28.4085,76.9369
anamika enclave,6.0,sector 12,14493.0,9.0,9.0,3+,3.0,Old Property,house,9000.0,0,0,0,0,0,0,9,"28.4723° N, 77.0320° E",28.4723,77.032
bestech park view sanskruti,1.83,sector 92,7871.0,4.0,3.0,3,8.0,New Property,flat,2104.0,0,0,0,0,0,0,128,"28.4079° N, 76.9153° E",28.4079,76.9153
not applicable,0.42,sector 4,5600.0,2.0,2.0,1,3.0,Relatively New,flat,833.0,0,0,0,0,0,1,26,"28.4738° N, 77.0107° E",28.4738,77.0107
unitech uniworld resorts,8.0,sector 33,11429.0,4.0,4.0,3+,2.0,Old Property,house,7000.0,1,1,1,1,0,0,77,"28.4420° N, 77.0207° E",28.442,77.0207
m3m soulitude,1.25,sector 89,8784.0,3.0,3.0,2,3.0,New Property,flat,1581.0,0,0,0,0,0,0,49,"28.4253° N, 76.9439° E",28.4253,76.9439
ss the leaf,1.1,sector 85,6318.0,2.0,2.0,3+,3.0,Relatively New,flat,1464.0,0,0,0,0,0,0,143,"28.4042° N, 76.9513° E",28.4042,76.9513
bestech park view city,2.7,sector 48,11714.0,3.0,3.0,3+,7.0,Relatively New,flat,2000.0,0,0,0,0,0,1,174,"28.4177° N, 77.0359° E",28.4177,77.0359
shri ram apartments,0.32,sector 4,3368.0,2.0,2.0,1,4.0,Relatively New,flat,1056.0,0,0,0,0,0,1,7,"28.4738° N, 77.0107° E",28.4738,77.0107
bestech park view spa next,2.72,sector 67,11574.0,4.0,4.0,3+,0.0,Relatively New,flat,2250.0,0,0,0,0,0,1,128,"28.3859° N, 77.0608° E",28.3859,77.0608
vatika the seven lamps,0.81,sector 82,6193.0,2.0,2.0,2,15.0,Relatively New,flat,1176.0,0,0,0,0,0,1,117,"28.3935° N, 76.9600° E",28.3935,76.96
unitech deerwood chase,15.0,sector 50,33333.0,4.0,4.0,2,2.0,Moderately Old,house,4500.0,0,1,0,0,0,0,160,"28.4178° N, 77.0628° E",28.4178,77.0628
4s aradhya homes,1.9,sector 67a,8862.0,4.0,4.0,3,3.0,New Property,flat,1991.0,0,0,0,0,0,1,62,"28.3960° N, 77.0372° E",28.396,77.0372
signature global city 37d ph 2,1.1,sector 37d,8148.0,3.0,3.0,1,2.0,Under Construction,flat,1500.0,0,0,0,0,0,0,30,"28.4478° N, 76.9703° E",28.4478,76.9703
m3m urbana,0.95,sector 67,10894.0,1.0,1.0,1,17.0,Relatively New,flat,826.0,0,0,0,0,0,0,49,"28.3859° N, 77.0608° E",28.3859,77.0608
bestech park view city,2.65,sector 48,10323.0,4.0,4.0,3+,11.0,Moderately Old,flat,2134.0,0,0,0,0,0,1,174,"28.4177° N, 77.0359° E",28.4177,77.0359
unitech nirvana birch court,7.1,sector 50,31430.0,3.0,3.0,3,1.0,Moderately Old,house,2259.0,0,1,0,0,0,0,49,"28.4178° N, 77.0628° E",28.4178,77.0628
parsvnath green ville,2.0,sector 48,7764.0,3.0,3.0,0,15.0,Relatively New,flat,1923.0,0,0,0,0,0,0,74,"28.4177° N, 77.0359° E",28.4177,77.0359
emaar mgf palm studios,1.7,sector 66,13503.0,2.0,2.0,2,7.0,Relatively New,flat,1072.0,0,0,0,0,0,0,99,"28.3925° N, 77.0541° E",28.3925,77.0541
independent,1.0,sector 2,8230.0,3.0,7.0,3+,3.0,Moderately Old,house,1215.0,0,0,0,1,0,0,0,"28.5095° N, 77.0320° E",28.5095,77.032
sare petioles,1.22,sector 92,5250.0,4.0,3.0,3,9.0,Under Construction,flat,2093.0,0,0,0,0,0,0,99,"28.4079° N, 76.9153° E",28.4079,76.9153
independent,17.0,sector 45,37778.0,5.0,8.0,3+,3.0,Relatively New,house,4500.0,1,1,1,1,0,2,152,"28.4466° N, 77.0660° E",28.4466,77.066
rof ananda,0.38,sector 95,5901.0,2.0,2.0,2,5.0,Relatively New,flat,716.0,0,0,0,0,0,0,83,"28.4172° N, 76.9081° E",28.4172,76.9081
umang winter hills,1.1,sector 77,5296.0,3.0,4.0,3+,9.0,Relatively New,flat,1829.0,0,0,0,0,0,0,49,"28.3801° N, 76.9845° E",28.3801,76.9845
dlf regency park,1.24,sector 28,12400.0,2.0,2.0,3+,19.0,Moderately Old,flat,1050.0,0,0,0,0,0,1,157,"28.4728° N, 77.0865° E",28.4728,77.0865
independent,0.22,sector 9,7407.0,2.0,2.0,2,1.0,Old Property,house,37.0,0,0,0,0,0,0,0,"28.4603° N, 77.0000° E",28.4603,77.0
m3m heights,3.0,sector 65,17996.0,3.0,3.0,3,20.0,Under Construction,flat,1667.0,0,0,0,0,0,0,60,"28.4030° N, 77.0690° E",28.403,77.069
independent,0.38,sector 105,8444.0,2.0,2.0,2,1.0,Moderately Old,house,56.0,0,0,0,0,0,0,0,"28.4952° N, 77.0114° E",28.4952,77.0114
bptp terra,1.55,sector 37d,7074.0,4.0,3.0,3+,19.0,Relatively New,flat,2100.0,0,0,0,0,0,1,131,"28.4478° N, 76.9703° E",28.4478,76.9703
bptp terra,1.95,sector 37d,14444.0,4.0,3.0,3,7.0,Under Construction,flat,1650.0,0,0,0,0,0,0,53,"28.4478° N, 76.9703° E",28.4478,76.9703
ats kocoon,2.22,sector 109,10597.0,3.0,3.0,3,20.0,Relatively New,flat,1896.0,0,0,0,0,0,0,79,"28.5073° N, 77.0089° E",28.5073,77.0089
independent,5.0,sector 40,21124.0,9.0,9.0,3+,3.0,Moderately Old,house,2367.0,0,1,1,0,0,1,83,"28.4498° N, 77.0567° E",28.4498,77.0567
independent,13.2,sector 50,27155.0,6.0,6.0,0,2.0,Moderately Old,house,4861.0,0,0,0,0,0,0,0,"28.4178° N, 77.0628° E",28.4178,77.0628
shapoorji pallonji joyville gurugram,1.25,sector 102,9874.0,2.0,2.0,2,0.0,Relatively New,flat,1100.0,0,0,0,0,0,0,79,"28.4750° N, 76.9715° E",28.475,76.9715
pareena mi casa,1.7,sector 68,8500.0,4.0,4.0,3+,23.0,New Property,flat,1809.0,0,0,0,0,0,0,88,"28.3853° N, 77.0484° E",28.3853,77.0484
parsvnath exotica,4.8,sector 53,16580.0,3.0,4.0,3+,8.0,Relatively New,flat,2500.0,0,0,0,0,0,1,174,"28.4433° N, 77.0948° E",28.4433,77.0948
paras dews,1.05,sector 106,7581.0,2.0,2.0,2,5.0,New Property,flat,1539.0,0,0,0,0,0,0,97,"28.5007° N, 77.0003° E",28.5007,77.0003
bestech spa signature,4.45,sector 81,10595.0,4.0,4.0,3+,8.0,Relatively New,flat,3850.0,0,0,0,0,0,1,49,"28.3867° N, 76.9485° E",28.3867,76.9485
dlf regal gardens,1.25,sector 90,6460.0,3.0,3.0,3,10.0,Relatively New,flat,1650.0,0,0,0,0,0,1,38,"28.4085° N, 76.9369° E",28.4085,76.9369
vatika gurgaon,1.4,sector 83,6629.0,3.0,3.0,2,7.0,Relatively New,flat,1570.0,0,0,0,0,0,1,74,"28.3986° N, 76.9647° E",28.3986,76.9647
pioneer araya,7.56,sector 62,18000.0,4.0,4.0,3+,23.0,Relatively New,flat,4200.0,0,0,0,0,0,1,87,"28.4139° N, 77.0886° E",28.4139,77.0886
lord krishna,2.7,sector 12,8571.0,4.0,3.0,3,6.0,Old Property,flat,3150.0,0,0,0,0,0,0,0,"28.4723° N, 77.0320° E",28.4723,77.032
vipul tatvam villa,5.75,sector 48,22184.0,4.0,4.0,2,2.0,Moderately Old,house,2592.0,0,1,0,0,0,0,30,"28.4177° N, 77.0359° E",28.4177,77.0359
m3m heights,2.79,sector 65,14170.0,3.0,3.0,3,26.0,New Property,flat,1969.0,0,0,0,0,0,0,15,"28.4030° N, 77.0690° E",28.403,77.069
dlf new town heights,1.25,sector 90,6477.0,3.0,3.0,3+,6.0,Relatively New,flat,1929.0,0,0,0,0,0,0,136,"28.4085° N, 76.9369° E",28.4085,76.9369
m3m merlin,3.4,sector 67,14419.0,3.0,4.0,3+,16.0,Relatively New,flat,2134.0,0,0,0,0,0,1,158,"28.3859° N, 77.0608° E",28.3859,77.0608
independent,1.5,sector 13,10519.0,2.0,2.0,2,3.0,Old Property,house,1426.0,1,0,0,1,0,0,7,"28.4757° N, 77.0392° E",28.4757,77.0392
tulip violet,1.5,sector 69,10714.0,3.0,3.0,2,8.0,Relatively New,flat,1492.0,0,0,0,0,0,1,174,"28.3966° N, 77.0341° E",28.3966,77.0341
emaar palm heights,2.1,sector 77,10370.0,3.0,3.0,3,17.0,New Property,flat,1833.0,0,0,0,0,0,0,8,"28.3801° N, 76.9845° E",28.3801,76.9845
dlf the primus,3.5,sector 82a,13431.0,5.0,5.0,3+,14.0,Relatively New,flat,2896.0,0,0,0,0,0,2,49,"28.3858° N, 76.9686° E",28.3858,76.9686
eldeco mansionz,4.95,sector 48,20599.0,7.0,7.0,3+,2.0,Old Property,house,2403.0,1,1,1,1,0,1,145,"28.4177° N, 77.0359° E",28.4177,77.0359
awho shanti vihar,0.8,sector 95,8889.0,2.0,2.0,3,9.0,New Property,flat,713.0,0,0,0,0,0,0,67,"28.4172° N, 76.9081° E",28.4172,76.9081
raheja revanta,4.75,sector 78,16886.0,3.0,3.0,2,31.0,Under Construction,flat,2813.0,0,0,0,0,0,0,100,"28.3733° N, 76.9729° E",28.3733,76.9729
unitech uniworld city,3.55,sector 30,14992.0,3.0,5.0,3+,16.0,Old Property,flat,2367.0,0,0,0,0,0,1,141,"28.4604° N, 77.0579° E",28.4604,77.0579
imperia the esfera,0.99,sector 37c,5455.0,3.0,4.0,3,9.0,Relatively New,flat,1660.0,0,0,0,0,0,0,49,"28.4515° N, 76.9882° E",28.4515,76.9882
ats tourmaline,1.4,sector 109,8000.0,3.0,3.0,3+,8.0,Relatively New,flat,1466.0,0,0,0,0,0,0,119,"28.5073° N, 77.0089° E",28.5073,77.0089
conscient elevate,3.78,sector 59,16499.0,3.0,3.0,3,3.0,Under Construction,flat,2550.0,0,0,0,0,0,0,31,"28.4051° N, 77.1097° E",28.4051,77.1097
corona optus,1.25,sector 37c,7176.0,3.0,3.0,3,2.0,Relatively New,flat,1563.0,0,0,0,0,0,0,49,"28.4515° N, 76.9882° E",28.4515,76.9882
ss the leaf,1.87,sector 85,7779.0,3.0,4.0,3,7.0,Relatively New,flat,2225.0,0,0,0,0,0,0,49,"28.4042° N, 76.9513° E",28.4042,76.9513
laxmi pareena,0.3,sector 99a,6667.0,2.0,1.0,0,12.0,New Property,flat,500.0,0,0,0,0,0,0,0,"28.4561° N, 76.9542° E",28.4561,76.9542
international city by sobha phase 1,6.0,sector 109,24691.0,4.0,4.0,3+,2.0,Relatively New,house,2430.0,1,1,1,1,0,0,160,"28.5073° N, 77.0089° E",28.5073,77.0089
corona optus,1.25,sector 37c,7090.0,3.0,3.0,3,4.0,Relatively New,flat,1350.0,0,0,0,0,0,0,49,"28.4515° N, 76.9882° E",28.4515,76.9882
essel towers,2.75,sector 14,12500.0,4.0,5.0,3+,8.0,Old Property,flat,2200.0,0,0,0,0,0,2,128,"28.4711° N, 77.0454° E",28.4711,77.0454
m3m ikonic,1.8,sector 68,9231.0,3.0,3.0,3+,18.0,Relatively New,flat,1845.0,0,0,0,0,0,1,126,"28.3853° N, 77.0484° E",28.3853,77.0484
the roselia 2,0.45,sector 95,6475.0,2.0,2.0,2,19.0,New Property,flat,695.0,0,0,0,0,0,0,0,"28.4172° N, 76.9081° E",28.4172,76.9081
suncity avenue 76,0.75,sector 76,10204.0,2.0,2.0,2,11.0,Under Construction,flat,665.0,0,0,0,0,0,0,57,"28.3935° N, 76.9888° E",28.3935,76.9888
ats triumph,1.8,sector 104,7860.0,3.0,4.0,3,14.0,New Property,flat,2544.0,0,0,0,0,0,0,60,"28.4788° N, 76.9960° E",28.4788,76.996
eldeco mansionz,5.0,sector 48,21368.0,7.0,7.0,3,2.0,Moderately Old,house,2340.0,0,0,0,0,0,1,40,"28.4177° N, 77.0359° E",28.4177,77.0359
independent,4.5,sector 13,9091.0,4.0,5.0,2,2.0,Old Property,house,4950.0,0,0,0,0,0,0,0,"28.4757° N, 77.0392° E",28.4757,77.0392
independent,2.25,sector 46,2723.0,4.0,3.0,3,3.0,Relatively New,house,90.0,1,0,0,0,0,1,35,"28.4374° N, 77.0586° E",28.4374,77.0586
emaar gurgaon greens,1.54,sector 102,9333.0,3.0,3.0,3,12.0,Relatively New,flat,1315.0,0,0,0,0,0,0,61,"28.4750° N, 76.9715° E",28.475,76.9715
independent,15.0,sector 39,33333.0,5.0,5.0,3+,4.0,Moderately Old,house,4500.0,0,1,0,0,0,1,27,"28.4434° N, 77.0515° E",28.4434,77.0515
ramsons kshitij,0.28,sector 95,3651.0,2.0,2.0,2,5.0,New Property,flat,694.0,0,0,0,0,0,0,0,"28.4172° N, 76.9081° E",28.4172,76.9081
emaar gurgaon greens,1.3,sector 102,7879.0,3.0,3.0,3,4.0,Relatively New,flat,1315.0,0,0,0,0,0,1,125,"28.4750° N, 76.9715° E",28.475,76.9715
dlf the ultima,2.25,sector 81,10699.0,3.0,3.0,3+,11.0,Relatively New,flat,1600.0,0,0,0,0,0,2,49,"28.3867° N, 76.9485° E",28.3867,76.9485
antriksh heights,0.79,sector 84,4580.0,3.0,3.0,3+,8.0,New Property,flat,1561.0,0,0,0,0,0,0,24,"28.3979° N, 76.9736° E",28.3979,76.9736
sare crescent parc,0.66,sector 92,4977.0,3.0,2.0,2,15.0,Relatively New,flat,1473.0,0,0,0,0,0,2,44,"28.4079° N, 76.9153° E",28.4079,76.9153
bestech park view grand spa,4.0,sector 81,9524.0,4.0,5.0,3+,15.0,Relatively New,flat,3801.0,0,0,0,0,0,1,127,"28.3867° N, 76.9485° E",28.3867,76.9485
pyramid urban homes 2,0.43,sector 86,8583.0,2.0,2.0,1,6.0,New Property,flat,557.0,0,0,0,0,0,0,72,"28.3986° N, 76.9384° E",28.3986,76.9384
godrej icon,1.31,sector 88a,8101.0,2.0,2.0,3+,3.0,Relatively New,flat,1463.0,0,0,0,0,0,0,102,"28.4347° N, 76.9557° E",28.4347,76.9557
pioneer park,3.6,sector 61,12627.0,4.0,4.0,3,3.0,Moderately Old,flat,2580.0,0,0,0,0,0,1,121,"28.4050° N, 77.0963° E",28.405,77.0963
bestech park view ananda,1.15,sector 81,6928.0,3.0,2.0,3+,12.0,Relatively New,flat,1352.0,0,0,0,0,0,0,101,"28.3867° N, 76.9485° E",28.3867,76.9485
sunischit apartments,1.75,sector 54,7955.0,3.0,4.0,3+,5.0,Moderately Old,flat,1900.0,0,0,0,0,0,1,83,"28.4348° N, 77.1089° E",28.4348,77.1089
godrej summit,1.35,sector 104,5000.0,4.0,5.0,3+,0.0,Relatively New,flat,3000.0,0,0,0,0,0,0,112,"28.4788° N, 76.9960° E",28.4788,76.996
raheja teachers apartments,1.2,sector 31,7273.0,3.0,2.0,2,1.0,Moderately Old,flat,1450.0,0,0,0,0,0,2,105,"28.4528° N, 77.0498° E",28.4528,77.0498
independent,5.6,sector 2,17284.0,8.0,6.0,3+,2.0,Moderately Old,house,3240.0,1,1,1,1,0,0,0,"28.5095° N, 77.0320° E",28.5095,77.032
conscient heritage max,2.2,sector 102,10237.0,3.0,4.0,3+,20.0,Relatively New,flat,1186.0,0,0,0,0,0,1,45,"28.4750° N, 76.9715° E",28.475,76.9715
godrej nature plus,1.35,sector 33,8232.0,3.0,2.0,3+,7.0,Under Construction,flat,1484.0,0,0,0,0,0,0,49,"28.4420° N, 77.0207° E",28.442,77.0207
independent,0.47,sector 4,10609.0,2.0,2.0,1,2.0,New Property,house,50.0,1,0,0,0,0,1,73,"28.4738° N, 77.0107° E",28.4738,77.0107
sobha city,1.9,sector 108,13758.0,2.0,2.0,2,8.0,Relatively New,flat,1250.0,0,0,0,0,0,0,85,"28.5134° N, 76.9830° E",28.5134,76.983
dlf city plots phase 2,4.5,sector 25,33333.0,5.0,3.0,2,3.0,Old Property,house,1350.0,0,0,1,1,0,0,25,"28.4844° N, 77.0860° E",28.4844,77.086
experion windchants,2.5,sector 112,13889.0,2.0,2.0,3,10.0,Relatively New,flat,1939.03,0,0,0,0,0,1,174,"28.5189° N, 77.0183° E",28.5189,77.0183
global hill view,0.33,sector 11,4269.0,2.0,2.0,0,11.0,Relatively New,flat,761.0,0,0,0,0,0,0,0,"28.4531° N, 77.0202° E",28.4531,77.0202
m3m the marina,1.45,sector 68,9615.0,3.0,2.0,3+,9.0,New Property,flat,1365.0,0,0,0,0,0,0,0,"28.3853° N, 77.0484° E",28.3853,77.0484
vatika gurgaon,1.12,sector 83,6455.0,3.0,3.0,2,4.0,Relatively New,flat,1200.0,0,0,0,0,0,1,165,"28.3986° N, 76.9647° E",28.3986,76.9647
independent,6.5,sector 24,22855.0,4.0,4.0,2,2.0,Old Property,house,2844.0,0,0,0,1,0,0,35,"28.4939° N, 77.1038° E",28.4939,77.1038
kiran residency,1.55,sector 56,7750.0,3.0,3.0,3+,5.0,Old Property,flat,1800.0,0,0,0,0,0,0,166,"28.4245° N, 77.0991° E",28.4245,77.0991
ambience creacions,1.65,sector 22,11957.0,2.0,2.0,2,9.0,Relatively New,flat,1200.0,0,0,0,0,0,2,133,"28.5072° N, 77.0640° E",28.5072,77.064
birla navya,3.3,sector 63a,15349.0,3.0,3.0,3,4.0,Under Construction,flat,2150.0,0,0,0,0,0,0,52,"28.3923° N, 77.0888° E",28.3923,77.0888
dlf regal gardens,1.75,sector 90,7901.0,4.0,4.0,3+,3.0,Relatively New,flat,2005.0,0,0,0,0,0,0,6,"28.4085° N, 76.9369° E",28.4085,76.9369
dlf the skycourt,1.58,sector 86,8191.0,3.0,3.0,1,16.0,Relatively New,flat,1750.0,0,0,0,0,0,1,152,"28.3986° N, 76.9384° E",28.3986,76.9384
chd avenue,0.82,sector 71,7081.0,2.0,2.0,2,6.0,Moderately Old,flat,1086.0,0,0,0,0,0,0,0,"28.4104° N, 77.0281° E",28.4104,77.0281
emaar gurgaon greens,1.5,sector 102,9091.0,3.0,3.0,3,7.0,Relatively New,flat,1315.0,0,0,0,0,0,1,174,"28.4750° N, 76.9715° E",28.475,76.9715
godrej icon,1.62,sector 88a,10019.0,3.0,2.0,3+,10.0,Relatively New,flat,1463.0,0,0,0,0,0,2,49,"28.4347° N, 76.9557° E",28.4347,76.9557
apna enclave,0.8,sector 3,6154.0,3.0,3.0,1,0.0,Old Property,flat,1000.0,0,0,0,0,0,0,0,"28.4909° N, 77.0176° E",28.4909,77.0176
experion the heartsong,1.2,sector 108,6826.0,3.0,3.0,3+,10.0,Relatively New,flat,1275.53,0,0,0,0,0,0,93,"28.5134° N, 76.9830° E",28.5134,76.983
la vida by tata housing,1.45,sector 113,11364.0,2.0,2.0,2,6.0,Relatively New,flat,1080.0,0,0,0,0,0,0,80,"28.5287° N, 77.0233° E",28.5287,77.0233
spaze privy at,1.24,sector 84,6465.0,3.0,3.0,3,8.0,Relatively New,flat,1650.0,0,0,0,0,0,1,158,"28.3979° N, 76.9736° E",28.3979,76.9736
sushant lok 1 builder floors,6.25,sector 43,30728.0,7.0,7.0,3+,3.0,Moderately Old,house,2034.0,1,1,1,0,0,0,46,"28.4629° N, 77.0772° E",28.4629,77.0772
sare crescent parc royal greens phase 1,1.0,sector 92,3713.0,4.0,4.0,3,15.0,New Property,flat,1828.0,0,0,0,0,0,0,31,"28.4079° N, 76.9153° E",28.4079,76.9153
the lions cghs,2.09,sector 56,8708.0,4.0,4.0,3+,7.0,Relatively New,flat,2300.0,0,0,0,0,0,1,125,"28.4245° N, 77.0991° E",28.4245,77.0991
m3m capital,1.83,sector 113,13969.0,2.0,2.0,0,7.0,New Property,flat,1310.0,0,0,0,0,0,0,68,"28.5287° N, 77.0233° E",28.5287,77.0233
"m m residency, krishna colony, gurgaon",0.54,sector 7,5889.0,2.0,2.0,1,3.0,Relatively New,flat,1000.0,0,0,0,0,0,0,70,"28.4644° N, 77.0143° E",28.4644,77.0143
bsf chs,0.95,gwal pahari,5938.0,3.0,3.0,3,13.0,Old Property,flat,1778.0,0,0,0,0,0,0,37,"28.4484° N, 77.0210° E",28.4484,77.021
m3m soulitude,1.42,sector 89,9979.0,3.0,3.0,2,3.0,New Property,flat,1581.0,0,0,0,0,0,0,15,"28.4253° N, 76.9439° E",28.4253,76.9439
smart world gems,1.16,sector 89,10498.0,3.0,2.0,3,1.0,New Property,flat,998.0,0,0,0,0,0,0,49,"28.4253° N, 76.9439° E",28.4253,76.9439
m3m woodshire,0.82,sector 107,6003.0,2.0,2.0,3+,7.0,Relatively New,flat,1236.0,0,0,0,0,0,0,111,"28.5052° N, 76.9729° E",28.5052,76.9729
adani brahma samsara vilasa,4.49,sector 63,14254.0,4.0,4.0,3+,3.0,New Property,flat,3150.0,0,0,0,0,0,1,96,"28.3971° N, 77.0867° E",28.3971,77.0867
sobha city,2.9,sector 108,14478.0,3.0,4.0,2,8.0,New Property,flat,2003.0,0,0,0,0,0,0,109,"28.5134° N, 76.9830° E",28.5134,76.983
indiabulls centrum park,1.34,sector 103,7486.0,3.0,3.0,3+,13.0,Relatively New,flat,1560.0,0,0,0,0,0,0,93,"28.4949° N, 76.9845° E",28.4949,76.9845
vatika city homes,1.0,sector 83,5747.0,3.0,3.0,2,2.0,Relatively New,flat,1575.0,0,0,0,0,0,1,174,"28.3986° N, 76.9647° E",28.3986,76.9647
sare homes,1.19,sector 92,5219.0,4.0,3.0,3,14.0,Relatively New,flat,2533.0,0,0,0,0,0,0,100,"28.4079° N, 76.9153° E",28.4079,76.9153
supertech new soft launch,0.84,sector 68,7119.0,2.0,2.0,2,7.0,New Property,flat,1180.0,0,0,0,0,0,0,0,"28.3853° N, 77.0484° E",28.3853,77.0484
independent,8.5,sector 43,31481.0,5.0,5.0,3,3.0,Moderately Old,house,2700.0,0,1,0,0,0,1,113,"28.4629° N, 77.0772° E",28.4629,77.0772
signature global solera,0.3,sector 107,6135.0,2.0,2.0,1,5.0,Relatively New,flat,544.0,0,0,0,0,0,0,57,"28.5052° N, 76.9729° E",28.5052,76.9729
antriksh heights,0.6,sector 84,5000.0,2.0,2.0,2,14.0,Relatively New,flat,1086.0,0,0,0,0,0,0,52,"28.3979° N, 76.9736° E",28.3979,76.9736
ramprastha the atrium,1.0,sector 37d,7782.0,3.0,3.0,2,4.0,Relatively New,flat,1163.0,0,0,0,0,0,0,13,"28.4478° N, 76.9703° E",28.4478,76.9703
m3m sierra 68,1.13,sector 68,9076.0,2.0,2.0,3,9.0,Relatively New,flat,1130.0,0,0,0,0,0,1,149,"28.3853° N, 77.0484° E",28.3853,77.0484
tulip violet,1.37,sector 69,8908.0,3.0,3.0,1,12.0,Relatively New,flat,1392.0,0,0,0,0,0,0,116,"28.3966° N, 77.0341° E",28.3966,77.0341
godrej nature plus,1.31,sector 33,15976.0,2.0,2.0,2,4.0,Under Construction,flat,85.0,0,0,0,0,0,0,92,"28.4420° N, 77.0207° E",28.442,77.0207
supertech hilltown,0.8,sector 2,5556.0,3.0,2.0,3,8.0,Moderately Old,flat,1440.0,0,0,0,0,0,0,0,"28.5095° N, 77.0320° E",28.5095,77.032
bestech park view sanskruti,2.0,sector 92,8333.0,4.0,5.0,3+,12.0,Relatively New,flat,2453.0,0,0,0,0,0,1,60,"28.4079° N, 76.9153° E",28.4079,76.9153
pareena laxmi apartments,0.3,sector 99a,5425.0,2.0,1.0,2,5.0,New Property,flat,511.0,0,0,0,0,0,0,66,"28.4561° N, 76.9542° E",28.4561,76.9542
independent,0.9,sector 13,11465.0,2.0,4.0,3,3.0,Moderately Old,house,785.0,1,1,0,1,1,0,0,"28.4757° N, 77.0392° E",28.4757,77.0392
eden landmark,0.5,manesar,3846.0,2.0,2.0,0,7.0,Under Construction,flat,1300.0,0,0,0,0,0,0,0,"28.3515° N, 76.9428° E",28.3515,76.9428
pyramid urban homes 2,0.43,sector 86,8583.0,2.0,2.0,1,6.0,New Property,flat,557.0,0,0,0,0,0,0,92,"28.3986° N, 76.9384° E",28.3986,76.9384
emaar mgf marbella,12.0,sector 66,38095.0,5.0,6.0,3+,4.0,New Property,house,3150.0,0,1,0,1,0,0,38,"28.3925° N, 77.0541° E",28.3925,77.0541
la vida by tata housing,1.38,sector 113,12000.0,2.0,2.0,3,8.0,New Property,flat,1350.0,0,0,0,0,0,0,174,"28.5287° N, 77.0233° E",28.5287,77.0233
independent,0.45,sector 7,5000.0,3.0,2.0,0,1.0,Old Property,house,1000.0,0,0,0,0,0,0,0,"28.4644° N, 77.0143° E",28.4644,77.0143
independent,0.89,sector 81,8128.0,1.0,1.0,0,1.0,Relatively New,house,1095.0,0,0,0,0,0,0,0,"28.3867° N, 76.9485° E",28.3867,76.9485
ss the leaf,2.7,sector 85,7754.0,4.0,4.0,3+,23.0,New Property,flat,3151.0,0,0,0,0,0,0,21,"28.4042° N, 76.9513° E",28.4042,76.9513
tulip violet,1.3,sector 69,8286.0,3.0,3.0,1,12.0,Relatively New,flat,1419.0,0,0,0,0,0,0,86,"28.3966° N, 77.0341° E",28.3966,77.0341
ansal api esencia,1.0,sector 67,6435.0,3.0,3.0,3+,2.0,Moderately Old,flat,1406.0,0,0,0,0,0,0,9,"28.3859° N, 77.0608° E",28.3859,77.0608
city heights,1.75,sector 39,8750.0,3.0,4.0,3,3.0,Old Property,flat,2222.0,0,0,0,0,0,2,42,"28.4434° N, 77.0515° E",28.4434,77.0515
pareena mi casa,0.92,sector 68,7390.0,2.0,2.0,3,5.0,Under Construction,flat,1127.0,0,0,0,0,0,0,50,"28.3853° N, 77.0484° E",28.3853,77.0484
dlf new town heights,1.55,sector 86,6579.0,4.0,4.0,3+,12.0,Moderately Old,flat,2038.0,0,0,0,0,0,1,120,"28.3986° N, 76.9384° E",28.3986,76.9384
tulip violet,1.4,sector 69,8861.0,3.0,3.0,2,2.0,Relatively New,flat,1428.0,0,0,0,0,0,0,102,"28.3966° N, 77.0341° E",28.3966,77.0341
adani brahma samsara vilasa,3.35,sector 63,16470.0,3.0,3.0,3+,3.0,New Property,flat,2034.0,0,0,0,0,0,1,16,"28.3971° N, 77.0867° E",28.3971,77.0867
alpha corp gurgaonone,2.24,sector 84,6523.0,4.0,4.0,3,12.0,Relatively New,flat,3165.0,0,0,0,0,0,0,20,"28.3979° N, 76.9736° E",28.3979,76.9736
signature global solera,0.5,sector 107,4762.0,3.0,2.0,2,5.0,Relatively New,flat,850.0,0,0,0,0,0,0,35,"28.5052° N, 76.9729° E",28.5052,76.9729
tulip white,0.9,sector 69,6000.0,3.0,2.0,3+,1.0,Relatively New,flat,1326.0,0,0,0,0,0,1,149,"28.3966° N, 77.0341° E",28.3966,77.0341
smart world orchard,1.41,sector 61,12250.0,2.0,2.0,2,2.0,Under Construction,flat,1150.0,0,0,0,0,0,0,76,"28.4050° N, 77.0963° E",28.405,77.0963
vipul tatvam villa,18.5,sector 48,26429.0,4.0,4.0,1,1.0,Moderately Old,house,7000.0,0,0,0,0,0,0,30,"28.4177° N, 77.0359° E",28.4177,77.0359
denso haryana housing society,0.9,manesar,4308.0,3.0,3.0,3+,5.0,Moderately Old,flat,2321.0,0,0,0,0,0,0,7,"28.3515° N, 76.9428° E",28.3515,76.9428
huda housing board society,0.45,sector 52,9740.0,1.0,1.0,0,0.0,Moderately Old,flat,513.0,0,0,0,0,0,1,43,"28.4379° N, 77.0785° E",28.4379,77.0785
smart world orchard,1.47,sector 61,12783.0,2.0,2.0,2,4.0,Under Construction,flat,1278.0,0,0,0,0,0,0,31,"28.4050° N, 77.0963° E",28.405,77.0963
signature global orchard avenue,0.4,sector 93,5479.0,2.0,2.0,0,0.0,Relatively New,flat,730.0,0,0,0,0,0,0,0,"28.4153° N, 76.9326° E",28.4153,76.9326
suncity vatsal valley,1.53,gwal pahari,10699.0,3.0,3.0,3,2.0,New Property,flat,1589.0,0,0,0,0,0,1,117,"28.4484° N, 77.0210° E",28.4484,77.021
signature global city 63a,1.4,sector 63a,11336.0,2.0,2.0,2,3.0,Under Construction,flat,1372.0,0,0,0,0,0,0,0,"28.3923° N, 77.0888° E",28.3923,77.0888
unitech aspen greens,6.8,sector 50,31481.0,4.0,5.0,3,3.0,Old Property,house,2160.0,1,1,0,0,0,1,111,"28.4178° N, 77.0628° E",28.4178,77.0628
antriksh heights,0.49,sector 84,4356.0,2.0,2.0,2,16.0,Relatively New,flat,1018.0,0,0,0,0,0,0,66,"28.3979° N, 76.9736° E",28.3979,76.9736
tata primanti,3.3,sector 72,15103.0,3.0,4.0,3+,15.0,New Property,flat,2185.0,0,0,0,0,0,2,174,"28.4225° N, 77.0211° E",28.4225,77.0211
elan the presidential,6.3,sector 106,15385.0,5.0,6.0,3+,10.0,Under Construction,flat,3797.0,0,0,0,0,0,1,62,"28.5007° N, 77.0003° E",28.5007,77.0003
sobha city,2.5,sector 108,14611.0,3.0,3.0,2,19.0,New Property,flat,1480.0,0,0,0,0,0,0,166,"28.5134° N, 76.9830° E",28.5134,76.983
independent,2.35,sector 4,16319.0,4.0,4.0,2,2.0,Old Property,house,1440.0,0,0,0,1,0,0,43,"28.4738° N, 77.0107° E",28.4738,77.0107
dlf the primus,2.85,sector 82a,10936.0,4.0,4.0,3+,2.0,New Property,flat,2179.0,0,0,0,0,0,2,174,"28.3858° N, 76.9686° E",28.3858,76.9686
mapsko mount ville,1.2,sector 79,8054.0,3.0,3.0,3+,24.0,Relatively New,flat,1154.0,0,0,0,0,0,1,135,"28.3624° N, 76.9787° E",28.3624,76.9787
m3m the marina,1.32,sector 68,8759.0,2.0,2.0,3,15.0,Relatively New,flat,1364.0,0,0,0,0,0,0,120,"28.3853° N, 77.0484° E",28.3853,77.0484
tulip monsella,5.6,sector 53,19364.0,3.0,3.0,3+,1.0,Under Construction,flat,2617.0,0,0,0,0,0,0,42,"28.4433° N, 77.0948° E",28.4433,77.0948
tarc maceo,1.9,sector 91,6975.0,4.0,4.0,3,9.0,Relatively New,flat,2465.0,0,0,0,0,0,0,120,"28.4014° N, 76.9225° E",28.4014,76.9225
m3m woodshire,0.9,sector 107,6589.0,2.0,2.0,3+,4.0,Relatively New,flat,1236.0,0,0,0,0,0,0,21,"28.5052° N, 76.9729° E",28.5052,76.9729
bestech park view city,1.76,sector 48,9910.0,3.0,3.0,3+,9.0,Moderately Old,flat,1576.0,0,0,0,0,0,1,158,"28.4177° N, 77.0359° E",28.4177,77.0359
independent,1.7,sector 12,8000.0,5.0,5.0,3,3.0,Moderately Old,house,2000.0,0,0,0,1,1,0,9,"28.4723° N, 77.0320° E",28.4723,77.032
raj villas,8.0,sector 52,25543.0,6.0,5.0,3+,4.0,Moderately Old,house,3132.0,0,0,0,0,0,0,0,"28.4379° N, 77.0785° E",28.4379,77.0785
independent,2.95,sector 56,20233.0,2.0,2.0,0,1.0,Moderately Old,house,1458.0,0,0,0,0,0,0,0,"28.4245° N, 77.0991° E",28.4245,77.0991
international city by sobha phase 2,7.0,sector 109,12963.0,5.0,6.0,2,2.0,Relatively New,house,5400.0,0,1,0,0,0,0,154,"28.5073° N, 77.0089° E",28.5073,77.0089
not applicable,0.8,sector 4,6088.0,5.0,4.0,3,3.0,Under Construction,house,146.0,0,0,0,0,0,0,0,"28.4738° N, 77.0107° E",28.4738,77.0107
indiabulls centrum park,2.45,sector 103,8522.0,4.0,4.0,3,11.0,Relatively New,flat,2602.0,0,0,0,0,0,0,38,"28.4949° N, 76.9845° E",28.4949,76.9845
independent,1.75,sector 7,11111.0,4.0,2.0,2,2.0,Old Property,house,1575.0,0,0,0,0,1,0,31,"28.4644° N, 77.0143° E",28.4644,77.0143
sbtl caladium,1.68,sector 109,6601.0,3.0,3.0,3+,7.0,Moderately Old,flat,2303.0,0,0,0,0,0,0,134,"28.5073° N, 77.0089° E",28.5073,77.0089
conscient heritage max,2.0,sector 102,9307.0,3.0,4.0,3+,13.0,Relatively New,flat,1900.0,0,0,0,0,0,1,174,"28.4750° N, 76.9715° E",28.475,76.9715
lotus homz,0.36,sector 111,8889.0,1.0,1.0,1,10.0,Relatively New,flat,450.0,0,0,0,0,0,0,44,"28.5238° N, 77.0320° E",28.5238,77.032
ansals duplex flat,0.95,sector 2,7308.0,2.0,3.0,2,1.0,Old Property,flat,1444.0,0,0,0,0,0,1,20,"28.5095° N, 77.0320° E",28.5095,77.032
m3m sierra 68,1.05,sector 68,8537.0,2.0,2.0,2,11.0,New Property,flat,1200.0,0,0,0,0,0,1,127,"28.3853° N, 77.0484° E",28.3853,77.0484
tulip violet,2.0,sector 69,9583.0,4.0,4.0,2,0.0,Relatively New,flat,1889.0,0,0,0,0,0,0,157,"28.3966° N, 77.0341° E",28.3966,77.0341
aardhya homesh,1.85,sector 67a,8043.0,4.0,4.0,0,4.0,New Property,flat,2556.0,0,0,0,0,0,0,0,"28.3960° N, 77.0372° E",28.396,77.0372
raheja navodaya,1.1,sector 92,4681.0,3.0,2.0,3,0.0,Relatively New,flat,2350.0,0,0,0,0,0,0,0,"28.4079° N, 76.9153° E",28.4079,76.9153
shree arihant apartment,1.5,sector 54,8108.0,3.0,3.0,3+,4.0,Moderately Old,flat,1700.0,0,0,0,0,0,1,75,"28.4348° N, 77.1089° E",28.4348,77.1089
independent,1.16,sector 37d,7537.0,1.0,1.0,0,1.0,Relatively New,house,1535.0,0,0,0,0,0,0,0,"28.4478° N, 76.9703° E",28.4478,76.9703
imperia the esfera,0.98,sector 37c,5399.0,3.0,4.0,3,9.0,Relatively New,flat,1660.0,0,0,0,0,0,0,49,"28.4515° N, 76.9882° E",28.4515,76.9882
the close north,2.97,sector 50,11401.0,3.0,3.0,3+,8.0,Moderately Old,flat,2600.0,0,0,0,0,0,1,174,"28.4178° N, 77.0628° E",28.4178,77.0628
pareena coban residences,1.38,sector 99a,7150.0,4.0,5.0,3+,1.0,Relatively New,flat,2150.0,0,0,0,0,0,0,49,"28.4561° N, 76.9542° E",28.4561,76.9542
indiabulls centrum park,2.2,sector 103,7652.0,4.0,6.0,3+,4.0,Relatively New,flat,2602.0,0,0,0,0,0,1,108,"28.4949° N, 76.9845° E",28.4949,76.9845
m3m merlin,2.78,sector 67,13581.0,3.0,3.0,3+,4.0,Relatively New,flat,2047.0,0,0,0,0,0,1,157,"28.3859° N, 77.0608° E",28.3859,77.0608
signature global solera,0.35,sector 107,6494.0,2.0,2.0,2,8.0,Relatively New,flat,608.0,0,0,0,0,0,0,45,"28.5052° N, 76.9729° E",28.5052,76.9729
eros rosewood city,3.75,sector 49,22046.0,3.0,3.0,1,2.0,Old Property,house,1701.0,0,0,0,1,0,1,6,"28.4121° N, 77.0480° E",28.4121,77.048
bptp terra,1.55,sector 37d,8559.0,3.0,3.0,3+,11.0,Relatively New,flat,1639.0,0,0,0,0,0,0,79,"28.4478° N, 76.9703° E",28.4478,76.9703
uppal southend,4.4,sector 49,15278.0,6.0,6.0,3,3.0,Moderately Old,house,2880.0,1,1,1,1,0,2,110,"28.4121° N, 77.0480° E",28.4121,77.048
vatika the seven lamps,0.94,sector 82,6532.0,2.0,2.0,3+,9.0,Relatively New,flat,1299.0,0,0,0,0,0,1,117,"28.3935° N, 76.9600° E",28.3935,76.96
prime habitat,0.27,sector 99a,5433.0,2.0,2.0,1,4.0,New Property,flat,552.0,0,0,0,0,0,0,7,"28.4561° N, 76.9542° E",28.4561,76.9542
puri diplomatic greens,2.25,sector 111,13235.0,3.0,3.0,2,12.0,Relatively New,flat,1538.0,0,0,0,0,0,0,101,"28.5238° N, 77.0320° E",28.5238,77.032
independent,3.15,sector 57,20349.0,5.0,4.0,3+,2.0,Moderately Old,house,1548.0,0,0,1,0,0,1,60,"28.4232° N, 77.0752° E",28.4232,77.0752
ansal housing highland park,1.25,sector 103,6443.0,3.0,3.0,3+,2.0,New Property,flat,1464.0,0,0,0,0,0,0,105,"28.4949° N, 76.9845° E",28.4949,76.9845
ansal maple heights,1.5,sector 43,12658.0,3.0,3.0,3+,7.0,Old Property,flat,1385.0,0,0,0,0,0,1,174,"28.4629° N, 77.0772° E",28.4629,77.0772
tulip violet,1.72,sector 69,8731.0,4.0,4.0,1,12.0,Relatively New,flat,1783.0,0,0,0,0,0,0,86,"28.3966° N, 77.0341° E",28.3966,77.0341
ild greens,1.0,sector 37c,4320.0,3.0,3.0,3+,5.0,Under Construction,flat,1697.0,0,0,0,0,0,0,51,"28.4515° N, 76.9882° E",28.4515,76.9882
tulip violet,1.66,sector 69,10134.0,3.0,3.0,2,0.0,Relatively New,flat,1482.0,0,0,0,0,0,0,157,"28.3966° N, 77.0341° E",28.3966,77.0341
m3m golfestate,5.2,sector 65,17456.0,3.0,3.0,3,18.0,Relatively New,flat,2696.0,0,0,0,0,0,1,76,"28.4030° N, 77.0690° E",28.403,77.069
signature global city 92,0.99,sector 92,6622.0,3.0,2.0,3,1.0,New Property,flat,1661.0,0,0,0,0,0,0,37,"28.4079° N, 76.9153° E",28.4079,76.9153
ats kocoon,2.22,sector 109,10597.0,3.0,4.0,3,14.0,Relatively New,flat,1860.0,0,0,0,0,0,0,45,"28.5073° N, 77.0089° E",28.5073,77.0089
smart world gems,0.88,sector 89,7964.0,2.0,2.0,3,2.0,New Property,flat,1228.0,0,0,0,0,0,0,44,"28.4253° N, 76.9439° E",28.4253,76.9439
m3m skywalk,2.7,sector 74,13380.0,3.0,3.0,3,13.0,New Property,flat,2018.0,0,0,0,0,0,0,92,"28.4158° N, 77.0118° E",28.4158,77.0118
sahara grace,5.5,sector 28,14612.0,4.0,5.0,3+,5.0,Moderately Old,flat,3406.0,0,0,0,0,0,1,8,"28.4728° N, 77.0865° E",28.4728,77.0865
ss the leaf,1.04,sector 85,8320.0,2.0,2.0,3,17.0,New Property,flat,1550.0,0,0,0,0,0,0,145,"28.4042° N, 76.9513° E",28.4042,76.9513
shree vardhman flora,1.3,sector 90,5253.0,4.0,5.0,2,9.0,Relatively New,flat,2134.0,0,0,0,0,0,0,110,"28.4085° N, 76.9369° E",28.4085,76.9369
godrej nature plus,1.5,sector 33,10197.0,2.0,2.0,3+,2.0,Under Construction,flat,1539.0,0,0,0,0,0,0,87,"28.4420° N, 77.0207° E",28.442,77.0207
bptp terra,1.8,sector 37d,8215.0,4.0,3.0,3,12.0,Relatively New,flat,1983.0,0,0,0,0,0,1,144,"28.4478° N, 76.9703° E",28.4478,76.9703
birla navya,3.23,sector 63a,26872.0,3.0,3.0,3,4.0,New Property,flat,1202.0,0,0,0,0,0,0,52,"28.3923° N, 77.0888° E",28.3923,77.0888
awho sispal vihar,2.0,sector 49,7262.0,4.0,3.0,3+,4.0,Old Property,flat,2492.0,0,0,0,0,0,0,65,"28.4121° N, 77.0480° E",28.4121,77.048
international city by sobha phase 2,11.25,sector 109,25000.0,7.0,5.0,3+,4.0,Relatively New,house,4500.0,1,1,0,1,0,0,42,"28.5073° N, 77.0089° E",28.5073,77.0089
ss the leaf,1.2,sector 85,10453.0,2.0,2.0,3+,2.0,Relatively New,flat,1380.0,0,0,0,0,0,0,156,"28.4042° N, 76.9513° E",28.4042,76.9513
sobha city,2.1,sector 108,13972.0,2.0,2.0,2,3.0,Under Construction,flat,1250.0,0,0,0,0,0,0,74,"28.5134° N, 76.9830° E",28.5134,76.983
surendra homes dayaindependentd colony,0.75,sector 6,15625.0,4.0,4.0,2,1.0,Moderately Old,house,480.0,0,0,0,0,0,0,0,"28.4745° N, 77.0262° E",28.4745,77.0262
paras dews,1.15,sector 106,7419.0,3.0,3.0,3,11.0,Relatively New,flat,1650.0,0,0,0,0,0,1,174,"28.5007° N, 77.0003° E",28.5007,77.0003
sare homes,0.95,sector 92,4872.0,4.0,3.0,3,13.0,New Property,flat,1765.0,0,0,0,0,0,0,0,"28.4079° N, 76.9153° E",28.4079,76.9153
pivotal devaan,0.27,sector 84,7965.0,1.0,1.0,1,13.0,Relatively New,flat,387.0,0,0,0,0,0,2,45,"28.3979° N, 76.9736° E",28.3979,76.9736
microtek greenburg,1.3,sector 86,15294.0,2.0,3.0,3,5.0,Relatively New,flat,944.0,0,0,0,0,0,1,45,"28.3986° N, 76.9384° E",28.3986,76.9384
indiabulls centrum park,1.15,sector 103,7765.0,2.0,2.0,3,8.0,Relatively New,flat,1250.0,0,0,0,0,0,1,135,"28.4949° N, 76.9845° E",28.4949,76.9845
huda,3.5,sector 38,24005.0,3.0,2.0,3,2.0,Moderately Old,house,1458.0,0,0,1,0,0,1,85,"28.4347° N, 77.0430° E",28.4347,77.043
independent,0.45,sector 8,9000.0,1.0,1.0,1,3.0,Moderately Old,house,556.0,0,0,0,0,0,0,0,"28.3738° N, 76.8970° E",28.3738,76.897
ats kocoon,2.2,sector 109,10501.0,3.0,4.0,3,13.0,Relatively New,flat,1860.0,0,0,0,0,0,0,165,"28.5073° N, 77.0089° E",28.5073,77.0089
independent,0.5,sector 9,6083.0,3.0,2.0,1,1.0,Old Property,house,822.0,0,0,0,0,0,0,0,"28.4603° N, 77.0000° E",28.4603,77.0
dlf regal gardens,1.24,sector 90,7066.0,3.0,3.0,3+,9.0,Relatively New,flat,1600.0,0,0,0,0,0,0,72,"28.4085° N, 76.9369° E",28.4085,76.9369
orchid petals,2.23,sector 49,10969.0,3.0,3.0,3,14.0,Relatively New,flat,1840.0,0,0,0,0,0,0,40,"28.4121° N, 77.0480° E",28.4121,77.048
shapoorji pallonji joyville gurugram,1.9,sector 102,10259.0,3.0,3.0,3+,15.0,New Property,flat,1700.0,0,0,0,0,0,0,174,"28.4750° N, 76.9715° E",28.475,76.9715
511 sarahah tower,0.6,sector 12,8333.0,2.0,2.0,1,0.0,New Property,flat,800.0,0,0,0,0,0,2,0,"28.4723° N, 77.0320° E",28.4723,77.032
mapsko mount ville,1.5,sector 79,8264.0,3.0,4.0,3+,11.0,Relatively New,flat,1416.0,0,0,0,0,0,1,144,"28.3624° N, 76.9787° E",28.3624,76.9787
ansals palam vihar,9.0,sector 2,19231.0,5.0,5.0,2,2.0,Old Property,house,4680.0,1,1,1,1,0,2,110,"28.5095° N, 77.0320° E",28.5095,77.032
emaar gurgaon greens,1.4,sector 102,13685.0,3.0,3.0,3,7.0,Relatively New,flat,1315.0,0,0,0,0,0,0,67,"28.4750° N, 76.9715° E",28.475,76.9715
whiteland blissville,1.9,sector 76,11364.0,3.0,3.0,2,0.0,Under Construction,flat,1513.0,0,0,0,0,0,0,61,"28.3935° N, 76.9888° E",28.3935,76.9888
independent,15.0,sector 26,33333.0,4.0,4.0,3,3.0,Moderately Old,house,4500.0,0,1,1,0,0,1,36,"28.4757° N, 77.1032° E",28.4757,77.1032
sushant lok 1 builder floors,10.85,sector 43,28841.0,8.0,8.0,3,3.0,Moderately Old,house,3762.0,1,1,1,1,0,2,160,"28.4629° N, 77.0772° E",28.4629,77.0772
m3m woodshire,1.7,sector 107,6142.0,4.0,5.0,3+,9.0,Relatively New,flat,2505.0,0,0,0,0,0,0,79,"28.5052° N, 76.9729° E",28.5052,76.9729
sare homes,1.25,sector 92,6200.0,4.0,3.0,0,16.0,Under Construction,flat,2040.0,0,0,0,0,0,0,49,"28.4079° N, 76.9153° E",28.4079,76.9153
experion windchants,3.75,sector 112,13383.0,3.0,5.0,3+,22.0,Relatively New,flat,2536.0,0,0,0,0,0,1,49,"28.5189° N, 77.0183° E",28.5189,77.0183
bestech park view sanskruti,1.68,sector 92,11053.0,3.0,4.0,3+,15.0,Relatively New,flat,1804.0,0,0,0,0,0,1,174,"28.4079° N, 76.9153° E",28.4079,76.9153
malibu towne,1.15,sector 47,4646.0,3.0,3.0,3,2.0,Old Property,house,275.0,0,0,0,0,0,1,33,"28.4276° N, 77.0492° E",28.4276,77.0492
independent,6.25,sector 57,20161.0,9.0,9.0,3+,3.0,New Property,house,2660.0,0,1,0,0,0,1,61,"28.4232° N, 77.0752° E",28.4232,77.0752
independent,4.49,sector 45,24455.0,3.0,9.0,3+,3.0,Moderately Old,house,1836.0,0,0,0,0,1,1,90,"28.4466° N, 77.0660° E",28.4466,77.066
ambience lagoon,4.25,sector 24,13281.0,3.0,4.0,3+,3.0,Old Property,flat,3201.0,0,0,0,0,0,1,131,"28.4939° N, 77.1038° E",28.4939,77.1038
orchid island,0.71,sector 51,7889.0,2.0,2.0,1,4.0,Relatively New,flat,1007.0,0,0,0,0,0,0,23,"28.4320° N, 77.0686° E",28.432,77.0686
suncity avenue 76,0.75,sector 76,10067.0,2.0,2.0,2,11.0,New Property,house,745.0,0,0,0,0,0,0,40,"28.3935° N, 76.9888° E",28.3935,76.9888
tata primanti,3.4,sector 72,15561.0,3.0,4.0,3+,9.0,Moderately Old,flat,2185.0,0,0,0,0,0,0,38,"28.4225° N, 77.0211° E",28.4225,77.0211
experion windchants,5.2,sector 112,10726.0,4.0,6.0,3+,15.0,Relatively New,flat,3655.35,0,0,0,0,0,1,174,"28.5189° N, 77.0183° E",28.5189,77.0183
ansal heights 86,0.9,sector 86,5325.0,3.0,3.0,2,10.0,New Property,flat,1690.0,0,0,0,0,0,0,29,"28.3986° N, 76.9384° E",28.3986,76.9384
ats marigold,1.7,sector 89,9714.0,3.0,3.0,3+,8.0,Under Construction,flat,1944.0,0,0,0,0,0,0,65,"28.4253° N, 76.9439° E",28.4253,76.9439
pareena laxmi apartments,0.32,sector 99a,5787.0,2.0,2.0,2,11.0,New Property,flat,502.0,0,0,0,0,0,0,66,"28.4561° N, 76.9542° E",28.4561,76.9542
m3m capital,2.51,sector 113,14800.0,3.0,3.0,3+,2.0,Under Construction,flat,1696.0,0,0,0,0,0,0,49,"28.5287° N, 77.0233° E",28.5287,77.0233
ss the leaf,1.2,sector 85,7317.0,2.0,2.0,3+,14.0,Relatively New,flat,1380.0,0,0,0,0,0,0,141,"28.4042° N, 76.9513° E",28.4042,76.9513
independent,2.43,sector 7,14890.0,4.0,4.0,2,3.0,Old Property,house,345.0,1,0,1,1,0,0,38,"28.4644° N, 77.0143° E",28.4644,77.0143
independent,5.25,sector 24,38889.0,4.0,4.0,3+,2.0,Relatively New,house,1350.0,0,1,0,1,0,1,72,"28.4939° N, 77.1038° E",28.4939,77.1038
sukhshanti apartment,1.65,sector 56,7006.0,3.0,3.0,3+,5.0,Moderately Old,flat,2131.0,0,0,0,0,0,1,134,"28.4245° N, 77.0991° E",28.4245,77.0991
independent,1.95,sector 7,13542.0,2.0,2.0,2,2.0,Old Property,house,1440.0,0,0,0,0,0,0,0,"28.4644° N, 77.0143° E",28.4644,77.0143
ansal api celebrity suites,0.6,sector 2,8163.0,1.0,1.0,1,5.0,Moderately Old,flat,665.0,0,0,0,0,0,1,88,"28.5095° N, 77.0320° E",28.5095,77.032
umang monsoon breeze,0.69,sector 78,5391.0,2.0,2.0,2,11.0,Moderately Old,flat,1422.0,0,0,0,0,0,0,60,"28.3733° N, 76.9729° E",28.3733,76.9729
emaar mgf marbella,8.8,sector 66,41608.0,4.0,4.0,3+,3.0,Relatively New,house,2115.0,0,1,1,1,0,0,107,"28.3925° N, 77.0541° E",28.3925,77.0541
independent,6.5,sector 50,21667.0,5.0,6.0,0,1.0,Moderately Old,house,3000.0,0,0,0,0,0,0,0,"28.4178° N, 77.0628° E",28.4178,77.0628
pareena mi casa,1.1,sector 68,8835.0,2.0,2.0,3,11.0,New Property,flat,1127.0,0,0,0,0,0,0,95,"28.3853° N, 77.0484° E",28.3853,77.0484
independent,1.2,sector 11,4444.0,7.0,3.0,0,3.0,Moderately Old,house,300.0,0,0,0,0,0,0,0,"28.4531° N, 77.0202° E",28.4531,77.0202
godrej,0.95,sector 33,6859.0,2.0,2.0,3+,3.0,Under Construction,flat,1253.0,0,0,0,0,0,0,0,"28.4420° N, 77.0207° E",28.442,77.0207
emaar mgf the palm drive,3.4,sector 66,15455.0,3.0,4.0,3,9.0,Relatively New,flat,2200.0,0,0,0,0,0,1,96,"28.3925° N, 77.0541° E",28.3925,77.0541
alpha corp gurgaonone,1.2,sector 84,9449.0,2.0,2.0,1,6.0,Relatively New,flat,1149.0,0,0,0,0,0,0,13,"28.3979° N, 76.9736° E",28.3979,76.9736
cancon enclave,1.05,sector 4,7778.0,3.0,2.0,2,2.0,New Property,flat,1500.0,0,0,0,0,0,1,0,"28.4738° N, 77.0107° E",28.4738,77.0107
ganpati heights apartment,1.25,sector 13,12077.0,3.0,6.0,2,3.0,Old Property,house,115.0,0,0,0,0,1,0,7,"28.4757° N, 77.0392° E",28.4757,77.0392
la vida by tata housing,1.5,sector 113,11755.0,2.0,2.0,2,13.0,New Property,flat,1155.0,0,0,0,0,0,0,60,"28.5287° N, 77.0233° E",28.5287,77.0233
orris carnation residency,0.55,sector 85,5789.0,2.0,2.0,2,5.0,Relatively New,flat,1050.0,0,0,0,0,0,0,174,"28.4042° N, 76.9513° E",28.4042,76.9513
ireo the grand arch,3.8,sector 58,17560.0,3.0,4.0,1,19.0,Moderately Old,flat,2164.0,0,0,0,0,0,1,167,"28.4200° N, 77.1105° E",28.42,77.1105
emaar mgf emerald floors premier,2.36,sector 65,14303.0,3.0,3.0,3,2.0,Relatively New,flat,1524.0,0,0,0,0,0,1,136,"28.4030° N, 77.0690° E",28.403,77.069
m3m skycity,1.8,sector 65,13699.0,2.0,2.0,3,13.0,New Property,flat,1456.0,0,0,0,0,0,0,73,"28.4030° N, 77.0690° E",28.403,77.069
greenopolis,1.3,sector 89,6806.0,3.0,3.0,3+,1.0,New Property,flat,2122.0,0,0,0,0,0,0,35,"28.4253° N, 76.9439° E",28.4253,76.9439
corona optus,1.4,sector 37c,7035.0,3.0,3.0,3+,4.0,Relatively New,flat,1890.0,0,0,0,0,0,0,149,"28.4515° N, 76.9882° E",28.4515,76.9882
ace palm floors,0.97,sector 89,7861.0,2.0,2.0,2,1.0,New Property,flat,1371.0,0,0,0,0,0,0,28,"28.4253° N, 76.9439° E",28.4253,76.9439
vatika gurgaon,0.87,sector 83,6988.0,2.0,2.0,2,3.0,Moderately Old,flat,1127.0,0,0,0,0,0,0,35,"28.3986° N, 76.9647° E",28.3986,76.9647
ats triumph,2.6,sector 104,8254.0,4.0,4.0,3+,12.0,Relatively New,flat,2851.0,0,0,0,0,0,0,118,"28.4788° N, 76.9960° E",28.4788,76.996
m3m golfestate,5.0,sector 65,16667.0,3.0,3.0,3,2.0,Relatively New,flat,3245.0,0,0,0,0,0,1,174,"28.4030° N, 77.0690° E",28.403,77.069
experion the heartsong,1.36,sector 108,6542.0,3.0,2.0,3+,2.0,Relatively New,flat,1343.0,0,0,0,0,0,1,77,"28.5134° N, 76.9830° E",28.5134,76.983
signature andour heights,0.37,sector 71,8222.0,1.0,1.0,2,2.0,Relatively New,flat,450.0,0,0,0,0,0,0,65,"28.4104° N, 77.0281° E",28.4104,77.0281
chd avenue,1.12,sector 71,6215.0,3.0,4.0,3,0.0,Moderately Old,flat,1631.0,0,0,0,0,0,0,65,"28.4104° N, 77.0281° E",28.4104,77.0281
shapoorji pallonji joyville gurugram,1.99,sector 102,20665.0,2.0,2.0,2,14.0,New Property,flat,1145.0,0,0,0,0,0,0,152,"28.4750° N, 76.9715° E",28.475,76.9715
pyramid urban,0.62,sector 67a,11855.0,2.0,2.0,2,2.0,Relatively New,flat,581.0,0,0,0,0,0,0,64,"28.3960° N, 77.0372° E",28.396,77.0372
ireo uptown,1.85,sector 66,12568.0,2.0,3.0,3,16.0,Relatively New,flat,1470.0,0,0,0,0,0,1,79,"28.3925° N, 77.0541° E",28.3925,77.0541
kiran residency,1.55,sector 56,7750.0,3.0,3.0,3,5.0,Old Property,flat,1810.0,0,0,0,0,0,1,52,"28.4245° N, 77.0991° E",28.4245,77.0991
m3m golfestate,5.3,sector 65,24212.0,3.0,3.0,3,38.0,Moderately Old,flat,2506.0,0,0,0,0,0,2,49,"28.4030° N, 77.0690° E",28.403,77.069
pareena coban residences,1.02,sector 99a,8793.0,2.0,2.0,3,3.0,Relatively New,flat,1430.0,0,0,0,0,0,0,174,"28.4561° N, 76.9542° E",28.4561,76.9542
shree vardhman flora,1.25,sector 90,4854.0,4.0,4.0,3,10.0,Relatively New,flat,2861.0,0,0,0,0,0,0,174,"28.4085° N, 76.9369° E",28.4085,76.9369
godrej nature plus,1.2,sector 33,14371.0,2.0,2.0,3,1.0,New Property,flat,86.0,0,0,0,0,0,0,65,"28.4420° N, 77.0207° E",28.442,77.0207
orris aster court premier,1.38,sector 85,6509.0,3.0,4.0,2,6.0,Relatively New,flat,1616.0,0,0,0,0,0,0,76,"28.4042° N, 76.9513° E",28.4042,76.9513
umang monsoon breeze,0.62,sector 78,5004.0,2.0,2.0,1,7.0,Moderately Old,flat,1115.0,0,0,0,0,0,0,111,"28.3733° N, 76.9729° E",28.3733,76.9729
vipul tatvam villa,19.5,sector 48,22222.0,5.0,6.0,3,2.0,Moderately Old,house,8775.0,1,1,1,1,0,1,110,"28.4177° N, 77.0359° E",28.4177,77.0359
independent,0.62,sector 13,3588.0,6.0,6.0,0,3.0,Old Property,house,192.0,0,0,0,0,0,0,0,"28.4757° N, 77.0392° E",28.4757,77.0392
independent,4.45,sector 49,15451.0,6.0,6.0,3,3.0,Moderately Old,house,2880.0,1,1,1,1,0,2,152,"28.4121° N, 77.0480° E",28.4121,77.048
dlf regal gardens,1.26,sector 90,7403.0,3.0,3.0,3,6.0,Relatively New,flat,1603.0,0,0,0,0,0,1,28,"28.4085° N, 76.9369° E",28.4085,76.9369
ss residency,0.48,sector 6,5333.0,3.0,2.0,2,2.0,Moderately Old,flat,111.0,0,0,0,0,0,0,54,"28.4745° N, 77.0262° E",28.4745,77.0262
sbtl caladium,1.3,sector 109,6915.0,3.0,2.0,3,16.0,Moderately Old,flat,1701.0,0,0,0,0,0,0,134,"28.5073° N, 77.0089° E",28.5073,77.0089
shapoorji pallonji joyville gurugram,1.95,sector 102,10529.0,3.0,3.0,3,10.0,Relatively New,flat,1676.0,0,0,0,0,0,0,59,"28.4750° N, 76.9715° E",28.475,76.9715
bestech altura,1.9,sector 79,9000.0,3.0,4.0,2,11.0,New Property,flat,2389.0,0,0,0,0,0,0,49,"28.3624° N, 76.9787° E",28.3624,76.9787
tata gurgaon gateway,6.0,sector 113,9139.0,5.0,6.0,3+,24.0,Moderately Old,flat,7294.0,0,0,0,0,0,0,117,"28.5287° N, 77.0233° E",28.5287,77.0233
pivotal devaan,0.34,sector 84,7039.0,2.0,2.0,1,1.0,Relatively New,flat,537.0,0,0,0,0,0,1,84,"28.3979° N, 76.9736° E",28.3979,76.9736
ss,1.98,sector 85,8223.0,3.0,4.0,3,6.0,Relatively New,flat,2300.0,0,0,0,0,0,0,42,"28.4042° N, 76.9513° E",28.4042,76.9513
sobha city,3.75,sector 108,14940.0,3.0,3.0,2,16.0,New Property,flat,2120.0,0,0,0,0,0,0,77,"28.5134° N, 76.9830° E",28.5134,76.983
bestech park view residency,0.98,sector 2,6262.0,2.0,2.0,3,14.0,Moderately Old,flat,1416.0,0,0,0,0,0,0,92,"28.5095° N, 77.0320° E",28.5095,77.032
sushant lok 1 builder floors,1.95,sector 43,10078.0,3.0,4.0,3+,4.0,New Property,house,1935.0,0,1,0,0,0,1,78,"28.4629° N, 77.0772° E",28.4629,77.0772
dlf regal gardens,1.76,sector 90,7946.0,4.0,4.0,3+,8.0,Relatively New,flat,2020.0,0,0,0,0,0,1,135,"28.4085° N, 76.9369° E",28.4085,76.9369
puri diplomatic greens,2.65,sector 111,13590.0,3.0,4.0,2,7.0,Relatively New,flat,2086.0,0,0,0,0,0,1,159,"28.5238° N, 77.0320° E",28.5238,77.032
independent,1.55,sector 7,13889.0,2.0,2.0,2,1.0,Moderately Old,house,1080.0,0,0,0,0,0,1,52,"28.4644° N, 77.0143° E",28.4644,77.0143
ireo victory valley,8.0,sector 67,22222.0,6.0,7.0,3+,51.0,Moderately Old,house,3600.0,1,1,0,1,0,1,49,"28.3859° N, 77.0608° E",28.3859,77.0608
signature global synera,0.39,sector 81,6500.0,2.0,2.0,2,6.0,Relatively New,flat,667.0,0,0,0,0,0,0,37,"28.3867° N, 76.9485° E",28.3867,76.9485
independent,3.5,sector 5,14787.0,5.0,4.0,2,2.0,Old Property,house,2367.0,0,0,0,1,1,0,36,"28.4794° N, 77.0176° E",28.4794,77.0176
greenopolis,0.7,sector 89,5397.0,2.0,2.0,2,14.0,New Property,house,1297.0,0,0,0,0,0,0,0,"28.4253° N, 76.9439° E",28.4253,76.9439
godrej habitat,1.2,sector 3,8310.0,2.0,2.0,3,0.0,Under Construction,flat,1307.0,0,0,0,0,0,0,60,"28.4909° N, 77.0176° E",28.4909,77.0176
ireo victory valley,3.65,sector 67,13529.0,3.0,4.0,3+,18.0,Relatively New,flat,2490.0,0,0,0,0,0,1,61,"28.3859° N, 77.0608° E",28.3859,77.0608
emaar palm gardens,1.76,sector 83,9263.0,3.0,3.0,3,6.0,Relatively New,flat,1500.0,0,0,0,0,0,1,165,"28.3986° N, 76.9647° E",28.3986,76.9647
unitech uniworld resorts,8.0,sector 33,17778.0,6.0,5.0,3+,4.0,Relatively New,house,4500.0,0,0,0,0,0,0,0,"28.4420° N, 77.0207° E",28.442,77.0207
m3m woodshire,0.8,sector 107,5857.0,2.0,2.0,3+,14.0,New Property,flat,1236.0,0,0,0,0,0,0,67,"28.5052° N, 76.9729° E",28.5052,76.9729
emaar palm gardens,1.4,sector 83,8140.0,3.0,3.0,3,2.0,Relatively New,flat,1387.0,0,0,0,0,0,1,174,"28.3986° N, 76.9647° E",28.3986,76.9647
m3m golfestate,6.15,sector 65,18331.0,3.0,4.0,2,20.0,Relatively New,flat,3355.0,0,0,0,0,0,0,34,"28.4030° N, 77.0690° E",28.403,77.069
shapoorji pallonji joyville gurugram,2.4,sector 102,10545.0,4.0,4.0,3+,15.0,Relatively New,flat,1957.0,0,0,0,0,0,0,108,"28.4750° N, 76.9715° E",28.475,76.9715
independent,5.3,sector 43,27390.0,3.0,9.0,3+,3.0,Moderately Old,house,1935.0,0,1,0,0,0,1,71,"28.4629° N, 77.0772° E",28.4629,77.0772
ireo victory valley,2.95,sector 67,12110.0,3.0,3.0,3+,14.0,Moderately Old,flat,2236.0,0,0,0,0,0,1,165,"28.3859° N, 77.0608° E",28.3859,77.0608
ss the leaf,1.05,sector 85,6402.0,2.0,2.0,3,11.0,Relatively New,flat,1484.0,0,0,0,0,0,0,44,"28.4042° N, 76.9513° E",28.4042,76.9513
pareena coban residences,1.4,sector 99a,7011.0,3.0,5.0,3+,6.0,New Property,flat,1807.0,0,0,0,0,0,0,15,"28.4561° N, 76.9542° E",28.4561,76.9542
independent,4.5,sector 26,33333.0,5.0,5.0,3+,2.0,Old Property,house,1350.0,0,0,0,0,0,0,7,"28.4757° N, 77.1032° E",28.4757,77.1032
m3m sky lofts,1.0,sector 71,11494.0,1.0,1.0,1,9.0,Moderately Old,flat,869.0,0,0,0,0,0,0,77,"28.4104° N, 77.0281° E",28.4104,77.0281
parsvnath green ville,1.6,sector 48,8377.0,3.0,3.0,3,13.0,Old Property,flat,1700.0,0,0,0,0,0,1,119,"28.4177° N, 77.0359° E",28.4177,77.0359
independent,11.0,sector 25,35530.0,5.0,5.0,3+,2.0,Relatively New,house,3096.0,1,1,1,1,0,0,29,"28.4844° N, 77.0860° E",28.4844,77.086
dlf the primus,2.55,sector 82a,11219.0,4.0,4.0,3+,14.0,Relatively New,flat,2273.0,0,0,0,0,0,2,44,"28.3858° N, 76.9686° E",28.3858,76.9686
independent,2.6,sector 24,24074.0,4.0,4.0,3+,4.0,Relatively New,house,1080.0,1,0,1,1,0,2,0,"28.4939° N, 77.1038° E",28.4939,77.1038
palam vihar society,0.4,sector 2,8602.0,1.0,1.0,1,5.0,Moderately Old,flat,450.0,0,0,0,0,0,1,39,"28.5095° N, 77.0320° E",28.5095,77.032
ambience creacions,2.79,sector 22,15000.0,3.0,3.0,3,13.0,New Property,flat,1860.0,0,0,0,0,0,2,158,"28.5072° N, 77.0640° E",28.5072,77.064
unitech greenwood city,2.4,sector 45,12346.0,3.0,3.0,2,1.0,New Property,flat,195.0,0,0,0,0,0,1,19,"28.4466° N, 77.0660° E",28.4466,77.066
m3m skycity,2.85,sector 65,15591.0,3.0,3.0,3,43.0,Under Construction,flat,1828.0,0,0,0,0,0,1,115,"28.4030° N, 77.0690° E",28.403,77.069
independent,7.35,sector 45,29697.0,6.0,4.0,3+,3.0,Old Property,house,2475.0,1,1,1,1,0,1,61,"28.4466° N, 77.0660° E",28.4466,77.066
tulip leaf,2.06,sector 69,11388.0,3.0,3.0,3,16.0,Relatively New,flat,1640.0,0,0,0,0,0,0,49,"28.3966° N, 77.0341° E",28.3966,77.0341
indiabulls centrum park,1.2,sector 103,8433.0,2.0,2.0,3,3.0,Moderately Old,flat,1288.0,0,0,0,0,0,0,26,"28.4949° N, 76.9845° E",28.4949,76.9845
independent,2.25,sector 51,2778.0,6.0,3.0,3+,3.0,Relatively New,house,900.0,0,0,0,0,0,0,54,"28.4320° N, 77.0686° E",28.432,77.0686
shapoorji pallonji joyville gurugram,1.6,sector 102,11696.0,2.0,2.0,3,14.0,Moderately Old,flat,1368.0,0,0,0,0,0,0,0,"28.4750° N, 76.9715° E",28.475,76.9715
bestech park view residency,1.51,sector 2,7889.0,3.0,4.0,3+,8.0,Moderately Old,flat,1738.0,0,0,0,0,0,0,92,"28.5095° N, 77.0320° E",28.5095,77.032
proxima tower,0.6,sector 37c,4601.0,2.0,2.0,3,5.0,Under Construction,flat,1180.0,0,0,0,0,0,0,55,"28.4515° N, 76.9882° E",28.4515,76.9882
vatika city homes,1.08,sector 83,6207.0,3.0,3.0,3,6.0,Relatively New,flat,1537.0,0,0,0,0,0,0,111,"28.3986° N, 76.9647° E",28.3986,76.9647
puri emerald bay,2.49,sector 104,10163.0,3.0,3.0,3+,14.0,Relatively New,flat,2217.0,0,0,0,0,0,1,129,"28.4788° N, 76.9960° E",28.4788,76.996
vatika independent floors,1.45,sector 82,8056.0,4.0,3.0,0,1.0,Relatively New,flat,1800.0,0,0,0,0,0,0,50,"28.3935° N, 76.9600° E",28.3935,76.96
independent,4.0,sector 26,29630.0,4.0,4.0,3,2.0,Old Property,house,1350.0,0,0,1,0,0,0,41,"28.4757° N, 77.1032° E",28.4757,77.1032
international city by sobha phase 2,7.0,sector 109,12963.0,4.0,4.0,3+,2.0,Relatively New,house,5400.0,0,0,0,0,0,1,102,"28.5073° N, 77.0089° E",28.5073,77.0089
the lions cghs,2.1,sector 56,8750.0,3.0,4.0,3+,8.0,Old Property,flat,2200.0,0,0,0,0,0,1,166,"28.4245° N, 77.0991° E",28.4245,77.0991
smart world gems,1.0,sector 89,9033.0,2.0,2.0,2,1.0,Under Construction,flat,1230.0,0,0,0,0,0,0,38,"28.4253° N, 76.9439° E",28.4253,76.9439
m3m woodshire,1.3,sector 107,8922.0,3.0,3.0,3+,4.0,Relatively New,flat,1554.0,0,0,0,0,0,1,174,"28.5052° N, 76.9729° E",28.5052,76.9729
laxmi apartment sector 99a gurgaon,0.3,sector 99a,4615.0,2.0,2.0,1,4.0,New Property,flat,600.0,0,0,0,0,0,0,44,"28.4561° N, 76.9542° E",28.4561,76.9542
ireo uptown,1.32,sector 66,11438.0,2.0,2.0,2,6.0,Relatively New,flat,1048.0,0,0,0,0,0,0,45,"28.3925° N, 77.0541° E",28.3925,77.0541
dlf the ultima,2.2,sector 81,10476.0,3.0,4.0,3+,17.0,Relatively New,flat,1900.0,0,0,0,0,0,2,49,"28.3867° N, 76.9485° E",28.3867,76.9485
ramprastha the atrium,0.9,sector 37d,6224.0,3.0,3.0,2,13.0,Relatively New,flat,1185.0,0,0,0,0,0,2,37,"28.4478° N, 76.9703° E",28.4478,76.9703
unitech espace,10.3,sector 50,31790.0,5.0,6.0,3+,3.0,Moderately Old,house,3240.0,1,1,1,1,0,1,160,"28.4178° N, 77.0628° E",28.4178,77.0628
ats triumph,1.73,sector 104,7555.0,3.0,4.0,3+,15.0,Relatively New,flat,2072.0,0,0,0,0,0,0,159,"28.4788° N, 76.9960° E",28.4788,76.996
umang monsoon breeze,0.9,sector 78,4615.0,3.0,3.0,2,1.0,Moderately Old,flat,1900.0,0,0,0,0,0,0,65,"28.3733° N, 76.9729° E",28.3733,76.9729
emaar palm gardens,1.4,sector 83,9675.0,3.0,3.0,3,11.0,Relatively New,flat,1582.0,0,0,0,0,0,2,58,"28.3986° N, 76.9647° E",28.3986,76.9647
ireo skyon,2.05,sector 60,15185.0,2.0,3.0,2,2.0,Relatively New,flat,1520.0,0,0,0,0,0,1,174,"28.4003° N, 77.0975° E",28.4003,77.0975
independent,0.9,sector 11,10000.0,2.0,4.0,3+,4.0,Moderately Old,house,900.0,0,0,0,0,0,0,7,"28.4531° N, 77.0202° E",28.4531,77.0202
bestech park view city,2.7,sector 49,12506.0,3.0,4.0,3+,6.0,Moderately Old,flat,2159.0,0,0,0,0,0,0,0,"28.4121° N, 77.0480° E",28.4121,77.048
smart world one dxp,3.45,sector 113,13269.0,4.0,4.0,3,11.0,Under Construction,flat,2353.0,0,0,0,0,0,1,156,"28.5287° N, 77.0233° E",28.5287,77.0233
m3m skywalk,1.5,sector 74,10714.0,2.0,2.0,1,8.0,New Property,flat,1556.0,0,0,0,0,0,0,16,"28.4158° N, 77.0118° E",28.4158,77.0118
m3m heights,2.29,sector 65,15980.0,2.0,2.0,3,8.0,Under Construction,flat,1592.0,0,0,0,0,0,0,15,"28.4030° N, 77.0690° E",28.403,77.069
pareena mi casa,1.1,sector 68,9016.0,2.0,2.0,3,13.0,New Property,flat,1244.0,0,0,0,0,0,0,106,"28.3853° N, 77.0484° E",28.3853,77.0484
m3m the marina,1.0,sector 68,12500.0,2.0,2.0,3,21.0,Relatively New,flat,889.0,0,0,0,0,0,0,31,"28.3853° N, 77.0484° E",28.3853,77.0484
sare homes,0.68,sector 92,5239.0,3.0,3.0,2,11.0,Relatively New,flat,1442.0,0,0,0,0,0,0,100,"28.4079° N, 76.9153° E",28.4079,76.9153
orris carnation residency,0.9,sector 85,6429.0,3.0,3.0,2,12.0,Relatively New,flat,1402.0,0,0,0,0,0,0,120,"28.4042° N, 76.9513° E",28.4042,76.9513
godrej aria,1.45,sector 79,9062.0,2.0,2.0,3+,9.0,Relatively New,flat,1494.0,0,0,0,0,0,0,113,"28.3624° N, 76.9787° E",28.3624,76.9787
ats triumph,2.55,sector 104,13077.0,4.0,4.0,3+,21.0,Relatively New,flat,2509.0,0,0,0,0,0,0,150,"28.4788° N, 76.9960° E",28.4788,76.996
tata gurgaon gateway,1.75,sector 113,10442.0,2.0,2.0,2,10.0,Relatively New,flat,1430.0,0,0,0,0,0,0,104,"28.5287° N, 77.0233° E",28.5287,77.0233
m3m skywalk,1.48,sector 74,12333.0,2.0,2.0,3,13.0,Relatively New,flat,1300.0,0,0,0,0,0,0,158,"28.4158° N, 77.0118° E",28.4158,77.0118
shapoorji pallonji joyville gurugram,2.15,sector 102,12707.0,3.0,3.0,3,10.0,Relatively New,flat,1690.0,0,0,0,0,0,1,49,"28.4750° N, 76.9715° E",28.475,76.9715
m3m golf hills phase 1,1.7,sector 79,10828.0,3.0,2.0,3,10.0,Relatively New,flat,1570.0,0,0,0,0,0,0,0,"28.3624° N, 76.9787° E",28.3624,76.9787
independent,8.31,sector 57,24171.0,5.0,6.0,3+,4.0,Old Property,house,3438.0,1,1,1,1,0,0,34,"28.4232° N, 77.0752° E",28.4232,77.0752
dlf regal gardens,1.2,sector 90,6838.0,3.0,3.0,3+,15.0,Relatively New,flat,1572.0,0,0,0,0,0,0,118,"28.4085° N, 76.9369° E",28.4085,76.9369
godrej habitat,1.1,sector 3,10407.0,2.0,2.0,2,14.0,Under Construction,flat,956.0,0,0,0,0,0,0,60,"28.4909° N, 77.0176° E",28.4909,77.0176
international city by sobha phase 2,10.0,sector 109,27778.0,4.0,5.0,3+,2.0,New Property,house,3600.0,1,1,0,1,1,1,49,"28.5073° N, 77.0089° E",28.5073,77.0089
vatika lifestyle homes,1.1,sector 83,6268.0,3.0,3.0,2,8.0,Relatively New,flat,1588.0,0,0,0,0,0,1,174,"28.3986° N, 76.9647° E",28.3986,76.9647
ats kocoon,1.68,sector 109,9628.0,3.0,3.0,3,8.0,Relatively New,flat,1579.0,0,0,0,0,0,0,142,"28.5073° N, 77.0089° E",28.5073,77.0089
experion the heartsong,2.29,sector 108,8240.0,4.0,5.0,3+,8.0,Relatively New,flat,2779.0,0,0,0,0,0,1,95,"28.5134° N, 76.9830° E",28.5134,76.983
emaar mgf the palm drive,2.85,sector 66,14615.0,3.0,3.0,3,11.0,Relatively New,flat,1950.0,0,0,0,0,0,1,67,"28.3925° N, 77.0541° E",28.3925,77.0541
conscient heritage max,1.7,sector 102,11333.0,3.0,4.0,3+,8.0,Relatively New,flat,1700.0,0,0,0,0,0,1,174,"28.4750° N, 76.9715° E",28.475,76.9715
rof ananda,0.37,sector 95,5745.0,3.0,2.0,1,6.0,Relatively New,flat,716.0,0,0,0,0,0,1,72,"28.4172° N, 76.9081° E",28.4172,76.9081
orris carnation residency,0.8,sector 85,4857.0,3.0,4.0,3,4.0,Relatively New,flat,1390.0,0,0,0,0,0,1,40,"28.4042° N, 76.9513° E",28.4042,76.9513
independent,5.15,sector 39,14071.0,5.0,5.0,0,1.0,Relatively New,house,3660.0,0,0,0,0,0,0,0,"28.4434° N, 77.0515° E",28.4434,77.0515
chd avenue,1.2,sector 71,7407.0,3.0,3.0,3,4.0,Relatively New,flat,1466.0,0,0,0,0,0,1,49,"28.4104° N, 77.0281° E",28.4104,77.0281
central park resorts,5.15,sector 48,20901.0,3.0,3.0,3+,8.0,Moderately Old,flat,2364.0,0,0,0,0,0,2,53,"28.4177° N, 77.0359° E",28.4177,77.0359
supertech araville,0.71,sector 79,5521.0,2.0,2.0,0,9.0,Under Construction,flat,1295.0,0,0,0,0,0,0,0,"28.3624° N, 76.9787° E",28.3624,76.9787
bestech park view ananda,1.4,sector 81,7735.0,3.0,3.0,3+,6.0,Relatively New,flat,1475.0,0,0,0,0,0,0,95,"28.3867° N, 76.9485° E",28.3867,76.9485
dlf the ultima,2.35,sector 81,11233.0,3.0,4.0,3+,18.0,Relatively New,flat,1558.0,0,0,0,0,0,0,106,"28.3867° N, 76.9485° E",28.3867,76.9485
experion the heartsong,1.3,sector 108,8344.0,3.0,3.0,3+,7.0,Relatively New,flat,1661.0,0,0,0,0,0,0,150,"28.5134° N, 76.9830° E",28.5134,76.983
ss the leaf,1.08,sector 85,6585.0,2.0,2.0,3,8.0,New Property,flat,1200.0,0,0,0,0,0,1,157,"28.4042° N, 76.9513° E",28.4042,76.9513
signature global city 63a,1.55,sector 63a,14776.0,2.0,2.0,2,2.0,Under Construction,flat,1167.0,0,0,0,0,0,0,0,"28.3923° N, 77.0888° E",28.3923,77.0888
antriksh heights,0.84,sector 84,4870.0,3.0,3.0,3+,8.0,New Property,flat,1561.0,0,0,0,0,0,0,60,"28.3979° N, 76.9736° E",28.3979,76.9736
ss the leaf,1.85,sector 85,6579.0,4.0,5.0,3+,1.0,Relatively New,flat,2545.0,0,0,0,0,0,0,95,"28.4042° N, 76.9513° E",28.4042,76.9513
tulip ivory,2.0,sector 70,8333.0,4.0,5.0,3+,2.0,Relatively New,flat,2172.0,0,0,0,0,0,1,49,"28.3968° N, 77.0233° E",28.3968,77.0233
ramsons kshitij,0.19,sector 95,591.0,1.0,1.0,1,14.0,Relatively New,flat,3569.0,0,0,0,0,0,0,49,"28.4172° N, 76.9081° E",28.4172,76.9081
independent,1.7,sector 39,17989.0,2.0,2.0,3+,3.0,Moderately Old,house,900.0,0,1,1,0,0,0,45,"28.4434° N, 77.0515° E",28.4434,77.0515
shapoorji pallonji joyville gurugram,2.04,sector 102,14069.0,3.0,3.0,3+,1.0,Relatively New,flat,1644.0,0,0,0,0,0,0,72,"28.4750° N, 76.9715° E",28.475,76.9715
puri emerald bay,2.6,sector 104,15160.0,3.0,4.0,3+,5.0,Relatively New,flat,2061.0,0,0,0,0,0,0,81,"28.4788° N, 76.9960° E",28.4788,76.996
m3m merlin,3.4,sector 67,14419.0,3.0,4.0,3,17.0,Relatively New,flat,2134.0,0,0,0,0,0,1,174,"28.3859° N, 77.0608° E",28.3859,77.0608
birla navya,3.85,sector 63a,15437.0,3.0,3.0,3+,4.0,New Property,house,2771.0,0,1,0,0,0,1,160,"28.3923° N, 77.0888° E",28.3923,77.0888
indiabulls centrum park,1.34,sector 103,7882.0,3.0,3.0,3+,12.0,Relatively New,flat,1725.0,0,0,0,0,0,1,38,"28.4949° N, 76.9845° E",28.4949,76.9845
bestech park view ananda,0.87,sector 81,7952.0,2.0,2.0,3,8.0,Relatively New,flat,1300.0,0,0,0,0,0,1,95,"28.3867° N, 76.9485° E",28.3867,76.9485
central park flower valley,1.15,sector 33,9350.0,2.0,2.0,3,2.0,Relatively New,house,1400.0,1,0,0,0,0,1,71,"28.4420° N, 77.0207° E",28.442,77.0207
dlf the ultima,3.45,sector 81,12357.0,4.0,4.0,3+,25.0,Moderately Old,flat,2527.0,0,0,0,0,0,0,67,"28.3867° N, 76.9485° E",28.3867,76.9485
uppal southend,3.75,sector 49,25562.0,2.0,6.0,3,3.0,Moderately Old,house,1467.0,0,0,0,0,1,0,49,"28.4121° N, 77.0480° E",28.4121,77.048
ats kocoon,1.7,sector 109,9742.0,3.0,3.0,3,22.0,Relatively New,flat,1550.0,0,0,0,0,0,0,74,"28.5073° N, 77.0089° E",28.5073,77.0089
tulip white,0.9,sector 69,6787.0,3.0,2.0,3,6.0,Relatively New,flat,1473.0,0,0,0,0,0,0,121,"28.3966° N, 77.0341° E",28.3966,77.0341
ramprastha the edge towers,0.98,sector 37d,5537.0,3.0,3.0,3+,5.0,Relatively New,flat,1675.0,0,0,0,0,0,0,174,"28.4478° N, 76.9703° E",28.4478,76.9703
shree vardhman victoria,1.63,sector 70,8359.0,3.0,5.0,3,12.0,Relatively New,flat,1527.0,0,0,0,0,0,0,43,"28.3968° N, 77.0233° E",28.3968,77.0233
signature global the millennia,0.55,sector 37d,9167.0,2.0,2.0,3,3.0,New Property,flat,543.0,0,0,0,0,0,0,53,"28.4478° N, 76.9703° E",28.4478,76.9703
surya vihar rwa,1.3,sector 21,6500.0,5.0,5.0,2,2.0,Old Property,flat,2400.0,0,0,0,0,0,1,42,"28.5134° N, 77.0723° E",28.5134,77.0723
emaar mgf the palm drive,3.5,sector 66,15902.0,3.0,3.0,2,4.0,Relatively New,flat,2200.0,0,0,0,0,0,0,89,"28.3925° N, 77.0541° E",28.3925,77.0541
tarc maceo,0.87,sector 91,6641.0,2.0,2.0,2,9.0,Relatively New,flat,1148.0,0,0,0,0,0,0,78,"28.4014° N, 76.9225° E",28.4014,76.9225
paras dews,0.88,sector 106,6354.0,2.0,2.0,3+,1.0,Relatively New,flat,940.0,0,0,0,0,0,0,49,"28.5007° N, 77.0003° E",28.5007,77.0003
emaar mgf emerald floors premier,2.8,sector 65,16970.0,4.0,4.0,3,2.0,Relatively New,flat,1650.0,0,0,0,0,0,1,89,"28.4030° N, 77.0690° E",28.403,77.069
godrej nature plus,1.4,sector 33,9333.0,2.0,2.0,3,14.0,Under Construction,flat,1448.0,0,0,0,0,0,0,67,"28.4420° N, 77.0207° E",28.442,77.0207
ss aaron ville,6.75,sector 49,15000.0,5.0,4.0,2,2.0,New Property,house,4500.0,0,0,0,0,1,0,49,"28.4121° N, 77.0480° E",28.4121,77.048
supertech araville,0.78,sector 79,6023.0,2.0,2.0,3+,17.0,Relatively New,flat,1172.0,0,0,0,0,0,0,24,"28.3624° N, 76.9787° E",28.3624,76.9787
emaar palm heights,2.25,sector 77,11250.0,3.0,3.0,3,22.0,New Property,flat,1810.0,0,0,0,0,0,1,42,"28.3801° N, 76.9845° E",28.3801,76.9845
hero homes,1.9,sector 104,11249.0,3.0,3.0,3,16.0,Under Construction,flat,1365.0,0,0,0,0,0,1,103,"28.4788° N, 76.9960° E",28.4788,76.996
indiabulls centrum park,1.05,sector 103,5859.0,2.0,2.0,3,1.0,Relatively New,flat,1365.0,0,0,0,0,0,1,51,"28.4949° N, 76.9845° E",28.4949,76.9845
vatika lifestyle homes,1.3,sector 83,4545.0,3.0,3.0,1,6.0,Relatively New,flat,2588.0,0,0,0,0,0,1,79,"28.3986° N, 76.9647° E",28.3986,76.9647
dlf the ultima,2.4,sector 81,11412.0,3.0,3.0,3+,12.0,Relatively New,flat,1650.0,0,0,0,0,0,2,49,"28.3867° N, 76.9485° E",28.3867,76.9485
cghs vidya enclave,1.7,sector 56,10968.0,3.0,2.0,3,6.0,Old Property,flat,1585.0,0,0,0,0,0,0,101,"28.4245° N, 77.0991° E",28.4245,77.0991
ambience lagoon,5.8,sector 24,12500.0,3.0,4.0,3+,9.0,Old Property,flat,3700.0,0,0,0,0,0,2,68,"28.4939° N, 77.1038° E",28.4939,77.1038
independent,4.65,sector 53,17574.0,5.0,5.0,3+,1.0,Moderately Old,house,2646.0,0,0,0,0,0,1,0,"28.4433° N, 77.0948° E",28.4433,77.0948
tulip violet,1.52,sector 69,9632.0,3.0,3.0,2,4.0,Relatively New,flat,1428.0,0,0,0,0,0,1,156,"28.3966° N, 77.0341° E",28.3966,77.0341
parsvnath green ville,1.42,sector 48,8606.0,3.0,3.0,3,1.0,Moderately Old,flat,1493.0,0,0,0,0,0,2,174,"28.4177° N, 77.0359° E",28.4177,77.0359
bptp terra,1.5,sector 37d,8255.0,3.0,3.0,3,12.0,Relatively New,flat,1686.0,0,0,0,0,0,0,49,"28.4478° N, 76.9703° E",28.4478,76.9703
signature global city,1.1,sector 37d,8494.0,3.0,3.0,2,2.0,Under Construction,flat,1439.0,0,0,0,0,0,0,36,"28.4478° N, 76.9703° E",28.4478,76.9703
ansal api esencia,1.2,sector 67,7407.0,3.0,3.0,2,1.0,Relatively New,flat,200.0,0,0,0,0,0,0,49,"28.3859° N, 77.0608° E",28.3859,77.0608
dlf new town heights,2.5,sector 86,7827.0,4.0,5.0,3+,4.0,Moderately Old,house,3194.0,0,1,0,1,1,1,49,"28.3986° N, 76.9384° E",28.3986,76.9384
suncity platinum towers,7.0,sector 28,22222.0,4.0,3.0,2,10.0,Moderately Old,flat,2488.0,0,0,0,0,0,0,31,"28.4728° N, 77.0865° E",28.4728,77.0865
shree vardhman flora,0.85,sector 90,4404.0,3.0,4.0,3,3.0,Relatively New,flat,1679.0,0,0,0,0,0,0,110,"28.4085° N, 76.9369° E",28.4085,76.9369
dlf the primus,2.95,sector 82a,11452.0,4.0,5.0,3+,10.0,Relatively New,flat,2110.0,0,0,0,0,0,2,174,"28.3858° N, 76.9686° E",28.3858,76.9686
independent,1.6,sector 39,17937.0,1.0,1.0,2,2.0,Old Property,house,892.0,0,0,0,0,0,0,40,"28.4434° N, 77.0515° E",28.4434,77.0515
godrej nature plus,1.67,sector 33,10503.0,3.0,2.0,2,18.0,Under Construction,flat,1857.0,0,0,0,0,0,0,67,"28.4420° N, 77.0207° E",28.442,77.0207
palam vihar extension west zone rwa,0.65,sector 2,5778.0,2.0,2.0,1,1.0,Moderately Old,house,1125.0,0,0,1,0,0,0,23,"28.5095° N, 77.0320° E",28.5095,77.032
shree vardhman victoria,1.8,sector 70,9231.0,3.0,5.0,3,0.0,New Property,flat,2167.0,0,0,0,0,0,0,72,"28.3968° N, 77.0233° E",28.3968,77.0233
independent,2.8,sector 23,17983.0,5.0,5.0,3+,2.0,Old Property,house,1557.0,0,0,0,1,0,1,74,"28.5121° N, 77.0478° E",28.5121,77.0478
godrej,1.18,sector 79,8532.0,2.0,2.0,3,7.0,Relatively New,flat,1252.0,0,0,0,0,0,0,158,"28.3624° N, 76.9787° E",28.3624,76.9787
kw royal court,2.0,sector 39,6250.0,5.0,4.0,3,9.0,Old Property,flat,3556.0,0,0,0,0,0,2,49,"28.4434° N, 77.0515° E",28.4434,77.0515
signature global solera,0.27,sector 107,5521.0,2.0,2.0,2,0.0,Relatively New,flat,543.0,0,0,0,0,0,0,45,"28.5052° N, 76.9729° E",28.5052,76.9729
ireo the corridors,2.08,sector 67a,12044.0,3.0,3.0,2,6.0,Under Construction,flat,1563.0,0,0,0,0,0,0,55,"28.3960° N, 77.0372° E",28.396,77.0372
dlf city plots phase 2,10.75,sector 25,29861.0,9.0,9.0,3+,3.0,Old Property,house,3600.0,0,1,1,1,0,0,73,"28.4844° N, 77.0860° E",28.4844,77.086
m3m heights,2.78,sector 65,15200.0,3.0,3.0,3,44.0,Relatively New,flat,1829.0,0,0,0,0,0,0,56,"28.4030° N, 77.0690° E",28.403,77.069
dlf new town heights,2.5,sector 91,7058.0,4.0,4.0,3+,3.0,Moderately Old,house,3400.0,1,1,1,1,0,1,80,"28.4014° N, 76.9225° E",28.4014,76.9225
ild greens,0.78,sector 37c,5714.0,2.0,2.0,3,1.0,Moderately Old,flat,1068.1,0,0,0,0,0,1,103,"28.4515° N, 76.9882° E",28.4515,76.9882
m3m merlin,3.39,sector 67,14377.0,3.0,4.0,3,14.0,Relatively New,flat,2100.0,0,0,0,0,0,1,26,"28.3859° N, 77.0608° E",28.3859,77.0608
godrej summit,1.3,sector 104,7893.0,3.0,3.0,3,8.0,New Property,flat,1490.0,0,0,0,0,0,0,103,"28.4788° N, 76.9960° E",28.4788,76.996
signature global synera,0.48,sector 81,8451.0,2.0,2.0,1,7.0,Relatively New,flat,613.0,0,0,0,0,0,1,70,"28.3867° N, 76.9485° E",28.3867,76.9485
global hill view,0.36,sector 11,5150.0,2.0,2.0,0,15.0,Relatively New,flat,699.0,0,0,0,0,0,0,0,"28.4531° N, 77.0202° E",28.4531,77.0202
shapoorji pallonji joyville gurugram,1.26,sector 102,10370.0,2.0,2.0,3,7.0,Relatively New,flat,1100.0,0,0,0,0,0,1,49,"28.4750° N, 76.9715° E",28.475,76.9715
shree vardhman flora,0.92,sector 90,4718.0,3.0,3.0,2,6.0,Relatively New,flat,2167.0,0,0,0,0,0,1,49,"28.4085° N, 76.9369° E",28.4085,76.9369
independent,3.25,sector 56,21495.0,5.0,6.0,3+,4.0,Relatively New,house,1512.0,0,0,0,1,1,1,27,"28.4245° N, 77.0991° E",28.4245,77.0991
vatika gurgaon,1.12,sector 83,6455.0,3.0,3.0,2,17.0,Moderately Old,flat,1500.0,0,0,0,0,0,1,111,"28.3986° N, 76.9647° E",28.3986,76.9647
shree vardhman victoria,1.66,sector 70,14249.0,3.0,5.0,3,8.0,Relatively New,flat,1527.0,0,0,0,0,0,0,108,"28.3968° N, 77.0233° E",28.3968,77.0233
pgr shree kripaluji apartment,1.4,sector 52,6087.0,3.0,3.0,3+,8.0,Relatively New,flat,2556.0,0,0,0,0,0,1,80,"28.4379° N, 77.0785° E",28.4379,77.0785
independent,2.5,sector 11,17857.0,5.0,4.0,3,1.0,Old Property,house,1850.0,0,0,1,0,0,0,0,"28.4531° N, 77.0202° E",28.4531,77.0202
microtek greenburg,1.23,sector 86,8311.0,2.0,2.0,3,13.0,Relatively New,flat,1339.0,0,0,0,0,0,0,6,"28.3986° N, 76.9384° E",28.3986,76.9384
independent,11.58,sector 50,35741.0,5.0,5.0,3,2.0,Moderately Old,house,3240.0,0,1,0,0,0,0,20,"28.4178° N, 77.0628° E",28.4178,77.0628
chd avenue,1.3,sector 71,5532.0,4.0,4.0,3,5.0,Moderately Old,flat,2127.0,0,0,0,0,0,0,126,"28.4104° N, 77.0281° E",28.4104,77.0281
vatika the seven lamps,0.86,sector 82,6022.0,2.0,2.0,2,12.0,Relatively New,flat,1294.0,0,0,0,0,0,1,135,"28.3935° N, 76.9600° E",28.3935,76.96
ansal heights 86,0.87,sector 86,5367.0,2.0,2.0,1,12.0,New Property,flat,1231.0,0,0,0,0,0,1,45,"28.3986° N, 76.9384° E",28.3986,76.9384
vatika city,3.6,sector 49,11921.0,4.0,5.0,3,7.0,Moderately Old,flat,3356.0,0,0,0,0,0,2,15,"28.4121° N, 77.0480° E",28.4121,77.048
emaar mgf emerald floors premier,2.3,sector 65,13939.0,3.0,4.0,3,3.0,Relatively New,flat,1833.0,0,0,0,0,0,2,174,"28.4030° N, 77.0690° E",28.403,77.069
ss the leaf,2.0,sector 85,6579.0,4.0,5.0,3+,1.0,Relatively New,flat,2545.0,0,0,0,0,0,0,106,"28.4042° N, 76.9513° E",28.4042,76.9513
parsvnath green ville,2.5,sector 48,12821.0,4.0,5.0,3,1.0,Moderately Old,flat,2167.0,0,0,0,0,0,1,49,"28.4177° N, 77.0359° E",28.4177,77.0359
smart world orchard,1.47,sector 61,12250.0,2.0,2.0,2,2.0,Under Construction,flat,1333.0,0,0,0,0,0,0,76,"28.4050° N, 77.0963° E",28.405,77.0963
signature global orchard avenue,0.36,sector 93,6716.0,2.0,2.0,2,6.0,Relatively New,flat,604.0,0,0,0,0,0,0,16,"28.4153° N, 76.9326° E",28.4153,76.9326
ireo the grand arch,2.2,sector 58,16000.0,2.0,2.0,2,6.0,Relatively New,flat,1244.0,0,0,0,0,0,0,42,"28.4200° N, 77.1105° E",28.42,77.1105
unitech uniworld resorts,11.0,sector 33,26667.0,5.0,6.0,3,3.0,New Property,house,4125.0,1,1,0,0,0,0,58,"28.4420° N, 77.0207° E",28.442,77.0207
mahindra aura,2.25,sector 110,9267.0,4.0,4.0,3+,2.0,Relatively New,flat,2350.0,0,0,0,0,0,0,152,"28.5145° N, 77.0197° E",28.5145,77.0197
unitech aspen greens,6.95,sector 50,32176.0,3.0,3.0,1,2.0,Moderately Old,house,2160.0,0,1,0,0,0,0,160,"28.4178° N, 77.0628° E",28.4178,77.0628
independent,4.12,sector 4,8889.0,2.0,1.0,3+,2.0,Moderately Old,house,4635.0,0,0,0,0,0,0,0,"28.4738° N, 77.0107° E",28.4738,77.0107
ireo skyon,3.05,sector 60,12788.0,3.0,3.0,3,9.0,Relatively New,flat,2300.0,0,0,0,0,0,1,165,"28.4003° N, 77.0975° E",28.4003,77.0975
smart world gems,0.85,sector 89,7706.0,2.0,2.0,2,2.0,Under Construction,flat,1226.0,0,0,0,0,0,0,45,"28.4253° N, 76.9439° E",28.4253,76.9439
ats tourmaline,1.5,sector 109,6977.0,3.0,4.0,3+,4.0,Relatively New,flat,1797.0,0,0,0,0,0,0,39,"28.5073° N, 77.0089° E",28.5073,77.0089
m3m capital,2.87,sector 113,12489.0,4.0,4.0,3+,3.0,Under Construction,flat,2553.0,0,0,0,0,0,0,65,"28.5287° N, 77.0233° E",28.5287,77.0233
shree vardhman victoria,1.65,sector 70,8462.0,3.0,3.0,2,6.0,Relatively New,flat,2167.0,0,0,0,0,0,0,72,"28.3968° N, 77.0233° E",28.3968,77.0233
imperia the esfera,0.86,sector 37c,5450.0,2.0,3.0,3,9.0,Relatively New,flat,1442.0,0,0,0,0,0,0,49,"28.4515° N, 76.9882° E",28.4515,76.9882
independent,1.8,sector 15,10000.0,4.0,3.0,1,1.0,Old Property,house,1800.0,0,0,0,0,0,0,16,"28.4621° N, 77.0464° E",28.4621,77.0464
dlf ridgewood estate,2.0,sector 28,14599.0,3.0,3.0,1,12.0,Old Property,flat,1240.0,0,0,0,0,0,1,96,"28.4728° N, 77.0865° E",28.4728,77.0865
satya the legend,9.25,sector 57,16577.0,5.0,5.0,3+,4.0,Relatively New,house,5580.0,1,1,1,1,0,1,160,"28.4232° N, 77.0752° E",28.4232,77.0752
experion windchants,3.1,sector 112,20667.0,2.0,2.0,3,9.0,Relatively New,flat,1500.0,0,0,0,0,0,1,80,"28.5189° N, 77.0183° E",28.5189,77.0183
sector 57 huda,3.8,sector 57,26063.0,2.0,8.0,3+,4.0,Relatively New,house,1458.0,0,0,1,1,0,1,94,"28.4232° N, 77.0752° E",28.4232,77.0752
experion the heartsong,2.0,sector 108,8554.0,3.0,3.0,3+,14.0,Relatively New,flat,2116.0,0,0,0,0,0,0,95,"28.5134° N, 76.9830° E",28.5134,76.983
rof ananda,0.26,sector 95,6842.0,1.0,1.0,1,8.0,New Property,flat,422.0,0,0,0,0,0,0,49,"28.4172° N, 76.9081° E",28.4172,76.9081
indiabulls enigma,3.6,sector 110,10588.0,4.0,5.0,3,7.0,Relatively New,flat,3077.0,0,0,0,0,0,0,165,"28.5145° N, 77.0197° E",28.5145,77.0197
unitech nirvana birch court,11.95,sector 50,36883.0,3.0,3.0,2,1.0,Moderately Old,house,3240.0,1,1,0,0,0,0,101,"28.4178° N, 77.0628° E",28.4178,77.0628
shapoorji pallonji joyville gurugram,1.95,sector 102,17287.0,3.0,3.0,3,12.0,New Property,flat,1465.0,0,0,0,0,0,0,72,"28.4750° N, 76.9715° E",28.475,76.9715
ansal api celebrity suites,0.6,sector 2,8163.0,1.0,1.0,1,5.0,Moderately Old,flat,665.0,0,0,0,0,0,1,67,"28.5095° N, 77.0320° E",28.5095,77.032
ss the leaf,1.2,sector 85,12371.0,2.0,2.0,2,4.0,Relatively New,flat,1190.0,0,0,0,0,0,0,81,"28.4042° N, 76.9513° E",28.4042,76.9513
the arzoo cghs,2.1,sector 51,9130.0,4.0,4.0,3,1.0,Relatively New,flat,2300.0,0,0,0,0,0,0,58,"28.4320° N, 77.0686° E",28.432,77.0686
godrej summit,0.85,sector 104,5878.0,2.0,2.0,3+,10.0,Relatively New,flat,1269.0,0,0,0,0,0,0,79,"28.4788° N, 76.9960° E",28.4788,76.996
independent,0.35,sector 9,9722.0,2.0,2.0,1,2.0,Old Property,house,360.0,0,0,0,0,0,0,0,"28.4603° N, 77.0000° E",28.4603,77.0
alpha corp gurgaonone,0.85,sector 84,6693.0,2.0,2.0,3,6.0,Relatively New,flat,1158.0,0,0,0,0,0,1,28,"28.3979° N, 76.9736° E",28.3979,76.9736
sobha city,2.33,sector 108,14463.0,3.0,3.0,3,17.0,Relatively New,flat,1711.0,0,0,0,0,0,1,159,"28.5134° N, 76.9830° E",28.5134,76.983
unitech espace,7.35,sector 50,41761.0,4.0,4.0,3+,3.0,Moderately Old,house,1760.0,0,1,0,1,0,1,52,"28.4178° N, 77.0628° E",28.4178,77.0628
pareena coban residences,1.56,sector 99a,7812.0,3.0,5.0,3,4.0,New Property,flat,1807.0,0,0,0,0,0,0,49,"28.4561° N, 76.9542° E",28.4561,76.9542
unitech uniworld resorts,11.5,sector 33,24573.0,5.0,6.0,3+,4.0,Relatively New,house,4680.0,0,1,0,0,0,0,84,"28.4420° N, 77.0207° E",28.442,77.0207
pivotal riddhi siddhi,0.4,sector 99,4444.0,2.0,2.0,2,9.0,New Property,flat,733.0,0,0,0,0,0,0,60,"28.4640° N, 76.9614° E",28.464,76.9614
imperia the esfera,0.95,sector 37c,5702.0,2.0,2.0,0,17.0,Under Construction,flat,1578.0,0,0,0,0,0,0,66,"28.4515° N, 76.9882° E",28.4515,76.9882
tata primanti,3.85,sector 72,13253.0,4.0,5.0,3+,13.0,Relatively New,flat,2629.0,0,0,0,0,0,1,174,"28.4225° N, 77.0211° E",28.4225,77.0211
anshul,0.85,sector 6,7727.0,2.0,2.0,0,4.0,Moderately Old,house,1222.0,0,0,0,0,0,0,0,"28.4745° N, 77.0262° E",28.4745,77.0262
ardee city,1.5,sector 52,9146.0,4.0,4.0,3,3.0,Old Property,flat,1484.0,0,0,0,0,0,0,65,"28.4379° N, 77.0785° E",28.4379,77.0785
independent,2.55,sector 43,13178.0,3.0,3.0,2,3.0,Relatively New,house,1935.0,0,0,0,0,0,1,60,"28.4629° N, 77.0772° E",28.4629,77.0772
the center court,2.1,sector 88a,12174.0,4.0,4.0,3,0.0,New Property,flat,1745.0,0,0,0,0,0,0,142,"28.4347° N, 76.9557° E",28.4347,76.9557
dlf new town heights,2.0,sector 91,6966.0,4.0,4.0,3+,16.0,Moderately Old,flat,2468.0,0,0,0,0,0,0,65,"28.4014° N, 76.9225° E",28.4014,76.9225
experion windchants,3.75,sector 112,13383.0,3.0,3.0,2,21.0,Relatively New,flat,2225.56,0,0,0,0,0,1,159,"28.5189° N, 77.0183° E",28.5189,77.0183
suncity heights,3.25,sector 54,14118.0,3.0,3.0,3+,0.0,Old Property,flat,2558.0,0,0,0,0,0,1,120,"28.4348° N, 77.1089° E",28.4348,77.1089
bptp park generations,1.5,sector 37d,9868.0,3.0,2.0,3+,17.0,Relatively New,flat,1376.0,0,0,0,0,0,0,42,"28.4478° N, 76.9703° E",28.4478,76.9703
m3m woodshire,1.39,sector 107,5887.0,3.0,4.0,3+,6.0,Relatively New,flat,2057.0,0,0,0,0,0,1,174,"28.5052° N, 76.9729° E",28.5052,76.9729
signature global solera,0.35,sector 107,6399.0,2.0,2.0,2,8.0,Relatively New,flat,608.0,0,0,0,0,0,0,45,"28.5052° N, 76.9729° E",28.5052,76.9729
smart world gems,1.1,sector 89,9973.0,3.0,1.0,0,0.0,New Property,flat,1103.0,0,0,0,0,0,0,45,"28.4253° N, 76.9439° E",28.4253,76.9439
independent,0.66,sector 36,7166.0,2.0,2.0,3,4.0,New Property,house,823.0,0,0,0,0,0,0,0,"28.4160° N, 76.9914° E",28.416,76.9914
godrej aria,0.96,sector 79,13296.0,2.0,2.0,3,8.0,Relatively New,flat,1012.0,0,0,0,0,0,0,49,"28.3624° N, 76.9787° E",28.3624,76.9787
independent,8.0,sector 56,9654.0,10.0,10.0,3+,4.0,Relatively New,house,8286.0,1,1,0,1,0,2,107,"28.4245° N, 77.0991° E",28.4245,77.0991
la vida by tata housing,3.72,sector 113,13985.0,5.0,4.0,3+,0.0,New Property,flat,2956.0,0,0,0,0,0,2,44,"28.5287° N, 77.0233° E",28.5287,77.0233
international city by sobha phase 1,6.15,sector 109,27333.0,5.0,5.0,3+,3.0,Relatively New,house,2250.0,0,1,1,1,0,1,130,"28.5073° N, 77.0089° E",28.5073,77.0089
sare crescent parc,1.0,sector 92,5128.0,4.0,3.0,2,1.0,Relatively New,flat,2167.0,0,0,0,0,0,0,49,"28.4079° N, 76.9153° E",28.4079,76.9153
rwa sector 46,3.5,sector 46,21605.0,4.0,4.0,2,2.0,Relatively New,house,1620.0,0,0,0,1,0,1,30,"28.4374° N, 77.0586° E",28.4374,77.0586
signature global city 81,0.82,sector 81,8641.0,2.0,2.0,3,2.0,Relatively New,flat,955.0,0,0,0,0,0,0,53,"28.3867° N, 76.9485° E",28.3867,76.9485
dlf new town heights,1.25,sector 86,6477.0,3.0,4.0,3+,2.0,Relatively New,flat,1747.0,0,0,0,0,0,0,65,"28.3986° N, 76.9384° E",28.3986,76.9384
dlf park place,4.86,sector 54,25920.0,3.0,4.0,3+,7.0,Relatively New,flat,1875.0,0,0,0,0,0,1,49,"28.4348° N, 77.1089° E",28.4348,77.1089
nul,6.25,sector 25,34722.0,5.0,5.0,3,2.0,Moderately Old,house,1800.0,0,1,0,1,0,1,112,"28.4844° N, 77.0860° E",28.4844,77.086
millenium bajrang society,2.5,sector 43,9434.0,4.0,4.0,3+,2.0,Relatively New,flat,2398.0,0,0,0,0,0,1,94,"28.4629° N, 77.0772° E",28.4629,77.0772
"new colony, gurgaon",0.8,sector 7,8097.0,3.0,2.0,1,4.0,Relatively New,flat,1100.0,0,0,0,0,0,1,69,"28.4644° N, 77.0143° E",28.4644,77.0143
independent,7.25,sector 56,29340.0,8.0,8.0,3+,0.0,Moderately Old,house,2471.0,0,0,0,0,0,1,24,"28.4245° N, 77.0991° E",28.4245,77.0991
international city by sobha phase 1,12.0,sector 109,20000.0,5.0,6.0,3,2.0,Relatively New,house,7000.0,1,1,0,0,0,1,154,"28.5073° N, 77.0089° E",28.5073,77.0089
smart world gems,1.05,sector 89,9519.0,2.0,2.0,2,4.0,Under Construction,flat,1103.0,0,0,0,0,0,0,38,"28.4253° N, 76.9439° E",28.4253,76.9439
afnhb jalvayu vihar,0.69,sector 30,7271.0,2.0,2.0,1,3.0,Old Property,flat,896.0,0,0,0,0,0,0,65,"28.4604° N, 77.0579° E",28.4604,77.0579
m3m heights,2.01,sector 65,13499.0,2.0,2.0,3,8.0,New Property,flat,1482.0,0,0,0,0,0,0,44,"28.4030° N, 77.0690° E",28.403,77.069
unitech deerwood chase,8.45,sector 50,26153.0,3.0,3.0,2,2.0,Old Property,house,3231.0,1,1,0,0,0,1,102,"28.4178° N, 77.0628° E",28.4178,77.0628
vatika the seven lamps,0.89,sector 82,8847.0,2.0,2.0,2,14.0,Relatively New,flat,1202.0,0,0,0,0,0,1,129,"28.3935° N, 76.9600° E",28.3935,76.96
ss,2.17,sector 85,7717.0,4.0,4.0,3,7.0,Relatively New,flat,2600.0,0,0,0,0,0,0,49,"28.4042° N, 76.9513° E",28.4042,76.9513
conscient heritage max,1.9,sector 102,9784.0,3.0,4.0,3+,20.0,Relatively New,flat,1757.0,0,0,0,0,0,0,165,"28.4750° N, 76.9715° E",28.475,76.9715
la vida by tata housing,3.0,sector 113,14286.0,3.0,3.0,3+,3.0,Relatively New,flat,2460.0,0,0,0,0,0,0,167,"28.5287° N, 77.0233° E",28.5287,77.0233
tata primanti,4.0,sector 72,13769.0,4.0,5.0,3+,9.0,Relatively New,flat,2800.0,0,0,0,0,0,1,165,"28.4225° N, 77.0211° E",28.4225,77.0211
bptp terra,1.8,sector 37d,8215.0,4.0,3.0,3,18.0,Relatively New,flat,2025.0,0,0,0,0,0,0,49,"28.4478° N, 76.9703° E",28.4478,76.9703
emaar gurgaon greens,1.4,sector 102,8485.0,3.0,3.0,3,10.0,Relatively New,flat,1300.0,0,0,0,0,0,0,46,"28.4750° N, 76.9715° E",28.475,76.9715
pyramid urban homes 2,0.5,sector 86,9690.0,2.0,2.0,2,6.0,Old Property,flat,573.0,0,0,0,0,0,0,15,"28.3986° N, 76.9384° E",28.3986,76.9384
independent,2.0,manesar,14959.0,3.0,1.0,0,3.0,Moderately Old,house,1337.4,0,0,0,0,0,0,16,"28.3515° N, 76.9428° E",28.3515,76.9428
dlf the ultima,2.26,sector 81,10762.0,3.0,4.0,3+,17.0,New Property,flat,1900.0,0,0,0,0,0,2,174,"28.3867° N, 76.9485° E",28.3867,76.9485
green court,0.4,sector 90,6390.0,2.0,2.0,1,8.0,New Property,flat,575.0,0,0,0,0,0,0,20,"28.4085° N, 76.9369° E",28.4085,76.9369
ats triumph,1.75,sector 104,7642.0,3.0,4.0,3+,12.0,Relatively New,flat,2036.0,0,0,0,0,0,1,21,"28.4788° N, 76.9960° E",28.4788,76.996
m3m sierra 68,1.25,sector 68,10246.0,2.0,2.0,3,4.0,New Property,flat,938.0,0,0,0,0,0,0,44,"28.3853° N, 77.0484° E",28.3853,77.0484
vipul lavanya,0.6,sector 81,6667.0,2.0,2.0,1,0.0,Relatively New,flat,1000.0,0,0,0,0,0,0,49,"28.3867° N, 76.9485° E",28.3867,76.9485
krrish florence estate,1.25,sector 70,6702.0,3.0,3.0,3,18.0,Under Construction,flat,1688.0,0,0,0,0,0,0,51,"28.3968° N, 77.0233° E",28.3968,77.0233
tulip violet,1.55,sector 69,9823.0,3.0,3.0,2,9.0,Relatively New,flat,1428.0,0,0,0,0,0,1,165,"28.3966° N, 77.0341° E",28.3966,77.0341
independent,1.25,sector 9,8735.0,3.0,6.0,3+,3.0,Old Property,house,1431.0,0,0,0,0,0,0,0,"28.4603° N, 77.0000° E",28.4603,77.0
godrej air,1.8,sector 85,13139.0,3.0,3.0,3,30.0,Under Construction,flat,141.0,0,0,0,0,0,0,45,"28.4042° N, 76.9513° E",28.4042,76.9513
independent,0.5,sector 4,9259.0,2.0,3.0,2,3.0,Old Property,house,540.0,0,0,0,0,0,0,0,"28.4738° N, 77.0107° E",28.4738,77.0107
supertech araville,0.8,sector 79,5267.0,2.0,2.0,2,12.0,New Property,flat,1688.0,0,0,0,0,0,0,49,"28.3624° N, 76.9787° E",28.3624,76.9787
la lagune,6.75,sector 54,21361.0,4.0,6.0,3+,11.0,Moderately Old,flat,2455.0,0,0,0,0,0,1,119,"28.4348° N, 77.1089° E",28.4348,77.1089
raisina residency,5.0,sector 59,13058.0,4.0,4.0,3+,13.0,Relatively New,flat,4254.0,0,0,0,0,0,1,174,"28.4051° N, 77.1097° E",28.4051,77.1097
tulip purple,2.6,sector 69,10833.0,4.0,4.0,3+,4.0,Moderately Old,flat,2172.0,0,0,0,0,0,0,37,"28.3966° N, 77.0341° E",28.3966,77.0341
jmd gardens,3.25,sector 33,7509.0,4.0,4.0,3+,17.0,Old Property,flat,4809.0,0,0,0,0,0,1,130,"28.4420° N, 77.0207° E",28.442,77.0207
godrej habitat,1.35,sector 3,12784.0,2.0,2.0,0,4.0,Old Property,flat,1056.0,0,0,0,0,0,0,60,"28.4909° N, 77.0176° E",28.4909,77.0176
sare crescent parc,0.7,sector 92,5556.0,3.0,3.0,2,14.0,Under Construction,flat,140.0,0,0,0,0,0,0,38,"28.4079° N, 76.9153° E",28.4079,76.9153
ansal heights 86,1.05,sector 86,5541.0,3.0,3.0,3,9.0,Under Construction,flat,1715.0,0,0,0,0,0,0,0,"28.3986° N, 76.9384° E",28.3986,76.9384
dlf alameda,17.0,sector 73,35109.0,5.0,8.0,3,3.0,Relatively New,house,9000.0,1,1,1,1,0,2,87,"28.4072° N, 77.0118° E",28.4072,77.0118
independent,10.0,sector 25,37037.0,5.0,5.0,3+,3.0,Moderately Old,house,9500.0,0,1,0,1,0,2,29,"28.4844° N, 77.0860° E",28.4844,77.086
the close north,2.75,sector 50,12500.0,3.0,3.0,3,3.0,Moderately Old,flat,2400.0,0,0,0,0,0,0,110,"28.4178° N, 77.0628° E",28.4178,77.0628
ambience creacions,4.1,sector 22,28101.0,3.0,3.0,3+,2.0,New Property,flat,2069.0,0,0,0,0,0,2,119,"28.5072° N, 77.0640° E",28.5072,77.064
independent,1.4,sector 12,8701.0,2.0,2.0,1,2.0,Old Property,house,166.0,0,0,0,0,0,0,0,"28.4723° N, 77.0320° E",28.4723,77.032
independent,4.35,sector 46,23693.0,3.0,8.0,2,3.0,Relatively New,house,1836.0,1,0,0,1,0,1,19,"28.4374° N, 77.0586° E",28.4374,77.0586
umang winter hills,0.75,sector 77,5589.0,2.0,2.0,2,7.0,Relatively New,flat,1180.0,0,0,0,0,0,1,174,"28.3801° N, 76.9845° E",28.3801,76.9845
signature global the millennia 3,0.5,sector 37d,7143.0,3.0,3.0,2,2.0,Under Construction,flat,778.0,0,0,0,0,0,0,31,"28.4478° N, 76.9703° E",28.4478,76.9703
ansal sushant residency,4.6,sector 57,17037.0,6.0,6.0,3,3.0,Old Property,house,2700.0,1,1,1,1,0,2,102,"28.4232° N, 77.0752° E",28.4232,77.0752
ansal maple crescent,1.35,sector 43,10037.0,3.0,3.0,3,2.0,Old Property,flat,1320.0,0,0,0,0,0,1,93,"28.4629° N, 77.0772° E",28.4629,77.0772
supertech hues,0.9,sector 68,7627.0,2.0,2.0,2,1.0,New Property,flat,1311.0,0,0,0,0,0,0,44,"28.3853° N, 77.0484° E",28.3853,77.0484
raheja revanta,1.2,sector 78,10017.0,1.0,2.0,2,32.0,Under Construction,flat,823.0,0,0,0,0,0,0,39,"28.3733° N, 76.9729° E",28.3733,76.9729
sunischit apartments,1.69,sector 54,7953.0,3.0,3.0,3+,5.0,Old Property,flat,1991.0,0,0,0,0,0,1,65,"28.4348° N, 77.1089° E",28.4348,77.1089
godrej nature plus,1.25,sector 33,9025.0,2.0,2.0,3+,15.0,Under Construction,flat,1539.0,0,0,0,0,0,0,44,"28.4420° N, 77.0207° E",28.442,77.0207
independent,7.5,sector 82,23148.0,5.0,5.0,3+,2.0,Relatively New,house,3240.0,0,1,0,1,0,1,135,"28.3935° N, 76.9600° E",28.3935,76.96
ss,2.1,sector 85,7468.0,4.0,4.0,3,2.0,Relatively New,flat,2600.0,0,0,0,0,0,0,49,"28.4042° N, 76.9513° E",28.4042,76.9513
umang winter hills,0.8,sector 77,5961.0,2.0,2.0,2,10.0,Relatively New,flat,1163.0,0,0,0,0,0,1,49,"28.3801° N, 76.9845° E",28.3801,76.9845
ireo victory valley,4.55,sector 67,14537.0,4.0,4.0,3+,19.0,Relatively New,flat,2833.0,0,0,0,0,0,1,156,"28.3859° N, 77.0608° E",28.3859,77.0608
indiabulls enigma,3.7,sector 110,10882.0,4.0,5.0,3,7.0,Relatively New,flat,3077.0,0,0,0,0,0,0,156,"28.5145° N, 77.0197° E",28.5145,77.0197
guru gram haryana cghs,1.38,sector 56,7225.0,3.0,3.0,3,5.0,Moderately Old,flat,1910.0,0,0,0,0,0,1,134,"28.4245° N, 77.0991° E",28.4245,77.0991
dlf carlton estate,2.1,sector 43,15419.0,3.0,3.0,1,2.0,Old Property,flat,1233.0,0,0,0,0,0,1,88,"28.4629° N, 77.0772° E",28.4629,77.0772
shree vardhman flora,0.95,sector 90,6333.0,3.0,3.0,3,9.0,Relatively New,flat,1667.0,0,0,0,0,0,0,90,"28.4085° N, 76.9369° E",28.4085,76.9369
ild greens,1.05,sector 37c,7500.0,3.0,3.0,3,4.0,New Property,flat,1500.0,0,0,0,0,0,1,5,"28.4515° N, 76.9882° E",28.4515,76.9882
independent,3.5,sector 57,21605.0,4.0,4.0,3+,3.0,Old Property,house,1620.0,0,0,1,0,0,1,67,"28.4232° N, 77.0752° E",28.4232,77.0752
bestech park view grand spa,2.35,sector 81,8835.0,3.0,4.0,3+,10.0,Relatively New,flat,2511.0,0,0,0,0,0,0,109,"28.3867° N, 76.9485° E",28.3867,76.9485
vatika city,1.69,sector 49,8622.0,3.0,3.0,3,3.0,Moderately Old,flat,2178.0,0,0,0,0,0,0,136,"28.4121° N, 77.0480° E",28.4121,77.048
ss the leaf,2.0,sector 85,8306.0,3.0,4.0,3,6.0,Relatively New,flat,2300.0,0,0,0,0,0,0,49,"28.4042° N, 76.9513° E",28.4042,76.9513
assotech blith,1.15,sector 99,6594.0,2.0,2.0,2,2.0,New Property,flat,1235.0,0,0,0,0,0,1,72,"28.4640° N, 76.9614° E",28.464,76.9614
independent,1.5,sector 67,8641.0,5.0,3.0,2,2.0,New Property,house,200.0,0,0,0,0,0,0,0,"28.3859° N, 77.0608° E",28.3859,77.0608
independent,10.85,sector 25,38150.0,6.0,6.0,1,3.0,Relatively New,house,2844.0,0,0,1,0,0,1,136,"28.4844° N, 77.0860° E",28.4844,77.086
indiabulls centrum park,1.15,sector 103,8679.0,2.0,2.0,3,10.0,Relatively New,flat,1080.0,0,0,0,0,0,1,174,"28.4949° N, 76.9845° E",28.4949,76.9845
godrej nature plus,1.15,sector 33,11558.0,2.0,2.0,2,15.0,Under Construction,flat,103.0,0,0,0,0,0,0,38,"28.4420° N, 77.0207° E",28.442,77.0207
supertech araville,0.9,sector 79,6950.0,2.0,2.0,0,12.0,Relatively New,flat,1295.0,0,0,0,0,0,0,0,"28.3624° N, 76.9787° E",28.3624,76.9787
smart world gems,1.2,sector 89,8433.0,3.0,3.0,2,3.0,New Property,flat,1423.0,0,0,0,0,0,0,37,"28.4253° N, 76.9439° E",28.4253,76.9439
tulip monsella,6.02,sector 53,20816.0,3.0,3.0,3,29.0,Under Construction,flat,2892.0,0,0,0,0,0,0,68,"28.4433° N, 77.0948° E",28.4433,77.0948
independent,4.25,sector 27,31481.0,5.0,5.0,3+,3.0,Relatively New,house,1350.0,0,1,0,1,0,1,49,"28.4658° N, 77.0917° E",28.4658,77.0917
shree vardhman victoria,1.63,sector 70,8359.0,3.0,3.0,3,5.0,New Property,flat,1527.0,0,0,0,0,0,0,49,"28.3968° N, 77.0233° E",28.3968,77.0233
godrej nature plus serenity,1.39,sector 33,11583.0,3.0,2.0,3+,23.0,Under Construction,flat,1333.0,0,0,0,0,0,0,105,"28.4420° N, 77.0207° E",28.442,77.0207
smart world orchard,1.6,sector 61,13913.0,2.0,2.0,2,4.0,New Property,flat,1278.0,0,0,0,0,0,0,29,"28.4050° N, 77.0963° E",28.405,77.0963
signature andour heights,0.65,sector 71,10172.0,2.0,2.0,1,10.0,Relatively New,flat,590.0,0,0,0,0,0,1,23,"28.4104° N, 77.0281° E",28.4104,77.0281
ansal height 86,0.8,sector 86,5882.0,2.0,2.0,0,1.0,Relatively New,flat,1360.0,0,0,0,0,0,0,0,"28.3986° N, 76.9384° E",28.3986,76.9384
dlf city plots,12.5,sector 26,38580.0,4.0,5.0,2,2.0,Moderately Old,house,3240.0,1,1,0,0,0,1,121,"28.4757° N, 77.1032° E",28.4757,77.1032
bptp terra,1.5,sector 37d,8283.0,3.0,3.0,3,17.0,Relatively New,flat,1692.0,0,0,0,0,0,0,49,"28.4478° N, 76.9703° E",28.4478,76.9703
godrej nature plus,1.2,sector 33,13363.0,2.0,2.0,0,11.0,Under Construction,flat,85.0,0,0,0,0,0,0,56,"28.4420° N, 77.0207° E",28.442,77.0207
tulip violet,1.95,sector 69,9701.0,4.0,4.0,2,0.0,Relatively New,flat,1819.0,0,0,0,0,0,0,157,"28.3966° N, 77.0341° E",28.3966,77.0341
zara aavaas,0.26,sector 104,7808.0,1.0,1.0,2,0.0,Relatively New,flat,301.0,0,0,0,0,0,0,91,"28.4788° N, 76.9960° E",28.4788,76.996
vatika signature villas,5.0,sector 82,15432.0,4.0,4.0,3+,3.0,Relatively New,house,3240.0,0,1,1,1,0,0,24,"28.3935° N, 76.9600° E",28.3935,76.96
sare green parc,0.85,sector 92,6538.0,3.0,2.0,2,20.0,Relatively New,flat,1300.0,0,0,0,0,0,0,0,"28.4079° N, 76.9153° E",28.4079,76.9153
bestech park view ananda,1.15,sector 81,6928.0,3.0,2.0,3+,6.0,Relatively New,flat,1463.0,0,0,0,0,0,1,104,"28.3867° N, 76.9485° E",28.3867,76.9485
signature global solera,0.28,sector 107,5726.0,2.0,2.0,2,6.0,Relatively New,flat,543.0,0,0,0,0,0,0,45,"28.5052° N, 76.9729° E",28.5052,76.9729
dlf the ultima,2.4,sector 81,11257.0,3.0,3.0,2,10.0,Relatively New,flat,1800.0,0,0,0,0,0,2,174,"28.3867° N, 76.9485° E",28.3867,76.9485
independent,2.1,sector 38,23333.0,2.0,7.0,3+,3.0,Relatively New,house,900.0,1,0,1,1,0,0,27,"28.4347° N, 77.0430° E",28.4347,77.043
m3m the tree of life,2.35,sector 111,14551.0,3.0,3.0,3+,5.0,Under Construction,flat,1615.0,0,0,0,0,0,0,0,"28.5238° N, 77.0320° E",28.5238,77.032
bestech park view city,3.0,sector 49,12589.0,4.0,4.0,3,5.0,Moderately Old,flat,2200.0,0,0,0,0,0,1,141,"28.4121° N, 77.0480° E",28.4121,77.048
bptp freedom park life,5.5,sector 57,8983.0,5.0,6.0,3+,19.0,Moderately Old,flat,5010.0,0,0,0,0,0,1,153,"28.4232° N, 77.0752° E",28.4232,77.0752
dlf city plots phase 3,1.44,sector 24,2963.0,4.0,2.0,2,1.0,Old Property,house,540.0,0,0,0,0,0,0,8,"28.4939° N, 77.1038° E",28.4939,77.1038
conscient heritage max,2.15,sector 102,9307.0,3.0,4.0,3,13.0,Relatively New,flat,1945.0,0,0,0,0,0,0,101,"28.4750° N, 76.9715° E",28.475,76.9715
piedmont taksila heights,0.9,sector 37c,5856.0,3.0,3.0,3,9.0,Moderately Old,flat,1537.0,0,0,0,0,0,1,94,"28.4515° N, 76.9882° E",28.4515,76.9882
shree vardhman victoria,1.78,sector 70,9128.0,3.0,3.0,3+,7.0,Relatively New,flat,1765.0,0,0,0,0,0,0,49,"28.3968° N, 77.0233° E",28.3968,77.0233
experion windchants,3.29,sector 112,11742.0,3.0,3.0,3+,2.0,Relatively New,flat,2225.56,0,0,0,0,0,1,152,"28.5189° N, 77.0183° E",28.5189,77.0183
la vida by tata housing,1.55,sector 113,11654.0,2.0,2.0,3,2.0,New Property,flat,1276.0,0,0,0,0,0,0,174,"28.5287° N, 77.0233° E",28.5287,77.0233
la vida by tata housing,2.78,sector 113,11347.0,3.0,3.0,3,3.0,New Property,flat,2599.0,0,0,0,0,0,0,174,"28.5287° N, 77.0233° E",28.5287,77.0233
bestech park view grand spa,2.2,sector 81,8271.0,3.0,4.0,3+,8.0,Relatively New,flat,2481.0,0,0,0,0,0,1,165,"28.3867° N, 76.9485° E",28.3867,76.9485
vatika the seven lamps,1.39,sector 82,6411.0,3.0,3.0,3+,11.0,Relatively New,flat,1955.0,0,0,0,0,0,1,117,"28.3935° N, 76.9600° E",28.3935,76.96
dlf new town heights,2.0,sector 90,7334.0,4.0,4.0,3+,20.0,Moderately Old,flat,2468.0,0,0,0,0,0,0,49,"28.4085° N, 76.9369° E",28.4085,76.9369
pareena coban residences,1.05,sector 99a,6774.0,2.0,2.0,3,2.0,Relatively New,flat,1390.0,0,0,0,0,0,0,49,"28.4561° N, 76.9542° E",28.4561,76.9542
bptp terra,1.75,sector 37d,7987.0,4.0,4.0,3,7.0,Relatively New,flat,2100.0,0,0,0,0,0,1,120,"28.4478° N, 76.9703° E",28.4478,76.9703
raheja vedaanta,0.7,sector 108,4651.0,2.0,2.0,2,12.0,Moderately Old,flat,1362.0,0,0,0,0,0,0,72,"28.5134° N, 76.9830° E",28.5134,76.983
signature global solera,0.28,sector 107,5622.0,2.0,2.0,2,14.0,Relatively New,flat,543.0,0,0,0,0,0,0,38,"28.5052° N, 76.9729° E",28.5052,76.9729
pareena mi casa,1.85,sector 68,9311.0,3.0,3.0,3+,13.0,Under Construction,flat,1798.0,0,0,0,0,0,0,47,"28.3853° N, 77.0484° E",28.3853,77.0484
tulip violet,1.75,sector 69,8883.0,4.0,4.0,1,12.0,Relatively New,flat,1783.0,0,0,0,0,0,0,86,"28.3966° N, 77.0341° E",28.3966,77.0341
independent,1.2,sector 23,6231.0,3.0,2.0,2,3.0,New Property,house,1500.0,0,0,0,0,0,1,79,"28.5121° N, 77.0478° E",28.5121,77.0478
vatika city,1.72,sector 49,7818.0,3.0,3.0,2,2.0,Old Property,flat,2444.0,0,0,0,0,0,1,144,"28.4121° N, 77.0480° E",28.4121,77.048
m3m heights,2.65,sector 65,18493.0,2.0,2.0,3,4.0,New Property,flat,1433.0,0,0,0,0,0,0,38,"28.4030° N, 77.0690° E",28.403,77.069
professors enclave cghs,1.55,sector 56,7750.0,3.0,3.0,3+,6.0,Moderately Old,flat,1810.0,0,0,0,0,0,1,49,"28.4245° N, 77.0991° E",28.4245,77.0991
bestech altura,2.69,sector 79,12500.0,3.0,4.0,3+,3.0,New Property,flat,2152.0,0,0,0,0,0,0,49,"28.3624° N, 76.9787° E",28.3624,76.9787
independent,4.25,sector 46,23148.0,5.0,4.0,2,3.0,Moderately Old,house,1836.0,0,0,1,0,0,1,57,"28.4374° N, 77.0586° E",28.4374,77.0586
emaar mgf emerald floors,2.6,sector 65,15758.0,3.0,3.0,3+,3.0,Relatively New,flat,1650.0,0,0,0,0,0,0,0,"28.4030° N, 77.0690° E",28.403,77.069
ambience creacions,4.8,sector 22,19200.0,4.0,6.0,3+,10.0,New Property,flat,2778.0,0,0,0,0,0,2,49,"28.5072° N, 77.0640° E",28.5072,77.064
eldeco accolade,1.2,sector 33,8043.0,2.0,2.0,2,0.0,New Property,flat,1492.0,0,0,0,0,0,0,55,"28.4420° N, 77.0207° E",28.442,77.0207
independent,7.6,sector 25,38756.0,2.0,9.0,3,4.0,Relatively New,house,1961.0,1,0,1,1,0,1,84,"28.4844° N, 77.0860° E",28.4844,77.086
ss the leaf,1.75,sector 85,7267.0,3.0,4.0,3,8.0,Relatively New,flat,2179.0,0,0,0,0,0,0,49,"28.4042° N, 76.9513° E",28.4042,76.9513
independent,0.55,sector 105,10913.0,2.0,4.0,0,2.0,Moderately Old,house,56.0,0,0,0,0,0,0,0,"28.4952° N, 77.0114° E",28.4952,77.0114
independent,8.4,sector 48,25926.0,4.0,4.0,3,2.0,Old Property,house,3240.0,0,1,0,1,0,1,15,"28.4177° N, 77.0359° E",28.4177,77.0359
shri ram apartments,0.36,sector 4,3789.0,2.0,2.0,1,4.0,Relatively New,flat,1056.0,0,0,0,0,0,0,0,"28.4738° N, 77.0107° E",28.4738,77.0107
sbtl caladium,1.6,sector 109,6287.0,3.0,3.0,3,9.0,Relatively New,flat,2303.0,0,0,0,0,0,0,75,"28.5073° N, 77.0089° E",28.5073,77.0089
tulip ivory,2.0,sector 70,8333.0,4.0,5.0,3+,6.0,Moderately Old,flat,2114.0,0,0,0,0,0,1,95,"28.3968° N, 77.0233° E",28.3968,77.0233
tulip ivory,5.0,sector 70,10417.0,6.0,7.0,3+,0.0,Relatively New,flat,5333.0,0,0,0,0,0,0,119,"28.3968° N, 77.0233° E",28.3968,77.0233
godrej nature plus,1.4,sector 33,15119.0,3.0,2.0,3+,20.0,New Property,flat,113.0,0,0,0,0,0,0,70,"28.4420° N, 77.0207° E",28.442,77.0207
paras quartier,5.9,gwal pahari,11028.0,4.0,4.0,3+,19.0,New Property,flat,4842.0,0,0,0,0,0,1,160,"28.4484° N, 77.0210° E",28.4484,77.021
independent,5.5,sector 48,23504.0,4.0,4.0,2,2.0,Relatively New,house,2340.0,0,1,0,0,0,1,22,"28.4177° N, 77.0359° E",28.4177,77.0359
orris aster court premier,1.25,sector 85,5896.0,3.0,4.0,2,6.0,Relatively New,flat,1616.0,0,0,0,0,0,1,49,"28.4042° N, 76.9513° E",28.4042,76.9513
emaar palm gardens,1.8,sector 83,9474.0,3.0,3.0,3,6.0,Relatively New,flat,1549.0,0,0,0,0,0,1,97,"28.3986° N, 76.9647° E",28.3986,76.9647
tulip ivory,2.35,sector 70,9792.0,4.0,4.0,3+,10.0,Moderately Old,flat,2667.0,0,0,0,0,0,1,65,"28.3968° N, 77.0233° E",28.3968,77.0233
emaar palm gardens,1.6,sector 83,8649.0,3.0,3.0,3+,6.0,Relatively New,flat,1674.0,0,0,0,0,0,1,167,"28.3986° N, 76.9647° E",28.3986,76.9647
nirvana cedar crest,3.99,sector 50,8867.0,4.0,5.0,3+,4.0,New Property,house,4500.0,0,1,0,1,0,1,112,"28.4178° N, 77.0628° E",28.4178,77.0628
ss the leaf,1.1,sector 85,12472.0,2.0,2.0,3,12.0,Relatively New,flat,1173.0,0,0,0,0,0,0,75,"28.4042° N, 76.9513° E",28.4042,76.9513
sare crescent parc royal greens phase 1,1.25,sector 92,5833.0,4.0,4.0,3,20.0,Relatively New,flat,1939.0,0,0,0,0,0,0,60,"28.4079° N, 76.9153° E",28.4079,76.9153
independent,12.5,sector 26,38580.0,5.0,5.0,3+,2.0,Old Property,house,3240.0,1,1,1,1,0,1,79,"28.4757° N, 77.1032° E",28.4757,77.1032
ats triumph,2.52,sector 104,8000.0,4.0,4.0,3+,19.0,Relatively New,flat,2800.0,0,0,0,0,0,1,156,"28.4788° N, 76.9960° E",28.4788,76.996
independent,16.0,sector 25,26667.0,6.0,5.0,2,3.0,Relatively New,house,6000.0,0,0,0,0,0,0,0,"28.4844° N, 77.0860° E",28.4844,77.086
independent,1.3,sector 105,11556.0,3.0,3.0,1,1.0,Moderately Old,house,1125.0,0,0,0,0,0,0,0,"28.4952° N, 77.0114° E",28.4952,77.0114
bestech park view residency,1.51,sector 2,7869.0,3.0,4.0,3+,7.0,Moderately Old,flat,1738.0,0,0,0,0,0,1,84,"28.5095° N, 77.0320° E",28.5095,77.032
vatika lifestyle homes,1.25,sector 83,6838.0,3.0,2.0,1,6.0,Relatively New,flat,1654.0,0,0,0,0,0,2,174,"28.3986° N, 76.9647° E",28.3986,76.9647
