features,sector
['Waste Disposal'],sector 81
"['Security / Fire Alarm', 'Power Back-up', 'Feng Shui / Vaastu Compliant', 'Intercom Facility', 'Lift(s)', 'High Ceiling Height', 'Maintenance Staff', 'False Ceiling Lighting', 'Water Storage', 'Separate entry for servant room', 'No open drainage around', 'Bank Attached Property', 'Piped-gas', 'Internet/wi-fi connectivity', 'Visitor Parking', 'Swimming Pool', 'Park', 'Security Personnel', 'Natural Light', 'Airy Rooms', 'Spacious Interiors', 'Low Density Society', 'Waste Disposal', 'Rain Water Harvesting', 'Water softening plant', 'Shopping Centre', 'Fitness Centre / GYM', 'Club house / Community Center']",sector 85
"['Centrally Air Conditioned', 'Water purifier', 'Security / Fire Alarm', 'Power Back-up', 'Feng Shui / Vaastu Compliant', 'Private Garden / Terrace', 'Intercom Facility', 'Lift(s)', 'Maintenance Staff', 'False Ceiling Lighting', 'Water Storage', 'Separate entry for servant room', 'No open drainage around', 'Bank Attached Property', 'Piped-gas', 'Internet/wi-fi connectivity', 'Recently Renovated', 'Visitor Parking', 'Swimming Pool', 'Park', 'Security Personnel', 'Natural Light', 'Airy Rooms', 'Low Density Society', 'Waste Disposal', 'Rain Water Harvesting', 'Water softening plant', 'Shopping Centre', 'Fitness Centre / GYM', 'Club house / Community Center']",sector 70a
"['Private Garden / Terrace', 'High Ceiling Height', 'False Ceiling Lighting', 'Water Storage', 'No open drainage around', 'Visitor Parking', 'Natural Light', 'Internet/wi-fi connectivity', 'Airy Rooms', 'Rain Water Harvesting']",sector 68
,sector 107
,sector 95
,sector 37d
"['Security / Fire Alarm', 'Intercom Facility', 'Lift(s)', 'High Ceiling Height', 'Maintenance Staff', 'False Ceiling Lighting', 'Water Storage', 'Separate entry for servant room', 'Piped-gas', 'Visitor Parking', 'Swimming Pool', 'Park', 'Security Personnel', 'Internet/wi-fi connectivity', 'Shopping Centre', 'Fitness Centre / GYM', 'Rain Water Harvesting', 'Club house / Community Center']",sector 92
"['Power Back-up', 'Feng Shui / Vaastu Compliant', 'Intercom Facility', 'Lift(s)', 'Maintenance Staff', 'Swimming Pool', 'Park', 'Security Personnel', 'Internet/wi-fi connectivity', 'Shopping Centre', 'Fitness Centre / GYM', 'Rain Water Harvesting', 'Club house / Community Center']",dwarka expressway
"['Security / Fire Alarm', 'Feng Shui / Vaastu Compliant', 'Private Garden / Terrace', 'Centrally Air Conditioned', 'Water purifier', 'High Ceiling Height', 'Maintenance Staff', 'False Ceiling Lighting', 'Water Storage', 'Recently Renovated', 'Piped-gas', 'Visitor Parking', 'Swimming Pool', 'Park', 'Security Personnel', 'Natural Light', 'Internet/wi-fi connectivity', 'Airy Rooms', 'Spacious Interiors', 'Fitness Centre / GYM', 'Waste Disposal', 'Rain Water Harvesting', 'Club house / Community Center']",sector 2
,sector 82a
"['Lift(s)', 'Maintenance Staff', 'Swimming Pool', 'Park', 'Visitor Parking', 'Fitness Centre / GYM', 'Club house / Community Center', 'Rain Water Harvesting']",sector 102
"['Security / Fire Alarm', 'Feng Shui / Vaastu Compliant', 'Intercom Facility', 'Lift(s)', 'Maintenance Staff', 'Water Storage', 'Piped-gas', 'Visitor Parking', 'Swimming Pool', 'Park', 'Security Personnel', 'Shopping Centre', 'Fitness Centre / GYM', 'Waste Disposal', 'Rain Water Harvesting', 'Club house / Community Center', 'Water softening plant']",sector 81
"['Feng Shui / Vaastu Compliant', 'Security / Fire Alarm', 'Intercom Facility', 'Lift(s)', 'Maintenance Staff', 'Water Storage', 'Park', 'Visitor Parking']",sector 81
"['Intercom Facility', 'Lift(s)', 'Swimming Pool', 'Park', 'Fitness Centre / GYM', 'Club house / Community Center', 'Rain Water Harvesting', 'Water softening plant']",sector 82
"['Security / Fire Alarm', 'Feng Shui / Vaastu Compliant', 'Intercom Facility', 'Lift(s)', 'High Ceiling Height', 'Maintenance Staff', 'Water Storage', 'Separate entry for servant room', 'No open drainage around', 'Visitor Parking', 'Swimming Pool', 'Park', 'Security Personnel', 'Natural Light', 'Internet/wi-fi connectivity', 'Airy Rooms', 'Shopping Centre', 'Fitness Centre / GYM', 'Rain Water Harvesting', 'Club house / Community Center']",sector 1
"['Feng Shui / Vaastu Compliant', 'Private Garden / Terrace', 'Maintenance Staff', 'Water Storage', 'Park', 'Visitor Parking', 'Waste Disposal', 'Rain Water Harvesting']",sector 92
"['Private Garden / Terrace', 'High Ceiling Height', 'Maintenance Staff', 'False Ceiling Lighting', 'Bank Attached Property', 'Visitor Parking', 'Rain Water Harvesting']",sector 85
"['Lift(s)', 'Swimming Pool', 'Park', 'Fitness Centre / GYM', 'Club house / Community Center']",sector 69
"['Feng Shui / Vaastu Compliant', 'Intercom Facility', 'Lift(s)', 'Maintenance Staff', 'Water Storage', 'Park', 'Visitor Parking']",sector 46
"['Security / Fire Alarm', 'Power Back-up', 'Feng Shui / Vaastu Compliant', 'Intercom Facility', 'Lift(s)', 'High Ceiling Height', 'Maintenance Staff', 'Water Storage', 'No open drainage around', 'Recently Renovated', 'Bank Attached Property', 'Piped-gas', 'Visitor Parking', 'Swimming Pool', 'Park', 'Natural Light', 'Internet/wi-fi connectivity', 'Shopping Centre', 'Fitness Centre / GYM', 'Waste Disposal', 'Rain Water Harvesting', 'Club house / Community Center']",sector 108
,sector 41
,sector 105
"['Feng Shui / Vaastu Compliant', 'Security / Fire Alarm', 'Intercom Facility', 'Lift(s)', 'Maintenance Staff', 'Water Storage', 'Park', 'Visitor Parking']",sector 63a
"['Feng Shui / Vaastu Compliant', 'Intercom Facility', 'Lift(s)', 'Park', 'Shopping Centre', 'Fitness Centre / GYM', 'Club house / Community Center', 'Rain Water Harvesting']",sector 86
"['Centrally Air Conditioned', 'Security / Fire Alarm', 'Feng Shui / Vaastu Compliant', 'Private Garden / Terrace', 'Intercom Facility', 'Lift(s)', 'High Ceiling Height', 'Maintenance Staff', 'False Ceiling Lighting', 'Water Storage', 'Separate entry for servant room', 'No open drainage around', 'Piped-gas', 'Internet/wi-fi connectivity', 'Recently Renovated', 'Visitor Parking', 'Swimming Pool', 'Park', 'Security Personnel', 'Natural Light', 'Airy Rooms', 'Spacious Interiors', 'Low Density Society', 'Waste Disposal', 'Rain Water Harvesting', 'Water softening plant', 'Shopping Centre', 'Fitness Centre / GYM', 'Club house / Community Center']",sector 110
,sohna road
"['Security / Fire Alarm', 'Feng Shui / Vaastu Compliant', 'Intercom Facility', 'Lift(s)', 'High Ceiling Height', 'Maintenance Staff', 'False Ceiling Lighting', 'Water Storage', 'No open drainage around', 'Bank Attached Property', 'Recently Renovated', 'Piped-gas', 'Visitor Parking', 'Park', 'Security Personnel', 'Natural Light', 'Internet/wi-fi connectivity', 'Airy Rooms', 'Spacious Interiors', 'Low Density Society', 'Shopping Centre', 'Waste Disposal', 'Rain Water Harvesting', 'Water softening plant']",sector 77
,sector 3 phase 3 extension
"['Intercom Facility', 'Lift(s)', 'Maintenance Staff', 'Water Storage', 'Park']",sector 110
"['Maintenance Staff', 'Water Storage', 'Park', 'Visitor Parking']",sohna road
"['Feng Shui / Vaastu Compliant', 'Security / Fire Alarm', 'Lift(s)', 'Maintenance Staff', 'Water Storage', 'Park', 'Visitor Parking']",sector 1
,sector 81
"['Security / Fire Alarm', 'Intercom Facility', 'Lift(s)', 'Maintenance Staff', 'Water Storage', 'Park', 'Visitor Parking']",sector 28
"['Feng Shui / Vaastu Compliant', 'Private Garden / Terrace', 'High Ceiling Height', 'Maintenance Staff', 'False Ceiling Lighting', 'Water Storage', 'Separate entry for servant room', 'No open drainage around', 'Bank Attached Property', 'Piped-gas', 'Visitor Parking', 'Swimming Pool', 'Park', 'Security Personnel', 'Internet/wi-fi connectivity', 'Low Density Society', 'Fitness Centre / GYM', 'Waste Disposal', 'Rain Water Harvesting', 'Club house / Community Center']",sector 103
"['Feng Shui / Vaastu Compliant', 'Security / Fire Alarm', 'Intercom Facility', 'Lift(s)', 'Maintenance Staff', 'Water Storage', 'Park', 'Visitor Parking']",sector 53
"['Power Back-up', 'Feng Shui / Vaastu Compliant', 'Intercom Facility', 'Lift(s)', 'Swimming Pool', 'Maintenance Staff', 'Park', 'Visitor Parking', 'Shopping Centre', 'Fitness Centre / GYM', 'Club house / Community Center', 'Rain Water Harvesting']",sector 69
"['Feng Shui / Vaastu Compliant', 'Private Garden / Terrace', 'High Ceiling Height', 'False Ceiling Lighting', 'Water Storage', 'No open drainage around', 'Park', 'Natural Light', 'Internet/wi-fi connectivity', 'Airy Rooms']",sector 23
,sector 62
"['Feng Shui / Vaastu Compliant', 'Park', 'Visitor Parking', 'Low Density Society']",sector 112
"['Feng Shui / Vaastu Compliant', 'Security / Fire Alarm', 'Intercom Facility', 'Lift(s)', 'Maintenance Staff', 'Water Storage', 'Park', 'Visitor Parking']",sector 12
"['Water purifier', 'Security / Fire Alarm', 'Power Back-up', 'Feng Shui / Vaastu Compliant', 'Private Garden / Terrace', 'Intercom Facility', 'Lift(s)', 'High Ceiling Height', 'Maintenance Staff', 'False Ceiling Lighting', 'Water Storage', 'Separate entry for servant room', 'No open drainage around', 'Bank Attached Property', 'Piped-gas', 'Internet/wi-fi connectivity', 'Recently Renovated', 'Visitor Parking', 'Swimming Pool', 'Park', 'Security Personnel', 'Natural Light', 'Airy Rooms', 'Spacious Interiors', 'Low Density Society', 'Waste Disposal', 'Rain Water Harvesting', 'Water softening plant', 'Shopping Centre', 'Fitness Centre / GYM', 'Club house / Community Center']",sector 36a
"['Security / Fire Alarm', 'Power Back-up', 'Feng Shui / Vaastu Compliant', 'Intercom Facility', 'Lift(s)', 'High Ceiling Height', 'Maintenance Staff', 'False Ceiling Lighting', 'Water Storage', 'Separate entry for servant room', 'No open drainage around', 'Piped-gas', 'Visitor Parking', 'Swimming Pool', 'Park', 'Internet/wi-fi connectivity', 'Shopping Centre', 'Fitness Centre / GYM', 'Waste Disposal', 'Rain Water Harvesting', 'Club house / Community Center', 'Water softening plant']",sector 84
"['High Ceiling Height', 'Maintenance Staff', 'Water Storage', 'Park', 'Bank Attached Property', 'Visitor Parking', 'Natural Light', 'Airy Rooms', 'Spacious Interiors', 'Low Density Society', 'Rain Water Harvesting']",sector 103
"['Centrally Air Conditioned', 'Water purifier', 'Security / Fire Alarm', 'Power Back-up', 'Feng Shui / Vaastu Compliant', 'Intercom Facility', 'Lift(s)', 'High Ceiling Height', 'Maintenance Staff', 'False Ceiling Lighting', 'Water Storage', 'Separate entry for servant room', 'No open drainage around', 'Piped-gas', 'Internet/wi-fi connectivity', 'Recently Renovated', 'Visitor Parking', 'Swimming Pool', 'Park', 'Security Personnel', 'Natural Light', 'Airy Rooms', 'Spacious Interiors', 'Low Density Society', 'Waste Disposal', 'Rain Water Harvesting', 'Water softening plant', 'Shopping Centre', 'Fitness Centre / GYM', 'Club house / Community Center']",sector 61
"['Security / Fire Alarm', 'Power Back-up', 'Feng Shui / Vaastu Compliant', 'Intercom Facility', 'Lift(s)', 'High Ceiling Height', 'Maintenance Staff', 'False Ceiling Lighting', 'Water Storage', 'Separate entry for servant room', 'No open drainage around', 'Piped-gas', 'Visitor Parking', 'Swimming Pool', 'Park', 'Internet/wi-fi connectivity', 'Fitness Centre / GYM', 'Rain Water Harvesting', 'Club house / Community Center', 'Water softening plant']",sector 65
,sector 33
,sector 88a
"['Intercom Facility', 'Lift(s)', 'Maintenance Staff', 'Swimming Pool', 'Separate entry for servant room', 'Park', 'Security Personnel', 'Shopping Centre', 'Fitness Centre / GYM', 'Club house / Community Center', 'Waste Disposal', 'Water softening plant']",sector 112
"['Security / Fire Alarm', 'Feng Shui / Vaastu Compliant', 'Intercom Facility', 'Lift(s)', 'Maintenance Staff', 'Water Storage', 'Piped-gas', 'Visitor Parking', 'Swimming Pool', 'Park', 'Security Personnel', 'Shopping Centre', 'Fitness Centre / GYM', 'Rain Water Harvesting', 'Club house / Community Center', 'Water softening plant']",sector 99a
"['Security / Fire Alarm', 'Lift(s)', 'Water purifier', 'High Ceiling Height', 'False Ceiling Lighting', 'Water Storage', 'No open drainage around', 'Bank Attached Property', 'Security Personnel', 'Natural Light', 'Airy Rooms', 'Low Density Society']",sector 4
"['Security / Fire Alarm', 'Power Back-up', 'Private Garden / Terrace', 'Intercom Facility', 'Lift(s)', 'High Ceiling Height', 'Maintenance Staff', 'Water Storage', 'No open drainage around', 'Piped-gas', 'Visitor Parking', 'Swimming Pool', 'Park', 'Security Personnel', 'Internet/wi-fi connectivity', 'Low Density Society', 'Shopping Centre', 'Fitness Centre / GYM', 'Waste Disposal', 'Rain Water Harvesting', 'Club house / Community Center', 'Water softening plant']",sector 67
,sector 36
"['Power Back-up', 'Lift(s)', 'Swimming Pool', 'Park', 'Shopping Centre', 'Fitness Centre / GYM', 'Rain Water Harvesting']",sector 48
"['Feng Shui / Vaastu Compliant', 'Intercom Facility', 'Lift(s)', 'Maintenance Staff', 'Park']",manesar
"['Security / Fire Alarm', 'Power Back-up', 'Feng Shui / Vaastu Compliant', 'Intercom Facility', 'Lift(s)', 'Maintenance Staff', 'Water Storage', 'Bank Attached Property', 'Piped-gas', 'Visitor Parking', 'Swimming Pool', 'Park', 'Natural Light', 'Airy Rooms', 'Low Density Society', 'Shopping Centre', 'Fitness Centre / GYM', 'Waste Disposal', 'Rain Water Harvesting', 'Club house / Community Center']",sector 85
"['Security / Fire Alarm', 'Intercom Facility', 'Lift(s)', 'High Ceiling Height', 'Maintenance Staff', 'Visitor Parking', 'Swimming Pool', 'Park', 'Security Personnel', 'Natural Light', 'Airy Rooms', 'Shopping Centre', 'Fitness Centre / GYM', 'Rain Water Harvesting', 'Club house / Community Center']",sector 89
,sector 4
"['Power Back-up', 'Intercom Facility', 'Lift(s)', 'Swimming Pool', 'Park', 'Fitness Centre / GYM', 'Club house / Community Center']",sohna road
"['Power Back-up', 'Feng Shui / Vaastu Compliant', 'Intercom Facility', 'Lift(s)', 'High Ceiling Height', 'Maintenance Staff', 'Water Storage', 'Separate entry for servant room', 'No open drainage around', 'Visitor Parking', 'Swimming Pool', 'Park', 'Internet/wi-fi connectivity', 'Fitness Centre / GYM', 'Waste Disposal', 'Rain Water Harvesting', 'Club house / Community Center', 'Water softening plant']",sector 109
"['Feng Shui / Vaastu Compliant', 'Security / Fire Alarm', 'Intercom Facility', 'Lift(s)', 'Maintenance Staff', 'Water Storage', 'Park', 'Visitor Parking', 'Internet/wi-fi connectivity']",sector 33
['Water Storage'],sector 61
"['Feng Shui / Vaastu Compliant', 'Security / Fire Alarm', 'Intercom Facility', 'Lift(s)', 'Maintenance Staff', 'Water Storage', 'Park', 'Visitor Parking']",sector 37d
,sector 70a
,sector 99a
"['Security / Fire Alarm', 'Feng Shui / Vaastu Compliant', 'Private Garden / Terrace', 'Lift(s)', 'Maintenance Staff', 'Water Storage', 'No open drainage around', 'Piped-gas', 'Visitor Parking', 'Swimming Pool', 'Park', 'Security Personnel', 'Natural Light', 'Airy Rooms', 'Shopping Centre', 'Fitness Centre / GYM', 'Waste Disposal', 'Club house / Community Center']",sector 111
"['Security / Fire Alarm', 'Feng Shui / Vaastu Compliant', 'Intercom Facility', 'Lift(s)', 'Maintenance Staff', 'False Ceiling Lighting', 'Water Storage', 'No open drainage around', 'Piped-gas', 'Visitor Parking', 'Swimming Pool', 'Park', 'Security Personnel', 'Natural Light', 'Internet/wi-fi connectivity', 'Airy Rooms', 'Spacious Interiors', 'Low Density Society', 'Shopping Centre', 'Fitness Centre / GYM', 'Waste Disposal', 'Rain Water Harvesting', 'Club house / Community Center', 'Water softening plant']",sector 70
"['Lift(s)', 'Maintenance Staff', 'Park', 'Visitor Parking', 'Security Personnel']",sector 25
"['False Ceiling Lighting', 'Water Storage', 'No open drainage around', 'Park', 'Bank Attached Property', 'Visitor Parking', 'Natural Light', 'Internet/wi-fi connectivity', 'Airy Rooms', 'Spacious Interiors', 'Fitness Centre / GYM', 'Waste Disposal']",sohna road
,sector 99a
"['Private Garden / Terrace', 'Water Storage', 'Separate entry for servant room', 'Park', 'Piped-gas', 'Visitor Parking', 'Natural Light', 'Airy Rooms', 'Internet/wi-fi connectivity', 'Spacious Interiors', 'Low Density Society']",sector 69
"['Feng Shui / Vaastu Compliant', 'Security / Fire Alarm', 'Intercom Facility', 'Lift(s)', 'Maintenance Staff', 'Water Storage', 'Park', 'Visitor Parking']",sector 72
"['Feng Shui / Vaastu Compliant', 'Private Garden / Terrace', 'Maintenance Staff', 'Water Storage', 'Park', 'Visitor Parking', 'Waste Disposal', 'Rain Water Harvesting']",sector 69
"['Security / Fire Alarm', 'Intercom Facility', 'Lift(s)', 'Maintenance Staff', 'Park', 'Visitor Parking']",sector 70a
"['Water purifier', 'Centrally Air Conditioned', 'Security / Fire Alarm', 'Feng Shui / Vaastu Compliant', 'Intercom Facility', 'Lift(s)', 'High Ceiling Height', 'Maintenance Staff', 'Water Storage', 'Separate entry for servant room', 'No open drainage around', 'Bank Attached Property', 'Piped-gas', 'Internet/wi-fi connectivity', 'Recently Renovated', 'Visitor Parking', 'Swimming Pool', 'Park', 'Security Personnel', 'Natural Light', 'Airy Rooms', 'Spacious Interiors', 'Low Density Society', 'Waste Disposal', 'Rain Water Harvesting', 'Water softening plant', 'Shopping Centre', 'Fitness Centre / GYM', 'Club house / Community Center']",sohna road
"['Feng Shui / Vaastu Compliant', 'Private Garden / Terrace', 'Maintenance Staff', 'Water Storage', 'No open drainage around', 'Bank Attached Property', 'Piped-gas', 'Visitor Parking', 'Swimming Pool', 'Park', 'Natural Light', 'Airy Rooms', 'Low Density Society', 'Fitness Centre / GYM', 'Waste Disposal', 'Rain Water Harvesting', 'Club house / Community Center']",sector 92
"['Feng Shui / Vaastu Compliant', 'Intercom Facility', 'Lift(s)', 'Swimming Pool', 'Water Storage', 'Park', 'Piped-gas', 'Internet/wi-fi connectivity', 'Shopping Centre', 'Fitness Centre / GYM', 'Club house / Community Center', 'Rain Water Harvesting']",sector 83
"['Security / Fire Alarm', 'Intercom Facility', 'Lift(s)', 'Maintenance Staff', 'Swimming Pool', 'Park', 'Visitor Parking', 'Shopping Centre', 'Fitness Centre / GYM', 'Club house / Community Center', 'Rain Water Harvesting']",sector 103
"['Feng Shui / Vaastu Compliant', 'Private Garden / Terrace', 'Water Storage', 'Visitor Parking', 'Waste Disposal', 'Rain Water Harvesting']",sector 70
"['Feng Shui / Vaastu Compliant', 'High Ceiling Height', 'Maintenance Staff', 'Water Storage', 'No open drainage around', 'Recently Renovated', 'Visitor Parking', 'Natural Light', 'Internet/wi-fi connectivity', 'Airy Rooms', 'Spacious Interiors', 'Low Density Society', 'Waste Disposal', 'Rain Water Harvesting', 'Club house / Community Center']",sector 104
"['Centrally Air Conditioned', 'Water purifier', 'Security / Fire Alarm', 'Power Back-up', 'Feng Shui / Vaastu Compliant', 'Intercom Facility', 'Lift(s)', 'High Ceiling Height', 'Maintenance Staff', 'False Ceiling Lighting', 'Water Storage', 'Separate entry for servant room', 'No open drainage around', 'Bank Attached Property', 'Piped-gas', 'Internet/wi-fi connectivity', 'Recently Renovated', 'Visitor Parking', 'Swimming Pool', 'Park', 'Natural Light', 'Airy Rooms', 'Spacious Interiors', 'Low Density Society', 'Waste Disposal', 'Rain Water Harvesting', 'Water softening plant', 'Shopping Centre', 'Fitness Centre / GYM', 'Club house / Community Center']",sector 67
,sector 3
"['Maintenance Staff', 'Park']",sector 74
,sector 4
"['Centrally Air Conditioned', 'Water purifier', 'Security / Fire Alarm', 'Feng Shui / Vaastu Compliant', 'Private Garden / Terrace', 'Intercom Facility', 'Lift(s)', 'High Ceiling Height', 'Maintenance Staff', 'False Ceiling Lighting', 'Water Storage', 'Separate entry for servant room', 'No open drainage around', 'Piped-gas', 'Internet/wi-fi connectivity', 'Recently Renovated', 'Visitor Parking', 'Swimming Pool', 'Park', 'Security Personnel', 'Natural Light', 'Airy Rooms', 'Spacious Interiors', 'Low Density Society', 'Waste Disposal', 'Rain Water Harvesting', 'Water softening plant', 'Shopping Centre', 'Fitness Centre / GYM', 'Club house / Community Center']",sector 106
,sector 85
"['Security / Fire Alarm', 'Power Back-up', 'Private Garden / Terrace', 'Intercom Facility', 'Lift(s)', 'High Ceiling Height', 'Maintenance Staff', 'Separate entry for servant room', 'No open drainage around', 'Bank Attached Property', 'Piped-gas', 'Internet/wi-fi connectivity', 'Visitor Parking', 'Swimming Pool', 'Park', 'Security Personnel', 'Natural Light', 'Airy Rooms', 'Spacious Interiors', 'Low Density Society', 'Waste Disposal', 'Rain Water Harvesting', 'Water softening plant', 'Shopping Centre', 'Fitness Centre / GYM', 'Club house / Community Center']",sector 48
,sector 37d
"['Security / Fire Alarm', 'Feng Shui / Vaastu Compliant', 'Private Garden / Terrace', 'Intercom Facility', 'Lift(s)', 'Water purifier', 'Maintenance Staff', 'Water Storage', 'Piped-gas', 'Visitor Parking', 'Swimming Pool', 'Park', 'Security Personnel', 'Shopping Centre', 'Fitness Centre / GYM', 'Waste Disposal', 'Rain Water Harvesting', 'Club house / Community Center', 'Water softening plant']",sector 69
"['Security / Fire Alarm', 'Intercom Facility', 'Lift(s)', 'High Ceiling Height', 'Maintenance Staff', 'Water Storage', 'No open drainage around', 'Bank Attached Property', 'Visitor Parking', 'Swimming Pool', 'Park', 'Security Personnel', 'Natural Light', 'Airy Rooms', 'Spacious Interiors', 'Shopping Centre', 'Fitness Centre / GYM', 'Waste Disposal', 'Rain Water Harvesting', 'Club house / Community Center']",sector 99
"['Feng Shui / Vaastu Compliant', 'Security / Fire Alarm', 'Intercom Facility', 'Lift(s)', 'Maintenance Staff', 'Water Storage', 'Park', 'Visitor Parking']",sector 70
"['Feng Shui / Vaastu Compliant', 'Private Garden / Terrace', 'Maintenance Staff', 'Water Storage', 'Separate entry for servant room', 'No open drainage around', 'Park', 'Visitor Parking', 'Low Density Society', 'Waste Disposal', 'Rain Water Harvesting']",sector 82a
"['Centrally Air Conditioned', 'Water purifier', 'Security / Fire Alarm', 'Feng Shui / Vaastu Compliant', 'Private Garden / Terrace', 'Intercom Facility', 'Lift(s)', 'High Ceiling Height', 'Maintenance Staff', 'False Ceiling Lighting', 'Water Storage', 'Separate entry for servant room', 'No open drainage around', 'Internet/wi-fi connectivity', 'Recently Renovated', 'Visitor Parking', 'Swimming Pool', 'Park', 'Security Personnel', 'Natural Light', 'Airy Rooms', 'Spacious Interiors', 'Low Density Society', 'Waste Disposal', 'Rain Water Harvesting', 'Water softening plant', 'Shopping Centre', 'Fitness Centre / GYM', 'Club house / Community Center']",sector 12
"['Feng Shui / Vaastu Compliant', 'Security / Fire Alarm', 'Intercom Facility', 'Lift(s)', 'Maintenance Staff', 'Water Storage', 'Park', 'Visitor Parking']",sector 1
,sector 104
"['Private Garden / Terrace', 'Maintenance Staff', 'Water Storage', 'Park', 'Visitor Parking', 'Waste Disposal', 'Rain Water Harvesting']",sector 90
"['Security / Fire Alarm', 'Feng Shui / Vaastu Compliant', 'Intercom Facility', 'Lift(s)', 'Maintenance Staff', 'Water Storage', 'No open drainage around', 'Visitor Parking', 'Swimming Pool', 'Park', 'Natural Light', 'Airy Rooms', 'Spacious Interiors', 'Shopping Centre', 'Fitness Centre / GYM', 'Waste Disposal', 'Rain Water Harvesting', 'Club house / Community Center']",sector 63a
,sector 69
,sector 50
"['Centrally Air Conditioned', 'Water purifier', 'Security / Fire Alarm', 'Private Garden / Terrace', 'High Ceiling Height', 'Maintenance Staff', 'False Ceiling Lighting', 'Water Storage', 'Separate entry for servant room', 'No open drainage around', 'Bank Attached Property', 'Piped-gas', 'Internet/wi-fi connectivity', 'Recently Renovated', 'Visitor Parking', 'Swimming Pool', 'Park', 'Security Personnel', 'Natural Light', 'Airy Rooms', 'Spacious Interiors', 'Low Density Society', 'Waste Disposal', 'Rain Water Harvesting', 'Fitness Centre / GYM', 'Club house / Community Center']",sector 62
"['Feng Shui / Vaastu Compliant', 'Private Garden / Terrace', 'Centrally Air Conditioned', 'High Ceiling Height', 'Maintenance Staff', 'False Ceiling Lighting', 'Water Storage', 'Separate entry for servant room', 'No open drainage around', 'Recently Renovated', 'Visitor Parking', 'Swimming Pool', 'Park', 'Security Personnel', 'Natural Light', 'Airy Rooms', 'Low Density Society', 'Fitness Centre / GYM', 'Waste Disposal', 'Rain Water Harvesting']",sector 17
"['Power Back-up', 'Feng Shui / Vaastu Compliant', 'Intercom Facility', 'Lift(s)', 'Park', 'Shopping Centre', 'Fitness Centre / GYM']",sector 85
"['Centrally Air Conditioned', 'Water purifier', 'Security / Fire Alarm', 'Feng Shui / Vaastu Compliant', 'Private Garden / Terrace', 'Intercom Facility', 'Lift(s)', 'High Ceiling Height', 'Maintenance Staff', 'False Ceiling Lighting', 'Water Storage', 'Separate entry for servant room', 'No open drainage around', 'Bank Attached Property', 'Piped-gas', 'Internet/wi-fi connectivity', 'Recently Renovated', 'Visitor Parking', 'Swimming Pool', 'Park', 'Security Personnel', 'Natural Light', 'Airy Rooms', 'Spacious Interiors', 'Low Density Society', 'Waste Disposal', 'Rain Water Harvesting', 'Water softening plant', 'Shopping Centre', 'Fitness Centre / GYM', 'Club house / Community Center']",sector 7
"['Power Back-up', 'Intercom Facility', 'Lift(s)', 'Swimming Pool', 'Park', 'Shopping Centre', 'Fitness Centre / GYM', 'Club house / Community Center', 'Rain Water Harvesting']",sector 37c
,sector 95
"['Security / Fire Alarm', 'Feng Shui / Vaastu Compliant', 'Private Garden / Terrace', 'Centrally Air Conditioned', 'Water purifier', 'High Ceiling Height', 'Maintenance Staff', 'Water Storage', 'Separate entry for servant room', 'No open drainage around', 'Piped-gas', 'Visitor Parking', 'Swimming Pool', 'Park', 'Security Personnel', 'Natural Light', 'Airy Rooms', 'Spacious Interiors', 'Low Density Society', 'Fitness Centre / GYM', 'Waste Disposal', 'Rain Water Harvesting', 'Club house / Community Center']",sector 23
"['Security / Fire Alarm', 'Feng Shui / Vaastu Compliant', 'Private Garden / Terrace', 'Water purifier', 'High Ceiling Height', 'Maintenance Staff', 'False Ceiling Lighting', 'Water Storage', 'Separate entry for servant room', 'No open drainage around', 'Recently Renovated', 'Bank Attached Property', 'Visitor Parking', 'Swimming Pool', 'Park', 'Security Personnel', 'Natural Light', 'Internet/wi-fi connectivity', 'Airy Rooms', 'Low Density Society', 'Fitness Centre / GYM', 'Waste Disposal', 'Rain Water Harvesting', 'Club house / Community Center']",sector 47
,sector 109
"['Feng Shui / Vaastu Compliant', 'High Ceiling Height', 'Maintenance Staff', 'Water Storage', 'No open drainage around', 'Visitor Parking', 'Park', 'Natural Light', 'Airy Rooms', 'Spacious Interiors', 'Low Density Society', 'Waste Disposal', 'Rain Water Harvesting', 'Club house / Community Center']",sector 7
"['Intercom Facility', 'Lift(s)', 'Maintenance Staff', 'Swimming Pool', 'Park', 'Security Personnel', 'Internet/wi-fi connectivity', 'Shopping Centre', 'Fitness Centre / GYM', 'Club house / Community Center', 'Rain Water Harvesting']",sector 43
"['Water purifier', 'Centrally Air Conditioned', 'Security / Fire Alarm', 'Feng Shui / Vaastu Compliant', 'Private Garden / Terrace', 'High Ceiling Height', 'Maintenance Staff', 'False Ceiling Lighting', 'Water Storage', 'Separate entry for servant room', 'No open drainage around', 'Bank Attached Property', 'Piped-gas', 'Internet/wi-fi connectivity', 'Recently Renovated', 'Visitor Parking', 'Park', 'Security Personnel', 'Natural Light', 'Airy Rooms', 'Spacious Interiors', 'Low Density Society', 'Waste Disposal', 'Rain Water Harvesting', 'Fitness Centre / GYM']",sector 47
"['Security / Fire Alarm', 'Power Back-up', 'Feng Shui / Vaastu Compliant', 'Intercom Facility', 'Lift(s)', 'High Ceiling Height', 'Maintenance Staff', 'False Ceiling Lighting', 'Water Storage', 'Separate entry for servant room', 'No open drainage around', 'Visitor Parking', 'Swimming Pool', 'Park', 'Internet/wi-fi connectivity', 'Shopping Centre', 'Fitness Centre / GYM', 'Waste Disposal', 'Rain Water Harvesting', 'Club house / Community Center', 'Water softening plant']",sector 76
"['Security / Fire Alarm', 'Intercom Facility', 'Lift(s)', 'Maintenance Staff', 'False Ceiling Lighting', 'Swimming Pool', 'Water Storage', 'Park', 'Visitor Parking', 'Security Personnel', 'Fitness Centre / GYM', 'Club house / Community Center']",sector 79
"['Security / Fire Alarm', 'Power Back-up', 'Feng Shui / Vaastu Compliant', 'Lift(s)', 'High Ceiling Height', 'Maintenance Staff', 'Separate entry for servant room', 'No open drainage around', 'Bank Attached Property', 'Visitor Parking', 'Swimming Pool', 'Park', 'Natural Light', 'Airy Rooms', 'Shopping Centre', 'Fitness Centre / GYM', 'Waste Disposal', 'Rain Water Harvesting', 'Club house / Community Center', 'Water softening plant']",sector 66
"['Security / Fire Alarm', 'Feng Shui / Vaastu Compliant', 'Intercom Facility', 'Lift(s)', 'Water purifier', 'High Ceiling Height', 'Maintenance Staff', 'Water Storage', 'Piped-gas', 'Visitor Parking', 'Park', 'Security Personnel', 'Waste Disposal', 'Rain Water Harvesting']",sector 92
"['Feng Shui / Vaastu Compliant', 'Security / Fire Alarm', 'Lift(s)', 'Maintenance Staff', 'Water Storage', 'Park', 'Visitor Parking']",sector 57
,sector 106
"['Power Back-up', 'Lift(s)', 'Maintenance Staff', 'Park', 'Fitness Centre / GYM', 'Club house / Community Center']",sector 71
"['Security / Fire Alarm', 'Feng Shui / Vaastu Compliant', 'Private Garden / Terrace', 'Centrally Air Conditioned', 'Water purifier', 'High Ceiling Height', 'False Ceiling Lighting', 'Water Storage', 'Separate entry for servant room', 'No open drainage around', 'Recently Renovated', 'Bank Attached Property', 'Piped-gas', 'Visitor Parking', 'Park', 'Security Personnel', 'Natural Light', 'Internet/wi-fi connectivity', 'Airy Rooms', 'Spacious Interiors', 'Waste Disposal', 'Rain Water Harvesting', 'Club house / Community Center']",sector 55
['Visitor Parking'],sector 102
"['Security / Fire Alarm', 'Intercom Facility', 'Lift(s)', 'Maintenance Staff', 'Park', 'Visitor Parking']",sector 68
"['Feng Shui / Vaastu Compliant', 'Security / Fire Alarm', 'Intercom Facility', 'Lift(s)', 'Maintenance Staff', 'Water Storage', 'Park', 'Visitor Parking']",sector 48
"['Private Garden / Terrace', 'Swimming Pool', 'Park', 'Fitness Centre / GYM', 'Club house / Community Center']",sector 25
,sector 26
"['Feng Shui / Vaastu Compliant', 'Security / Fire Alarm', 'Intercom Facility', 'Lift(s)', 'Maintenance Staff', 'Water Storage', 'Park', 'Visitor Parking']",dwarka expressway
,sector 86
"['Water purifier', 'Security / Fire Alarm', 'Feng Shui / Vaastu Compliant', 'Private Garden / Terrace', 'Intercom Facility', 'Lift(s)', 'High Ceiling Height', 'Maintenance Staff', 'Water Storage', 'No open drainage around', 'Bank Attached Property', 'Piped-gas', 'Internet/wi-fi connectivity', 'Recently Renovated', 'Visitor Parking', 'Swimming Pool', 'Park', 'Security Personnel', 'Natural Light', 'Airy Rooms', 'Spacious Interiors', 'Low Density Society', 'Waste Disposal', 'Rain Water Harvesting', 'Water softening plant', 'Shopping Centre', 'Fitness Centre / GYM', 'Club house / Community Center']",sector 43
"['Centrally Air Conditioned', 'Water purifier', 'Security / Fire Alarm', 'Feng Shui / Vaastu Compliant', 'Private Garden / Terrace', 'Intercom Facility', 'Lift(s)', 'High Ceiling Height', 'Maintenance Staff', 'False Ceiling Lighting', 'Water Storage', 'Separate entry for servant room', 'No open drainage around', 'Bank Attached Property', 'Piped-gas', 'Internet/wi-fi connectivity', 'Recently Renovated', 'Visitor Parking', 'Swimming Pool', 'Park', 'Security Personnel', 'Natural Light', 'Airy Rooms', 'Spacious Interiors', 'Low Density Society', 'Waste Disposal', 'Rain Water Harvesting', 'Water softening plant', 'Shopping Centre', 'Fitness Centre / GYM', 'Club house / Community Center']",sector 54
"['Feng Shui / Vaastu Compliant', 'False Ceiling Lighting', 'Separate entry for servant room', 'Park', 'Internet/wi-fi connectivity', 'Club house / Community Center']",sector 84
"['Maintenance Staff', 'Water Storage', 'Separate entry for servant room', 'Waste Disposal']",sector 10a
"['Security / Fire Alarm', 'Feng Shui / Vaastu Compliant', 'Intercom Facility', 'Lift(s)', 'High Ceiling Height', 'Maintenance Staff', 'False Ceiling Lighting', 'Water Storage', 'No open drainage around', 'Piped-gas', 'Visitor Parking', 'Swimming Pool', 'Park', 'Security Personnel', 'Natural Light', 'Internet/wi-fi connectivity', 'Airy Rooms', 'Shopping Centre', 'Fitness Centre / GYM', 'Waste Disposal', 'Rain Water Harvesting', 'Club house / Community Center', 'Water softening plant']",sector 43
"['Water purifier', 'Centrally Air Conditioned', 'Security / Fire Alarm', 'Feng Shui / Vaastu Compliant', 'Private Garden / Terrace', 'Intercom Facility', 'Lift(s)', 'High Ceiling Height', 'Maintenance Staff', 'False Ceiling Lighting', 'Water Storage', 'Separate entry for servant room', 'No open drainage around', 'Bank Attached Property', 'Piped-gas', 'Internet/wi-fi connectivity', 'Recently Renovated', 'Visitor Parking', 'Swimming Pool', 'Park', 'Natural Light', 'Waste Disposal', 'Rain Water Harvesting', 'Water softening plant', 'Shopping Centre', 'Fitness Centre / GYM', 'Club house / Community Center']",sector 49
"['Feng Shui / Vaastu Compliant', 'Security / Fire Alarm', 'Intercom Facility', 'Lift(s)', 'Maintenance Staff', 'Water Storage', 'Park', 'Visitor Parking']",sector 86
,sector 92
"['Feng Shui / Vaastu Compliant', 'Private Garden / Terrace', 'Water Storage', 'Park', 'Visitor Parking', 'Waste Disposal', 'Rain Water Harvesting']",sector 103
"['Feng Shui / Vaastu Compliant', 'Security / Fire Alarm', 'Intercom Facility', 'Lift(s)', 'Maintenance Staff', 'Swimming Pool', 'Water Storage', 'Park', 'Visitor Parking', 'Fitness Centre / GYM', 'Club house / Community Center']",sector 84
"['Feng Shui / Vaastu Compliant', 'Intercom Facility', 'Lift(s)', 'Maintenance Staff', 'Swimming Pool', 'Park', 'Security Personnel', 'Internet/wi-fi connectivity', 'Fitness Centre / GYM', 'Club house / Community Center', 'Rain Water Harvesting']",sector 54
['Club house / Community Center'],sector 107
"['Centrally Air Conditioned', 'Water purifier', 'Security / Fire Alarm', 'Feng Shui / Vaastu Compliant', 'Private Garden / Terrace', 'Intercom Facility', 'Lift(s)', 'High Ceiling Height', 'Maintenance Staff', 'False Ceiling Lighting', 'Water Storage', 'Separate entry for servant room', 'No open drainage around', 'Bank Attached Property', 'Piped-gas', 'Internet/wi-fi connectivity', 'Recently Renovated', 'Visitor Parking', 'Swimming Pool', 'Park', 'Security Personnel', 'Natural Light', 'Airy Rooms', 'Spacious Interiors', 'Low Density Society', 'Waste Disposal', 'Rain Water Harvesting', 'Water softening plant', 'Shopping Centre', 'Fitness Centre / GYM', 'Club house / Community Center']",sector 7
"['Feng Shui / Vaastu Compliant', 'Intercom Facility', 'Lift(s)', 'Swimming Pool', 'Park', 'Fitness Centre / GYM', 'Club house / Community Center', 'Water softening plant']",sector 37d
"['Security / Fire Alarm', 'Feng Shui / Vaastu Compliant', 'Private Garden / Terrace', 'Water purifier', 'High Ceiling Height', 'Water Storage', 'Separate entry for servant room', 'No open drainage around', 'Recently Renovated', 'Piped-gas', 'Visitor Parking', 'Park', 'Natural Light', 'Internet/wi-fi connectivity', 'Airy Rooms', 'Spacious Interiors', 'Waste Disposal', 'Rain Water Harvesting']",sector 33
"['Centrally Air Conditioned', 'Water purifier', 'Security / Fire Alarm', 'Power Back-up', 'Feng Shui / Vaastu Compliant', 'Intercom Facility', 'Lift(s)', 'High Ceiling Height', 'Maintenance Staff', 'Water Storage', 'Separate entry for servant room', 'No open drainage around', 'Internet/wi-fi connectivity', 'Recently Renovated', 'Visitor Parking', 'Swimming Pool', 'Park', 'Security Personnel', 'Natural Light', 'Airy Rooms', 'Spacious Interiors', 'Waste Disposal', 'Rain Water Harvesting', 'Water softening plant', 'Shopping Centre', 'Fitness Centre / GYM', 'Club house / Community Center']",sector 95
"['Power Back-up', 'Feng Shui / Vaastu Compliant', 'Intercom Facility', 'Lift(s)', 'Maintenance Staff', 'Recently Renovated', 'Piped-gas', 'Visitor Parking', 'Swimming Pool', 'Park', 'Natural Light', 'Airy Rooms', 'Low Density Society', 'Shopping Centre', 'Fitness Centre / GYM', 'Waste Disposal', 'Rain Water Harvesting', 'Club house / Community Center']",sector 15
"['Feng Shui / Vaastu Compliant', 'Security / Fire Alarm', 'Intercom Facility', 'Maintenance Staff', 'Water Storage', 'Park', 'Visitor Parking']",sector 109
"['Feng Shui / Vaastu Compliant', 'Private Garden / Terrace', 'High Ceiling Height', 'Maintenance Staff', 'False Ceiling Lighting', 'Water Storage', 'Separate entry for servant room', 'No open drainage around', 'Bank Attached Property', 'Piped-gas', 'Visitor Parking', 'Swimming Pool', 'Park', 'Internet/wi-fi connectivity', 'Low Density Society', 'Fitness Centre / GYM', 'Waste Disposal', 'Rain Water Harvesting', 'Club house / Community Center']",sector 81
['Water Storage'],sector 11
"['Security / Fire Alarm', 'Feng Shui / Vaastu Compliant', 'Intercom Facility', 'Lift(s)', 'Water purifier', 'Maintenance Staff', 'Water Storage', 'No open drainage around', 'Visitor Parking', 'Swimming Pool', 'Park', 'Security Personnel', 'Natural Light', 'Airy Rooms', 'Spacious Interiors', 'Fitness Centre / GYM', 'Rain Water Harvesting', 'Club house / Community Center', 'Water softening plant']",sector 84
,sector 104
"['Security / Fire Alarm', 'Feng Shui / Vaastu Compliant', 'Maintenance Staff', 'False Ceiling Lighting', 'No open drainage around', 'Recently Renovated', 'Swimming Pool', 'Park', 'Security Personnel', 'Natural Light', 'Low Density Society', 'Fitness Centre / GYM', 'Waste Disposal', 'Club house / Community Center']",sector 48
"['Centrally Air Conditioned', 'Water purifier', 'Security / Fire Alarm', 'Power Back-up', 'Feng Shui / Vaastu Compliant', 'Intercom Facility', 'Lift(s)', 'High Ceiling Height', 'Maintenance Staff', 'False Ceiling Lighting', 'Water Storage', 'Separate entry for servant room', 'No open drainage around', 'Piped-gas', 'Internet/wi-fi connectivity', 'Recently Renovated', 'Visitor Parking', 'Swimming Pool', 'Park', 'Security Personnel', 'Natural Light', 'Airy Rooms', 'Spacious Interiors', 'Waste Disposal', 'Rain Water Harvesting', 'Water softening plant', 'Shopping Centre', 'Fitness Centre / GYM', 'Club house / Community Center']",sector 50
"['Security / Fire Alarm', 'Lift(s)', 'Swimming Pool', 'Maintenance Staff', 'Park', 'Piped-gas', 'Natural Light', 'Airy Rooms', 'Spacious Interiors', 'Shopping Centre', 'Fitness Centre / GYM', 'Club house / Community Center']",sector 49
"['Security / Fire Alarm', 'Power Back-up', 'Feng Shui / Vaastu Compliant', 'Intercom Facility', 'Lift(s)', 'High Ceiling Height', 'Maintenance Staff', 'False Ceiling Lighting', 'Water Storage', 'Separate entry for servant room', 'No open drainage around', 'Bank Attached Property', 'Piped-gas', 'Internet/wi-fi connectivity', 'Visitor Parking', 'Swimming Pool', 'Park', 'Security Personnel', 'Natural Light', 'Airy Rooms', 'Spacious Interiors', 'Low Density Society', 'Waste Disposal', 'Rain Water Harvesting', 'Water softening plant', 'Shopping Centre', 'Fitness Centre / GYM', 'Club house / Community Center']",sector 48
,sector 43
"['Power Back-up', 'Intercom Facility', 'Lift(s)', 'Swimming Pool', 'Park', 'Fitness Centre / GYM', 'Club house / Community Center', 'Water softening plant']",sector 76
"['Security / Fire Alarm', 'Feng Shui / Vaastu Compliant', 'Intercom Facility', 'Lift(s)', 'Maintenance Staff', 'Water Storage', 'Separate entry for servant room', 'Piped-gas', 'Visitor Parking', 'Swimming Pool', 'Park', 'Security Personnel', 'Shopping Centre', 'Fitness Centre / GYM', 'Club house / Community Center']",sector 70a
"['Security / Fire Alarm', 'Intercom Facility', 'Lift(s)', 'Maintenance Staff', 'Water Storage', 'Park', 'Visitor Parking']",sector 48
,sector 102
"['Security / Fire Alarm', 'Lift(s)', 'High Ceiling Height', 'Maintenance Staff', 'Water Storage', 'Visitor Parking', 'Swimming Pool', 'Park', 'Security Personnel', 'Natural Light', 'Internet/wi-fi connectivity', 'Airy Rooms', 'Fitness Centre / GYM', 'Waste Disposal', 'Club house / Community Center']",sector 66
"['Feng Shui / Vaastu Compliant', 'Security / Fire Alarm', 'Lift(s)', 'Maintenance Staff', 'Water Storage', 'Park', 'Visitor Parking']",sector 67a
,sector 65
"['Security / Fire Alarm', 'Power Back-up', 'Feng Shui / Vaastu Compliant', 'Intercom Facility', 'Lift(s)', 'Maintenance Staff', 'False Ceiling Lighting', 'Water Storage', 'No open drainage around', 'Bank Attached Property', 'Piped-gas', 'Visitor Parking', 'Swimming Pool', 'Park', 'Security Personnel', 'Natural Light', 'Airy Rooms', 'Spacious Interiors', 'Low Density Society', 'Waste Disposal', 'Rain Water Harvesting', 'Water softening plant', 'Shopping Centre', 'Fitness Centre / GYM', 'Club house / Community Center']",sector 103
"['Centrally Air Conditioned', 'Water purifier', 'Security / Fire Alarm', 'Feng Shui / Vaastu Compliant', 'Private Garden / Terrace', 'Intercom Facility', 'Lift(s)', 'High Ceiling Height', 'Maintenance Staff', 'False Ceiling Lighting', 'Water Storage', 'Separate entry for servant room', 'No open drainage around', 'Bank Attached Property', 'Piped-gas', 'Internet/wi-fi connectivity', 'Recently Renovated', 'Swimming Pool', 'Park', 'Security Personnel', 'Natural Light', 'Airy Rooms', 'Spacious Interiors', 'Low Density Society', 'Waste Disposal', 'Rain Water Harvesting', 'Water softening plant', 'Shopping Centre', 'Fitness Centre / GYM', 'Club house / Community Center']",sector 79
,sector 69
"['Security / Fire Alarm', 'Power Back-up', 'Feng Shui / Vaastu Compliant', 'Intercom Facility', 'Lift(s)', 'Water purifier', 'High Ceiling Height', 'Maintenance Staff', 'Water Storage', 'Separate entry for servant room', 'Piped-gas', 'Visitor Parking', 'Park', 'Security Personnel', 'Natural Light', 'Internet/wi-fi connectivity', 'Airy Rooms', 'Spacious Interiors', 'Low Density Society', 'Shopping Centre', 'Waste Disposal', 'Water softening plant']",sector 7
"['Feng Shui / Vaastu Compliant', 'Security / Fire Alarm', 'Intercom Facility', 'Lift(s)', 'Maintenance Staff', 'Water Storage', 'Park', 'Visitor Parking']",sector 99
"['Centrally Air Conditioned', 'Water purifier', 'Security / Fire Alarm', 'Feng Shui / Vaastu Compliant', 'Private Garden / Terrace', 'Intercom Facility', 'Lift(s)', 'High Ceiling Height', 'Maintenance Staff', 'False Ceiling Lighting', 'Water Storage', 'Separate entry for servant room', 'No open drainage around', 'Bank Attached Property', 'Piped-gas', 'Internet/wi-fi connectivity', 'Recently Renovated', 'Visitor Parking', 'Swimming Pool', 'Park', 'Security Personnel', 'Natural Light', 'Airy Rooms', 'Spacious Interiors', 'Low Density Society', 'Waste Disposal', 'Rain Water Harvesting', 'Water softening plant', 'Shopping Centre', 'Fitness Centre / GYM', 'Club house / Community Center']",sector 5
,sector 109
"['Security / Fire Alarm', 'Power Back-up', 'Intercom Facility', 'Lift(s)', 'Maintenance Staff', 'False Ceiling Lighting', 'Water Storage', 'Visitor Parking', 'Park', 'Shopping Centre', 'Fitness Centre / GYM', 'Rain Water Harvesting', 'Water softening plant']",sector 79
,sector 102
,sector 82a
,sector 85
"['Feng Shui / Vaastu Compliant', 'Intercom Facility', 'Lift(s)', 'Maintenance Staff', 'Park', 'Visitor Parking']",sector 83
"['Centrally Air Conditioned', 'Water purifier', 'Security / Fire Alarm', 'Feng Shui / Vaastu Compliant', 'Private Garden / Terrace', 'Intercom Facility', 'Lift(s)', 'High Ceiling Height', 'Maintenance Staff', 'False Ceiling Lighting', 'Water Storage', 'Separate entry for servant room', 'No open drainage around', 'Bank Attached Property', 'Piped-gas', 'Internet/wi-fi connectivity', 'Recently Renovated', 'Visitor Parking', 'Swimming Pool', 'Park', 'Security Personnel', 'Natural Light', 'Airy Rooms', 'Spacious Interiors', 'Low Density Society', 'Waste Disposal', 'Rain Water Harvesting', 'Water softening plant', 'Shopping Centre', 'Fitness Centre / GYM', 'Club house / Community Center']",sector 25
"['Feng Shui / Vaastu Compliant', 'Security / Fire Alarm', 'Intercom Facility', 'Lift(s)', 'Maintenance Staff', 'Water Storage', 'Park', 'Visitor Parking']",sector 69
,sector 89
"['Lift(s)', 'Swimming Pool', 'Park', 'Shopping Centre', 'Fitness Centre / GYM', 'Club house / Community Center']",sector 108
"['Centrally Air Conditioned', 'Water purifier', 'Security / Fire Alarm', 'Feng Shui / Vaastu Compliant', 'Private Garden / Terrace', 'Intercom Facility', 'Lift(s)', 'High Ceiling Height', 'Maintenance Staff', 'False Ceiling Lighting', 'Water Storage', 'Separate entry for servant room', 'No open drainage around', 'Bank Attached Property', 'Piped-gas', 'Internet/wi-fi connectivity', 'Recently Renovated', 'Visitor Parking', 'Swimming Pool', 'Park', 'Security Personnel', 'Natural Light', 'Spacious Interiors', 'Rain Water Harvesting', 'Water softening plant', 'Shopping Centre', 'Fitness Centre / GYM', 'Club house / Community Center']",sector 104
,sector 108
"['Centrally Air Conditioned', 'Water purifier', 'Security / Fire Alarm', 'Power Back-up', 'Feng Shui / Vaastu Compliant', 'Private Garden / Terrace', 'Intercom Facility', 'Lift(s)', 'High Ceiling Height', 'Maintenance Staff', 'False Ceiling Lighting', 'Water Storage', 'Separate entry for servant room', 'No open drainage around', 'Bank Attached Property', 'Piped-gas', 'Internet/wi-fi connectivity', 'Recently Renovated', 'Visitor Parking', 'Swimming Pool', 'Park', 'Natural Light', 'Airy Rooms', 'Spacious Interiors', 'Low Density Society', 'Waste Disposal', 'Rain Water Harvesting', 'Water softening plant', 'Shopping Centre', 'Fitness Centre / GYM', 'Club house / Community Center']",sector 81
"['Water purifier', 'Power Back-up', 'Feng Shui / Vaastu Compliant', 'Private Garden / Terrace', 'Intercom Facility', 'Lift(s)', 'High Ceiling Height', 'False Ceiling Lighting', 'Separate entry for servant room', 'No open drainage around', 'Piped-gas', 'Internet/wi-fi connectivity', 'Recently Renovated', 'Visitor Parking', 'Swimming Pool', 'Park', 'Security Personnel', 'Natural Light', 'Airy Rooms', 'Spacious Interiors', 'Waste Disposal', 'Rain Water Harvesting', 'Water softening plant', 'Shopping Centre', 'Fitness Centre / GYM', 'Club house / Community Center']",sector 84
"['Feng Shui / Vaastu Compliant', 'Private Garden / Terrace', 'False Ceiling Lighting', 'Water Storage', 'No open drainage around', 'Recently Renovated', 'Piped-gas', 'Visitor Parking', 'Swimming Pool', 'Park', 'Security Personnel', 'Natural Light', 'Airy Rooms', 'Spacious Interiors', 'Low Density Society', 'Fitness Centre / GYM', 'Waste Disposal', 'Club house / Community Center']",sohna road
"['Security / Fire Alarm', 'Power Back-up', 'Feng Shui / Vaastu Compliant', 'Lift(s)', 'Maintenance Staff', 'Visitor Parking', 'Swimming Pool', 'Park', 'Natural Light', 'Internet/wi-fi connectivity', 'Spacious Interiors', 'Shopping Centre', 'Fitness Centre / GYM', 'Club house / Community Center']",sector 109
"['Centrally Air Conditioned', 'Water purifier', 'Security / Fire Alarm', 'Power Back-up', 'Feng Shui / Vaastu Compliant', 'Intercom Facility', 'Lift(s)', 'High Ceiling Height', 'Maintenance Staff', 'False Ceiling Lighting', 'Water Storage', 'No open drainage around', 'Piped-gas', 'Internet/wi-fi connectivity', 'Recently Renovated', 'Visitor Parking', 'Swimming Pool', 'Park', 'Security Personnel', 'Natural Light', 'Airy Rooms', 'Spacious Interiors', 'Waste Disposal', 'Rain Water Harvesting', 'Water softening plant', 'Shopping Centre', 'Fitness Centre / GYM', 'Club house / Community Center']",sohna road
,sector 26
"['Water purifier', 'Water Storage', 'Park', 'Visitor Parking', 'Internet/wi-fi connectivity']",sector 50
,sector 102
"['Security / Fire Alarm', 'Feng Shui / Vaastu Compliant', 'Private Garden / Terrace', 'Water purifier', 'Centrally Air Conditioned', 'High Ceiling Height', 'Maintenance Staff', 'False Ceiling Lighting', 'Water Storage', 'Separate entry for servant room', 'No open drainage around', 'Piped-gas', 'Visitor Parking', 'Swimming Pool', 'Park', 'Security Personnel', 'Natural Light', 'Airy Rooms', 'Internet/wi-fi connectivity', 'Spacious Interiors', 'Fitness Centre / GYM', 'Waste Disposal', 'Rain Water Harvesting', 'Club house / Community Center']",sector 83
"['Maintenance Staff', 'False Ceiling Lighting', 'Water Storage']",sector 107
"['Intercom Facility', 'Lift(s)', 'Park']",sector 102
"['High Ceiling Height', 'Natural Light', 'Airy Rooms']",sector 111
"['Security / Fire Alarm', 'Intercom Facility', 'Lift(s)', 'Centrally Air Conditioned', 'High Ceiling Height', 'Maintenance Staff', 'False Ceiling Lighting', 'Water Storage', 'Park', 'Visitor Parking']",sector 2
,sector 54
"['Security / Fire Alarm', 'Lift(s)', 'Maintenance Staff', 'Water Storage', 'Park', 'Visitor Parking', 'Security Personnel', 'Natural Light', 'Airy Rooms', 'Shopping Centre', 'Club house / Community Center']",sector 90
"['Security / Fire Alarm', 'Feng Shui / Vaastu Compliant', 'Intercom Facility', 'Lift(s)', 'High Ceiling Height', 'Maintenance Staff', 'Water Storage', 'No open drainage around', 'Recently Renovated', 'Piped-gas', 'Visitor Parking', 'Swimming Pool', 'Park', 'Security Personnel', 'Natural Light', 'Internet/wi-fi connectivity', 'Airy Rooms', 'Spacious Interiors', 'Shopping Centre', 'Fitness Centre / GYM', 'Waste Disposal', 'Rain Water Harvesting', 'Club house / Community Center', 'Water softening plant']",sector 3
"['Power Back-up', 'Feng Shui / Vaastu Compliant', 'Intercom Facility', 'Lift(s)', 'Swimming Pool', 'Maintenance Staff', 'Park', 'Security Personnel', 'Shopping Centre', 'Fitness Centre / GYM', 'Club house / Community Center', 'Rain Water Harvesting']",sector 84
"['Security / Fire Alarm', 'Power Back-up', 'Feng Shui / Vaastu Compliant', 'Intercom Facility', 'Lift(s)', 'Maintenance Staff', 'Water Storage', 'Separate entry for servant room', 'Piped-gas', 'Visitor Parking', 'Swimming Pool', 'Park', 'Security Personnel', 'Natural Light', 'Internet/wi-fi connectivity', 'Spacious Interiors', 'Shopping Centre', 'Fitness Centre / GYM', 'Club house / Community Center', 'Water softening plant']",sector 60
,sector 39
"['Centrally Air Conditioned', 'Water purifier', 'Security / Fire Alarm', 'Feng Shui / Vaastu Compliant', 'Private Garden / Terrace', 'High Ceiling Height', 'Maintenance Staff', 'False Ceiling Lighting', 'Water Storage', 'Separate entry for servant room', 'No open drainage around', 'Bank Attached Property', 'Piped-gas', 'Internet/wi-fi connectivity', 'Recently Renovated', 'Visitor Parking', 'Swimming Pool', 'Park', 'Security Personnel', 'Natural Light', 'Airy Rooms', 'Spacious Interiors', 'Low Density Society', 'Waste Disposal', 'Rain Water Harvesting', 'Fitness Centre / GYM', 'Club house / Community Center']",sector 107
"['Feng Shui / Vaastu Compliant', 'Private Garden / Terrace', 'Maintenance Staff', 'Park', 'Bank Attached Property', 'Club house / Community Center']",sector 81
"['Security / Fire Alarm', 'Feng Shui / Vaastu Compliant', 'Intercom Facility', 'Lift(s)', 'Maintenance Staff', 'Water Storage', 'Separate entry for servant room', 'Visitor Parking', 'Swimming Pool', 'Park', 'Shopping Centre', 'Fitness Centre / GYM', 'Rain Water Harvesting', 'Club house / Community Center', 'Water softening plant']",sector 61
"['Lift(s)', 'Centrally Air Conditioned', 'Maintenance Staff', 'Water Storage', 'Separate entry for servant room', 'Swimming Pool', 'Park', 'Security Personnel', 'Shopping Centre', 'Fitness Centre / GYM', 'Waste Disposal', 'Rain Water Harvesting', 'Club house / Community Center', 'Water softening plant']",sector 102
"['Feng Shui / Vaastu Compliant', 'Security / Fire Alarm', 'Intercom Facility', 'Lift(s)', 'Maintenance Staff', 'Water Storage', 'Park', 'Visitor Parking']",sector 81
"['Security / Fire Alarm', 'Feng Shui / Vaastu Compliant', 'Intercom Facility', 'Lift(s)', 'Centrally Air Conditioned', 'Maintenance Staff', 'Water Storage', 'No open drainage around', 'Piped-gas', 'Visitor Parking', 'Swimming Pool', 'Park', 'Security Personnel', 'Natural Light', 'Shopping Centre', 'Fitness Centre / GYM', 'Waste Disposal', 'Rain Water Harvesting', 'Club house / Community Center', 'Water softening plant']",sector 31
,sector 6
"['Lift(s)', 'High Ceiling Height', 'Maintenance Staff', 'False Ceiling Lighting', 'Separate entry for servant room', 'No open drainage around', 'Visitor Parking', 'Swimming Pool', 'Park', 'Internet/wi-fi connectivity', 'Fitness Centre / GYM', 'Club house / Community Center', 'Water softening plant']",sector 57
"['Water purifier', 'Security / Fire Alarm', 'Feng Shui / Vaastu Compliant', 'Private Garden / Terrace', 'Intercom Facility', 'Lift(s)', 'High Ceiling Height', 'Maintenance Staff', 'False Ceiling Lighting', 'Water Storage', 'Separate entry for servant room', 'No open drainage around', 'Bank Attached Property', 'Piped-gas', 'Recently Renovated', 'Visitor Parking', 'Swimming Pool', 'Park', 'Security Personnel', 'Natural Light', 'Airy Rooms', 'Spacious Interiors', 'Low Density Society', 'Waste Disposal', 'Rain Water Harvesting', 'Water softening plant', 'Shopping Centre', 'Club house / Community Center']",sector 104
"['Power Back-up', 'Feng Shui / Vaastu Compliant', 'Intercom Facility', 'Lift(s)', 'Maintenance Staff', 'Piped-gas', 'Swimming Pool', 'Park', 'Security Personnel', 'Internet/wi-fi connectivity', 'Shopping Centre', 'Fitness Centre / GYM', 'Rain Water Harvesting', 'Club house / Community Center', 'Water softening plant']",sector 77
"['Security / Fire Alarm', 'Feng Shui / Vaastu Compliant', 'Lift(s)', 'Maintenance Staff', 'Water Storage', 'No open drainage around', 'Recently Renovated', 'Visitor Parking', 'Park', 'Security Personnel', 'Natural Light', 'Airy Rooms', 'Low Density Society', 'Shopping Centre', 'Waste Disposal']",sohna road road
"['Feng Shui / Vaastu Compliant', 'Private Garden / Terrace', 'Centrally Air Conditioned', 'Water purifier', 'Maintenance Staff', 'Piped-gas', 'Visitor Parking', 'Swimming Pool', 'Park', 'Security Personnel', 'Natural Light', 'Internet/wi-fi connectivity', 'Airy Rooms', 'Spacious Interiors', 'Low Density Society', 'Fitness Centre / GYM', 'Waste Disposal', 'Rain Water Harvesting', 'Club house / Community Center']",sector 50
"['Lift(s)', 'Park', 'Fitness Centre / GYM', 'Club house / Community Center']",sector 66
"['Power Back-up', 'Lift(s)', 'High Ceiling Height', 'Swimming Pool', 'Maintenance Staff', 'Park', 'Visitor Parking', 'Internet/wi-fi connectivity', 'Fitness Centre / GYM', 'Club house / Community Center', 'Water softening plant']",sector 104
,sector 43
"['Security / Fire Alarm', 'Power Back-up', 'Feng Shui / Vaastu Compliant', 'Intercom Facility', 'Lift(s)', 'High Ceiling Height', 'Maintenance Staff', 'Water Storage', 'Separate entry for servant room', 'No open drainage around', 'Piped-gas', 'Visitor Parking', 'Swimming Pool', 'Park', 'Security Personnel', 'Natural Light', 'Airy Rooms', 'Low Density Society', 'Shopping Centre', 'Fitness Centre / GYM', 'Waste Disposal', 'Rain Water Harvesting', 'Club house / Community Center', 'Water softening plant']",sector 82
"['Feng Shui / Vaastu Compliant', 'Maintenance Staff', 'Water Storage', 'Visitor Parking', 'Waste Disposal', 'Rain Water Harvesting']",sector 85
,sector 86
"['Swimming Pool', 'Water Storage', 'Park', 'Club house / Community Center']",sector 66
"['Security / Fire Alarm', 'Feng Shui / Vaastu Compliant', 'Private Garden / Terrace', 'Intercom Facility', 'Lift(s)', 'Maintenance Staff', 'Water Storage', 'No open drainage around', 'Recently Renovated', 'Bank Attached Property', 'Visitor Parking', 'Swimming Pool', 'Park', 'Security Personnel', 'Natural Light', 'Airy Rooms', 'Spacious Interiors', 'Low Density Society', 'Shopping Centre', 'Fitness Centre / GYM', 'Waste Disposal', 'Rain Water Harvesting', 'Club house / Community Center', 'Water softening plant']",sector 37d
"['Intercom Facility', 'Lift(s)', 'Maintenance Staff', 'Swimming Pool', 'Park', 'Visitor Parking', 'Security Personnel', 'Internet/wi-fi connectivity', 'Shopping Centre', 'Fitness Centre / GYM', 'Club house / Community Center', 'Rain Water Harvesting']",sector 69
"['Security / Fire Alarm', 'Feng Shui / Vaastu Compliant', 'Intercom Facility', 'Lift(s)', 'Maintenance Staff', 'Water Storage', 'Piped-gas', 'Visitor Parking', 'Swimming Pool', 'Park', 'Shopping Centre', 'Fitness Centre / GYM', 'Rain Water Harvesting', 'Club house / Community Center']",sector 50
"['Feng Shui / Vaastu Compliant', 'Intercom Facility', 'Lift(s)', 'Park', 'Shopping Centre', 'Fitness Centre / GYM', 'Club house / Community Center', 'Rain Water Harvesting']",sector 48
,sector 95
"['Feng Shui / Vaastu Compliant', 'Security / Fire Alarm', 'Intercom Facility', 'Lift(s)', 'Maintenance Staff', 'Water Storage', 'Park', 'Visitor Parking']",sector 72
"['Feng Shui / Vaastu Compliant', 'Security / Fire Alarm', 'Lift(s)', 'Maintenance Staff', 'Water Storage', 'Park', 'Visitor Parking', 'Shopping Centre']",sector 70
"['Security / Fire Alarm', 'Lift(s)', 'Maintenance Staff', 'Water Storage', 'Park', 'Visitor Parking']",sector 92
"['Lift(s)', 'Swimming Pool', 'Park', 'Visitor Parking', 'Shopping Centre', 'Fitness Centre / GYM', 'Club house / Community Center']",sector 104
"['Security / Fire Alarm', 'Feng Shui / Vaastu Compliant', 'Private Garden / Terrace', 'Centrally Air Conditioned', 'Water purifier', 'High Ceiling Height', 'Maintenance Staff', 'False Ceiling Lighting', 'Water Storage', 'Separate entry for servant room', 'Recently Renovated', 'Piped-gas', 'Visitor Parking', 'Swimming Pool', 'Park', 'Security Personnel', 'Natural Light', 'Internet/wi-fi connectivity', 'Airy Rooms', 'Spacious Interiors', 'Fitness Centre / GYM', 'Waste Disposal', 'Rain Water Harvesting', 'Club house / Community Center']",sector 83
,sector 102
['Water Storage'],sector 89
"['Security / Fire Alarm', 'Feng Shui / Vaastu Compliant', 'Private Garden / Terrace', 'Intercom Facility', 'Lift(s)', 'Water purifier', 'Maintenance Staff', 'Water Storage', 'No open drainage around', 'Piped-gas', 'Visitor Parking', 'Park', 'Security Personnel', 'Natural Light', 'Internet/wi-fi connectivity', 'Airy Rooms', 'Low Density Society', 'Shopping Centre', 'Waste Disposal', 'Rain Water Harvesting', 'Club house / Community Center']",sector 3
"['Water purifier', 'Security / Fire Alarm', 'Power Back-up', 'Feng Shui / Vaastu Compliant', 'Intercom Facility', 'Lift(s)', 'High Ceiling Height', 'Maintenance Staff', 'False Ceiling Lighting', 'Water Storage', 'Separate entry for servant room', 'No open drainage around', 'Bank Attached Property', 'Piped-gas', 'Internet/wi-fi connectivity', 'Recently Renovated', 'Visitor Parking', 'Swimming Pool', 'Park', 'Security Personnel', 'Natural Light', 'Airy Rooms', 'Spacious Interiors', 'Low Density Society', 'Waste Disposal', 'Rain Water Harvesting', 'Water softening plant', 'Shopping Centre', 'Fitness Centre / GYM', 'Club house / Community Center']",sector 53
,sector 93
"['Lift(s)', 'Maintenance Staff', 'Park']",sector 22
"['Security / Fire Alarm', 'Feng Shui / Vaastu Compliant', 'Water purifier', 'False Ceiling Lighting', 'Water Storage', 'Separate entry for servant room', 'No open drainage around', 'Recently Renovated', 'Piped-gas', 'Visitor Parking', 'Park', 'Security Personnel', 'Natural Light', 'Rain Water Harvesting']",sector 43
"['Water purifier', 'Security / Fire Alarm', 'Power Back-up', 'Feng Shui / Vaastu Compliant', 'Private Garden / Terrace', 'Intercom Facility', 'Lift(s)', 'High Ceiling Height', 'Maintenance Staff', 'False Ceiling Lighting', 'Water Storage', 'Separate entry for servant room', 'No open drainage around', 'Piped-gas', 'Internet/wi-fi connectivity', 'Recently Renovated', 'Visitor Parking', 'Swimming Pool', 'Park', 'Security Personnel', 'Natural Light', 'Airy Rooms', 'Spacious Interiors', 'Rain Water Harvesting', 'Water softening plant', 'Shopping Centre', 'Fitness Centre / GYM', 'Club house / Community Center']",sector 91
,sector 54
"['Feng Shui / Vaastu Compliant', 'Security / Fire Alarm', 'Intercom Facility', 'Lift(s)', 'Maintenance Staff', 'Water Storage', 'Park', 'Visitor Parking']",sector 49
"['Power Back-up', 'Feng Shui / Vaastu Compliant', 'Security / Fire Alarm', 'Intercom Facility', 'Lift(s)', 'Swimming Pool', 'Maintenance Staff', 'Water Storage', 'Park', 'Visitor Parking', 'Shopping Centre', 'Rain Water Harvesting']",sector 86
"['Water purifier', 'Security / Fire Alarm', 'Feng Shui / Vaastu Compliant', 'Intercom Facility', 'Lift(s)', 'High Ceiling Height', 'Maintenance Staff', 'False Ceiling Lighting', 'Water Storage', 'Separate entry for servant room', 'No open drainage around', 'Bank Attached Property', 'Internet/wi-fi connectivity', 'Visitor Parking', 'Swimming Pool', 'Park', 'Security Personnel', 'Natural Light', 'Airy Rooms', 'Spacious Interiors', 'Low Density Society', 'Waste Disposal', 'Rain Water Harvesting', 'Water softening plant', 'Shopping Centre', 'Fitness Centre / GYM', 'Club house / Community Center']",sector 82a
"['Security / Fire Alarm', 'Water purifier', 'Swimming Pool', 'Water Storage', 'Separate entry for servant room', 'Park', 'Recently Renovated', 'Visitor Parking', 'Natural Light', 'Airy Rooms', 'Spacious Interiors']",sector 50
"['Security / Fire Alarm', 'Feng Shui / Vaastu Compliant', 'Private Garden / Terrace', 'Centrally Air Conditioned', 'High Ceiling Height', 'Maintenance Staff', 'False Ceiling Lighting', 'Water Storage', 'No open drainage around', 'Recently Renovated', 'Piped-gas', 'Visitor Parking', 'Swimming Pool', 'Park', 'Security Personnel', 'Natural Light', 'Internet/wi-fi connectivity', 'Airy Rooms', 'Spacious Interiors', 'Low Density Society', 'Fitness Centre / GYM', 'Waste Disposal', 'Rain Water Harvesting', 'Club house / Community Center']",sector 14
,sector 66
"['Centrally Air Conditioned', 'Water purifier', 'Security / Fire Alarm', 'Feng Shui / Vaastu Compliant', 'Private Garden / Terrace', 'Intercom Facility', 'Lift(s)', 'High Ceiling Height', 'Maintenance Staff', 'False Ceiling Lighting', 'Water Storage', 'Separate entry for servant room', 'No open drainage around', 'Piped-gas', 'Internet/wi-fi connectivity', 'Recently Renovated', 'Visitor Parking', 'Swimming Pool', 'Park', 'Security Personnel', 'Natural Light', 'Airy Rooms', 'Spacious Interiors', 'Low Density Society', 'Waste Disposal', 'Rain Water Harvesting', 'Water softening plant', 'Shopping Centre', 'Fitness Centre / GYM', 'Club house / Community Center']",sector 72
,sector 43
"['Security / Fire Alarm', 'Feng Shui / Vaastu Compliant', 'Intercom Facility', 'Lift(s)', 'High Ceiling Height', 'Maintenance Staff', 'Water Storage', 'Separate entry for servant room', 'No open drainage around', 'Bank Attached Property', 'Piped-gas', 'Visitor Parking', 'Swimming Pool', 'Park', 'Security Personnel', 'Internet/wi-fi connectivity', 'Low Density Society', 'Shopping Centre', 'Fitness Centre / GYM', 'Waste Disposal', 'Rain Water Harvesting', 'Club house / Community Center', 'Water softening plant']",sector 79
"['Power Back-up', 'Intercom Facility', 'Lift(s)', 'Swimming Pool', 'Maintenance Staff', 'Security Personnel', 'Fitness Centre / GYM', 'Club house / Community Center', 'Rain Water Harvesting']",sector 56
,sector 56
"['Power Back-up', 'Feng Shui / Vaastu Compliant', 'Lift(s)', 'Maintenance Staff', 'Visitor Parking', 'Swimming Pool', 'Park', 'Natural Light', 'Internet/wi-fi connectivity', 'Airy Rooms', 'Spacious Interiors', 'Shopping Centre', 'Fitness Centre / GYM', 'Rain Water Harvesting', 'Club house / Community Center', 'Water softening plant']",sector 85
"['Centrally Air Conditioned', 'Water purifier', 'Security / Fire Alarm', 'Feng Shui / Vaastu Compliant', 'Intercom Facility', 'Lift(s)', 'High Ceiling Height', 'Maintenance Staff', 'False Ceiling Lighting', 'Water Storage', 'Separate entry for servant room', 'No open drainage around', 'Bank Attached Property', 'Piped-gas', 'Internet/wi-fi connectivity', 'Recently Renovated', 'Visitor Parking', 'Swimming Pool', 'Park', 'Security Personnel', 'Natural Light', 'Airy Rooms', 'Spacious Interiors', 'Low Density Society', 'Waste Disposal', 'Rain Water Harvesting', 'Water softening plant', 'Shopping Centre', 'Fitness Centre / GYM', 'Club house / Community Center']",sector 109
,sector 90
"['Security / Fire Alarm', 'Feng Shui / Vaastu Compliant', 'Intercom Facility', 'Lift(s)', 'Maintenance Staff', 'Water Storage', 'Piped-gas', 'Visitor Parking', 'Swimming Pool', 'Park', 'Internet/wi-fi connectivity', 'Shopping Centre', 'Fitness Centre / GYM', 'Club house / Community Center', 'Water softening plant']",sector 104
"['Intercom Facility', 'Maintenance Staff', 'Water Storage', 'Park']",sector 43
"['Water purifier', 'Security / Fire Alarm', 'Power Back-up', 'Feng Shui / Vaastu Compliant', 'Intercom Facility', 'Lift(s)', 'High Ceiling Height', 'Maintenance Staff', 'Water Storage', 'Separate entry for servant room', 'No open drainage around', 'Bank Attached Property', 'Piped-gas', 'Internet/wi-fi connectivity', 'Visitor Parking', 'Park', 'Security Personnel', 'Natural Light', 'Airy Rooms', 'Spacious Interiors', 'Low Density Society', 'Waste Disposal', 'Rain Water Harvesting', 'Water softening plant', 'Shopping Centre']",sector 109
"['Water Storage', 'Park']",sector 12
"['Feng Shui / Vaastu Compliant', 'Private Garden / Terrace', 'High Ceiling Height', 'Maintenance Staff', 'False Ceiling Lighting', 'Water Storage', 'Separate entry for servant room', 'No open drainage around', 'Recently Renovated', 'Visitor Parking', 'Swimming Pool', 'Park', 'Security Personnel', 'Natural Light', 'Low Density Society', 'Fitness Centre / GYM', 'Waste Disposal', 'Rain Water Harvesting', 'Club house / Community Center']",sector 37d
"['Private Garden / Terrace', 'High Ceiling Height', 'Maintenance Staff', 'False Ceiling Lighting', 'Separate entry for servant room', 'No open drainage around', 'Bank Attached Property', 'Visitor Parking', 'Security Personnel', 'Internet/wi-fi connectivity', 'Low Density Society', 'Fitness Centre / GYM']",sector 71
"['Feng Shui / Vaastu Compliant', 'Private Garden / Terrace', 'Maintenance Staff', 'Water Storage', 'Park', 'Visitor Parking', 'Waste Disposal', 'Rain Water Harvesting']",sector 84
"['Private Garden / Terrace', 'Water purifier', 'False Ceiling Lighting', 'Water Storage', 'Park', 'Piped-gas', 'Visitor Parking', 'Natural Light', 'Spacious Interiors']",sector 37c
"['Security / Fire Alarm', 'Feng Shui / Vaastu Compliant', 'Lift(s)', 'High Ceiling Height', 'Maintenance Staff', 'Water Storage', 'No open drainage around', 'Visitor Parking', 'Swimming Pool', 'Park', 'Security Personnel', 'Low Density Society', 'Shopping Centre', 'Fitness Centre / GYM', 'Waste Disposal', 'Rain Water Harvesting', 'Club house / Community Center']",sector 43
"['Feng Shui / Vaastu Compliant', 'Private Garden / Terrace', 'Maintenance Staff', 'Water Storage', 'Park', 'Visitor Parking', 'Waste Disposal', 'Rain Water Harvesting']",sector 4
"['Feng Shui / Vaastu Compliant', 'Security / Fire Alarm', 'Lift(s)', 'Maintenance Staff', 'Water Storage', 'Park', 'Visitor Parking']",sector 92
"['Security / Fire Alarm', 'Intercom Facility', 'Lift(s)', 'Water purifier', 'High Ceiling Height', 'Maintenance Staff', 'False Ceiling Lighting', 'Recently Renovated', 'Piped-gas', 'Visitor Parking', 'Swimming Pool', 'Park', 'Natural Light', 'Spacious Interiors', 'Fitness Centre / GYM', 'Rain Water Harvesting', 'Club house / Community Center']",sector 37c
"['Feng Shui / Vaastu Compliant', 'Security / Fire Alarm', 'Intercom Facility', 'Lift(s)', 'Maintenance Staff', 'Water Storage', 'Park', 'Visitor Parking']",sector 104
"['Security / Fire Alarm', 'Intercom Facility', 'Lift(s)', 'Maintenance Staff', 'Swimming Pool', 'Park', 'Visitor Parking', 'Fitness Centre / GYM', 'Club house / Community Center', 'Rain Water Harvesting']",sector 90
"['Security / Fire Alarm', 'Feng Shui / Vaastu Compliant', 'Intercom Facility', 'Lift(s)', 'Water purifier', 'High Ceiling Height', 'Maintenance Staff', 'Water Storage', 'Visitor Parking', 'Swimming Pool', 'Park', 'Natural Light', 'Low Density Society', 'Shopping Centre', 'Fitness Centre / GYM', 'Waste Disposal', 'Rain Water Harvesting', 'Club house / Community Center', 'Water softening plant']",sector 89
"['Intercom Facility', 'Lift(s)', 'Swimming Pool', 'Park', 'Shopping Centre', 'Fitness Centre / GYM', 'Club house / Community Center', 'Rain Water Harvesting']",sector 4
"['Intercom Facility', 'Lift(s)', 'Feng Shui / Vaastu Compliant', 'Internet/wi-fi connectivity', 'Swimming Pool', 'Park', 'Club house / Community Center', 'Fitness Centre / GYM']",sector 41
,sector 69
"['Security / Fire Alarm', 'Lift(s)', 'Water purifier', 'Maintenance Staff', 'Water Storage', 'No open drainage around', 'Visitor Parking', 'Swimming Pool', 'Park', 'Security Personnel', 'Natural Light', 'Airy Rooms', 'Spacious Interiors', 'Low Density Society', 'Shopping Centre', 'Fitness Centre / GYM', 'Waste Disposal', 'Rain Water Harvesting', 'Club house / Community Center']",sector 28
"['Centrally Air Conditioned', 'Water purifier', 'Security / Fire Alarm', 'Power Back-up', 'Feng Shui / Vaastu Compliant', 'Private Garden / Terrace', 'Intercom Facility', 'Lift(s)', 'High Ceiling Height', 'Maintenance Staff', 'False Ceiling Lighting', 'Water Storage', 'Separate entry for servant room', 'No open drainage around', 'Piped-gas', 'Internet/wi-fi connectivity', 'Recently Renovated', 'Visitor Parking', 'Swimming Pool', 'Park', 'Security Personnel', 'Natural Light', 'Airy Rooms', 'Spacious Interiors', 'Low Density Society', 'Waste Disposal', 'Rain Water Harvesting', 'Water softening plant', 'Shopping Centre', 'Fitness Centre / GYM', 'Club house / Community Center']",sector 69
,sector 90
"['Power Back-up', 'Intercom Facility', 'Lift(s)', 'Swimming Pool', 'Park', 'Fitness Centre / GYM', 'Club house / Community Center', 'Water softening plant']",sector 83
"['Feng Shui / Vaastu Compliant', 'Security / Fire Alarm', 'Intercom Facility', 'Lift(s)', 'Maintenance Staff', 'Water Storage', 'Park', 'Visitor Parking']",sector 90
,sector 48
"['Lift(s)', 'Swimming Pool', 'Park', 'Fitness Centre / GYM', 'Club house / Community Center']",sector 66
"['Water purifier', 'Centrally Air Conditioned', 'Security / Fire Alarm', 'Feng Shui / Vaastu Compliant', 'Intercom Facility', 'Lift(s)', 'High Ceiling Height', 'Maintenance Staff', 'Water Storage', 'Separate entry for servant room', 'Piped-gas', 'Recently Renovated', 'Visitor Parking', 'Swimming Pool', 'Park', 'Security Personnel', 'Natural Light', 'Airy Rooms', 'Spacious Interiors', 'Low Density Society', 'Waste Disposal', 'Rain Water Harvesting', 'Water softening plant', 'Shopping Centre', 'Fitness Centre / GYM', 'Club house / Community Center']",sector 112
,sector 90
"['Water purifier', 'Centrally Air Conditioned', 'Security / Fire Alarm', 'Feng Shui / Vaastu Compliant', 'Lift(s)', 'High Ceiling Height', 'Maintenance Staff', 'False Ceiling Lighting', 'Water Storage', 'Separate entry for servant room', 'No open drainage around', 'Bank Attached Property', 'Piped-gas', 'Internet/wi-fi connectivity', 'Recently Renovated', 'Visitor Parking', 'Swimming Pool', 'Park', 'Security Personnel', 'Natural Light', 'Airy Rooms', 'Spacious Interiors', 'Low Density Society', 'Waste Disposal', 'Rain Water Harvesting', 'Water softening plant', 'Shopping Centre', 'Fitness Centre / GYM', 'Club house / Community Center']",sector 69
"['Security / Fire Alarm', 'Power Back-up', 'Feng Shui / Vaastu Compliant', 'Private Garden / Terrace', 'Lift(s)', 'Centrally Air Conditioned', 'Water purifier', 'High Ceiling Height', 'Maintenance Staff', 'False Ceiling Lighting', 'Water Storage', 'Separate entry for servant room', 'Piped-gas', 'Visitor Parking', 'Swimming Pool', 'Park', 'Natural Light', 'Internet/wi-fi connectivity', 'Airy Rooms', 'Shopping Centre', 'Fitness Centre / GYM', 'Waste Disposal', 'Club house / Community Center', 'Water softening plant']",sector 79
"['Centrally Air Conditioned', 'Water purifier', 'Security / Fire Alarm', 'Feng Shui / Vaastu Compliant', 'Private Garden / Terrace', 'Intercom Facility', 'Lift(s)', 'High Ceiling Height', 'Maintenance Staff', 'False Ceiling Lighting', 'Water Storage', 'Separate entry for servant room', 'No open drainage around', 'Bank Attached Property', 'Piped-gas', 'Internet/wi-fi connectivity', 'Visitor Parking', 'Swimming Pool', 'Park', 'Security Personnel', 'Natural Light', 'Airy Rooms', 'Spacious Interiors', 'Low Density Society', 'Waste Disposal', 'Rain Water Harvesting', 'Water softening plant', 'Shopping Centre', 'Fitness Centre / GYM', 'Club house / Community Center']",sector 108
"['Intercom Facility', 'Lift(s)', 'Maintenance Staff', 'Swimming Pool', 'Park', 'Security Personnel', 'Internet/wi-fi connectivity', 'Shopping Centre', 'Fitness Centre / GYM', 'Club house / Community Center', 'Rain Water Harvesting']",manesar
,sohna road
"['Intercom Facility', 'Lift(s)', 'Park', 'Shopping Centre', 'Fitness Centre / GYM', 'Club house / Community Center']",sector 102
['Private Garden / Terrace'],sector 106
"['Feng Shui / Vaastu Compliant', 'Security / Fire Alarm', 'Intercom Facility', 'Lift(s)', 'Maintenance Staff', 'Water Storage', 'Park', 'Visitor Parking']",sector 49
"['Power Back-up', 'Intercom Facility', 'Lift(s)', 'Swimming Pool', 'Park', 'Visitor Parking', 'Natural Light', 'Airy Rooms', 'Fitness Centre / GYM', 'Club house / Community Center', 'Water softening plant']",sector 70a
"['Security / Fire Alarm', 'Feng Shui / Vaastu Compliant', 'Intercom Facility', 'Lift(s)', 'Maintenance Staff', 'Water Storage', 'Separate entry for servant room', 'No open drainage around', 'Piped-gas', 'Visitor Parking', 'Swimming Pool', 'Park', 'Security Personnel', 'Natural Light', 'Airy Rooms', 'Spacious Interiors', 'Shopping Centre', 'Fitness Centre / GYM', 'Waste Disposal', 'Rain Water Harvesting', 'Club house / Community Center', 'Water softening plant']",sector 88a
"['Security / Fire Alarm', 'Intercom Facility', 'Lift(s)', 'Maintenance Staff', 'False Ceiling Lighting', 'Water Storage', 'Park', 'Visitor Parking', 'Airy Rooms', 'Spacious Interiors']",sector 86
"['Natural Light', 'Airy Rooms']",sector 66
"['Power Back-up', 'Intercom Facility', 'Lift(s)', 'Maintenance Staff', 'No open drainage around', 'Swimming Pool', 'Park', 'Security Personnel', 'Internet/wi-fi connectivity', 'Shopping Centre', 'Fitness Centre / GYM', 'Waste Disposal', 'Rain Water Harvesting', 'Club house / Community Center', 'Water softening plant']",sector 33
,sector 109
,sector 60
"['Centrally Air Conditioned', 'Water purifier', 'Security / Fire Alarm', 'Feng Shui / Vaastu Compliant', 'Private Garden / Terrace', 'Intercom Facility', 'Lift(s)', 'High Ceiling Height', 'Maintenance Staff', 'False Ceiling Lighting', 'Water Storage', 'Separate entry for servant room', 'No open drainage around', 'Bank Attached Property', 'Piped-gas', 'Internet/wi-fi connectivity', 'Recently Renovated', 'Visitor Parking', 'Swimming Pool', 'Park', 'Security Personnel', 'Natural Light', 'Airy Rooms', 'Spacious Interiors', 'Low Density Society', 'Waste Disposal', 'Rain Water Harvesting', 'Water softening plant', 'Shopping Centre', 'Fitness Centre / GYM', 'Club house / Community Center']",sector 50
['Water Storage'],sector 107
"['Security / Fire Alarm', 'Power Back-up', 'Lift(s)', 'Water purifier', 'High Ceiling Height', 'Maintenance Staff', 'Water Storage', 'No open drainage around', 'Visitor Parking', 'Swimming Pool', 'Park', 'Security Personnel', 'Natural Light', 'Airy Rooms', 'Shopping Centre', 'Fitness Centre / GYM', 'Waste Disposal', 'Rain Water Harvesting', 'Club house / Community Center']",sector 110
"['Power Back-up', 'Feng Shui / Vaastu Compliant', 'Intercom Facility', 'Lift(s)', 'Maintenance Staff', 'Piped-gas', 'Swimming Pool', 'Park', 'Security Personnel', 'Natural Light', 'Internet/wi-fi connectivity', 'Shopping Centre', 'Fitness Centre / GYM', 'Rain Water Harvesting', 'Club house / Community Center', 'Water softening plant']",sector 50
"['Security / Fire Alarm', 'Intercom Facility', 'Lift(s)', 'Maintenance Staff', 'Water Storage', 'No open drainage around', 'Visitor Parking', 'Swimming Pool', 'Park', 'Security Personnel', 'Natural Light', 'Internet/wi-fi connectivity', 'Airy Rooms', 'Low Density Society', 'Shopping Centre', 'Fitness Centre / GYM', 'Waste Disposal', 'Rain Water Harvesting', 'Club house / Community Center', 'Water softening plant']",sector 3 phase 3 extension
"['Intercom Facility', 'Lift(s)', 'Feng Shui / Vaastu Compliant', 'Swimming Pool', 'Security Personnel', 'Maintenance Staff', 'Park', 'Club house / Community Center', 'Fitness Centre / GYM']",sector 3 phase 2
,sector 25
"['Feng Shui / Vaastu Compliant', 'Security / Fire Alarm', 'Intercom Facility', 'Lift(s)', 'Maintenance Staff', 'Water Storage', 'Park', 'Visitor Parking']",sector 46
"['Maintenance Staff', 'Park', 'Visitor Parking']",sector 2
,sector 4
"['Feng Shui / Vaastu Compliant', 'Private Garden / Terrace', 'High Ceiling Height', 'Water Storage', 'Park']",sector 26
,sector 82
"['Feng Shui / Vaastu Compliant', 'Maintenance Staff', 'Water Storage', 'Separate entry for servant room', 'Visitor Parking', 'Security Personnel', 'Internet/wi-fi connectivity', 'Waste Disposal', 'Rain Water Harvesting']",new sector 2
"['Feng Shui / Vaastu Compliant', 'Security / Fire Alarm', 'Intercom Facility', 'Lift(s)', 'Maintenance Staff', 'Park', 'Visitor Parking']",sector 82
"['Power Back-up', 'Intercom Facility', 'Swimming Pool', 'Maintenance Staff', 'Park', 'Piped-gas', 'Security Personnel', 'Fitness Centre / GYM', 'Club house / Community Center', 'Rain Water Harvesting']",sector 79
"['Lift(s)', 'Swimming Pool', 'Park', 'Internet/wi-fi connectivity', 'Fitness Centre / GYM', 'Club house / Community Center']",sector 77
"['Power Back-up', 'Lift(s)', 'Swimming Pool', 'Park', 'Fitness Centre / GYM', 'Club house / Community Center']",sector 72
"['Intercom Facility', 'Lift(s)', 'Maintenance Staff', 'Park']",sector 99
"['Centrally Air Conditioned', 'Water purifier', 'High Ceiling Height', 'Separate entry for servant room', 'No open drainage around', 'Recently Renovated', 'Piped-gas', 'Swimming Pool', 'Security Personnel', 'Natural Light', 'Internet/wi-fi connectivity', 'Airy Rooms', 'Spacious Interiors', 'Shopping Centre', 'Fitness Centre / GYM', 'Waste Disposal', 'Rain Water Harvesting', 'Club house / Community Center', 'Water softening plant']",sector 104
"['Security / Fire Alarm', 'Intercom Facility', 'Lift(s)', 'Maintenance Staff', 'Swimming Pool', 'Water Storage', 'Park', 'Visitor Parking', 'Security Personnel', 'Fitness Centre / GYM', 'Club house / Community Center', 'Rain Water Harvesting']",sector 89
"['Power Back-up', 'Lift(s)', 'Park', 'Piped-gas']",sector 92
"['Feng Shui / Vaastu Compliant', 'Intercom Facility', 'Lift(s)', 'High Ceiling Height', 'Maintenance Staff', 'Water Storage', 'Separate entry for servant room', 'Piped-gas', 'Visitor Parking', 'Park', 'Security Personnel', 'Natural Light', 'Internet/wi-fi connectivity', 'Airy Rooms', 'Spacious Interiors', 'Low Density Society', 'Shopping Centre', 'Waste Disposal', 'Rain Water Harvesting']",sector 79
"['Power Back-up', 'Intercom Facility', 'Lift(s)', 'Maintenance Staff', 'Park', 'Piped-gas', 'Security Personnel', 'Internet/wi-fi connectivity', 'Shopping Centre', 'Rain Water Harvesting']",sector 95
"['Power Back-up', 'Intercom Facility', 'Lift(s)', 'Swimming Pool', 'Park', 'Fitness Centre / GYM', 'Club house / Community Center', 'Rain Water Harvesting']",sector 99a
,sector 79
"['Centrally Air Conditioned', 'Water purifier', 'Security / Fire Alarm', 'Feng Shui / Vaastu Compliant', 'Intercom Facility', 'Lift(s)', 'High Ceiling Height', 'Maintenance Staff', 'Water Storage', 'Separate entry for servant room', 'No open drainage around', 'Piped-gas', 'Internet/wi-fi connectivity', 'Visitor Parking', 'Swimming Pool', 'Park', 'Security Personnel', 'Airy Rooms', 'Spacious Interiors', 'Waste Disposal', 'Rain Water Harvesting', 'Water softening plant', 'Shopping Centre', 'Fitness Centre / GYM', 'Club house / Community Center']",sector 43
"['Security / Fire Alarm', 'Intercom Facility', 'Lift(s)', 'Maintenance Staff', 'Water Storage', 'Park', 'Visitor Parking']",sector 62
"['Security / Fire Alarm', 'Lift(s)', 'Maintenance Staff', 'Park']",sector 65
"['Centrally Air Conditioned', 'Water purifier', 'Security / Fire Alarm', 'Power Back-up', 'Feng Shui / Vaastu Compliant', 'Intercom Facility', 'Lift(s)', 'High Ceiling Height', 'Maintenance Staff', 'False Ceiling Lighting', 'Water Storage', 'No open drainage around', 'Internet/wi-fi connectivity', 'Recently Renovated', 'Visitor Parking', 'Swimming Pool', 'Park', 'Security Personnel', 'Natural Light', 'Airy Rooms', 'Spacious Interiors', 'Low Density Society', 'Waste Disposal', 'Rain Water Harvesting', 'Water softening plant', 'Shopping Centre', 'Fitness Centre / GYM', 'Club house / Community Center']",sector 23
"['Feng Shui / Vaastu Compliant', 'Security / Fire Alarm', 'Intercom Facility', 'Lift(s)', 'Maintenance Staff', 'Water Storage', 'Park', 'Visitor Parking']",sector 81
"['Security / Fire Alarm', 'Intercom Facility', 'Lift(s)', 'Maintenance Staff', 'Water Storage', 'Park', 'Visitor Parking']",sector 81
"['Security / Fire Alarm', 'Intercom Facility', 'Lift(s)', 'Maintenance Staff', 'Water Storage', 'Park', 'Visitor Parking']",sohna road
"['Security / Fire Alarm', 'Intercom Facility', 'Lift(s)', 'Water purifier', 'High Ceiling Height', 'Maintenance Staff', 'False Ceiling Lighting', 'Recently Renovated', 'Piped-gas', 'Visitor Parking', 'Swimming Pool', 'Park', 'Natural Light', 'Spacious Interiors', 'Fitness Centre / GYM', 'Rain Water Harvesting', 'Club house / Community Center']",sector 65
"['Feng Shui / Vaastu Compliant', 'Security / Fire Alarm', 'Intercom Facility', 'Lift(s)', 'Maintenance Staff', 'Water Storage', 'Park', 'Visitor Parking']",sector 7
"['Water purifier', 'Security / Fire Alarm', 'Feng Shui / Vaastu Compliant', 'Private Garden / Terrace', 'Intercom Facility', 'Lift(s)', 'Maintenance Staff', 'Water Storage', 'Separate entry for servant room', 'No open drainage around', 'Bank Attached Property', 'Piped-gas', 'Internet/wi-fi connectivity', 'Recently Renovated', 'Visitor Parking', 'Swimming Pool', 'Park', 'Security Personnel', 'Natural Light', 'Airy Rooms', 'Spacious Interiors', 'Low Density Society', 'Waste Disposal', 'Rain Water Harvesting', 'Water softening plant', 'Shopping Centre', 'Fitness Centre / GYM', 'Club house / Community Center']",sector 106
"['Feng Shui / Vaastu Compliant', 'Maintenance Staff', 'Water Storage', 'Park', 'Visitor Parking', 'Waste Disposal', 'Rain Water Harvesting']",sector 109
,sector 72
"['Security / Fire Alarm', 'Feng Shui / Vaastu Compliant', 'Lift(s)', 'Water purifier', 'High Ceiling Height', 'Maintenance Staff', 'Water Storage', 'Recently Renovated', 'Visitor Parking', 'Park', 'Security Personnel', 'Airy Rooms', 'Spacious Interiors', 'Shopping Centre', 'Waste Disposal', 'Rain Water Harvesting', 'Club house / Community Center']",sector 102
"['Feng Shui / Vaastu Compliant', 'Security / Fire Alarm', 'Intercom Facility', 'Lift(s)', 'Maintenance Staff', 'Water Storage', 'Park', 'Visitor Parking']",sector 37d
,sector 102
"['Security / Fire Alarm', 'Feng Shui / Vaastu Compliant', 'Intercom Facility', 'Lift(s)', 'Water purifier', 'High Ceiling Height', 'Maintenance Staff', 'Water Storage', 'Separate entry for servant room', 'No open drainage around', 'Visitor Parking', 'Swimming Pool', 'Park', 'Security Personnel', 'Natural Light', 'Internet/wi-fi connectivity', 'Airy Rooms', 'Low Density Society', 'Shopping Centre', 'Fitness Centre / GYM', 'Waste Disposal', 'Rain Water Harvesting', 'Club house / Community Center', 'Water softening plant']",sector 92
"['Intercom Facility', 'Lift(s)', 'Swimming Pool', 'Park', 'Piped-gas', 'Security Personnel', 'Natural Light', 'Airy Rooms', 'Fitness Centre / GYM', 'Club house / Community Center', 'Rain Water Harvesting']",sector 81
"['Security / Fire Alarm', 'Feng Shui / Vaastu Compliant', 'Private Garden / Terrace', 'Centrally Air Conditioned', 'Water purifier', 'High Ceiling Height', 'Maintenance Staff', 'False Ceiling Lighting', 'Water Storage', 'Separate entry for servant room', 'No open drainage around', 'Piped-gas', 'Visitor Parking', 'Swimming Pool', 'Park', 'Natural Light', 'Internet/wi-fi connectivity', 'Airy Rooms', 'Spacious Interiors', 'Low Density Society', 'Fitness Centre / GYM', 'Waste Disposal', 'Rain Water Harvesting', 'Club house / Community Center']",sector 12
"['Water purifier', 'Security / Fire Alarm', 'Feng Shui / Vaastu Compliant', 'Private Garden / Terrace', 'Intercom Facility', 'Lift(s)', 'High Ceiling Height', 'Maintenance Staff', 'Water Storage', 'No open drainage around', 'Piped-gas', 'Internet/wi-fi connectivity', 'Visitor Parking', 'Park', 'Security Personnel', 'Natural Light', 'Airy Rooms', 'Spacious Interiors', 'Low Density Society', 'Waste Disposal', 'Rain Water Harvesting', 'Water softening plant', 'Shopping Centre', 'Fitness Centre / GYM', 'Club house / Community Center']",sector 89
"['Maintenance Staff', 'Water Storage']",sohna road
"['Power Back-up', 'Intercom Facility', 'Lift(s)', 'Maintenance Staff', 'Park', 'Natural Light', 'Airy Rooms', 'Fitness Centre / GYM', 'Waste Disposal']",sector 37c
"['Centrally Air Conditioned', 'Water purifier', 'Security / Fire Alarm', 'Feng Shui / Vaastu Compliant', 'Private Garden / Terrace', 'Intercom Facility', 'Lift(s)', 'High Ceiling Height', 'Maintenance Staff', 'False Ceiling Lighting', 'Water Storage', 'No open drainage around', 'Bank Attached Property', 'Piped-gas', 'Internet/wi-fi connectivity', 'Recently Renovated', 'Visitor Parking', 'Swimming Pool', 'Park', 'Security Personnel', 'Airy Rooms', 'Spacious Interiors', 'Low Density Society', 'Waste Disposal', 'Rain Water Harvesting', 'Water softening plant', 'Shopping Centre', 'Fitness Centre / GYM', 'Club house / Community Center']",sector 104
"['Power Back-up', 'Lift(s)', 'Swimming Pool', 'Maintenance Staff', 'Water Storage', 'Park', 'Shopping Centre', 'Fitness Centre / GYM', 'Rain Water Harvesting']",sector 86
"['Security / Fire Alarm', 'Feng Shui / Vaastu Compliant', 'Intercom Facility', 'Lift(s)', 'Water purifier', 'Maintenance Staff', 'Water Storage', 'Piped-gas', 'Visitor Parking', 'Swimming Pool', 'Park', 'Security Personnel', 'Shopping Centre', 'Fitness Centre / GYM', 'Waste Disposal', 'Rain Water Harvesting', 'Club house / Community Center', 'Water softening plant']",sohna road
"['Security / Fire Alarm', 'Feng Shui / Vaastu Compliant', 'Intercom Facility', 'Lift(s)', 'Centrally Air Conditioned', 'High Ceiling Height', 'Maintenance Staff', 'Water Storage', 'No open drainage around', 'Visitor Parking', 'Swimming Pool', 'Park', 'Security Personnel', 'Natural Light', 'Airy Rooms', 'Spacious Interiors', 'Low Density Society', 'Shopping Centre', 'Fitness Centre / GYM', 'Club house / Community Center']",sector 70
"['Centrally Air Conditioned', 'Security / Fire Alarm', 'Power Back-up', 'Feng Shui / Vaastu Compliant', 'Intercom Facility', 'Lift(s)', 'High Ceiling Height', 'Maintenance Staff', 'False Ceiling Lighting', 'Water Storage', 'Separate entry for servant room', 'No open drainage around', 'Bank Attached Property', 'Piped-gas', 'Internet/wi-fi connectivity', 'Recently Renovated', 'Visitor Parking', 'Swimming Pool', 'Park', 'Security Personnel', 'Natural Light', 'Airy Rooms', 'Spacious Interiors', 'Low Density Society', 'Waste Disposal', 'Rain Water Harvesting', 'Water softening plant', 'Shopping Centre', 'Fitness Centre / GYM', 'Club house / Community Center']",sector 67a
,sector 109
"['Feng Shui / Vaastu Compliant', 'Security / Fire Alarm', 'Intercom Facility', 'Lift(s)', 'Maintenance Staff', 'Water Storage', 'Park', 'Visitor Parking']",sector 82a
"['Security / Fire Alarm', 'Feng Shui / Vaastu Compliant', 'Lift(s)', 'Centrally Air Conditioned', 'High Ceiling Height', 'Maintenance Staff', 'No open drainage around', 'Recently Renovated', 'Park', 'Security Personnel', 'Natural Light', 'Internet/wi-fi connectivity', 'Airy Rooms', 'Low Density Society', 'Shopping Centre', 'Waste Disposal']",sector 56
"['Centrally Air Conditioned', 'Water purifier', 'Security / Fire Alarm', 'Power Back-up', 'Feng Shui / Vaastu Compliant', 'Private Garden / Terrace', 'Intercom Facility', 'Lift(s)', 'High Ceiling Height', 'Maintenance Staff', 'Water Storage', 'Separate entry for servant room', 'No open drainage around', 'Bank Attached Property', 'Internet/wi-fi connectivity', 'Recently Renovated', 'Visitor Parking', 'Swimming Pool', 'Park', 'Security Personnel', 'Natural Light', 'Airy Rooms', 'Spacious Interiors', 'Low Density Society', 'Waste Disposal', 'Rain Water Harvesting', 'Water softening plant', 'Shopping Centre', 'Fitness Centre / GYM', 'Club house / Community Center']",sector 23
"['Security / Fire Alarm', 'Feng Shui / Vaastu Compliant', 'Intercom Facility', 'Lift(s)', 'Maintenance Staff', 'Water Storage', 'Piped-gas', 'Visitor Parking', 'Swimming Pool', 'Park', 'Security Personnel', 'Airy Rooms', 'Fitness Centre / GYM', 'Waste Disposal', 'Rain Water Harvesting', 'Club house / Community Center', 'Water softening plant']",sector 104
,sector 61
['Natural Light'],sector 77
"['Power Back-up', 'Lift(s)', 'Swimming Pool', 'Fitness Centre / GYM', 'Club house / Community Center']",sector 3 phase 3 extension
"['Centrally Air Conditioned', 'Water purifier', 'Security / Fire Alarm', 'Feng Shui / Vaastu Compliant', 'Private Garden / Terrace', 'Intercom Facility', 'Lift(s)', 'High Ceiling Height', 'Maintenance Staff', 'Water Storage', 'Separate entry for servant room', 'No open drainage around', 'Bank Attached Property', 'Piped-gas', 'Internet/wi-fi connectivity', 'Recently Renovated', 'Visitor Parking', 'Swimming Pool', 'Park', 'Security Personnel', 'Natural Light', 'Airy Rooms', 'Low Density Society', 'Waste Disposal', 'Rain Water Harvesting', 'Water softening plant', 'Shopping Centre', 'Fitness Centre / GYM', 'Club house / Community Center']",sector 90
,sector 33
"['Feng Shui / Vaastu Compliant', 'Security / Fire Alarm', 'Intercom Facility', 'Lift(s)', 'Maintenance Staff', 'Water Storage', 'Park', 'Visitor Parking']",sector 85
"['Power Back-up', 'Lift(s)', 'Maintenance Staff', 'Park', 'Shopping Centre']",sector 102
"['Private Garden / Terrace', 'High Ceiling Height', 'Maintenance Staff', 'Water Storage', 'Park', 'Recently Renovated', 'Bank Attached Property', 'Visitor Parking', 'Natural Light', 'Airy Rooms', 'Spacious Interiors', 'Club house / Community Center']",sector 79
"['Security / Fire Alarm', 'Power Back-up', 'Private Garden / Terrace', 'Intercom Facility', 'Lift(s)', 'Maintenance Staff', 'Separate entry for servant room', 'No open drainage around', 'Visitor Parking', 'Swimming Pool', 'Park', 'Security Personnel', 'Natural Light', 'Airy Rooms', 'Shopping Centre', 'Fitness Centre / GYM', 'Club house / Community Center']",sector 103
"['Security / Fire Alarm', 'Intercom Facility', 'Lift(s)', 'Maintenance Staff', 'Water Storage', 'Park', 'Visitor Parking']",sector 28
"['Feng Shui / Vaastu Compliant', 'Security / Fire Alarm', 'Lift(s)', 'Maintenance Staff', 'Water Storage', 'Park', 'Visitor Parking']",sector 79
"['Security / Fire Alarm', 'Private Garden / Terrace', 'High Ceiling Height', 'Separate entry for servant room', 'Park', 'Bank Attached Property', 'Visitor Parking', 'Security Personnel', 'Airy Rooms', 'Low Density Society']",sector 89
"['Water Storage', 'Park']",sohna road
"['Private Garden / Terrace', 'Water Storage', 'Visitor Parking']",sector 37d
"['Security / Fire Alarm', 'Feng Shui / Vaastu Compliant', 'Intercom Facility', 'Lift(s)', 'High Ceiling Height', 'Maintenance Staff', 'Water Storage', 'No open drainage around', 'Bank Attached Property', 'Piped-gas', 'Internet/wi-fi connectivity', 'Recently Renovated', 'Visitor Parking', 'Swimming Pool', 'Park', 'Security Personnel', 'Natural Light', 'Airy Rooms', 'Spacious Interiors', 'Low Density Society', 'Waste Disposal', 'Rain Water Harvesting', 'Water softening plant', 'Shopping Centre', 'Fitness Centre / GYM', 'Club house / Community Center']",sector 102
"['Security / Fire Alarm', 'Lift(s)', 'Maintenance Staff', 'Water Storage', 'Park', 'Visitor Parking']",sector 68
"['Security / Fire Alarm', 'Feng Shui / Vaastu Compliant', 'Private Garden / Terrace', 'Water purifier', 'High Ceiling Height', 'Maintenance Staff', 'False Ceiling Lighting', 'Water Storage', 'Separate entry for servant room', 'No open drainage around', 'Visitor Parking', 'Park', 'Natural Light', 'Internet/wi-fi connectivity', 'Airy Rooms', 'Waste Disposal', 'Rain Water Harvesting', 'Club house / Community Center']",sector 25
,sector 108
"['Feng Shui / Vaastu Compliant', 'Private Garden / Terrace', 'High Ceiling Height', 'Water Storage', 'Separate entry for servant room', 'No open drainage around', 'Recently Renovated', 'Visitor Parking', 'Park', 'Natural Light', 'Internet/wi-fi connectivity', 'Airy Rooms', 'Spacious Interiors', 'Waste Disposal', 'Rain Water Harvesting']",sector 37c
"['Security / Fire Alarm', 'Power Back-up', 'Feng Shui / Vaastu Compliant', 'Intercom Facility', 'Lift(s)', 'High Ceiling Height', 'Maintenance Staff', 'False Ceiling Lighting', 'Water Storage', 'Separate entry for servant room', 'No open drainage around', 'Piped-gas', 'Visitor Parking', 'Swimming Pool', 'Park', 'Internet/wi-fi connectivity', 'Shopping Centre', 'Fitness Centre / GYM', 'Waste Disposal', 'Rain Water Harvesting', 'Club house / Community Center', 'Water softening plant']",sector 82a
,sector 67a
"['Security / Fire Alarm', 'Power Back-up', 'Feng Shui / Vaastu Compliant', 'Intercom Facility', 'Lift(s)', 'Maintenance Staff', 'False Ceiling Lighting', 'Water Storage', 'Piped-gas', 'Visitor Parking', 'Swimming Pool', 'Park', 'Security Personnel', 'Internet/wi-fi connectivity', 'Shopping Centre', 'Fitness Centre / GYM', 'Waste Disposal', 'Rain Water Harvesting', 'Club house / Community Center', 'Water softening plant']",sohna road road
,sector 105
"['Feng Shui / Vaastu Compliant', 'Private Garden / Terrace', 'Maintenance Staff', 'Water Storage', 'Park', 'Visitor Parking', 'Waste Disposal']",sector 43
,sector 107
"['Water purifier', 'Centrally Air Conditioned', 'Security / Fire Alarm', 'Feng Shui / Vaastu Compliant', 'Private Garden / Terrace', 'Intercom Facility', 'Lift(s)', 'High Ceiling Height', 'Maintenance Staff', 'False Ceiling Lighting', 'Water Storage', 'Separate entry for servant room', 'No open drainage around', 'Bank Attached Property', 'Piped-gas', 'Internet/wi-fi connectivity', 'Recently Renovated', 'Visitor Parking', 'Swimming Pool', 'Park', 'Security Personnel', 'Natural Light', 'Airy Rooms', 'Spacious Interiors', 'Low Density Society', 'Waste Disposal', 'Rain Water Harvesting', 'Water softening plant', 'Shopping Centre', 'Fitness Centre / GYM', 'Club house / Community Center']",sector 108
"['Water purifier', 'Centrally Air Conditioned', 'Security / Fire Alarm', 'Power Back-up', 'Feng Shui / Vaastu Compliant', 'Private Garden / Terrace', 'Intercom Facility', 'Lift(s)', 'High Ceiling Height', 'Maintenance Staff', 'False Ceiling Lighting', 'Water Storage', 'Separate entry for servant room', 'No open drainage around', 'Bank Attached Property', 'Internet/wi-fi connectivity', 'Recently Renovated', 'Visitor Parking', 'Swimming Pool', 'Park', 'Security Personnel', 'Natural Light', 'Airy Rooms', 'Spacious Interiors', 'Low Density Society', 'Waste Disposal', 'Rain Water Harvesting', 'Water softening plant', 'Shopping Centre', 'Fitness Centre / GYM', 'Club house / Community Center']",sohna road
,sector 95
,sector 95
"['Feng Shui / Vaastu Compliant', 'High Ceiling Height', 'False Ceiling Lighting', 'Separate entry for servant room', 'Visitor Parking', 'Waste Disposal']",sector 83
"['Centrally Air Conditioned', 'Water purifier', 'Security / Fire Alarm', 'Feng Shui / Vaastu Compliant', 'Private Garden / Terrace', 'Intercom Facility', 'Lift(s)', 'High Ceiling Height', 'Maintenance Staff', 'False Ceiling Lighting', 'Water Storage', 'Separate entry for servant room', 'No open drainage around', 'Bank Attached Property', 'Piped-gas', 'Internet/wi-fi connectivity', 'Recently Renovated', 'Visitor Parking', 'Swimming Pool', 'Park', 'Security Personnel', 'Natural Light', 'Airy Rooms', 'Spacious Interiors', 'Low Density Society', 'Waste Disposal', 'Rain Water Harvesting', 'Water softening plant', 'Shopping Centre', 'Fitness Centre / GYM', 'Club house / Community Center']",sector 43
"['Intercom Facility', 'Lift(s)', 'High Ceiling Height', 'Maintenance Staff', 'Separate entry for servant room', 'No open drainage around', 'Swimming Pool', 'Park', 'Security Personnel', 'Internet/wi-fi connectivity', 'Shopping Centre', 'Fitness Centre / GYM', 'Club house / Community Center', 'Water softening plant']",sector 70
"['Security / Fire Alarm', 'Power Back-up', 'Feng Shui / Vaastu Compliant', 'Intercom Facility', 'Lift(s)', 'High Ceiling Height', 'Maintenance Staff', 'False Ceiling Lighting', 'Water Storage', 'Piped-gas', 'Visitor Parking', 'Swimming Pool', 'Park', 'Security Personnel', 'Internet/wi-fi connectivity', 'Shopping Centre', 'Fitness Centre / GYM', 'Rain Water Harvesting', 'Club house / Community Center', 'Water softening plant']",sector 46
"['Feng Shui / Vaastu Compliant', 'Security / Fire Alarm', 'Lift(s)', 'Maintenance Staff', 'Water Storage', 'Park', 'Visitor Parking']",sector 90
"['Feng Shui / Vaastu Compliant', 'Security / Fire Alarm', 'Intercom Facility', 'Lift(s)', 'Maintenance Staff', 'Water Storage', 'Park', 'Visitor Parking']",sohna road
,sohna road
"['Security / Fire Alarm', 'Private Garden / Terrace', 'Lift(s)', 'Water purifier', 'High Ceiling Height', 'Maintenance Staff', 'Water Storage', 'Separate entry for servant room', 'No open drainage around', 'Swimming Pool', 'Park', 'Security Personnel', 'Spacious Interiors', 'Shopping Centre', 'Fitness Centre / GYM', 'Club house / Community Center']",sector 54
"['Feng Shui / Vaastu Compliant', 'Private Garden / Terrace', 'Maintenance Staff', 'Water Storage', 'Park', 'Visitor Parking', 'Waste Disposal', 'Rain Water Harvesting']",new sector 2
"['Security / Fire Alarm', 'Power Back-up', 'Feng Shui / Vaastu Compliant', 'Intercom Facility', 'Lift(s)', 'High Ceiling Height', 'Maintenance Staff', 'Water Storage', 'No open drainage around', 'Recently Renovated', 'Bank Attached Property', 'Visitor Parking', 'Swimming Pool', 'Park', 'Security Personnel', 'Natural Light', 'Internet/wi-fi connectivity', 'Shopping Centre', 'Fitness Centre / GYM', 'Waste Disposal', 'Rain Water Harvesting', 'Club house / Community Center', 'Water softening plant']",sector 65
"['Security / Fire Alarm', 'Feng Shui / Vaastu Compliant', 'Intercom Facility', 'Lift(s)', 'Maintenance Staff', 'Water Storage', 'No open drainage around', 'Piped-gas', 'Visitor Parking', 'Swimming Pool', 'Park', 'Security Personnel', 'Natural Light', 'Airy Rooms', 'Spacious Interiors', 'Low Density Society', 'Shopping Centre', 'Fitness Centre / GYM', 'Waste Disposal', 'Rain Water Harvesting', 'Club house / Community Center', 'Water softening plant']",sector 105
"['Feng Shui / Vaastu Compliant', 'Security / Fire Alarm', 'Intercom Facility', 'Lift(s)', 'Maintenance Staff', 'Water Storage', 'Park', 'Visitor Parking']",sector 68
"['Feng Shui / Vaastu Compliant', 'Security / Fire Alarm', 'Intercom Facility', 'Lift(s)', 'Maintenance Staff', 'Water Storage', 'Park', 'Visitor Parking']",sector 81
"['Feng Shui / Vaastu Compliant', 'Private Garden / Terrace', 'Park', 'Visitor Parking']",sector 102
"['Centrally Air Conditioned', 'Water purifier', 'Security / Fire Alarm', 'Feng Shui / Vaastu Compliant', 'Private Garden / Terrace', 'Intercom Facility', 'Lift(s)', 'High Ceiling Height', 'Maintenance Staff', 'False Ceiling Lighting', 'Separate entry for servant room', 'No open drainage around', 'Bank Attached Property', 'Piped-gas', 'Internet/wi-fi connectivity', 'Recently Renovated', 'Visitor Parking', 'Swimming Pool', 'Park', 'Security Personnel', 'Natural Light', 'Airy Rooms', 'Spacious Interiors', 'Low Density Society', 'Waste Disposal', 'Rain Water Harvesting', 'Water softening plant', 'Shopping Centre', 'Fitness Centre / GYM', 'Club house / Community Center']",sector 28
,sector 103
['Water Storage'],sector 72
,sector 102
"['Feng Shui / Vaastu Compliant', 'Security / Fire Alarm', 'Intercom Facility', 'Lift(s)', 'Maintenance Staff', 'Water Storage', 'Park', 'Visitor Parking']",sohna road
,sector 86
,sector 53
"['Feng Shui / Vaastu Compliant', 'Private Garden / Terrace', 'High Ceiling Height', 'Maintenance Staff', 'Water Storage', 'Visitor Parking', 'Swimming Pool', 'Park', 'Security Personnel', 'Natural Light', 'Airy Rooms', 'Spacious Interiors', 'Fitness Centre / GYM', 'Waste Disposal', 'Rain Water Harvesting', 'Club house / Community Center']",sector 113
"['Lift(s)', 'Water Storage']",sector 102
"['Centrally Air Conditioned', 'Water purifier', 'Security / Fire Alarm', 'Feng Shui / Vaastu Compliant', 'Intercom Facility', 'Lift(s)', 'High Ceiling Height', 'Maintenance Staff', 'False Ceiling Lighting', 'Water Storage', 'No open drainage around', 'Bank Attached Property', 'Internet/wi-fi connectivity', 'Recently Renovated', 'Visitor Parking', 'Swimming Pool', 'Park', 'Security Personnel', 'Natural Light', 'Airy Rooms', 'Spacious Interiors', 'Waste Disposal', 'Rain Water Harvesting', 'Water softening plant', 'Shopping Centre', 'Fitness Centre / GYM', 'Club house / Community Center']",sector 109
,sector 56
"['Water purifier', 'Centrally Air Conditioned', 'Security / Fire Alarm', 'Power Back-up', 'Feng Shui / Vaastu Compliant', 'Intercom Facility', 'Lift(s)', 'High Ceiling Height', 'Maintenance Staff', 'False Ceiling Lighting', 'Water Storage', 'Separate entry for servant room', 'No open drainage around', 'Bank Attached Property', 'Piped-gas', 'Internet/wi-fi connectivity', 'Recently Renovated', 'Visitor Parking', 'Swimming Pool', 'Park', 'Security Personnel', 'Natural Light', 'Airy Rooms', 'Spacious Interiors', 'Low Density Society', 'Waste Disposal', 'Rain Water Harvesting', 'Water softening plant', 'Shopping Centre', 'Fitness Centre / GYM', 'Club house / Community Center']",sector 33
"['Power Back-up', 'Intercom Facility', 'Lift(s)', 'High Ceiling Height', 'Maintenance Staff', 'No open drainage around', 'Recently Renovated', 'Swimming Pool', 'Park', 'Security Personnel', 'Natural Light', 'Internet/wi-fi connectivity', 'Airy Rooms', 'Spacious Interiors', 'Low Density Society', 'Shopping Centre', 'Fitness Centre / GYM', 'Rain Water Harvesting', 'Club house / Community Center', 'Water softening plant']",sector 56
,sector 66
"['Feng Shui / Vaastu Compliant', 'Private Garden / Terrace', 'Maintenance Staff', 'Water Storage', 'Park', 'Visitor Parking', 'Waste Disposal', 'Rain Water Harvesting']",sector 91
"['Security / Fire Alarm', 'Feng Shui / Vaastu Compliant', 'Intercom Facility', 'Lift(s)', 'Maintenance Staff', 'Water Storage', 'Separate entry for servant room', 'Visitor Parking', 'Swimming Pool', 'Shopping Centre', 'Fitness Centre / GYM', 'Waste Disposal', 'Rain Water Harvesting', 'Club house / Community Center']",sector 90
"['Feng Shui / Vaastu Compliant', 'Private Garden / Terrace', 'High Ceiling Height', 'Maintenance Staff', 'Separate entry for servant room', 'No open drainage around', 'Bank Attached Property', 'Visitor Parking', 'Swimming Pool', 'Park', 'Natural Light', 'Internet/wi-fi connectivity', 'Airy Rooms', 'Spacious Interiors', 'Low Density Society', 'Fitness Centre / GYM', 'Waste Disposal', 'Rain Water Harvesting', 'Club house / Community Center']",sector 85
"['Security / Fire Alarm', 'Feng Shui / Vaastu Compliant', 'Intercom Facility', 'Lift(s)', 'Water purifier', 'Maintenance Staff', 'False Ceiling Lighting', 'Water Storage', 'Separate entry for servant room', 'No open drainage around', 'Recently Renovated', 'Piped-gas', 'Visitor Parking', 'Swimming Pool', 'Park', 'Security Personnel', 'Airy Rooms', 'Spacious Interiors', 'Low Density Society', 'Fitness Centre / GYM', 'Club house / Community Center']",sector 82
"['Centrally Air Conditioned', 'Water purifier', 'Security / Fire Alarm', 'Feng Shui / Vaastu Compliant', 'Private Garden / Terrace', 'Intercom Facility', 'Lift(s)', 'High Ceiling Height', 'Maintenance Staff', 'False Ceiling Lighting', 'Water Storage', 'Separate entry for servant room', 'No open drainage around', 'Bank Attached Property', 'Piped-gas', 'Internet/wi-fi connectivity', 'Recently Renovated', 'Visitor Parking', 'Swimming Pool', 'Park', 'Security Personnel', 'Natural Light', 'Airy Rooms', 'Spacious Interiors', 'Low Density Society', 'Waste Disposal', 'Rain Water Harvesting', 'Water softening plant', 'Shopping Centre', 'Fitness Centre / GYM', 'Club house / Community Center']",sector 67
"['Security / Fire Alarm', 'Intercom Facility', 'Lift(s)', 'Maintenance Staff', 'Water Storage', 'Park', 'Visitor Parking']",sector 2
"['Feng Shui / Vaastu Compliant', 'Security / Fire Alarm', 'Intercom Facility', 'Lift(s)', 'Maintenance Staff', 'Water Storage', 'Visitor Parking']",sector 60
"['Feng Shui / Vaastu Compliant', 'Centrally Air Conditioned', 'High Ceiling Height', 'Separate entry for servant room', 'Park', 'Bank Attached Property', 'Natural Light', 'Airy Rooms', 'Internet/wi-fi connectivity', 'Spacious Interiors', 'Club house / Community Center']",sector 12
"['No open drainage around', 'Visitor Parking', 'Natural Light', 'Airy Rooms', 'Spacious Interiors']",sector 9a
"['Security / Fire Alarm', 'Intercom Facility', 'Lift(s)', 'Maintenance Staff']",sector 79
"['Security / Fire Alarm', 'Power Back-up', 'Lift(s)', 'Maintenance Staff', 'Water Storage', 'Separate entry for servant room', 'Recently Renovated', 'Visitor Parking', 'Swimming Pool', 'Park', 'Security Personnel', 'Natural Light', 'Airy Rooms', 'Shopping Centre', 'Fitness Centre / GYM', 'Waste Disposal', 'Rain Water Harvesting', 'Club house / Community Center', 'Water softening plant']",sector 81
,sector 99
,sohna road
"['Security / Fire Alarm', 'Intercom Facility', 'Lift(s)', 'High Ceiling Height', 'Maintenance Staff', 'Water Storage', 'No open drainage around', 'Visitor Parking', 'Swimming Pool', 'Park', 'Security Personnel', 'Natural Light', 'Airy Rooms', 'Spacious Interiors', 'Shopping Centre', 'Fitness Centre / GYM', 'Club house / Community Center']",sector 76
"['Security / Fire Alarm', 'Feng Shui / Vaastu Compliant', 'Intercom Facility', 'Lift(s)', 'Maintenance Staff', 'Water Storage', 'Piped-gas', 'Visitor Parking', 'Swimming Pool', 'Park', 'Security Personnel', 'Natural Light', 'Airy Rooms', 'Shopping Centre', 'Fitness Centre / GYM', 'Club house / Community Center']",sector 48
"['Feng Shui / Vaastu Compliant', 'Private Garden / Terrace', 'Maintenance Staff', 'Water Storage', 'Park', 'Visitor Parking', 'Waste Disposal', 'Rain Water Harvesting']",sector 81
"['Security / Fire Alarm', 'Intercom Facility', 'Lift(s)', 'Maintenance Staff', 'Water Storage', 'Park', 'Visitor Parking', 'Fitness Centre / GYM', 'Club house / Community Center']",sector 109
"['Feng Shui / Vaastu Compliant', 'Security / Fire Alarm', 'Lift(s)', 'Maintenance Staff', 'Park', 'Visitor Parking']",sector 111
,sector 12
"['Feng Shui / Vaastu Compliant', 'Private Garden / Terrace', 'Maintenance Staff', 'False Ceiling Lighting', 'Water Storage', 'Separate entry for servant room', 'No open drainage around', 'Visitor Parking', 'Swimming Pool', 'Park', 'Security Personnel', 'Internet/wi-fi connectivity', 'Low Density Society', 'Fitness Centre / GYM', 'Waste Disposal', 'Rain Water Harvesting', 'Club house / Community Center']",sector 25
"['Feng Shui / Vaastu Compliant', 'Private Garden / Terrace', 'Maintenance Staff', 'Water Storage', 'Visitor Parking', 'Waste Disposal', 'Rain Water Harvesting']",sector 25
"['Centrally Air Conditioned', 'Water purifier', 'Security / Fire Alarm', 'Feng Shui / Vaastu Compliant', 'Private Garden / Terrace', 'Intercom Facility', 'Lift(s)', 'High Ceiling Height', 'Maintenance Staff', 'False Ceiling Lighting', 'Water Storage', 'Separate entry for servant room', 'No open drainage around', 'Bank Attached Property', 'Piped-gas', 'Internet/wi-fi connectivity', 'Recently Renovated', 'Visitor Parking', 'Swimming Pool', 'Park', 'Security Personnel', 'Natural Light', 'Airy Rooms', 'Spacious Interiors', 'Low Density Society', 'Waste Disposal', 'Rain Water Harvesting', 'Water softening plant', 'Shopping Centre', 'Fitness Centre / GYM', 'Club house / Community Center']",sector 50
,sector 37d
"['Lift(s)', 'Swimming Pool', 'Park', 'Fitness Centre / GYM', 'Club house / Community Center']",sector 37d
"['Power Back-up', 'Feng Shui / Vaastu Compliant', 'Intercom Facility', 'Lift(s)', 'Maintenance Staff', 'No open drainage around', 'Visitor Parking', 'Swimming Pool', 'Park', 'Security Personnel', 'Natural Light', 'Internet/wi-fi connectivity', 'Airy Rooms', 'Fitness Centre / GYM', 'Rain Water Harvesting', 'Club house / Community Center']",sector 71
"['Feng Shui / Vaastu Compliant', 'Security / Fire Alarm', 'Intercom Facility', 'Lift(s)', 'Maintenance Staff', 'Water Storage', 'Park', 'Visitor Parking']",sector 113
"['Lift(s)', 'Maintenance Staff', 'Separate entry for servant room', 'Park', 'Piped-gas', 'Security Personnel']",sector 23
"['Power Back-up', 'Lift(s)', 'Swimming Pool', 'Park', 'Fitness Centre / GYM', 'Club house / Community Center']",sector 61
"['Intercom Facility', 'Lift(s)', 'Swimming Pool', 'Park', 'Shopping Centre', 'Rain Water Harvesting']",sector 60
"['Water purifier', 'Centrally Air Conditioned', 'Security / Fire Alarm', 'Feng Shui / Vaastu Compliant', 'Private Garden / Terrace', 'High Ceiling Height', 'Maintenance Staff', 'False Ceiling Lighting', 'Water Storage', 'Separate entry for servant room', 'No open drainage around', 'Bank Attached Property', 'Piped-gas', 'Internet/wi-fi connectivity', 'Recently Renovated', 'Visitor Parking', 'Swimming Pool', 'Park', 'Security Personnel', 'Natural Light', 'Airy Rooms', 'Spacious Interiors', 'Low Density Society', 'Waste Disposal', 'Rain Water Harvesting', 'Fitness Centre / GYM', 'Club house / Community Center']",sector 83
,sector 81
"['Security / Fire Alarm', 'Power Back-up', 'Feng Shui / Vaastu Compliant', 'Intercom Facility', 'Lift(s)', 'Maintenance Staff', 'Water Storage', 'Piped-gas', 'Visitor Parking', 'Swimming Pool', 'Park', 'Security Personnel', 'Airy Rooms', 'Spacious Interiors', 'Shopping Centre', 'Fitness Centre / GYM', 'Rain Water Harvesting', 'Club house / Community Center']",sector 105
"['Centrally Air Conditioned', 'Water purifier', 'Security / Fire Alarm', 'Feng Shui / Vaastu Compliant', 'Private Garden / Terrace', 'Intercom Facility', 'Lift(s)', 'High Ceiling Height', 'Maintenance Staff', 'False Ceiling Lighting', 'Water Storage', 'Separate entry for servant room', 'No open drainage around', 'Bank Attached Property', 'Piped-gas', 'Internet/wi-fi connectivity', 'Recently Renovated', 'Visitor Parking', 'Swimming Pool', 'Park', 'Security Personnel', 'Natural Light', 'Airy Rooms', 'Spacious Interiors', 'Low Density Society', 'Waste Disposal', 'Rain Water Harvesting', 'Water softening plant', 'Fitness Centre / GYM', 'Club house / Community Center']",sector 95
"['Centrally Air Conditioned', 'Water purifier', 'Security / Fire Alarm', 'Feng Shui / Vaastu Compliant', 'Intercom Facility', 'Lift(s)', 'High Ceiling Height', 'Maintenance Staff', 'Water Storage', 'Separate entry for servant room', 'No open drainage around', 'Piped-gas', 'Internet/wi-fi connectivity', 'Visitor Parking', 'Swimming Pool', 'Park', 'Security Personnel', 'Natural Light', 'Airy Rooms', 'Spacious Interiors', 'Low Density Society', 'Waste Disposal', 'Rain Water Harvesting', 'Fitness Centre / GYM', 'Club house / Community Center']",sector 49
,sector 52
"['Feng Shui / Vaastu Compliant', 'Security / Fire Alarm', 'Lift(s)', 'Maintenance Staff', 'Water Storage', 'Park', 'Visitor Parking', 'Security Personnel', 'Shopping Centre', 'Fitness Centre / GYM', 'Club house / Community Center', 'Rain Water Harvesting']",sector 108
,manesar
"['Feng Shui / Vaastu Compliant', 'Lift(s)', 'Maintenance Staff', 'Swimming Pool', 'Park', 'Visitor Parking', 'Security Personnel', 'Fitness Centre / GYM']",manesar
"['Centrally Air Conditioned', 'Security / Fire Alarm', 'Power Back-up', 'Feng Shui / Vaastu Compliant', 'Intercom Facility', 'Lift(s)', 'High Ceiling Height', 'Maintenance Staff', 'False Ceiling Lighting', 'Water Storage', 'Separate entry for servant room', 'No open drainage around', 'Bank Attached Property', 'Piped-gas', 'Internet/wi-fi connectivity', 'Recently Renovated', 'Visitor Parking', 'Swimming Pool', 'Park', 'Security Personnel', 'Natural Light', 'Airy Rooms', 'Spacious Interiors', 'Low Density Society', 'Waste Disposal', 'Rain Water Harvesting', 'Water softening plant', 'Shopping Centre', 'Fitness Centre / GYM', 'Club house / Community Center']",sector 85
"['Security / Fire Alarm', 'Lift(s)', 'Maintenance Staff', 'Water Storage', 'Visitor Parking']",sector 69
"['Security / Fire Alarm', 'Feng Shui / Vaastu Compliant', 'Intercom Facility', 'Lift(s)', 'Maintenance Staff', 'Water Storage', 'No open drainage around', 'Visitor Parking', 'Swimming Pool', 'Park', 'Security Personnel', 'Airy Rooms', 'Shopping Centre', 'Club house / Community Center']",sector 54
"['Feng Shui / Vaastu Compliant', 'High Ceiling Height', 'Maintenance Staff', 'False Ceiling Lighting', 'Water Storage', 'Separate entry for servant room', 'No open drainage around', 'Visitor Parking', 'Park', 'Security Personnel', 'Natural Light', 'Airy Rooms', 'Internet/wi-fi connectivity', 'Low Density Society', 'Fitness Centre / GYM', 'Waste Disposal', 'Rain Water Harvesting', 'Club house / Community Center']",sector 90
"['Feng Shui / Vaastu Compliant', 'Security / Fire Alarm', 'Intercom Facility', 'Lift(s)', 'Maintenance Staff', 'Water Storage', 'Park', 'Visitor Parking']",sector 86
"['Security / Fire Alarm', 'Power Back-up', 'Intercom Facility', 'Lift(s)', 'High Ceiling Height', 'Maintenance Staff', 'Water Storage', 'Separate entry for servant room', 'No open drainage around', 'Visitor Parking', 'Swimming Pool', 'Park', 'Security Personnel', 'Shopping Centre', 'Fitness Centre / GYM', 'Waste Disposal', 'Rain Water Harvesting', 'Club house / Community Center']",sector 67a
"['Centrally Air Conditioned', 'Water purifier', 'Security / Fire Alarm', 'Power Back-up', 'Feng Shui / Vaastu Compliant', 'Intercom Facility', 'Lift(s)', 'High Ceiling Height', 'Maintenance Staff', 'False Ceiling Lighting', 'Water Storage', 'Separate entry for servant room', 'No open drainage around', 'Bank Attached Property', 'Internet/wi-fi connectivity', 'Recently Renovated', 'Visitor Parking', 'Swimming Pool', 'Park', 'Security Personnel', 'Natural Light', 'Airy Rooms', 'Spacious Interiors', 'Low Density Society', 'Waste Disposal', 'Rain Water Harvesting', 'Water softening plant', 'Shopping Centre', 'Fitness Centre / GYM', 'Club house / Community Center']",sector 63a
"['Power Back-up', 'Feng Shui / Vaastu Compliant', 'Intercom Facility', 'Lift(s)', 'Maintenance Staff', 'Swimming Pool', 'Park', 'Security Personnel', 'Internet/wi-fi connectivity', 'Shopping Centre', 'Fitness Centre / GYM', 'Rain Water Harvesting', 'Club house / Community Center']",sector 80
"['Security / Fire Alarm', 'Power Back-up', 'Feng Shui / Vaastu Compliant', 'Private Garden / Terrace', 'Intercom Facility', 'Lift(s)', 'High Ceiling Height', 'Maintenance Staff', 'Water Storage', 'Separate entry for servant room', 'No open drainage around', 'Piped-gas', 'Visitor Parking', 'Swimming Pool', 'Park', 'Security Personnel', 'Natural Light', 'Airy Rooms', 'Spacious Interiors', 'Low Density Society', 'Waste Disposal', 'Rain Water Harvesting', 'Water softening plant', 'Shopping Centre', 'Fitness Centre / GYM', 'Club house / Community Center']",sector 59
"['Security / Fire Alarm', 'Feng Shui / Vaastu Compliant', 'Intercom Facility', 'Lift(s)', 'Maintenance Staff', 'Water Storage', 'Piped-gas', 'Visitor Parking', 'Swimming Pool', 'Park', 'Security Personnel', 'Internet/wi-fi connectivity', 'Shopping Centre', 'Fitness Centre / GYM', 'Waste Disposal', 'Rain Water Harvesting', 'Club house / Community Center']",sector 2
"['Intercom Facility', 'Lift(s)', 'Maintenance Staff', 'Swimming Pool', 'Park', 'Security Personnel', 'Internet/wi-fi connectivity', 'Shopping Centre', 'Fitness Centre / GYM', 'Club house / Community Center']",sector 79
"['Security / Fire Alarm', 'Power Back-up', 'Feng Shui / Vaastu Compliant', 'Intercom Facility', 'Lift(s)', 'Maintenance Staff', 'Water Storage', 'No open drainage around', 'Visitor Parking', 'Swimming Pool', 'Park', 'Security Personnel', 'Natural Light', 'Airy Rooms', 'Low Density Society', 'Fitness Centre / GYM', 'Waste Disposal', 'Rain Water Harvesting', 'Club house / Community Center']",sector 70a
,sector 85
"['Private Garden / Terrace', 'Maintenance Staff', 'Water Storage', 'Park', 'Visitor Parking', 'Waste Disposal', 'Rain Water Harvesting']",sector 107
"['Power Back-up', 'Feng Shui / Vaastu Compliant', 'Security / Fire Alarm', 'Intercom Facility', 'Lift(s)', 'Swimming Pool', 'Maintenance Staff', 'Water Storage', 'Park', 'Visitor Parking', 'Fitness Centre / GYM', 'Club house / Community Center']",sector 33
"['Feng Shui / Vaastu Compliant', 'Security / Fire Alarm', 'Intercom Facility', 'Lift(s)', 'Maintenance Staff', 'Park', 'Visitor Parking']",sector 104
"['Visitor Parking', 'Rain Water Harvesting']",sector 92
"['Lift(s)', 'Feng Shui / Vaastu Compliant', 'Intercom Facility', 'Security / Fire Alarm', 'Swimming Pool', 'Park', 'Visitor Parking', 'Piped-gas', 'Club house / Community Center', 'Fitness Centre / GYM', 'Water softening plant', 'Rain Water Harvesting', 'Shopping Centre']",sector 9
"['Power Back-up', 'Lift(s)', 'Swimming Pool', 'Park', 'Fitness Centre / GYM', 'Club house / Community Center', 'Rain Water Harvesting']",sector 78
"['Security / Fire Alarm', 'Intercom Facility', 'Lift(s)', 'Water Storage', 'Park', 'Visitor Parking', 'Internet/wi-fi connectivity', 'Shopping Centre', 'Club house / Community Center']",sector 103
"['Power Back-up', 'Security / Fire Alarm', 'Intercom Facility', 'Lift(s)', 'Swimming Pool', 'Maintenance Staff', 'Park', 'Visitor Parking', 'Natural Light', 'Low Density Society', 'Fitness Centre / GYM', 'Club house / Community Center']",sector 92
"['Power Back-up', 'Feng Shui / Vaastu Compliant', 'Intercom Facility', 'Lift(s)', 'Swimming Pool', 'Fitness Centre / GYM', 'Club house / Community Center', 'Rain Water Harvesting']",sector 80
"['Security / Fire Alarm', 'Intercom Facility', 'Lift(s)', 'High Ceiling Height', 'Maintenance Staff', 'Water Storage', 'No open drainage around', 'Bank Attached Property', 'Visitor Parking', 'Swimming Pool', 'Park', 'Security Personnel', 'Shopping Centre', 'Fitness Centre / GYM', 'Waste Disposal', 'Rain Water Harvesting', 'Club house / Community Center', 'Water softening plant']",sector 108
"['Feng Shui / Vaastu Compliant', 'Private Garden / Terrace', 'High Ceiling Height', 'Maintenance Staff', 'False Ceiling Lighting', 'Water Storage', 'Separate entry for servant room', 'No open drainage around', 'Bank Attached Property', 'Piped-gas', 'Visitor Parking', 'Swimming Pool', 'Park', 'Security Personnel', 'Internet/wi-fi connectivity', 'Low Density Society', 'Fitness Centre / GYM', 'Waste Disposal', 'Rain Water Harvesting', 'Club house / Community Center']",sector 95
"['Feng Shui / Vaastu Compliant', 'Lift(s)', 'Maintenance Staff', 'Water Storage', 'Visitor Parking', 'Swimming Pool', 'Park', 'Security Personnel', 'Shopping Centre', 'Fitness Centre / GYM', 'Rain Water Harvesting', 'Club house / Community Center', 'Water softening plant']",sector 92
"['Security / Fire Alarm', 'Feng Shui / Vaastu Compliant', 'Private Garden / Terrace', 'Centrally Air Conditioned', 'High Ceiling Height', 'Maintenance Staff', 'False Ceiling Lighting', 'Water Storage', 'Separate entry for servant room', 'No open drainage around', 'Piped-gas', 'Visitor Parking', 'Swimming Pool', 'Park', 'Security Personnel', 'Natural Light', 'Airy Rooms', 'Internet/wi-fi connectivity', 'Spacious Interiors', 'Low Density Society', 'Fitness Centre / GYM', 'Waste Disposal', 'Rain Water Harvesting', 'Club house / Community Center']",sector 33
"['Private Garden / Terrace', 'Water Storage']",sector 2
"['Feng Shui / Vaastu Compliant', 'Security / Fire Alarm', 'Intercom Facility', 'Lift(s)', 'Maintenance Staff', 'Water Storage', 'Park', 'Visitor Parking']",sector 107
,sector 107
"['Security / Fire Alarm', 'Feng Shui / Vaastu Compliant', 'Intercom Facility', 'Lift(s)', 'Water purifier', 'High Ceiling Height', 'Maintenance Staff', 'Water Storage', 'No open drainage around', 'Recently Renovated', 'Park', 'Security Personnel', 'Natural Light', 'Internet/wi-fi connectivity', 'Airy Rooms', 'Spacious Interiors', 'Shopping Centre', 'Fitness Centre / GYM', 'Waste Disposal', 'Rain Water Harvesting', 'Club house / Community Center']",sector 79
"['Feng Shui / Vaastu Compliant', 'Private Garden / Terrace', 'False Ceiling Lighting', 'Water Storage', 'Separate entry for servant room', 'Park', 'Piped-gas', 'Visitor Parking', 'Security Personnel', 'Internet/wi-fi connectivity', 'Waste Disposal', 'Rain Water Harvesting']",sohna road
"['Water purifier', 'Security / Fire Alarm', 'Power Back-up', 'Feng Shui / Vaastu Compliant', 'Private Garden / Terrace', 'Intercom Facility', 'Lift(s)', 'High Ceiling Height', 'Maintenance Staff', 'False Ceiling Lighting', 'Water Storage', 'No open drainage around', 'Bank Attached Property', 'Piped-gas', 'Internet/wi-fi connectivity', 'Recently Renovated', 'Visitor Parking', 'Swimming Pool', 'Park', 'Security Personnel', 'Natural Light', 'Airy Rooms', 'Spacious Interiors', 'Low Density Society', 'Waste Disposal', 'Rain Water Harvesting', 'Water softening plant', 'Shopping Centre', 'Fitness Centre / GYM', 'Club house / Community Center']",sector 2
"['Feng Shui / Vaastu Compliant', 'Security / Fire Alarm', 'Intercom Facility', 'Lift(s)', 'Maintenance Staff', 'Park', 'Visitor Parking']",sector 71
"['Water purifier', 'Centrally Air Conditioned', 'Security / Fire Alarm', 'Feng Shui / Vaastu Compliant', 'Private Garden / Terrace', 'Intercom Facility', 'Lift(s)', 'Maintenance Staff', 'Water Storage', 'Separate entry for servant room', 'No open drainage around', 'Piped-gas', 'Internet/wi-fi connectivity', 'Recently Renovated', 'Visitor Parking', 'Swimming Pool', 'Park', 'Security Personnel', 'Natural Light', 'Airy Rooms', 'Spacious Interiors', 'Waste Disposal', 'Rain Water Harvesting', 'Water softening plant', 'Shopping Centre', 'Fitness Centre / GYM', 'Club house / Community Center']",sector 11
"['Security / Fire Alarm', 'Intercom Facility', 'Lift(s)', 'Maintenance Staff', 'Water Storage', 'Park', 'Visitor Parking']",sector 17
"['Security / Fire Alarm', 'Private Garden / Terrace', 'Centrally Air Conditioned', 'Water purifier', 'High Ceiling Height', 'Maintenance Staff', 'False Ceiling Lighting', 'Water Storage', 'Separate entry for servant room', 'No open drainage around', 'Recently Renovated', 'Piped-gas', 'Visitor Parking', 'Swimming Pool', 'Park', 'Security Personnel', 'Natural Light', 'Internet/wi-fi connectivity', 'Airy Rooms', 'Spacious Interiors', 'Low Density Society', 'Fitness Centre / GYM', 'Club house / Community Center']",sector 65
"['Feng Shui / Vaastu Compliant', 'Security / Fire Alarm', 'Intercom Facility', 'Lift(s)', 'Maintenance Staff', 'Water Storage', 'Park', 'Visitor Parking']",sector 89
,sector 61
"['Feng Shui / Vaastu Compliant', 'Security / Fire Alarm', 'Intercom Facility', 'Lift(s)', 'Maintenance Staff', 'Water Storage', 'Park', 'Visitor Parking']",sector 95
,sector 92
,sector 43
,sector 26
,sector 37d
"['Security / Fire Alarm', 'Lift(s)', 'Maintenance Staff', 'Water Storage', 'Separate entry for servant room', 'No open drainage around', 'Piped-gas', 'Visitor Parking', 'Swimming Pool', 'Park', 'Security Personnel', 'Natural Light', 'Internet/wi-fi connectivity', 'Airy Rooms', 'Spacious Interiors', 'Shopping Centre', 'Fitness Centre / GYM', 'Rain Water Harvesting', 'Club house / Community Center']",sohna road
,sector 102
"['Feng Shui / Vaastu Compliant', 'Security / Fire Alarm', 'Intercom Facility', 'Lift(s)', 'Maintenance Staff', 'Water Storage', 'Park', 'Visitor Parking']",sector 84
"['Security / Fire Alarm', 'Power Back-up', 'Feng Shui / Vaastu Compliant', 'Intercom Facility', 'Lift(s)', 'High Ceiling Height', 'Maintenance Staff', 'False Ceiling Lighting', 'Water Storage', 'Separate entry for servant room', 'No open drainage around', 'Bank Attached Property', 'Piped-gas', 'Internet/wi-fi connectivity', 'Visitor Parking', 'Swimming Pool', 'Park', 'Security Personnel', 'Low Density Society', 'Waste Disposal', 'Rain Water Harvesting', 'Water softening plant', 'Shopping Centre', 'Fitness Centre / GYM', 'Club house / Community Center']",sector 21
"['Security / Fire Alarm', 'Feng Shui / Vaastu Compliant', 'Lift(s)', 'High Ceiling Height', 'Maintenance Staff', 'Water Storage', 'Separate entry for servant room', 'No open drainage around', 'Bank Attached Property', 'Piped-gas', 'Visitor Parking', 'Swimming Pool', 'Park', 'Security Personnel', 'Low Density Society', 'Shopping Centre', 'Fitness Centre / GYM', 'Waste Disposal', 'Rain Water Harvesting', 'Club house / Community Center', 'Water softening plant']",sector 50
"['Centrally Air Conditioned', 'Water purifier', 'Security / Fire Alarm', 'Power Back-up', 'Feng Shui / Vaastu Compliant', 'Private Garden / Terrace', 'Intercom Facility', 'Lift(s)', 'High Ceiling Height', 'Maintenance Staff', 'False Ceiling Lighting', 'Water Storage', 'Separate entry for servant room', 'No open drainage around', 'Bank Attached Property', 'Piped-gas', 'Internet/wi-fi connectivity', 'Recently Renovated', 'Visitor Parking', 'Swimming Pool', 'Park', 'Security Personnel', 'Natural Light', 'Airy Rooms', 'Spacious Interiors', 'Low Density Society', 'Waste Disposal', 'Rain Water Harvesting', 'Water softening plant', 'Shopping Centre', 'Fitness Centre / GYM', 'Club house / Community Center']",sector 69
,sector 33
"['Feng Shui / Vaastu Compliant', 'Security / Fire Alarm', 'Intercom Facility', 'Lift(s)', 'Maintenance Staff', 'Water Storage', 'Park', 'Visitor Parking']",sector 63
"['Feng Shui / Vaastu Compliant', 'Maintenance Staff', 'Water Storage', 'Park', 'Visitor Parking', 'Waste Disposal', 'Rain Water Harvesting']",sohna road
"['Security / Fire Alarm', 'Feng Shui / Vaastu Compliant', 'Private Garden / Terrace', 'Centrally Air Conditioned', 'High Ceiling Height', 'Maintenance Staff', 'Water Storage', 'Separate entry for servant room', 'Bank Attached Property', 'Piped-gas', 'Visitor Parking', 'Swimming Pool', 'Park', 'Natural Light', 'Airy Rooms', 'Low Density Society', 'Fitness Centre / GYM', 'Waste Disposal', 'Rain Water Harvesting', 'Club house / Community Center']",sector 37c
"['Security / Fire Alarm', 'Feng Shui / Vaastu Compliant', 'Intercom Facility', 'Lift(s)', 'Water purifier', 'Maintenance Staff', 'Water Storage', 'No open drainage around', 'Bank Attached Property', 'Visitor Parking', 'Swimming Pool', 'Park', 'Security Personnel', 'Internet/wi-fi connectivity', 'Low Density Society', 'Shopping Centre', 'Fitness Centre / GYM', 'Rain Water Harvesting', 'Club house / Community Center']",sector 105
"['Intercom Facility', 'Lift(s)', 'High Ceiling Height', 'Visitor Parking', 'Swimming Pool', 'Park', 'Security Personnel', 'Natural Light', 'Airy Rooms', 'Spacious Interiors', 'Shopping Centre', 'Fitness Centre / GYM', 'Club house / Community Center', 'Water softening plant']",sector 90
"['Centrally Air Conditioned', 'Water purifier', 'Security / Fire Alarm', 'Power Back-up', 'Feng Shui / Vaastu Compliant', 'Private Garden / Terrace', 'Intercom Facility', 'Lift(s)', 'High Ceiling Height', 'Maintenance Staff', 'False Ceiling Lighting', 'Water Storage', 'No open drainage around', 'Piped-gas', 'Internet/wi-fi connectivity', 'Visitor Parking', 'Swimming Pool', 'Park', 'Security Personnel', 'Natural Light', 'Airy Rooms', 'Spacious Interiors', 'Low Density Society', 'Waste Disposal', 'Rain Water Harvesting', 'Water softening plant', 'Shopping Centre', 'Fitness Centre / GYM', 'Club house / Community Center']",sector 99
"['Feng Shui / Vaastu Compliant', 'Security / Fire Alarm', 'Intercom Facility', 'Lift(s)', 'Maintenance Staff', 'Water Storage', 'Park', 'Visitor Parking']",sector 3 phase 3 extension
"['Feng Shui / Vaastu Compliant', 'Security / Fire Alarm', 'Intercom Facility', 'Lift(s)', 'Maintenance Staff', 'Swimming Pool', 'Water Storage', 'Park', 'Visitor Parking', 'Fitness Centre / GYM', 'Club house / Community Center']",sector 65
"['Security / Fire Alarm', 'Power Back-up', 'Feng Shui / Vaastu Compliant', 'Private Garden / Terrace', 'Intercom Facility', 'Lift(s)', 'Maintenance Staff', 'Water Storage', 'Separate entry for servant room', 'Piped-gas', 'Visitor Parking', 'Swimming Pool', 'Park', 'Natural Light', 'Airy Rooms', 'Spacious Interiors', 'Shopping Centre', 'Fitness Centre / GYM', 'Waste Disposal', 'Club house / Community Center']",sector 85
"['Feng Shui / Vaastu Compliant', 'Security / Fire Alarm', 'Intercom Facility', 'Lift(s)', 'Maintenance Staff', 'Water Storage', 'Park', 'Visitor Parking']",manesar
"['Centrally Air Conditioned', 'Water purifier', 'Security / Fire Alarm', 'Power Back-up', 'Feng Shui / Vaastu Compliant', 'Private Garden / Terrace', 'Intercom Facility', 'Lift(s)', 'High Ceiling Height', 'Maintenance Staff', 'False Ceiling Lighting', 'Water Storage', 'Separate entry for servant room', 'No open drainage around', 'Bank Attached Property', 'Piped-gas', 'Internet/wi-fi connectivity', 'Recently Renovated', 'Visitor Parking', 'Swimming Pool', 'Park', 'Security Personnel', 'Natural Light', 'Airy Rooms', 'Spacious Interiors', 'Low Density Society', 'Waste Disposal', 'Rain Water Harvesting', 'Water softening plant', 'Shopping Centre', 'Fitness Centre / GYM', 'Club house / Community Center']",sector 102
"['Centrally Air Conditioned', 'Water purifier', 'Security / Fire Alarm', 'Feng Shui / Vaastu Compliant', 'Intercom Facility', 'Lift(s)', 'High Ceiling Height', 'Maintenance Staff', 'False Ceiling Lighting', 'Water Storage', 'Separate entry for servant room', 'No open drainage around', 'Piped-gas', 'Internet/wi-fi connectivity', 'Recently Renovated', 'Visitor Parking', 'Swimming Pool', 'Park', 'Natural Light', 'Airy Rooms', 'Spacious Interiors', 'Waste Disposal', 'Rain Water Harvesting', 'Water softening plant', 'Shopping Centre', 'Fitness Centre / GYM', 'Club house / Community Center']",sector 104
,sector 107
,sector 86
,sector 23
"['Centrally Air Conditioned', 'Security / Fire Alarm', 'Power Back-up', 'Feng Shui / Vaastu Compliant', 'Private Garden / Terrace', 'Intercom Facility', 'Lift(s)', 'High Ceiling Height', 'Maintenance Staff', 'False Ceiling Lighting', 'Water Storage', 'Separate entry for servant room', 'No open drainage around', 'Piped-gas', 'Recently Renovated', 'Visitor Parking', 'Swimming Pool', 'Park', 'Security Personnel', 'Natural Light', 'Airy Rooms', 'Spacious Interiors', 'Low Density Society', 'Waste Disposal', 'Rain Water Harvesting', 'Water softening plant', 'Shopping Centre', 'Fitness Centre / GYM', 'Club house / Community Center']",sector 70a
"['Feng Shui / Vaastu Compliant', 'Security / Fire Alarm', 'Intercom Facility', 'Lift(s)', 'Maintenance Staff', 'Water Storage', 'Park', 'Visitor Parking']",sector 33
"['Security / Fire Alarm', 'Intercom Facility', 'Lift(s)', 'Maintenance Staff', 'Water Storage', 'No open drainage around', 'Visitor Parking', 'Swimming Pool', 'Park', 'Shopping Centre', 'Fitness Centre / GYM', 'Rain Water Harvesting', 'Club house / Community Center', 'Water softening plant']",sector 4
"['Power Back-up', 'Feng Shui / Vaastu Compliant', 'Intercom Facility', 'Lift(s)', 'Maintenance Staff', 'Park', 'Security Personnel', 'Internet/wi-fi connectivity', 'Shopping Centre', 'Rain Water Harvesting', 'Water softening plant']",sector 107
"['Security / Fire Alarm', 'Lift(s)', 'Maintenance Staff', 'Park', 'Visitor Parking']",sector 47
"['Power Back-up', 'Intercom Facility', 'Lift(s)', 'High Ceiling Height', 'Maintenance Staff', 'Separate entry for servant room', 'No open drainage around', 'Visitor Parking', 'Swimming Pool', 'Park', 'Internet/wi-fi connectivity', 'Fitness Centre / GYM', 'Club house / Community Center', 'Water softening plant']",sector 48
"['Security / Fire Alarm', 'Feng Shui / Vaastu Compliant', 'Private Garden / Terrace', 'High Ceiling Height', 'False Ceiling Lighting', 'Water Storage', 'Bank Attached Property', 'Visitor Parking', 'Security Personnel', 'Internet/wi-fi connectivity', 'Airy Rooms', 'Spacious Interiors', 'Waste Disposal', 'Rain Water Harvesting', 'Club house / Community Center']",sector 14
"['Centrally Air Conditioned', 'Water purifier', 'Security / Fire Alarm', 'Power Back-up', 'Feng Shui / Vaastu Compliant', 'Intercom Facility', 'Lift(s)', 'High Ceiling Height', 'Maintenance Staff', 'False Ceiling Lighting', 'Water Storage', 'Separate entry for servant room', 'No open drainage around', 'Piped-gas', 'Internet/wi-fi connectivity', 'Visitor Parking', 'Swimming Pool', 'Park', 'Natural Light', 'Airy Rooms', 'Spacious Interiors', 'Low Density Society', 'Waste Disposal', 'Rain Water Harvesting', 'Water softening plant', 'Shopping Centre', 'Fitness Centre / GYM', 'Club house / Community Center']",sector 71
"['Water purifier', 'Security / Fire Alarm', 'Feng Shui / Vaastu Compliant', 'Intercom Facility', 'Lift(s)', 'High Ceiling Height', 'Maintenance Staff', 'Water Storage', 'Separate entry for servant room', 'No open drainage around', 'Bank Attached Property', 'Piped-gas', 'Internet/wi-fi connectivity', 'Recently Renovated', 'Visitor Parking', 'Swimming Pool', 'Park', 'Security Personnel', 'Natural Light', 'Airy Rooms', 'Spacious Interiors', 'Low Density Society', 'Waste Disposal', 'Rain Water Harvesting', 'Water softening plant', 'Shopping Centre', 'Fitness Centre / GYM', 'Club house / Community Center']",sector 37c
"['Centrally Air Conditioned', 'Water purifier', 'Security / Fire Alarm', 'Feng Shui / Vaastu Compliant', 'Private Garden / Terrace', 'Intercom Facility', 'Lift(s)', 'High Ceiling Height', 'Maintenance Staff', 'False Ceiling Lighting', 'Water Storage', 'Separate entry for servant room', 'No open drainage around', 'Bank Attached Property', 'Piped-gas', 'Internet/wi-fi connectivity', 'Recently Renovated', 'Visitor Parking', 'Swimming Pool', 'Park', 'Security Personnel', 'Natural Light', 'Airy Rooms', 'Spacious Interiors', 'Low Density Society', 'Waste Disposal', 'Rain Water Harvesting', 'Water softening plant', 'Shopping Centre', 'Fitness Centre / GYM', 'Club house / Community Center']",sector 108
"['Feng Shui / Vaastu Compliant', 'Intercom Facility', 'Lift(s)', 'Maintenance Staff', 'Swimming Pool', 'Park', 'Security Personnel', 'Internet/wi-fi connectivity', 'Shopping Centre', 'Fitness Centre / GYM', 'Club house / Community Center', 'Rain Water Harvesting']",sector 67
['Visitor Parking'],sector 72
"['Centrally Air Conditioned', 'Water purifier', 'Security / Fire Alarm', 'Feng Shui / Vaastu Compliant', 'Private Garden / Terrace', 'Intercom Facility', 'Lift(s)', 'High Ceiling Height', 'Maintenance Staff', 'False Ceiling Lighting', 'Water Storage', 'Separate entry for servant room', 'No open drainage around', 'Bank Attached Property', 'Piped-gas', 'Internet/wi-fi connectivity', 'Recently Renovated', 'Visitor Parking', 'Swimming Pool', 'Park', 'Security Personnel', 'Natural Light', 'Airy Rooms', 'Spacious Interiors', 'Low Density Society', 'Waste Disposal', 'Rain Water Harvesting', 'Water softening plant', 'Shopping Centre', 'Fitness Centre / GYM', 'Club house / Community Center']",sector 108
"['Security / Fire Alarm', 'Feng Shui / Vaastu Compliant', 'Intercom Facility', 'Lift(s)', 'Maintenance Staff', 'Water Storage', 'Visitor Parking', 'Swimming Pool', 'Park', 'Security Personnel', 'Airy Rooms', 'Shopping Centre', 'Fitness Centre / GYM', 'Waste Disposal', 'Rain Water Harvesting', 'Club house / Community Center', 'Water softening plant']",sector 92
"['Feng Shui / Vaastu Compliant', 'Security / Fire Alarm', 'Intercom Facility', 'Lift(s)', 'Maintenance Staff', 'Water Storage', 'Park', 'Visitor Parking']",manesar
,sector 99a
"['Feng Shui / Vaastu Compliant', 'Security / Fire Alarm', 'Intercom Facility', 'Lift(s)', 'Maintenance Staff', 'Water Storage', 'Park', 'Visitor Parking', 'Club house / Community Center', 'Rain Water Harvesting']",sector 104
"['Feng Shui / Vaastu Compliant', 'Security / Fire Alarm', 'Intercom Facility', 'Lift(s)', 'Maintenance Staff', 'Water Storage', 'Park', 'Visitor Parking']",sohna road
"['Centrally Air Conditioned', 'Water purifier', 'Security / Fire Alarm', 'Power Back-up', 'Feng Shui / Vaastu Compliant', 'Private Garden / Terrace', 'Intercom Facility', 'Lift(s)', 'High Ceiling Height', 'Maintenance Staff', 'False Ceiling Lighting', 'Water Storage', 'Separate entry for servant room', 'No open drainage around', 'Bank Attached Property', 'Piped-gas', 'Internet/wi-fi connectivity', 'Recently Renovated', 'Visitor Parking', 'Swimming Pool', 'Park', 'Security Personnel', 'Natural Light', 'Airy Rooms', 'Spacious Interiors', 'Low Density Society', 'Waste Disposal', 'Rain Water Harvesting', 'Water softening plant', 'Shopping Centre', 'Fitness Centre / GYM', 'Club house / Community Center']",sector 85
,sector 92
"['Feng Shui / Vaastu Compliant', 'Maintenance Staff', 'Water Storage', 'Park', 'Piped-gas', 'Visitor Parking', 'Security Personnel', 'Club house / Community Center', 'Rain Water Harvesting']",sector 2
"['Security / Fire Alarm', 'Feng Shui / Vaastu Compliant', 'Private Garden / Terrace', 'Centrally Air Conditioned', 'Water purifier', 'High Ceiling Height', 'Maintenance Staff', 'Water Storage', 'Separate entry for servant room', 'No open drainage around', 'Visitor Parking', 'Swimming Pool', 'Park', 'Security Personnel', 'Natural Light', 'Airy Rooms', 'Spacious Interiors', 'Low Density Society', 'Fitness Centre / GYM', 'Waste Disposal', 'Rain Water Harvesting', 'Club house / Community Center']",sector 89
,sector 30
"['Security / Fire Alarm', 'Feng Shui / Vaastu Compliant', 'Private Garden / Terrace', 'Water purifier', 'Maintenance Staff', 'Water Storage', 'No open drainage around', 'Recently Renovated', 'Piped-gas', 'Visitor Parking', 'Park', 'Security Personnel', 'Natural Light', 'Airy Rooms', 'Spacious Interiors', 'Low Density Society', 'Waste Disposal', 'Rain Water Harvesting']",sector 48
"['Centrally Air Conditioned', 'Water purifier', 'Security / Fire Alarm', 'Power Back-up', 'Feng Shui / Vaastu Compliant', 'Private Garden / Terrace', 'Intercom Facility', 'Lift(s)', 'High Ceiling Height', 'Maintenance Staff', 'False Ceiling Lighting', 'Water Storage', 'Separate entry for servant room', 'No open drainage around', 'Piped-gas', 'Internet/wi-fi connectivity', 'Recently Renovated', 'Visitor Parking', 'Swimming Pool', 'Park', 'Security Personnel', 'Natural Light', 'Airy Rooms', 'Spacious Interiors', 'Waste Disposal', 'Rain Water Harvesting', 'Water softening plant', 'Shopping Centre', 'Fitness Centre / GYM', 'Club house / Community Center']",sector 92
"['Intercom Facility', 'Lift(s)', 'Swimming Pool', 'Park', 'Fitness Centre / GYM', 'Club house / Community Center', 'Rain Water Harvesting']",sector 4
"['Security / Fire Alarm', 'Power Back-up', 'Intercom Facility', 'Lift(s)', 'Maintenance Staff', 'Bank Attached Property', 'Visitor Parking', 'Park', 'Natural Light', 'Airy Rooms', 'Internet/wi-fi connectivity', 'Shopping Centre', 'Fitness Centre / GYM', 'Rain Water Harvesting', 'Club house / Community Center']",sector 50
"['Feng Shui / Vaastu Compliant', 'Security / Fire Alarm', 'Intercom Facility', 'Lift(s)', 'Maintenance Staff', 'Water Storage', 'Park', 'Visitor Parking']",sector 79
"['Centrally Air Conditioned', 'Water purifier', 'Security / Fire Alarm', 'Power Back-up', 'Feng Shui / Vaastu Compliant', 'Private Garden / Terrace', 'Intercom Facility', 'Lift(s)', 'High Ceiling Height', 'Maintenance Staff', 'False Ceiling Lighting', 'Water Storage', 'Separate entry for servant room', 'No open drainage around', 'Bank Attached Property', 'Piped-gas', 'Internet/wi-fi connectivity', 'Recently Renovated', 'Visitor Parking', 'Swimming Pool', 'Park', 'Security Personnel', 'Natural Light', 'Airy Rooms', 'Spacious Interiors', 'Low Density Society', 'Waste Disposal', 'Rain Water Harvesting', 'Water softening plant', 'Shopping Centre', 'Fitness Centre / GYM', 'Club house / Community Center']",sector 90
"['Security / Fire Alarm', 'Lift(s)', 'Maintenance Staff', 'Water Storage', 'Park', 'Visitor Parking', 'Security Personnel', 'Low Density Society', 'Shopping Centre', 'Waste Disposal', 'Club house / Community Center', 'Rain Water Harvesting']",sector 50
,sector 28
,sector 24
"['Feng Shui / Vaastu Compliant', 'Lift(s)', 'Maintenance Staff', 'Swimming Pool', 'Park', 'Visitor Parking', 'Internet/wi-fi connectivity', 'Fitness Centre / GYM', 'Club house / Community Center', 'Rain Water Harvesting']",sector 85
"['Feng Shui / Vaastu Compliant', 'Security / Fire Alarm', 'Intercom Facility', 'Lift(s)', 'Maintenance Staff', 'Water Storage', 'Park', 'Visitor Parking']",sector 4
"['Private Garden / Terrace', 'Water Storage', 'Park', 'Visitor Parking']",sector 56
"['Security / Fire Alarm', 'Feng Shui / Vaastu Compliant', 'Private Garden / Terrace', 'Water purifier', 'Centrally Air Conditioned', 'High Ceiling Height', 'Maintenance Staff', 'False Ceiling Lighting', 'Water Storage', 'Separate entry for servant room', 'No open drainage around', 'Piped-gas', 'Visitor Parking', 'Swimming Pool', 'Park', 'Security Personnel', 'Natural Light', 'Airy Rooms', 'Internet/wi-fi connectivity', 'Spacious Interiors', 'Fitness Centre / GYM', 'Waste Disposal', 'Rain Water Harvesting', 'Club house / Community Center']",sector 57
"['Security / Fire Alarm', 'Private Garden / Terrace', 'Centrally Air Conditioned', 'Water purifier', 'High Ceiling Height', 'Maintenance Staff', 'Water Storage', 'Separate entry for servant room', 'No open drainage around', 'Piped-gas', 'Visitor Parking', 'Swimming Pool', 'Park', 'Security Personnel', 'Natural Light', 'Airy Rooms', 'Low Density Society', 'Fitness Centre / GYM', 'Waste Disposal', 'Rain Water Harvesting', 'Club house / Community Center']",sector 111
"['Feng Shui / Vaastu Compliant', 'Private Garden / Terrace', 'Water Storage', 'Park', 'Visitor Parking', 'Spacious Interiors']",sector 67
"['Feng Shui / Vaastu Compliant', 'Private Garden / Terrace', 'High Ceiling Height', 'Maintenance Staff', 'False Ceiling Lighting', 'Water Storage', 'Separate entry for servant room', 'No open drainage around', 'Visitor Parking', 'Security Personnel', 'Waste Disposal', 'Rain Water Harvesting', 'Club house / Community Center']",sector 109
,sector 36
"['Feng Shui / Vaastu Compliant', 'Security / Fire Alarm', 'Intercom Facility', 'Lift(s)', 'Maintenance Staff', 'Water Storage', 'Park', 'Visitor Parking']",sector 31
"['Private Garden / Terrace', 'Water purifier', 'High Ceiling Height', 'False Ceiling Lighting', 'Water Storage', 'Separate entry for servant room', 'No open drainage around', 'Recently Renovated', 'Visitor Parking', 'Swimming Pool', 'Security Personnel', 'Natural Light', 'Internet/wi-fi connectivity', 'Airy Rooms', 'Spacious Interiors', 'Low Density Society', 'Fitness Centre / GYM', 'Waste Disposal', 'Rain Water Harvesting', 'Club house / Community Center']",sector 83
"['Feng Shui / Vaastu Compliant', 'Intercom Facility', 'Lift(s)', 'Maintenance Staff', 'Park', 'Security Personnel', 'Shopping Centre', 'Fitness Centre / GYM', 'Club house / Community Center', 'Rain Water Harvesting']",sector 79
"['Security / Fire Alarm', 'Feng Shui / Vaastu Compliant', 'Intercom Facility', 'Lift(s)', 'Maintenance Staff', 'Visitor Parking', 'Swimming Pool', 'Park', 'Security Personnel', 'Shopping Centre', 'Fitness Centre / GYM', 'Waste Disposal', 'Rain Water Harvesting', 'Club house / Community Center']",sector 12
"['Security / Fire Alarm', 'Feng Shui / Vaastu Compliant', 'Intercom Facility', 'Lift(s)', 'Maintenance Staff', 'Water Storage', 'No open drainage around', 'Bank Attached Property', 'Visitor Parking', 'Swimming Pool', 'Park', 'Security Personnel', 'Low Density Society', 'Shopping Centre', 'Fitness Centre / GYM', 'Waste Disposal', 'Rain Water Harvesting', 'Club house / Community Center', 'Water softening plant']",sector 11
"['Power Back-up', 'Intercom Facility', 'Lift(s)', 'High Ceiling Height', 'Maintenance Staff', 'Separate entry for servant room', 'Piped-gas', 'Swimming Pool', 'Park', 'Security Personnel', 'Natural Light', 'Internet/wi-fi connectivity', 'Airy Rooms', 'Low Density Society', 'Shopping Centre', 'Fitness Centre / GYM', 'Rain Water Harvesting', 'Club house / Community Center', 'Water softening plant']",sector 2
,sector 71
,sector 112
"['Feng Shui / Vaastu Compliant', 'Security / Fire Alarm', 'Intercom Facility', 'Lift(s)', 'Maintenance Staff', 'Water Storage', 'Park', 'Visitor Parking']",sector 37d
,sector 90
,sector 55
"['Lift(s)', 'Water purifier', 'Maintenance Staff', 'False Ceiling Lighting', 'Water Storage', 'Recently Renovated']",sector 48
"['Feng Shui / Vaastu Compliant', 'Park', 'Visitor Parking', 'Low Density Society']",sector 79
,sector 79
"['Centrally Air Conditioned', 'Water purifier', 'Security / Fire Alarm', 'Power Back-up', 'Feng Shui / Vaastu Compliant', 'Private Garden / Terrace', 'Intercom Facility', 'Lift(s)', 'High Ceiling Height', 'Maintenance Staff', 'False Ceiling Lighting', 'Water Storage', 'Separate entry for servant room', 'No open drainage around', 'Bank Attached Property', 'Piped-gas', 'Internet/wi-fi connectivity', 'Recently Renovated', 'Visitor Parking', 'Swimming Pool', 'Park', 'Security Personnel', 'Natural Light', 'Airy Rooms', 'Spacious Interiors', 'Low Density Society', 'Waste Disposal', 'Rain Water Harvesting', 'Water softening plant', 'Shopping Centre', 'Fitness Centre / GYM', 'Club house / Community Center']",sector 72
"['Feng Shui / Vaastu Compliant', 'Security / Fire Alarm', 'Intercom Facility', 'Lift(s)', 'Maintenance Staff', 'Water Storage', 'Park', 'Visitor Parking']",sector 89
"['Feng Shui / Vaastu Compliant', 'Security / Fire Alarm', 'Intercom Facility', 'Lift(s)', 'Maintenance Staff', 'Water Storage', 'Park', 'Visitor Parking']",sector 92
"['Feng Shui / Vaastu Compliant', 'Water Storage', 'Park', 'Waste Disposal', 'Rain Water Harvesting']",sector 30
"['Feng Shui / Vaastu Compliant', 'Security / Fire Alarm', 'Intercom Facility', 'Lift(s)', 'Maintenance Staff', 'Water Storage', 'Park', 'Visitor Parking']",sector 95
"['Security / Fire Alarm', 'Power Back-up', 'Intercom Facility', 'Lift(s)', 'Water purifier', 'Maintenance Staff', 'Water Storage', 'Separate entry for servant room', 'No open drainage around', 'Piped-gas', 'Visitor Parking', 'Swimming Pool', 'Park', 'Security Personnel', 'Natural Light', 'Internet/wi-fi connectivity', 'Spacious Interiors', 'Low Density Society', 'Shopping Centre', 'Fitness Centre / GYM', 'Waste Disposal', 'Rain Water Harvesting', 'Club house / Community Center']",sector 106
"['Intercom Facility', 'Lift(s)', 'Swimming Pool', 'Security Personnel', 'Maintenance Staff', 'Park', 'Club house / Community Center', 'Fitness Centre / GYM', 'Rain Water Harvesting', 'Shopping Centre']",manesar
"['Lift(s)', 'Maintenance Staff', 'Water Storage', 'Separate entry for servant room', 'No open drainage around', 'Visitor Parking', 'Swimming Pool', 'Park', 'Security Personnel', 'Natural Light', 'Airy Rooms', 'Shopping Centre', 'Fitness Centre / GYM', 'Waste Disposal', 'Club house / Community Center']",sector 11
,sector 102
"['Feng Shui / Vaastu Compliant', 'Private Garden / Terrace', 'Maintenance Staff', 'Water Storage', 'Park', 'Visitor Parking', 'Waste Disposal', 'Rain Water Harvesting']",sector 70a
"['Intercom Facility', 'Lift(s)', 'Park']",sector 47
"['Intercom Facility', 'Lift(s)', 'Swimming Pool', 'Park', 'Piped-gas', 'Shopping Centre', 'Fitness Centre / GYM', 'Club house / Community Center']",sector 102
"['Security / Fire Alarm', 'Intercom Facility', 'Lift(s)', 'Centrally Air Conditioned', 'Maintenance Staff', 'Water Storage', 'Visitor Parking', 'Swimming Pool', 'Park', 'Security Personnel', 'Natural Light', 'Fitness Centre / GYM', 'Rain Water Harvesting', 'Club house / Community Center', 'Water softening plant']",sector 37c
"['Feng Shui / Vaastu Compliant', 'Security / Fire Alarm', 'Intercom Facility', 'Lift(s)', 'Maintenance Staff', 'Water Storage', 'Park', 'Visitor Parking']",sector 54
"['Private Garden / Terrace', 'Lift(s)', 'Maintenance Staff', 'Water Storage', 'Park', 'Visitor Parking', 'Security Personnel', 'Natural Light', 'Internet/wi-fi connectivity', 'Airy Rooms', 'Club house / Community Center']",sector 51
"['Feng Shui / Vaastu Compliant', 'Private Garden / Terrace', 'Centrally Air Conditioned', 'Water purifier', 'High Ceiling Height', 'Maintenance Staff', 'Water Storage', 'Separate entry for servant room', 'No open drainage around', 'Bank Attached Property', 'Recently Renovated', 'Visitor Parking', 'Swimming Pool', 'Park', 'Security Personnel', 'Natural Light', 'Airy Rooms', 'Spacious Interiors', 'Low Density Society', 'Fitness Centre / GYM', 'Waste Disposal', 'Rain Water Harvesting', 'Club house / Community Center']",sector 79
,sector 39
"['Lift(s)', 'Maintenance Staff']",sector 108
"['Security / Fire Alarm', 'Power Back-up', 'Lift(s)', 'High Ceiling Height', 'Maintenance Staff', 'False Ceiling Lighting', 'Water Storage', 'Separate entry for servant room', 'No open drainage around', 'Swimming Pool', 'Park', 'Security Personnel', 'Shopping Centre', 'Fitness Centre / GYM', 'Club house / Community Center', 'Water softening plant']",sector 37c
"['Security / Fire Alarm', 'Water purifier', 'High Ceiling Height', 'Maintenance Staff', 'Water Storage', 'Separate entry for servant room', 'No open drainage around', 'Visitor Parking', 'Park', 'Security Personnel', 'Natural Light', 'Rain Water Harvesting', 'Club house / Community Center']",sohna road
"['Intercom Facility', 'Lift(s)', 'Swimming Pool', 'Security Personnel', 'Maintenance Staff', 'Internet/wi-fi connectivity', 'Park', 'Visitor Parking', 'Club house / Community Center', 'Fitness Centre / GYM', 'Shopping Centre', 'Rain Water Harvesting']",sector 74
,sector 92
"['Feng Shui / Vaastu Compliant', 'Private Garden / Terrace', 'High Ceiling Height', 'Maintenance Staff', 'Water Storage', 'Separate entry for servant room', 'No open drainage around', 'Bank Attached Property', 'Visitor Parking', 'Swimming Pool', 'Park', 'Security Personnel', 'Natural Light', 'Low Density Society', 'Fitness Centre / GYM', 'Waste Disposal', 'Rain Water Harvesting', 'Club house / Community Center']",sector 67a
,sector 86
"['Feng Shui / Vaastu Compliant', 'Security / Fire Alarm', 'Intercom Facility', 'Lift(s)', 'Maintenance Staff', 'Water Storage', 'Park', 'Visitor Parking']",sector 43
"['Power Back-up', 'Feng Shui / Vaastu Compliant', 'Intercom Facility', 'Lift(s)', 'High Ceiling Height', 'Maintenance Staff', 'False Ceiling Lighting', 'Water Storage', 'Separate entry for servant room', 'No open drainage around', 'Piped-gas', 'Swimming Pool', 'Park', 'Shopping Centre', 'Fitness Centre / GYM', 'Waste Disposal', 'Rain Water Harvesting', 'Club house / Community Center', 'Water softening plant']",sector 28
,sector 109
"['Centrally Air Conditioned', 'Water purifier', 'Security / Fire Alarm', 'Power Back-up', 'Feng Shui / Vaastu Compliant', 'Private Garden / Terrace', 'Intercom Facility', 'Lift(s)', 'High Ceiling Height', 'Maintenance Staff', 'False Ceiling Lighting', 'Water Storage', 'Separate entry for servant room', 'No open drainage around', 'Bank Attached Property', 'Piped-gas', 'Internet/wi-fi connectivity', 'Recently Renovated', 'Visitor Parking', 'Swimming Pool', 'Park', 'Security Personnel', 'Natural Light', 'Airy Rooms', 'Spacious Interiors', 'Low Density Society', 'Waste Disposal', 'Rain Water Harvesting', 'Water softening plant', 'Shopping Centre', 'Fitness Centre / GYM', 'Club house / Community Center']",sohna road
"['Private Garden / Terrace', 'Intercom Facility', 'Lift(s)', 'Centrally Air Conditioned', 'Water purifier', 'Maintenance Staff', 'Recently Renovated', 'Piped-gas', 'Park', 'Security Personnel', 'Natural Light', 'Internet/wi-fi connectivity', 'Airy Rooms', 'Spacious Interiors', 'Shopping Centre', 'Rain Water Harvesting', 'Water softening plant']",sector 11
"['Lift(s)', 'Maintenance Staff', 'Swimming Pool', 'Park', 'Security Personnel', 'Fitness Centre / GYM', 'Club house / Community Center']",sector 79
,sector 106
"['Security / Fire Alarm', 'Intercom Facility', 'Lift(s)', 'Maintenance Staff', 'Water Storage', 'Park', 'Visitor Parking']",sector 99
,sector 28
"['Feng Shui / Vaastu Compliant', 'Security / Fire Alarm', 'Intercom Facility', 'Lift(s)', 'Maintenance Staff', 'Water Storage', 'Park', 'Visitor Parking']",sector 63
"['Security / Fire Alarm', 'Power Back-up', 'Feng Shui / Vaastu Compliant', 'Private Garden / Terrace', 'Intercom Facility', 'Lift(s)', 'High Ceiling Height', 'Maintenance Staff', 'False Ceiling Lighting', 'Water Storage', 'Separate entry for servant room', 'No open drainage around', 'Bank Attached Property', 'Piped-gas', 'Internet/wi-fi connectivity', 'Recently Renovated', 'Visitor Parking', 'Swimming Pool', 'Park', 'Security Personnel', 'Natural Light', 'Airy Rooms', 'Low Density Society', 'Waste Disposal', 'Rain Water Harvesting', 'Water softening plant', 'Shopping Centre', 'Fitness Centre / GYM', 'Club house / Community Center']",sector 99
"['Feng Shui / Vaastu Compliant', 'Maintenance Staff', 'Water Storage', 'Park', 'Natural Light']",sector 65
,sector 76
"['Private Garden / Terrace', 'Lift(s)', 'Swimming Pool', 'Park', 'Visitor Parking', 'Security Personnel', 'Shopping Centre', 'Fitness Centre / GYM']",sector 81
"['Feng Shui / Vaastu Compliant', 'High Ceiling Height', 'Maintenance Staff', 'False Ceiling Lighting', 'Water Storage', 'Separate entry for servant room', 'Visitor Parking', 'Park', 'Security Personnel', 'Internet/wi-fi connectivity', 'Low Density Society', 'Waste Disposal', 'Rain Water Harvesting', 'Club house / Community Center']",sector 102
"['Security / Fire Alarm', 'Feng Shui / Vaastu Compliant', 'Intercom Facility', 'Lift(s)', 'Water purifier', 'Maintenance Staff', 'Water Storage', 'No open drainage around', 'Bank Attached Property', 'Visitor Parking', 'Swimming Pool', 'Park', 'Natural Light', 'Airy Rooms', 'Low Density Society', 'Shopping Centre', 'Fitness Centre / GYM', 'Waste Disposal', 'Rain Water Harvesting', 'Club house / Community Center', 'Water softening plant']",sector 83
,sector 66
"['Feng Shui / Vaastu Compliant', 'Security / Fire Alarm', 'Lift(s)', 'Maintenance Staff', 'Water Storage', 'Park']",sector 39
"['Centrally Air Conditioned', 'Security / Fire Alarm', 'Power Back-up', 'Feng Shui / Vaastu Compliant', 'Private Garden / Terrace', 'Intercom Facility', 'Lift(s)', 'High Ceiling Height', 'Maintenance Staff', 'Water Storage', 'Separate entry for servant room', 'No open drainage around', 'Bank Attached Property', 'Piped-gas', 'Internet/wi-fi connectivity', 'Visitor Parking', 'Swimming Pool', 'Park', 'Security Personnel', 'Natural Light', 'Airy Rooms', 'Spacious Interiors', 'Low Density Society', 'Waste Disposal', 'Rain Water Harvesting', 'Water softening plant', 'Shopping Centre', 'Fitness Centre / GYM', 'Club house / Community Center']",sector 4
"['Lift(s)', 'Maintenance Staff', 'Park', 'Visitor Parking']",sector 26
"['Intercom Facility', 'Lift(s)', 'Maintenance Staff', 'Swimming Pool', 'Park', 'Piped-gas', 'Internet/wi-fi connectivity', 'Fitness Centre / GYM', 'Club house / Community Center']",sector 79
"['Security / Fire Alarm', 'Power Back-up', 'Feng Shui / Vaastu Compliant', 'Intercom Facility', 'Lift(s)', 'High Ceiling Height', 'Maintenance Staff', 'False Ceiling Lighting', 'Water Storage', 'Separate entry for servant room', 'No open drainage around', 'Visitor Parking', 'Swimming Pool', 'Park', 'Security Personnel', 'Internet/wi-fi connectivity', 'Shopping Centre', 'Fitness Centre / GYM', 'Rain Water Harvesting', 'Club house / Community Center', 'Water softening plant']",sector 95
"['Feng Shui / Vaastu Compliant', 'Security / Fire Alarm', 'Intercom Facility', 'Lift(s)', 'Maintenance Staff', 'Water Storage', 'Park', 'Visitor Parking']",sector 76
"['Water purifier', 'Security / Fire Alarm', 'Power Back-up', 'Feng Shui / Vaastu Compliant', 'Private Garden / Terrace', 'Intercom Facility', 'Lift(s)', 'High Ceiling Height', 'Maintenance Staff', 'False Ceiling Lighting', 'Water Storage', 'Separate entry for servant room', 'No open drainage around', 'Piped-gas', 'Internet/wi-fi connectivity', 'Visitor Parking', 'Swimming Pool', 'Park', 'Security Personnel', 'Natural Light', 'Airy Rooms', 'Spacious Interiors', 'Low Density Society', 'Waste Disposal', 'Rain Water Harvesting', 'Water softening plant', 'Shopping Centre', 'Fitness Centre / GYM', 'Club house / Community Center']",sector 33
"['Security / Fire Alarm', 'Feng Shui / Vaastu Compliant', 'Intercom Facility', 'Lift(s)', 'High Ceiling Height', 'Maintenance Staff', 'False Ceiling Lighting', 'Water Storage', 'Separate entry for servant room', 'No open drainage around', 'Piped-gas', 'Visitor Parking', 'Swimming Pool', 'Park', 'Internet/wi-fi connectivity', 'Shopping Centre', 'Fitness Centre / GYM', 'Waste Disposal', 'Rain Water Harvesting', 'Water softening plant']",sector 56
"['Security / Fire Alarm', 'Intercom Facility', 'Lift(s)', 'Maintenance Staff', 'Swimming Pool', 'Water Storage', 'Park', 'Visitor Parking', 'Shopping Centre', 'Fitness Centre / GYM', 'Club house / Community Center', 'Rain Water Harvesting']",sector 21
"['Intercom Facility', 'Lift(s)', 'Park']",sector 92
"['Power Back-up', 'Feng Shui / Vaastu Compliant', 'Security / Fire Alarm', 'Lift(s)', 'Swimming Pool', 'Maintenance Staff', 'Water Storage', 'Park', 'Visitor Parking', 'Shopping Centre', 'Fitness Centre / GYM', 'Club house / Community Center']",sector 68
"['Power Back-up', 'Intercom Facility', 'Lift(s)', 'Swimming Pool', 'Park', 'Fitness Centre / GYM', 'Club house / Community Center']",sector 102
"['Security / Fire Alarm', 'Feng Shui / Vaastu Compliant', 'Intercom Facility', 'Lift(s)', 'Maintenance Staff', 'Water Storage', 'Separate entry for servant room', 'No open drainage around', 'Bank Attached Property', 'Visitor Parking', 'Swimming Pool', 'Park', 'Security Personnel', 'Low Density Society', 'Shopping Centre', 'Fitness Centre / GYM', 'Waste Disposal', 'Rain Water Harvesting', 'Club house / Community Center', 'Water softening plant']",sector 83
"['Feng Shui / Vaastu Compliant', 'Private Garden / Terrace', 'Maintenance Staff', 'Water Storage', 'Park', 'Visitor Parking', 'Waste Disposal', 'Rain Water Harvesting']",sector 74
,sector 79
"['Power Back-up', 'Intercom Facility', 'Lift(s)', 'Shopping Centre', 'Fitness Centre / GYM']",sector 99a
"['Security / Fire Alarm', 'Feng Shui / Vaastu Compliant', 'Intercom Facility', 'Lift(s)', 'High Ceiling Height', 'Maintenance Staff', 'Water Storage', 'No open drainage around', 'Bank Attached Property', 'Visitor Parking', 'Swimming Pool', 'Park', 'Internet/wi-fi connectivity', 'Low Density Society', 'Fitness Centre / GYM', 'Waste Disposal', 'Rain Water Harvesting', 'Club house / Community Center']",sector 109
"['Feng Shui / Vaastu Compliant', 'Security / Fire Alarm', 'Intercom Facility', 'Lift(s)', 'Maintenance Staff', 'Water Storage', 'Park', 'Visitor Parking']",sector 92
"['Security / Fire Alarm', 'Lift(s)', 'Maintenance Staff', 'Swimming Pool', 'Water Storage', 'Park', 'Visitor Parking', 'Shopping Centre', 'Fitness Centre / GYM', 'Club house / Community Center']",sector 95
"['Centrally Air Conditioned', 'Water purifier', 'Security / Fire Alarm', 'Power Back-up', 'Feng Shui / Vaastu Compliant', 'Private Garden / Terrace', 'Intercom Facility', 'Lift(s)', 'High Ceiling Height', 'Maintenance Staff', 'Water Storage', 'No open drainage around', 'Bank Attached Property', 'Piped-gas', 'Recently Renovated', 'Visitor Parking', 'Swimming Pool', 'Park', 'Security Personnel', 'Natural Light', 'Airy Rooms', 'Spacious Interiors', 'Low Density Society', 'Waste Disposal', 'Rain Water Harvesting', 'Water softening plant', 'Shopping Centre', 'Fitness Centre / GYM', 'Club house / Community Center']",sector 82
"['Water purifier', 'Centrally Air Conditioned', 'Security / Fire Alarm', 'Power Back-up', 'Feng Shui / Vaastu Compliant', 'Private Garden / Terrace', 'Intercom Facility', 'Lift(s)', 'High Ceiling Height', 'Maintenance Staff', 'False Ceiling Lighting', 'Water Storage', 'Separate entry for servant room', 'No open drainage around', 'Bank Attached Property', 'Piped-gas', 'Internet/wi-fi connectivity', 'Recently Renovated', 'Visitor Parking', 'Swimming Pool', 'Park', 'Security Personnel', 'Natural Light', 'Airy Rooms', 'Spacious Interiors', 'Low Density Society', 'Waste Disposal', 'Rain Water Harvesting', 'Water softening plant', 'Shopping Centre', 'Fitness Centre / GYM', 'Club house / Community Center']",sector 89
"['Feng Shui / Vaastu Compliant', 'Intercom Facility', 'Lift(s)', 'Swimming Pool', 'Park', 'Shopping Centre', 'Fitness Centre / GYM', 'Club house / Community Center']",sector 81
,sector 90
"['Centrally Air Conditioned', 'Water purifier', 'Security / Fire Alarm', 'Power Back-up', 'Feng Shui / Vaastu Compliant', 'Private Garden / Terrace', 'Intercom Facility', 'Lift(s)', 'High Ceiling Height', 'Maintenance Staff', 'False Ceiling Lighting', 'Water Storage', 'Separate entry for servant room', 'No open drainage around', 'Bank Attached Property', 'Piped-gas', 'Internet/wi-fi connectivity', 'Recently Renovated', 'Visitor Parking', 'Swimming Pool', 'Park', 'Natural Light', 'Airy Rooms', 'Spacious Interiors', 'Low Density Society', 'Waste Disposal', 'Rain Water Harvesting', 'Water softening plant', 'Shopping Centre', 'Fitness Centre / GYM', 'Club house / Community Center']",sector 22
"['Water purifier', 'Centrally Air Conditioned', 'Security / Fire Alarm', 'Power Back-up', 'Feng Shui / Vaastu Compliant', 'Private Garden / Terrace', 'Intercom Facility', 'Lift(s)', 'High Ceiling Height', 'Maintenance Staff', 'False Ceiling Lighting', 'Water Storage', 'Separate entry for servant room', 'No open drainage around', 'Bank Attached Property', 'Piped-gas', 'Internet/wi-fi connectivity', 'Recently Renovated', 'Visitor Parking', 'Swimming Pool', 'Park', 'Security Personnel', 'Natural Light', 'Airy Rooms', 'Spacious Interiors', 'Low Density Society', 'Waste Disposal', 'Rain Water Harvesting', 'Water softening plant', 'Shopping Centre', 'Fitness Centre / GYM', 'Club house / Community Center']",sector 109
"['Water Storage', 'No open drainage around', 'Park', 'Visitor Parking', 'Internet/wi-fi connectivity', 'Low Density Society', 'Waste Disposal']",sector 38
"['Intercom Facility', 'Lift(s)', 'Maintenance Staff', 'Swimming Pool', 'Park', 'Shopping Centre', 'Rain Water Harvesting']",sector 102
"['Feng Shui / Vaastu Compliant', 'Intercom Facility', 'Lift(s)', 'Maintenance Staff', 'Park']",sector 74
"['Feng Shui / Vaastu Compliant', 'Private Garden / Terrace', 'Centrally Air Conditioned', 'Water purifier', 'High Ceiling Height', 'Maintenance Staff', 'False Ceiling Lighting', 'Separate entry for servant room', 'Bank Attached Property', 'Visitor Parking', 'Swimming Pool', 'Park', 'Security Personnel', 'Natural Light', 'Internet/wi-fi connectivity', 'Airy Rooms', 'Spacious Interiors', 'Low Density Society', 'Fitness Centre / GYM', 'Waste Disposal', 'Rain Water Harvesting']",sector 31
,sector 3
"['Water purifier', 'Security / Fire Alarm', 'Power Back-up', 'Feng Shui / Vaastu Compliant', 'Private Garden / Terrace', 'Intercom Facility', 'Lift(s)', 'High Ceiling Height', 'Maintenance Staff', 'False Ceiling Lighting', 'Water Storage', 'Separate entry for servant room', 'No open drainage around', 'Piped-gas', 'Visitor Parking', 'Swimming Pool', 'Park', 'Security Personnel', 'Natural Light', 'Airy Rooms', 'Spacious Interiors', 'Low Density Society', 'Waste Disposal', 'Rain Water Harvesting', 'Water softening plant', 'Shopping Centre', 'Fitness Centre / GYM', 'Club house / Community Center']",sector 109
"['Centrally Air Conditioned', 'Water purifier', 'Security / Fire Alarm', 'Feng Shui / Vaastu Compliant', 'Private Garden / Terrace', 'Intercom Facility', 'Lift(s)', 'High Ceiling Height', 'Maintenance Staff', 'False Ceiling Lighting', 'Water Storage', 'Separate entry for servant room', 'No open drainage around', 'Bank Attached Property', 'Piped-gas', 'Internet/wi-fi connectivity', 'Recently Renovated', 'Visitor Parking', 'Swimming Pool', 'Park', 'Security Personnel', 'Natural Light', 'Airy Rooms', 'Spacious Interiors', 'Low Density Society', 'Waste Disposal', 'Rain Water Harvesting', 'Water softening plant', 'Shopping Centre', 'Fitness Centre / GYM', 'Club house / Community Center']",sector 25
"['Centrally Air Conditioned', 'Water purifier', 'Security / Fire Alarm', 'Feng Shui / Vaastu Compliant', 'Private Garden / Terrace', 'Intercom Facility', 'Lift(s)', 'High Ceiling Height', 'Maintenance Staff', 'False Ceiling Lighting', 'Water Storage', 'Separate entry for servant room', 'No open drainage around', 'Bank Attached Property', 'Piped-gas', 'Internet/wi-fi connectivity', 'Recently Renovated', 'Visitor Parking', 'Swimming Pool', 'Park', 'Security Personnel', 'Natural Light', 'Airy Rooms', 'Spacious Interiors', 'Low Density Society', 'Waste Disposal', 'Rain Water Harvesting', 'Water softening plant', 'Shopping Centre', 'Fitness Centre / GYM', 'Club house / Community Center']",sector 4
"['Feng Shui / Vaastu Compliant', 'Water Storage', 'Park', 'Visitor Parking', 'Waste Disposal', 'Rain Water Harvesting']",sector 107
"['Centrally Air Conditioned', 'Water purifier', 'Security / Fire Alarm', 'Feng Shui / Vaastu Compliant', 'Private Garden / Terrace', 'High Ceiling Height', 'Maintenance Staff', 'False Ceiling Lighting', 'Water Storage', 'Separate entry for servant room', 'No open drainage around', 'Bank Attached Property', 'Piped-gas', 'Internet/wi-fi connectivity', 'Recently Renovated', 'Visitor Parking', 'Swimming Pool', 'Park', 'Security Personnel', 'Natural Light', 'Airy Rooms', 'Spacious Interiors', 'Low Density Society', 'Waste Disposal', 'Rain Water Harvesting', 'Fitness Centre / GYM', 'Club house / Community Center']",sector 85
"['Security / Fire Alarm', 'Feng Shui / Vaastu Compliant', 'Intercom Facility', 'Lift(s)', 'Maintenance Staff', 'Water Storage', 'Separate entry for servant room', 'No open drainage around', 'Recently Renovated', 'Visitor Parking', 'Swimming Pool', 'Park', 'Security Personnel', 'Natural Light', 'Internet/wi-fi connectivity', 'Airy Rooms', 'Spacious Interiors', 'Low Density Society', 'Shopping Centre', 'Fitness Centre / GYM', 'Rain Water Harvesting', 'Club house / Community Center']",sector 3
"['Centrally Air Conditioned', 'Water purifier', 'Security / Fire Alarm', 'Feng Shui / Vaastu Compliant', 'Private Garden / Terrace', 'High Ceiling Height', 'Maintenance Staff', 'False Ceiling Lighting', 'Water Storage', 'Separate entry for servant room', 'No open drainage around', 'Piped-gas', 'Internet/wi-fi connectivity', 'Recently Renovated', 'Visitor Parking', 'Swimming Pool', 'Park', 'Security Personnel', 'Natural Light', 'Airy Rooms', 'Spacious Interiors', 'Low Density Society', 'Waste Disposal', 'Rain Water Harvesting', 'Fitness Centre / GYM', 'Club house / Community Center']",sector 52
"['Security / Fire Alarm', 'Feng Shui / Vaastu Compliant', 'Intercom Facility', 'Lift(s)', 'Maintenance Staff', 'Water Storage', 'Visitor Parking', 'Swimming Pool', 'Park', 'Natural Light', 'Airy Rooms', 'Fitness Centre / GYM', 'Rain Water Harvesting', 'Club house / Community Center']",sector 95
,sector 107
"['Security / Fire Alarm', 'Feng Shui / Vaastu Compliant', 'Intercom Facility', 'Lift(s)', 'High Ceiling Height', 'Maintenance Staff', 'False Ceiling Lighting', 'Water Storage', 'Piped-gas', 'Visitor Parking', 'Swimming Pool', 'Park', 'Internet/wi-fi connectivity', 'Shopping Centre', 'Fitness Centre / GYM', 'Waste Disposal', 'Rain Water Harvesting']",sector 43
,manesar
"['Security / Fire Alarm', 'Power Back-up', 'Feng Shui / Vaastu Compliant', 'Intercom Facility', 'Lift(s)', 'High Ceiling Height', 'Maintenance Staff', 'False Ceiling Lighting', 'Water Storage', 'Separate entry for servant room', 'Visitor Parking', 'Swimming Pool', 'Park', 'Internet/wi-fi connectivity', 'Shopping Centre', 'Fitness Centre / GYM', 'Waste Disposal', 'Rain Water Harvesting', 'Club house / Community Center', 'Water softening plant']",sector 2
"['Feng Shui / Vaastu Compliant', 'Private Garden / Terrace', 'Maintenance Staff', 'Water Storage', 'Park', 'Visitor Parking', 'Waste Disposal', 'Rain Water Harvesting']",sector 50
"['Security / Fire Alarm', 'Power Back-up', 'Feng Shui / Vaastu Compliant', 'Lift(s)', 'Water purifier', 'Maintenance Staff', 'Water Storage', 'No open drainage around', 'Visitor Parking', 'Swimming Pool', 'Park', 'Security Personnel', 'Airy Rooms', 'Low Density Society', 'Fitness Centre / GYM', 'Rain Water Harvesting', 'Club house / Community Center']",sector 65
"['Security / Fire Alarm', 'Private Garden / Terrace', 'Intercom Facility', 'Lift(s)', 'Water purifier', 'Maintenance Staff', 'Water Storage', 'Park', 'Piped-gas', 'Visitor Parking', 'Fitness Centre / GYM']",sector 2
"['Lift(s)', 'Swimming Pool', 'Park', 'Fitness Centre / GYM', 'Club house / Community Center']",sector 95
"['High Ceiling Height', 'False Ceiling Lighting', 'Separate entry for servant room', 'No open drainage around', 'Recently Renovated', 'Swimming Pool', 'Security Personnel', 'Natural Light', 'Internet/wi-fi connectivity', 'Airy Rooms', 'Spacious Interiors', 'Shopping Centre', 'Fitness Centre / GYM', 'Rain Water Harvesting', 'Club house / Community Center']",sector 61
"['Water purifier', 'Security / Fire Alarm', 'Feng Shui / Vaastu Compliant', 'Private Garden / Terrace', 'Intercom Facility', 'Lift(s)', 'Maintenance Staff', 'False Ceiling Lighting', 'Water Storage', 'Separate entry for servant room', 'No open drainage around', 'Bank Attached Property', 'Piped-gas', 'Internet/wi-fi connectivity', 'Recently Renovated', 'Visitor Parking', 'Swimming Pool', 'Park', 'Security Personnel', 'Natural Light', 'Airy Rooms', 'Spacious Interiors', 'Low Density Society', 'Waste Disposal', 'Rain Water Harvesting', 'Water softening plant', 'Shopping Centre', 'Fitness Centre / GYM', 'Club house / Community Center']",sector 70a
"['Security / Fire Alarm', 'Feng Shui / Vaastu Compliant', 'Private Garden / Terrace', 'Water purifier', 'High Ceiling Height', 'Maintenance Staff', 'False Ceiling Lighting', 'Water Storage', 'Separate entry for servant room', 'No open drainage around', 'Recently Renovated', 'Visitor Parking', 'Swimming Pool', 'Park', 'Security Personnel', 'Natural Light', 'Internet/wi-fi connectivity', 'Airy Rooms', 'Spacious Interiors', 'Low Density Society', 'Fitness Centre / GYM', 'Waste Disposal', 'Rain Water Harvesting', 'Club house / Community Center']",sector 83
['Park'],sector 107
"['Security / Fire Alarm', 'Feng Shui / Vaastu Compliant', 'Intercom Facility', 'Lift(s)', 'High Ceiling Height', 'Maintenance Staff', 'False Ceiling Lighting', 'Water Storage', 'No open drainage around', 'Piped-gas', 'Visitor Parking', 'Swimming Pool', 'Park', 'Security Personnel', 'Natural Light', 'Internet/wi-fi connectivity', 'Airy Rooms', 'Low Density Society', 'Shopping Centre', 'Fitness Centre / GYM', 'Rain Water Harvesting', 'Club house / Community Center', 'Water softening plant']",sector 69
"['Feng Shui / Vaastu Compliant', 'Water Storage', 'Park', 'Visitor Parking']",sector 33
['Park'],sector 82
"['Feng Shui / Vaastu Compliant', 'Security / Fire Alarm', 'Intercom Facility', 'Lift(s)', 'Maintenance Staff', 'Swimming Pool', 'Water Storage', 'Park', 'Visitor Parking', 'Shopping Centre', 'Fitness Centre / GYM', 'Rain Water Harvesting']",sector 12
"['Feng Shui / Vaastu Compliant', 'Security / Fire Alarm', 'Intercom Facility', 'Lift(s)', 'Maintenance Staff', 'Water Storage', 'Park', 'Visitor Parking']",sector 105
"['Power Back-up', 'Lift(s)', 'Swimming Pool', 'Maintenance Staff', 'Park', 'Visitor Parking', 'Shopping Centre', 'Fitness Centre / GYM', 'Club house / Community Center', 'Rain Water Harvesting']",sector 70a
,gwal pahari
"['Centrally Air Conditioned', 'Water purifier', 'Security / Fire Alarm', 'Power Back-up', 'Feng Shui / Vaastu Compliant', 'Private Garden / Terrace', 'Intercom Facility', 'Lift(s)', 'High Ceiling Height', 'Maintenance Staff', 'False Ceiling Lighting', 'Water Storage', 'Separate entry for servant room', 'No open drainage around', 'Piped-gas', 'Internet/wi-fi connectivity', 'Recently Renovated', 'Visitor Parking', 'Swimming Pool', 'Park', 'Security Personnel', 'Natural Light', 'Airy Rooms', 'Spacious Interiors', 'Waste Disposal', 'Rain Water Harvesting', 'Water softening plant', 'Shopping Centre', 'Fitness Centre / GYM', 'Club house / Community Center']",sector 43
"['Feng Shui / Vaastu Compliant', 'Lift(s)', 'Maintenance Staff', 'Park', 'Visitor Parking']",sector 92
,sector 89
"['Feng Shui / Vaastu Compliant', 'Private Garden / Terrace', 'False Ceiling Lighting', 'Water Storage', 'No open drainage around', 'Recently Renovated', 'Piped-gas', 'Visitor Parking', 'Park', 'Natural Light', 'Airy Rooms', 'Spacious Interiors', 'Low Density Society', 'Waste Disposal']",sector 108
"['Centrally Air Conditioned', 'Water purifier', 'Security / Fire Alarm', 'Power Back-up', 'Feng Shui / Vaastu Compliant', 'Private Garden / Terrace', 'Intercom Facility', 'Lift(s)', 'High Ceiling Height', 'Maintenance Staff', 'False Ceiling Lighting', 'Water Storage', 'Separate entry for servant room', 'No open drainage around', 'Bank Attached Property', 'Piped-gas', 'Internet/wi-fi connectivity', 'Recently Renovated', 'Visitor Parking', 'Swimming Pool', 'Park', 'Security Personnel', 'Natural Light', 'Airy Rooms', 'Spacious Interiors', 'Low Density Society', 'Waste Disposal', 'Rain Water Harvesting', 'Water softening plant', 'Shopping Centre', 'Fitness Centre / GYM', 'Club house / Community Center']",sector 84
"['Private Garden / Terrace', 'Water Storage', 'Park', 'Visitor Parking', 'Rain Water Harvesting']",sector 85
"['Security / Fire Alarm', 'Intercom Facility', 'Lift(s)', 'High Ceiling Height', 'Maintenance Staff', 'Water Storage', 'No open drainage around', 'Visitor Parking', 'Park', 'Natural Light', 'Airy Rooms', 'Shopping Centre', 'Fitness Centre / GYM', 'Rain Water Harvesting']",sector 81
,sector 70a
"['Security / Fire Alarm', 'Lift(s)', 'Maintenance Staff', 'Water Storage', 'No open drainage around', 'Visitor Parking', 'Park', 'Security Personnel', 'Natural Light', 'Internet/wi-fi connectivity', 'Airy Rooms', 'Spacious Interiors', 'Low Density Society', 'Club house / Community Center']",sector 17b
"['Feng Shui / Vaastu Compliant', 'Maintenance Staff', 'Water Storage', 'Park']",sector 95
,sector 86
"['Feng Shui / Vaastu Compliant', 'Intercom Facility', 'Lift(s)', 'Park']",sector 36a
"['High Ceiling Height', 'False Ceiling Lighting', 'Water Storage', 'Separate entry for servant room', 'No open drainage around', 'Park', 'Recently Renovated', 'Visitor Parking', 'Natural Light', 'Airy Rooms']",sector 91
"['Feng Shui / Vaastu Compliant', 'Maintenance Staff', 'Water Storage', 'Visitor Parking', 'Waste Disposal', 'Rain Water Harvesting']",sector 81
"['Feng Shui / Vaastu Compliant', 'Water Storage', 'Separate entry for servant room', 'Park', 'Visitor Parking', 'Internet/wi-fi connectivity', 'Waste Disposal']",sector 85
"['Security / Fire Alarm', 'Feng Shui / Vaastu Compliant', 'Private Garden / Terrace', 'Water purifier', 'High Ceiling Height', 'Maintenance Staff', 'Water Storage', 'Separate entry for servant room', 'No open drainage around', 'Piped-gas', 'Visitor Parking', 'Swimming Pool', 'Park', 'Security Personnel', 'Natural Light', 'Airy Rooms', 'Spacious Interiors', 'Low Density Society', 'Fitness Centre / GYM', 'Waste Disposal', 'Rain Water Harvesting', 'Club house / Community Center']",sector 28
"['Water purifier', 'Security / Fire Alarm', 'Power Back-up', 'Feng Shui / Vaastu Compliant', 'Private Garden / Terrace', 'Intercom Facility', 'Lift(s)', 'High Ceiling Height', 'Maintenance Staff', 'False Ceiling Lighting', 'Water Storage', 'No open drainage around', 'Piped-gas', 'Internet/wi-fi connectivity', 'Recently Renovated', 'Visitor Parking', 'Swimming Pool', 'Park', 'Security Personnel', 'Natural Light', 'Airy Rooms', 'Spacious Interiors', 'Waste Disposal', 'Rain Water Harvesting', 'Water softening plant', 'Shopping Centre', 'Fitness Centre / GYM', 'Club house / Community Center']",sector 71
"['Power Back-up', 'Lift(s)', 'High Ceiling Height', 'Maintenance Staff', 'No open drainage around', 'Piped-gas', 'Swimming Pool', 'Park', 'Security Personnel', 'Shopping Centre', 'Fitness Centre / GYM', 'Rain Water Harvesting', 'Club house / Community Center']",sector 3
"['Centrally Air Conditioned', 'Water purifier', 'Security / Fire Alarm', 'Feng Shui / Vaastu Compliant', 'Private Garden / Terrace', 'Intercom Facility', 'Lift(s)', 'High Ceiling Height', 'Maintenance Staff', 'False Ceiling Lighting', 'Water Storage', 'Separate entry for servant room', 'No open drainage around', 'Bank Attached Property', 'Piped-gas', 'Internet/wi-fi connectivity', 'Recently Renovated', 'Visitor Parking', 'Swimming Pool', 'Park', 'Security Personnel', 'Natural Light', 'Airy Rooms', 'Spacious Interiors', 'Low Density Society', 'Waste Disposal', 'Rain Water Harvesting', 'Water softening plant', 'Shopping Centre', 'Fitness Centre / GYM', 'Club house / Community Center']",sector 37d
"['Security / Fire Alarm', 'Feng Shui / Vaastu Compliant', 'Private Garden / Terrace', 'Centrally Air Conditioned', 'Water purifier', 'Maintenance Staff', 'Water Storage', 'Piped-gas', 'Visitor Parking', 'Swimming Pool', 'Park', 'Security Personnel', 'Internet/wi-fi connectivity', 'Fitness Centre / GYM', 'Waste Disposal', 'Rain Water Harvesting', 'Club house / Community Center']",sector 26
"['Feng Shui / Vaastu Compliant', 'Private Garden / Terrace', 'Maintenance Staff', 'Water Storage', 'Park', 'Visitor Parking', 'Waste Disposal', 'Rain Water Harvesting']",sector 60
,sector 61
"['Feng Shui / Vaastu Compliant', 'Private Garden / Terrace', 'High Ceiling Height', 'False Ceiling Lighting', 'Water Storage', 'Separate entry for servant room', 'No open drainage around', 'Visitor Parking', 'Low Density Society', 'Waste Disposal', 'Rain Water Harvesting']",sector 37c
"['Water purifier', 'Centrally Air Conditioned', 'Security / Fire Alarm', 'Power Back-up', 'Feng Shui / Vaastu Compliant', 'Private Garden / Terrace', 'Intercom Facility', 'Lift(s)', 'High Ceiling Height', 'Maintenance Staff', 'False Ceiling Lighting', 'Water Storage', 'Separate entry for servant room', 'No open drainage around', 'Bank Attached Property', 'Piped-gas', 'Internet/wi-fi connectivity', 'Recently Renovated', 'Visitor Parking', 'Swimming Pool', 'Park', 'Security Personnel', 'Natural Light', 'Airy Rooms', 'Spacious Interiors', 'Low Density Society', 'Waste Disposal', 'Rain Water Harvesting', 'Water softening plant', 'Shopping Centre', 'Fitness Centre / GYM', 'Club house / Community Center']",sector 79
"['Security / Fire Alarm', 'Power Back-up', 'Lift(s)', 'Water purifier', 'High Ceiling Height', 'Maintenance Staff', 'Water Storage', 'No open drainage around', 'Visitor Parking', 'Swimming Pool', 'Park', 'Security Personnel', 'Natural Light', 'Airy Rooms', 'Shopping Centre', 'Fitness Centre / GYM', 'Waste Disposal', 'Rain Water Harvesting', 'Club house / Community Center']",sector 95
"['Feng Shui / Vaastu Compliant', 'Security / Fire Alarm', 'Intercom Facility', 'Lift(s)', 'Maintenance Staff', 'Water Storage', 'Park', 'Visitor Parking']",sector 56
"['Feng Shui / Vaastu Compliant', 'Intercom Facility', 'Lift(s)', 'Maintenance Staff', 'Park']",manesar
,sector 61
"['Centrally Air Conditioned', 'Water purifier', 'Security / Fire Alarm', 'Feng Shui / Vaastu Compliant', 'Private Garden / Terrace', 'Intercom Facility', 'Lift(s)', 'High Ceiling Height', 'Maintenance Staff', 'False Ceiling Lighting', 'Water Storage', 'Separate entry for servant room', 'No open drainage around', 'Bank Attached Property', 'Piped-gas', 'Internet/wi-fi connectivity', 'Recently Renovated', 'Visitor Parking', 'Swimming Pool', 'Park', 'Security Personnel', 'Natural Light', 'Airy Rooms', 'Spacious Interiors', 'Low Density Society', 'Waste Disposal', 'Rain Water Harvesting', 'Water softening plant', 'Shopping Centre', 'Fitness Centre / GYM', 'Club house / Community Center']",sector 113
"['Feng Shui / Vaastu Compliant', 'Security / Fire Alarm', 'Intercom Facility', 'Lift(s)', 'Maintenance Staff', 'Water Storage', 'Park', 'Visitor Parking']",sector 14
"['Feng Shui / Vaastu Compliant', 'Security / Fire Alarm', 'Intercom Facility', 'Lift(s)', 'Maintenance Staff', 'Water Storage', 'Park', 'Visitor Parking']",sector 84
"['Power Back-up', 'Security / Fire Alarm', 'Intercom Facility', 'Lift(s)', 'False Ceiling Lighting', 'Water Storage', 'Park', 'Fitness Centre / GYM', 'Rain Water Harvesting']",sector 86
"['Centrally Air Conditioned', 'Water purifier', 'Security / Fire Alarm', 'Feng Shui / Vaastu Compliant', 'Private Garden / Terrace', 'Intercom Facility', 'Lift(s)', 'High Ceiling Height', 'Maintenance Staff', 'False Ceiling Lighting', 'Water Storage', 'Separate entry for servant room', 'No open drainage around', 'Bank Attached Property', 'Piped-gas', 'Internet/wi-fi connectivity', 'Recently Renovated', 'Visitor Parking', 'Swimming Pool', 'Park', 'Security Personnel', 'Natural Light', 'Airy Rooms', 'Low Density Society', 'Waste Disposal', 'Rain Water Harvesting', 'Water softening plant', 'Shopping Centre', 'Fitness Centre / GYM', 'Club house / Community Center']",sector 85
"['Power Back-up', 'Intercom Facility', 'Lift(s)', 'Swimming Pool', 'Maintenance Staff', 'Park', 'Security Personnel', 'Fitness Centre / GYM', 'Club house / Community Center']",sector 68
"['Feng Shui / Vaastu Compliant', 'Security / Fire Alarm', 'Intercom Facility', 'Lift(s)', 'Maintenance Staff', 'Water Storage', 'Park', 'Visitor Parking']",sector 104
"['Security / Fire Alarm', 'Intercom Facility', 'Lift(s)', 'Park']",sector 3 phase 2
"['Feng Shui / Vaastu Compliant', 'Security / Fire Alarm', 'Intercom Facility', 'Lift(s)', 'Maintenance Staff', 'Water Storage', 'Park', 'Visitor Parking']",sector 90
"['Power Back-up', 'Feng Shui / Vaastu Compliant', 'Intercom Facility', 'Lift(s)', 'Swimming Pool', 'Maintenance Staff', 'Park', 'Security Personnel', 'Fitness Centre / GYM', 'Club house / Community Center', 'Rain Water Harvesting']",sector 92
"['Power Back-up', 'Feng Shui / Vaastu Compliant', 'Intercom Facility', 'Lift(s)', 'Maintenance Staff', 'Piped-gas', 'Visitor Parking', 'Swimming Pool', 'Park', 'Natural Light', 'Airy Rooms', 'Low Density Society', 'Shopping Centre', 'Fitness Centre / GYM', 'Waste Disposal', 'Rain Water Harvesting', 'Club house / Community Center']",sector 69
"['Feng Shui / Vaastu Compliant', 'Security / Fire Alarm', 'Intercom Facility', 'Lift(s)', 'Maintenance Staff', 'Water Storage', 'Park', 'Visitor Parking']",sector 26
"['Feng Shui / Vaastu Compliant', 'Security / Fire Alarm', 'Intercom Facility', 'Lift(s)', 'Maintenance Staff', 'Water Storage', 'Park', 'Visitor Parking']",sector 86
"['Security / Fire Alarm', 'Feng Shui / Vaastu Compliant', 'Private Garden / Terrace', 'Centrally Air Conditioned', 'Water purifier', 'High Ceiling Height', 'Maintenance Staff', 'Water Storage', 'Separate entry for servant room', 'No open drainage around', 'Bank Attached Property', 'Piped-gas', 'Visitor Parking', 'Park', 'Security Personnel', 'Natural Light', 'Internet/wi-fi connectivity', 'Airy Rooms', 'Spacious Interiors', 'Low Density Society', 'Fitness Centre / GYM', 'Waste Disposal', 'Rain Water Harvesting', 'Club house / Community Center']",sector 25
"['Security / Fire Alarm', 'Lift(s)', 'Maintenance Staff', 'Water Storage', 'Park', 'Visitor Parking']",sector 85
"['Feng Shui / Vaastu Compliant', 'Security / Fire Alarm', 'Intercom Facility', 'Lift(s)', 'Maintenance Staff', 'Water Storage', 'Park', 'Visitor Parking']",sector 33
"['Security / Fire Alarm', 'Power Back-up', 'Feng Shui / Vaastu Compliant', 'Intercom Facility', 'Lift(s)', 'Maintenance Staff', 'Water Storage', 'No open drainage around', 'Bank Attached Property', 'Visitor Parking', 'Swimming Pool', 'Park', 'Security Personnel', 'Natural Light', 'Airy Rooms', 'Low Density Society', 'Shopping Centre', 'Fitness Centre / GYM', 'Waste Disposal', 'Rain Water Harvesting', 'Club house / Community Center', 'Water softening plant']",sector 90
"['Centrally Air Conditioned', 'Water purifier', 'Security / Fire Alarm', 'Feng Shui / Vaastu Compliant', 'Private Garden / Terrace', 'Intercom Facility', 'Lift(s)', 'High Ceiling Height', 'Maintenance Staff', 'False Ceiling Lighting', 'Water Storage', 'Separate entry for servant room', 'No open drainage around', 'Bank Attached Property', 'Piped-gas', 'Internet/wi-fi connectivity', 'Recently Renovated', 'Visitor Parking', 'Swimming Pool', 'Park', 'Security Personnel', 'Natural Light', 'Airy Rooms', 'Spacious Interiors', 'Low Density Society', 'Waste Disposal', 'Rain Water Harvesting', 'Water softening plant', 'Shopping Centre', 'Fitness Centre / GYM', 'Club house / Community Center']",sector 33
"['Security / Fire Alarm', 'Power Back-up', 'Feng Shui / Vaastu Compliant', 'Intercom Facility', 'Lift(s)', 'High Ceiling Height', 'Maintenance Staff', 'Water Storage', 'No open drainage around', 'Bank Attached Property', 'Piped-gas', 'Internet/wi-fi connectivity', 'Visitor Parking', 'Swimming Pool', 'Park', 'Natural Light', 'Airy Rooms', 'Spacious Interiors', 'Low Density Society', 'Waste Disposal', 'Rain Water Harvesting', 'Water softening plant', 'Shopping Centre', 'Fitness Centre / GYM', 'Club house / Community Center']",sector 70a
,sector 71
"['Intercom Facility', 'Lift(s)', 'High Ceiling Height', 'Maintenance Staff', 'False Ceiling Lighting', 'Water Storage', 'Separate entry for servant room', 'Piped-gas', 'Swimming Pool', 'Park', 'Security Personnel', 'Shopping Centre', 'Fitness Centre / GYM', 'Waste Disposal', 'Club house / Community Center', 'Water softening plant']",sector 2
"['Feng Shui / Vaastu Compliant', 'Security / Fire Alarm', 'Intercom Facility', 'Lift(s)', 'Maintenance Staff', 'Water Storage', 'Park', 'Visitor Parking']",sector 95
"['Power Back-up', 'Feng Shui / Vaastu Compliant', 'Intercom Facility', 'Lift(s)', 'Maintenance Staff', 'Piped-gas', 'Swimming Pool', 'Park', 'Security Personnel', 'Internet/wi-fi connectivity', 'Shopping Centre', 'Fitness Centre / GYM', 'Rain Water Harvesting', 'Club house / Community Center', 'Water softening plant']",sector 106
"['Feng Shui / Vaastu Compliant', 'Security / Fire Alarm', 'Lift(s)', 'Water purifier', 'High Ceiling Height', 'Maintenance Staff', 'Water Storage', 'Park', 'Visitor Parking', 'Natural Light', 'Shopping Centre', 'Club house / Community Center']",sector 89
,sector 109
"['Security / Fire Alarm', 'Feng Shui / Vaastu Compliant', 'Intercom Facility', 'Lift(s)', 'Maintenance Staff', 'Water Storage', 'Visitor Parking', 'Swimming Pool', 'Park', 'Security Personnel', 'Internet/wi-fi connectivity', 'Shopping Centre', 'Fitness Centre / GYM', 'Rain Water Harvesting', 'Club house / Community Center']",sector 102
"['Power Back-up', 'Intercom Facility', 'Lift(s)', 'High Ceiling Height', 'Maintenance Staff', 'No open drainage around', 'Visitor Parking', 'Swimming Pool', 'Park', 'Internet/wi-fi connectivity', 'Fitness Centre / GYM', 'Club house / Community Center', 'Water softening plant']",sector 89
,sector 77
"['Security / Fire Alarm', 'Feng Shui / Vaastu Compliant', 'Intercom Facility', 'Lift(s)', 'High Ceiling Height', 'Maintenance Staff', 'Water Storage', 'No open drainage around', 'Recently Renovated', 'Bank Attached Property', 'Visitor Parking', 'Swimming Pool', 'Park', 'Security Personnel', 'Natural Light', 'Internet/wi-fi connectivity', 'Airy Rooms', 'Spacious Interiors', 'Low Density Society', 'Fitness Centre / GYM', 'Waste Disposal', 'Rain Water Harvesting', 'Club house / Community Center', 'Water softening plant']",sector 88a
"['Centrally Air Conditioned', 'Security / Fire Alarm', 'Feng Shui / Vaastu Compliant', 'Intercom Facility', 'Lift(s)', 'High Ceiling Height', 'Maintenance Staff', 'Water Storage', 'Separate entry for servant room', 'No open drainage around', 'Piped-gas', 'Internet/wi-fi connectivity', 'Visitor Parking', 'Swimming Pool', 'Park', 'Security Personnel', 'Natural Light', 'Airy Rooms', 'Spacious Interiors', 'Low Density Society', 'Waste Disposal', 'Rain Water Harvesting', 'Water softening plant', 'Fitness Centre / GYM', 'Club house / Community Center']",sector 24
"['Power Back-up', 'Feng Shui / Vaastu Compliant', 'Intercom Facility', 'Lift(s)', 'Swimming Pool', 'Maintenance Staff', 'Park', 'Security Personnel', 'Shopping Centre', 'Fitness Centre / GYM', 'Club house / Community Center', 'Rain Water Harvesting']",sector 92
"['Private Garden / Terrace', 'Maintenance Staff']",sector 49
"['Park', 'Spacious Interiors']",sector 12
"['Feng Shui / Vaastu Compliant', 'Private Garden / Terrace', 'Maintenance Staff', 'Water Storage', 'Park', 'Visitor Parking', 'Waste Disposal', 'Rain Water Harvesting']",sector 107
"['Security / Fire Alarm', 'Feng Shui / Vaastu Compliant', 'Private Garden / Terrace', 'Centrally Air Conditioned', 'Water purifier', 'High Ceiling Height', 'Maintenance Staff', 'False Ceiling Lighting', 'Water Storage', 'Separate entry for servant room', 'No open drainage around', 'Visitor Parking', 'Swimming Pool', 'Park', 'Security Personnel', 'Natural Light', 'Internet/wi-fi connectivity', 'Airy Rooms', 'Spacious Interiors', 'Fitness Centre / GYM', 'Waste Disposal', 'Rain Water Harvesting', 'Club house / Community Center']",sector 90
"['Power Back-up', 'Lift(s)', 'Swimming Pool', 'Park', 'Fitness Centre / GYM', 'Club house / Community Center']",sector 82
"['Security / Fire Alarm', 'Feng Shui / Vaastu Compliant', 'Intercom Facility', 'Lift(s)', 'Maintenance Staff', 'Water Storage', 'No open drainage around', 'Recently Renovated', 'Piped-gas', 'Visitor Parking', 'Park', 'Security Personnel', 'Natural Light', 'Airy Rooms', 'Shopping Centre', 'Fitness Centre / GYM', 'Waste Disposal', 'Rain Water Harvesting', 'Water softening plant']",sohna road
"['Water Storage', 'Visitor Parking', 'Waste Disposal', 'Rain Water Harvesting']",sector 65
"['Lift(s)', 'High Ceiling Height', 'Maintenance Staff', 'Water Storage', 'No open drainage around', 'Visitor Parking', 'Swimming Pool', 'Park', 'Security Personnel', 'Shopping Centre', 'Fitness Centre / GYM', 'Waste Disposal', 'Rain Water Harvesting', 'Club house / Community Center', 'Water softening plant']",sector 33
"['Security / Fire Alarm', 'Power Back-up', 'Intercom Facility', 'Lift(s)', 'High Ceiling Height', 'Maintenance Staff', 'Separate entry for servant room', 'No open drainage around', 'Bank Attached Property', 'Piped-gas', 'Visitor Parking', 'Swimming Pool', 'Park', 'Security Personnel', 'Natural Light', 'Internet/wi-fi connectivity', 'Airy Rooms', 'Low Density Society', 'Shopping Centre', 'Fitness Centre / GYM', 'Rain Water Harvesting', 'Club house / Community Center', 'Water softening plant']",sector 89
"['Water purifier', 'Security / Fire Alarm', 'Power Back-up', 'Feng Shui / Vaastu Compliant', 'Private Garden / Terrace', 'Intercom Facility', 'Lift(s)', 'High Ceiling Height', 'Maintenance Staff', 'False Ceiling Lighting', 'Water Storage', 'Separate entry for servant room', 'No open drainage around', 'Bank Attached Property', 'Piped-gas', 'Internet/wi-fi connectivity', 'Recently Renovated', 'Visitor Parking', 'Swimming Pool', 'Park', 'Security Personnel', 'Natural Light', 'Airy Rooms', 'Spacious Interiors', 'Low Density Society', 'Waste Disposal', 'Rain Water Harvesting', 'Water softening plant', 'Shopping Centre', 'Fitness Centre / GYM', 'Club house / Community Center']",sector 51
"['Feng Shui / Vaastu Compliant', 'Private Garden / Terrace', 'Maintenance Staff', 'Water Storage', 'Park', 'Visitor Parking', 'Waste Disposal', 'Rain Water Harvesting']",sector 28
"['Feng Shui / Vaastu Compliant', 'Security / Fire Alarm', 'Intercom Facility', 'Lift(s)', 'Maintenance Staff', 'Water Storage', 'Park', 'Visitor Parking']",sector 37c
,sector 83
,sector 70a
"['Security / Fire Alarm', 'Power Back-up', 'Feng Shui / Vaastu Compliant', 'Private Garden / Terrace', 'Lift(s)', 'High Ceiling Height', 'Maintenance Staff', 'Water Storage', 'Visitor Parking', 'Swimming Pool', 'Park', 'Security Personnel', 'Natural Light', 'Airy Rooms', 'Internet/wi-fi connectivity', 'Low Density Society', 'Shopping Centre', 'Fitness Centre / GYM', 'Rain Water Harvesting', 'Club house / Community Center', 'Water softening plant']",sector 102
"['Security / Fire Alarm', 'Power Back-up', 'Intercom Facility', 'Lift(s)', 'Water purifier', 'High Ceiling Height', 'Maintenance Staff', 'Water Storage', 'Recently Renovated', 'Piped-gas', 'Visitor Parking', 'Swimming Pool', 'Park', 'Security Personnel', 'Natural Light', 'Airy Rooms', 'Spacious Interiors', 'Fitness Centre / GYM', 'Rain Water Harvesting', 'Club house / Community Center']",sector 90
"['Centrally Air Conditioned', 'Water purifier', 'Security / Fire Alarm', 'Power Back-up', 'Feng Shui / Vaastu Compliant', 'Private Garden / Terrace', 'Intercom Facility', 'Lift(s)', 'High Ceiling Height', 'Maintenance Staff', 'False Ceiling Lighting', 'Water Storage', 'Separate entry for servant room', 'No open drainage around', 'Bank Attached Property', 'Piped-gas', 'Internet/wi-fi connectivity', 'Recently Renovated', 'Visitor Parking', 'Swimming Pool', 'Park', 'Security Personnel', 'Natural Light', 'Airy Rooms', 'Spacious Interiors', 'Low Density Society', 'Waste Disposal', 'Rain Water Harvesting', 'Water softening plant', 'Shopping Centre', 'Fitness Centre / GYM', 'Club house / Community Center']",sector 56
,sector 67a
"['Centrally Air Conditioned', 'Water purifier', 'Security / Fire Alarm', 'Feng Shui / Vaastu Compliant', 'Private Garden / Terrace', 'Intercom Facility', 'Lift(s)', 'High Ceiling Height', 'Maintenance Staff', 'False Ceiling Lighting', 'Water Storage', 'Separate entry for servant room', 'No open drainage around', 'Bank Attached Property', 'Piped-gas', 'Internet/wi-fi connectivity', 'Recently Renovated', 'Visitor Parking', 'Swimming Pool', 'Park', 'Security Personnel', 'Natural Light', 'Airy Rooms', 'Spacious Interiors', 'Low Density Society', 'Waste Disposal', 'Rain Water Harvesting', 'Water softening plant', 'Shopping Centre', 'Fitness Centre / GYM', 'Club house / Community Center']",sector 25
"['Security / Fire Alarm', 'Power Back-up', 'Feng Shui / Vaastu Compliant', 'Intercom Facility', 'Lift(s)', 'Maintenance Staff', 'False Ceiling Lighting', 'Water Storage', 'Piped-gas', 'Visitor Parking', 'Swimming Pool', 'Park', 'Security Personnel', 'Internet/wi-fi connectivity', 'Shopping Centre', 'Fitness Centre / GYM', 'Waste Disposal', 'Rain Water Harvesting', 'Club house / Community Center', 'Water softening plant']",sector 56
"['Feng Shui / Vaastu Compliant', 'Private Garden / Terrace', 'High Ceiling Height', 'Maintenance Staff', 'False Ceiling Lighting', 'Water Storage', 'Separate entry for servant room', 'No open drainage around', 'Recently Renovated', 'Visitor Parking', 'Park', 'Security Personnel', 'Natural Light', 'Airy Rooms', 'Spacious Interiors', 'Low Density Society', 'Waste Disposal', 'Rain Water Harvesting', 'Club house / Community Center']",sector 89
"['Security / Fire Alarm', 'Power Back-up', 'Feng Shui / Vaastu Compliant', 'Intercom Facility', 'Lift(s)', 'High Ceiling Height', 'Maintenance Staff', 'False Ceiling Lighting', 'Water Storage', 'Separate entry for servant room', 'No open drainage around', 'Visitor Parking', 'Swimming Pool', 'Park', 'Internet/wi-fi connectivity', 'Fitness Centre / GYM', 'Waste Disposal', 'Rain Water Harvesting', 'Club house / Community Center', 'Water softening plant']",sector 53
"['Lift(s)', 'Maintenance Staff', 'Water Storage', 'No open drainage around', 'Visitor Parking', 'Swimming Pool', 'Security Personnel', 'Natural Light', 'Airy Rooms', 'Shopping Centre', 'Fitness Centre / GYM', 'Waste Disposal', 'Club house / Community Center']",sector 109
"['Centrally Air Conditioned', 'Water purifier', 'Security / Fire Alarm', 'Power Back-up', 'Feng Shui / Vaastu Compliant', 'Private Garden / Terrace', 'Intercom Facility', 'Lift(s)', 'High Ceiling Height', 'Maintenance Staff', 'False Ceiling Lighting', 'Water Storage', 'Separate entry for servant room', 'No open drainage around', 'Bank Attached Property', 'Piped-gas', 'Internet/wi-fi connectivity', 'Recently Renovated', 'Visitor Parking', 'Swimming Pool', 'Park', 'Security Personnel', 'Natural Light', 'Airy Rooms', 'Spacious Interiors', 'Low Density Society', 'Waste Disposal', 'Rain Water Harvesting', 'Water softening plant', 'Shopping Centre', 'Fitness Centre / GYM', 'Club house / Community Center']",sector 9a
"['Feng Shui / Vaastu Compliant', 'Lift(s)', 'Maintenance Staff', 'Park']",sector 52
"['Feng Shui / Vaastu Compliant', 'Intercom Facility', 'Lift(s)', 'Maintenance Staff', 'Swimming Pool', 'Park', 'Security Personnel', 'Internet/wi-fi connectivity', 'Shopping Centre', 'Fitness Centre / GYM', 'Club house / Community Center', 'Rain Water Harvesting']",sector 106
,sector 62
,sector 83
"['Water purifier', 'Centrally Air Conditioned', 'Security / Fire Alarm', 'Feng Shui / Vaastu Compliant', 'Private Garden / Terrace', 'Intercom Facility', 'Lift(s)', 'High Ceiling Height', 'Maintenance Staff', 'False Ceiling Lighting', 'Water Storage', 'Separate entry for servant room', 'No open drainage around', 'Bank Attached Property', 'Piped-gas', 'Internet/wi-fi connectivity', 'Recently Renovated', 'Visitor Parking', 'Swimming Pool', 'Park', 'Security Personnel', 'Natural Light', 'Airy Rooms', 'Spacious Interiors', 'Low Density Society', 'Waste Disposal', 'Rain Water Harvesting', 'Water softening plant', 'Shopping Centre', 'Fitness Centre / GYM', 'Club house / Community Center']",sector 81
"['Feng Shui / Vaastu Compliant', 'Intercom Facility', 'Lift(s)', 'Maintenance Staff', 'Piped-gas', 'Swimming Pool', 'Park', 'Security Personnel', 'Internet/wi-fi connectivity', 'Shopping Centre', 'Fitness Centre / GYM', 'Rain Water Harvesting', 'Club house / Community Center']",sector 61
"['Security / Fire Alarm', 'Power Back-up', 'Feng Shui / Vaastu Compliant', 'Intercom Facility', 'Lift(s)', 'Maintenance Staff', 'Water Storage', 'Separate entry for servant room', 'No open drainage around', 'Visitor Parking', 'Swimming Pool', 'Park', 'Security Personnel', 'Natural Light', 'Airy Rooms', 'Internet/wi-fi connectivity', 'Shopping Centre', 'Fitness Centre / GYM', 'Waste Disposal', 'Rain Water Harvesting', 'Club house / Community Center', 'Water softening plant']",sohna road
"['Water purifier', 'Security / Fire Alarm', 'Power Back-up', 'Feng Shui / Vaastu Compliant', 'Intercom Facility', 'Lift(s)', 'High Ceiling Height', 'Maintenance Staff', 'Water Storage', 'No open drainage around', 'Bank Attached Property', 'Piped-gas', 'Internet/wi-fi connectivity', 'Recently Renovated', 'Visitor Parking', 'Swimming Pool', 'Park', 'Security Personnel', 'Natural Light', 'Airy Rooms', 'Spacious Interiors', 'Low Density Society', 'Waste Disposal', 'Rain Water Harvesting', 'Water softening plant', 'Shopping Centre', 'Fitness Centre / GYM', 'Club house / Community Center']",sector 14
,sector 43
,sector 50
"['Feng Shui / Vaastu Compliant', 'Lift(s)', 'Park', 'Shopping Centre']",sector 2
"['Centrally Air Conditioned', 'Security / Fire Alarm', 'Feng Shui / Vaastu Compliant', 'Intercom Facility', 'Lift(s)', 'High Ceiling Height', 'Maintenance Staff', 'Water Storage', 'Separate entry for servant room', 'No open drainage around', 'Piped-gas', 'Internet/wi-fi connectivity', 'Recently Renovated', 'Visitor Parking', 'Swimming Pool', 'Park', 'Security Personnel', 'Natural Light', 'Airy Rooms', 'Spacious Interiors', 'Low Density Society', 'Waste Disposal', 'Rain Water Harvesting', 'Water softening plant', 'Shopping Centre', 'Fitness Centre / GYM', 'Club house / Community Center']",sector 56
"['Power Back-up', 'Intercom Facility', 'Lift(s)', 'Swimming Pool', 'Park', 'Piped-gas', 'Internet/wi-fi connectivity', 'Fitness Centre / GYM', 'Club house / Community Center', 'Rain Water Harvesting']",sector 92
"['Feng Shui / Vaastu Compliant', 'Security / Fire Alarm', 'Intercom Facility', 'Lift(s)', 'Maintenance Staff', 'Water Storage', 'Park', 'Visitor Parking']",sector 61
"['Security / Fire Alarm', 'Feng Shui / Vaastu Compliant', 'Private Garden / Terrace', 'Water purifier', 'Maintenance Staff', 'Water Storage', 'Separate entry for servant room', 'Piped-gas', 'Visitor Parking', 'Swimming Pool', 'Park', 'Natural Light', 'Airy Rooms', 'Spacious Interiors', 'Fitness Centre / GYM', 'Waste Disposal', 'Club house / Community Center']",sector 7
"['Feng Shui / Vaastu Compliant', 'High Ceiling Height', 'Maintenance Staff', 'False Ceiling Lighting', 'Swimming Pool', 'Separate entry for servant room', 'Park', 'Bank Attached Property', 'Visitor Parking', 'Internet/wi-fi connectivity', 'Fitness Centre / GYM', 'Club house / Community Center']",sector 2
"['Security / Fire Alarm', 'Feng Shui / Vaastu Compliant', 'High Ceiling Height', 'Maintenance Staff', 'False Ceiling Lighting', 'Water Storage', 'Separate entry for servant room', 'Recently Renovated', 'Visitor Parking', 'Swimming Pool', 'Park', 'Natural Light', 'Internet/wi-fi connectivity', 'Airy Rooms', 'Spacious Interiors', 'Low Density Society', 'Waste Disposal']",sector 49
"['Power Back-up', 'Feng Shui / Vaastu Compliant', 'Intercom Facility', 'Lift(s)', 'Maintenance Staff', 'Swimming Pool', 'Park', 'Security Personnel', 'Internet/wi-fi connectivity', 'Shopping Centre', 'Fitness Centre / GYM', 'Rain Water Harvesting', 'Club house / Community Center']",sector 99a
"['Feng Shui / Vaastu Compliant', 'Security / Fire Alarm', 'Intercom Facility', 'Lift(s)', 'Maintenance Staff', 'Swimming Pool', 'Water Storage', 'Park', 'Visitor Parking', 'Fitness Centre / GYM', 'Club house / Community Center', 'Rain Water Harvesting']",sector 82
"['Security / Fire Alarm', 'Intercom Facility', 'Lift(s)', 'Water Storage', 'Park', 'Visitor Parking', 'Internet/wi-fi connectivity', 'Shopping Centre', 'Club house / Community Center']",sector 14
"['Lift(s)', 'Park']",sector 106
"['Feng Shui / Vaastu Compliant', 'Private Garden / Terrace', 'Park', 'Rain Water Harvesting']",sector 106
,sector 26
"['Feng Shui / Vaastu Compliant', 'Security / Fire Alarm', 'Intercom Facility', 'Lift(s)', 'Maintenance Staff', 'Water Storage', 'Park', 'Visitor Parking']",sector 48
"['Security / Fire Alarm', 'Feng Shui / Vaastu Compliant', 'Intercom Facility', 'Lift(s)', 'Water purifier', 'Maintenance Staff', 'False Ceiling Lighting', 'Water Storage', 'Separate entry for servant room', 'Bank Attached Property', 'Visitor Parking', 'Swimming Pool', 'Park', 'Natural Light', 'Internet/wi-fi connectivity', 'Airy Rooms', 'Spacious Interiors', 'Low Density Society', 'Shopping Centre', 'Fitness Centre / GYM', 'Waste Disposal', 'Rain Water Harvesting', 'Club house / Community Center', 'Water softening plant']",sector 69
,sector 47
"['Security / Fire Alarm', 'Lift(s)', 'Maintenance Staff', 'Water Storage', 'Park', 'Visitor Parking']",sector 102
"['Feng Shui / Vaastu Compliant', 'Intercom Facility', 'Lift(s)', 'Park']",sector 33
"['Power Back-up', 'Feng Shui / Vaastu Compliant', 'Intercom Facility', 'Lift(s)', 'Maintenance Staff', 'No open drainage around', 'Piped-gas', 'Swimming Pool', 'Park', 'Security Personnel', 'Natural Light', 'Internet/wi-fi connectivity', 'Airy Rooms', 'Spacious Interiors', 'Low Density Society', 'Shopping Centre', 'Fitness Centre / GYM', 'Waste Disposal', 'Rain Water Harvesting', 'Club house / Community Center', 'Water softening plant']",sector 86
"['Feng Shui / Vaastu Compliant', 'Security / Fire Alarm', 'Intercom Facility', 'Lift(s)', 'Maintenance Staff', 'Water Storage', 'Park', 'Visitor Parking']",sector 65
"['Security / Fire Alarm', 'Intercom Facility', 'Lift(s)', 'Water Storage', 'Park', 'Visitor Parking']",sector 36
"['Centrally Air Conditioned', 'Water purifier', 'Security / Fire Alarm', 'Feng Shui / Vaastu Compliant', 'Private Garden / Terrace', 'Intercom Facility', 'Lift(s)', 'High Ceiling Height', 'Maintenance Staff', 'False Ceiling Lighting', 'Water Storage', 'Separate entry for servant room', 'No open drainage around', 'Piped-gas', 'Internet/wi-fi connectivity', 'Recently Renovated', 'Visitor Parking', 'Swimming Pool', 'Park', 'Security Personnel', 'Natural Light', 'Airy Rooms', 'Spacious Interiors', 'Low Density Society', 'Waste Disposal', 'Rain Water Harvesting', 'Water softening plant', 'Shopping Centre', 'Fitness Centre / GYM', 'Club house / Community Center']",sector 81
"['Feng Shui / Vaastu Compliant', 'Private Garden / Terrace', 'Water purifier', 'High Ceiling Height', 'Maintenance Staff', 'False Ceiling Lighting', 'Water Storage', 'Separate entry for servant room', 'No open drainage around', 'Bank Attached Property', 'Visitor Parking', 'Swimming Pool', 'Park', 'Security Personnel', 'Natural Light', 'Internet/wi-fi connectivity', 'Airy Rooms', 'Spacious Interiors', 'Low Density Society', 'Fitness Centre / GYM', 'Waste Disposal', 'Rain Water Harvesting', 'Club house / Community Center']",sohna road
"['Private Garden / Terrace', 'High Ceiling Height', 'Maintenance Staff', 'False Ceiling Lighting', 'Water Storage', 'Recently Renovated', 'Visitor Parking', 'Security Personnel', 'Natural Light', 'Airy Rooms', 'Spacious Interiors', 'Low Density Society', 'Waste Disposal']",sector 26
"['Centrally Air Conditioned', 'Water purifier', 'Security / Fire Alarm', 'Power Back-up', 'Feng Shui / Vaastu Compliant', 'Private Garden / Terrace', 'Intercom Facility', 'Lift(s)', 'High Ceiling Height', 'Maintenance Staff', 'False Ceiling Lighting', 'Water Storage', 'Separate entry for servant room', 'No open drainage around', 'Bank Attached Property', 'Piped-gas', 'Internet/wi-fi connectivity', 'Recently Renovated', 'Visitor Parking', 'Swimming Pool', 'Park', 'Security Personnel', 'Natural Light', 'Airy Rooms', 'Spacious Interiors', 'Low Density Society', 'Waste Disposal', 'Rain Water Harvesting', 'Water softening plant', 'Shopping Centre', 'Fitness Centre / GYM', 'Club house / Community Center']",sector 88a
"['Feng Shui / Vaastu Compliant', 'Security / Fire Alarm', 'Intercom Facility', 'Lift(s)', 'Maintenance Staff', 'Water Storage', 'Park', 'Visitor Parking']",sector 85
,sector 65
"['Centrally Air Conditioned', 'Water purifier', 'Security / Fire Alarm', 'Feng Shui / Vaastu Compliant', 'Private Garden / Terrace', 'Intercom Facility', 'Lift(s)', 'High Ceiling Height', 'Maintenance Staff', 'False Ceiling Lighting', 'Water Storage', 'Separate entry for servant room', 'No open drainage around', 'Bank Attached Property', 'Piped-gas', 'Internet/wi-fi connectivity', 'Recently Renovated', 'Visitor Parking', 'Swimming Pool', 'Park', 'Security Personnel', 'Natural Light', 'Airy Rooms', 'Spacious Interiors', 'Low Density Society', 'Waste Disposal', 'Rain Water Harvesting', 'Water softening plant', 'Shopping Centre', 'Fitness Centre / GYM', 'Club house / Community Center']",sector 89
"['Feng Shui / Vaastu Compliant', 'Maintenance Staff', 'Water Storage', 'Park', 'Visitor Parking', 'Waste Disposal']",sector 95
"['Water purifier', 'Security / Fire Alarm', 'Power Back-up', 'Feng Shui / Vaastu Compliant', 'Intercom Facility', 'Lift(s)', 'High Ceiling Height', 'Maintenance Staff', 'Water Storage', 'No open drainage around', 'Bank Attached Property', 'Piped-gas', 'Internet/wi-fi connectivity', 'Visitor Parking', 'Swimming Pool', 'Park', 'Security Personnel', 'Natural Light', 'Airy Rooms', 'Spacious Interiors', 'Low Density Society', 'Waste Disposal', 'Rain Water Harvesting', 'Water softening plant', 'Shopping Centre', 'Fitness Centre / GYM', 'Club house / Community Center']",sector 50
,sohna road
,sohna road
,sector 105
"['Power Back-up', 'Intercom Facility', 'Lift(s)', 'Swimming Pool', 'Maintenance Staff', 'Park', 'Security Personnel', 'Internet/wi-fi connectivity', 'Shopping Centre', 'Fitness Centre / GYM', 'Club house / Community Center']",sector 40
,sector 4
"['Feng Shui / Vaastu Compliant', 'Security / Fire Alarm', 'Intercom Facility', 'Lift(s)', 'Maintenance Staff', 'Water Storage', 'Park', 'Visitor Parking']",sector 59
"['Water purifier', 'Security / Fire Alarm', 'Power Back-up', 'Feng Shui / Vaastu Compliant', 'Private Garden / Terrace', 'Intercom Facility', 'Lift(s)', 'High Ceiling Height', 'Maintenance Staff', 'Water Storage', 'Separate entry for servant room', 'No open drainage around', 'Bank Attached Property', 'Piped-gas', 'Internet/wi-fi connectivity', 'Recently Renovated', 'Visitor Parking', 'Swimming Pool', 'Park', 'Security Personnel', 'Natural Light', 'Airy Rooms', 'Spacious Interiors', 'Low Density Society', 'Waste Disposal', 'Rain Water Harvesting', 'Water softening plant', 'Shopping Centre', 'Fitness Centre / GYM', 'Club house / Community Center']",sector 83
"['Power Back-up', 'Intercom Facility', 'Lift(s)', 'High Ceiling Height', 'Maintenance Staff', 'False Ceiling Lighting', 'Separate entry for servant room', 'No open drainage around', 'Piped-gas', 'Swimming Pool', 'Park', 'Security Personnel', 'Internet/wi-fi connectivity', 'Shopping Centre', 'Fitness Centre / GYM', 'Waste Disposal', 'Rain Water Harvesting', 'Club house / Community Center', 'Water softening plant']",sector 92
,sector 102
"['Security / Fire Alarm', 'Feng Shui / Vaastu Compliant', 'Intercom Facility', 'Lift(s)', 'Maintenance Staff', 'Water Storage', 'No open drainage around', 'Recently Renovated', 'Piped-gas', 'Visitor Parking', 'Swimming Pool', 'Park', 'Security Personnel', 'Natural Light', 'Internet/wi-fi connectivity', 'Airy Rooms', 'Spacious Interiors', 'Shopping Centre', 'Fitness Centre / GYM', 'Rain Water Harvesting', 'Club house / Community Center', 'Water softening plant']",sector 82a
"['Centrally Air Conditioned', 'Security / Fire Alarm', 'Feng Shui / Vaastu Compliant', 'Private Garden / Terrace', 'Intercom Facility', 'Lift(s)', 'Maintenance Staff', 'False Ceiling Lighting', 'Water Storage', 'No open drainage around', 'Bank Attached Property', 'Piped-gas', 'Internet/wi-fi connectivity', 'Visitor Parking', 'Swimming Pool', 'Park', 'Security Personnel', 'Natural Light', 'Spacious Interiors', 'Low Density Society', 'Waste Disposal', 'Rain Water Harvesting', 'Water softening plant', 'Shopping Centre', 'Fitness Centre / GYM', 'Club house / Community Center']",sector 78
"['Lift(s)', 'Maintenance Staff', 'Swimming Pool', 'Park', 'Security Personnel', 'Shopping Centre', 'Fitness Centre / GYM', 'Club house / Community Center', 'Water softening plant']",sector 102
"['Security / Fire Alarm', 'Lift(s)', 'Maintenance Staff', 'Water Storage', 'Park', 'Visitor Parking']",sector 109
"['Feng Shui / Vaastu Compliant', 'Security / Fire Alarm', 'Intercom Facility', 'Lift(s)', 'Maintenance Staff', 'Water Storage', 'Park', 'Visitor Parking']",sector 79
"['Feng Shui / Vaastu Compliant', 'Visitor Parking']",sector 79
"['Security / Fire Alarm', 'Power Back-up', 'Private Garden / Terrace', 'Intercom Facility', 'Lift(s)', 'High Ceiling Height', 'Maintenance Staff', 'False Ceiling Lighting', 'Water Storage', 'Separate entry for servant room', 'No open drainage around', 'Piped-gas', 'Visitor Parking', 'Swimming Pool', 'Park', 'Security Personnel', 'Natural Light', 'Airy Rooms', 'Spacious Interiors', 'Low Density Society', 'Waste Disposal', 'Rain Water Harvesting', 'Water softening plant', 'Shopping Centre', 'Fitness Centre / GYM', 'Club house / Community Center']",sector 106
,sector 37d
['Visitor Parking'],sector 2
,sector 14
"['Security / Fire Alarm', 'Lift(s)', 'Maintenance Staff', 'Park']",sector 65
"['Security / Fire Alarm', 'Intercom Facility', 'Lift(s)', 'Maintenance Staff', 'Swimming Pool', 'Park', 'Security Personnel', 'Fitness Centre / GYM', 'Club house / Community Center']",sector 22
"['False Ceiling Lighting', 'Water Storage', 'Visitor Parking', 'Low Density Society', 'Waste Disposal', 'Rain Water Harvesting']",sector 107
,sector 24
,sector 111
"['Security / Fire Alarm', 'Private Garden / Terrace', 'Intercom Facility', 'High Ceiling Height', 'Maintenance Staff', 'False Ceiling Lighting', 'Separate entry for servant room', 'No open drainage around', 'Recently Renovated', 'Visitor Parking', 'Swimming Pool', 'Park', 'Security Personnel', 'Natural Light', 'Airy Rooms', 'Spacious Interiors', 'Low Density Society', 'Shopping Centre', 'Fitness Centre / GYM', 'Rain Water Harvesting', 'Club house / Community Center', 'Water softening plant']",sector 102
,sector 109
,sector 67
"['Feng Shui / Vaastu Compliant', 'Security / Fire Alarm', 'Intercom Facility', 'Lift(s)', 'Maintenance Staff', 'Water Storage', 'Park', 'Visitor Parking']",sector 102
"['Centrally Air Conditioned', 'Water purifier', 'Security / Fire Alarm', 'Power Back-up', 'Feng Shui / Vaastu Compliant', 'Private Garden / Terrace', 'Intercom Facility', 'Lift(s)', 'High Ceiling Height', 'Maintenance Staff', 'False Ceiling Lighting', 'Water Storage', 'Separate entry for servant room', 'No open drainage around', 'Bank Attached Property', 'Piped-gas', 'Internet/wi-fi connectivity', 'Recently Renovated', 'Visitor Parking', 'Swimming Pool', 'Park', 'Security Personnel', 'Natural Light', 'Airy Rooms', 'Low Density Society', 'Waste Disposal', 'Rain Water Harvesting', 'Water softening plant', 'Shopping Centre', 'Fitness Centre / GYM', 'Club house / Community Center']",sector 82
"['Feng Shui / Vaastu Compliant', 'Security / Fire Alarm', 'Lift(s)', 'Water Storage', 'Visitor Parking']",sector 26
"['Centrally Air Conditioned', 'Water purifier', 'Feng Shui / Vaastu Compliant', 'Private Garden / Terrace', 'Intercom Facility', 'Lift(s)', 'High Ceiling Height', 'Maintenance Staff', 'No open drainage around', 'Bank Attached Property', 'Piped-gas', 'Internet/wi-fi connectivity', 'Swimming Pool', 'Park', 'Security Personnel', 'Natural Light', 'Airy Rooms', 'Spacious Interiors', 'Low Density Society', 'Waste Disposal', 'Rain Water Harvesting', 'Water softening plant', 'Shopping Centre', 'Fitness Centre / GYM', 'Club house / Community Center']",sector 84
"['Centrally Air Conditioned', 'Security / Fire Alarm', 'Power Back-up', 'Feng Shui / Vaastu Compliant', 'Private Garden / Terrace', 'Intercom Facility', 'Lift(s)', 'High Ceiling Height', 'Maintenance Staff', 'False Ceiling Lighting', 'Water Storage', 'Separate entry for servant room', 'No open drainage around', 'Bank Attached Property', 'Piped-gas', 'Internet/wi-fi connectivity', 'Recently Renovated', 'Visitor Parking', 'Swimming Pool', 'Park', 'Security Personnel', 'Natural Light', 'Airy Rooms', 'Spacious Interiors', 'Low Density Society', 'Waste Disposal', 'Rain Water Harvesting', 'Water softening plant', 'Shopping Centre', 'Fitness Centre / GYM', 'Club house / Community Center']",sector 85
"['Centrally Air Conditioned', 'Water purifier', 'Security / Fire Alarm', 'Feng Shui / Vaastu Compliant', 'Private Garden / Terrace', 'Intercom Facility', 'Lift(s)', 'High Ceiling Height', 'Maintenance Staff', 'Water Storage', 'Separate entry for servant room', 'No open drainage around', 'Bank Attached Property', 'Piped-gas', 'Internet/wi-fi connectivity', 'Recently Renovated', 'Visitor Parking', 'Swimming Pool', 'Park', 'Security Personnel', 'Natural Light', 'Airy Rooms', 'Spacious Interiors', 'Low Density Society', 'Waste Disposal', 'Rain Water Harvesting', 'Water softening plant', 'Shopping Centre', 'Fitness Centre / GYM', 'Club house / Community Center']",sector 6
"['Centrally Air Conditioned', 'Water purifier', 'High Ceiling Height', 'Separate entry for servant room', 'No open drainage around', 'Recently Renovated', 'Piped-gas', 'Swimming Pool', 'Security Personnel', 'Natural Light', 'Internet/wi-fi connectivity', 'Airy Rooms', 'Spacious Interiors', 'Shopping Centre', 'Fitness Centre / GYM', 'Waste Disposal', 'Rain Water Harvesting', 'Club house / Community Center', 'Water softening plant']",sector 26
"['Security / Fire Alarm', 'Feng Shui / Vaastu Compliant', 'Intercom Facility', 'Lift(s)', 'High Ceiling Height', 'Maintenance Staff', 'False Ceiling Lighting', 'Water Storage', 'Separate entry for servant room', 'No open drainage around', 'Bank Attached Property', 'Piped-gas', 'Recently Renovated', 'Visitor Parking', 'Swimming Pool', 'Park', 'Security Personnel', 'Natural Light', 'Airy Rooms', 'Spacious Interiors', 'Waste Disposal', 'Rain Water Harvesting', 'Water softening plant', 'Shopping Centre', 'Fitness Centre / GYM', 'Club house / Community Center']",sector 65
"['Feng Shui / Vaastu Compliant', 'Private Garden / Terrace', 'False Ceiling Lighting', 'Separate entry for servant room', 'Park', 'Low Density Society', 'Club house / Community Center']",sector 57
"['Private Garden / Terrace', 'Water Storage', 'Park']",sector 33
"['Power Back-up', 'Security / Fire Alarm', 'Intercom Facility', 'Lift(s)', 'False Ceiling Lighting', 'Water Storage', 'Park', 'Visitor Parking', 'Shopping Centre', 'Fitness Centre / GYM', 'Rain Water Harvesting', 'Water softening plant']",sector 95
"['Security / Fire Alarm', 'Intercom Facility', 'Lift(s)', 'Maintenance Staff', 'Water Storage', 'Park', 'Visitor Parking']",sector 90
"['Private Garden / Terrace', 'Water Storage']",sector 107
,sector 9
"['Feng Shui / Vaastu Compliant', 'Intercom Facility', 'Lift(s)', 'Maintenance Staff', 'Separate entry for servant room', 'No open drainage around', 'Piped-gas', 'Swimming Pool', 'Park', 'Natural Light', 'Airy Rooms', 'Shopping Centre', 'Fitness Centre / GYM', 'Club house / Community Center']",sector 69
"['Centrally Air Conditioned', 'Water purifier', 'Security / Fire Alarm', 'Feng Shui / Vaastu Compliant', 'Intercom Facility', 'Lift(s)', 'High Ceiling Height', 'Maintenance Staff', 'False Ceiling Lighting', 'Water Storage', 'Separate entry for servant room', 'No open drainage around', 'Bank Attached Property', 'Piped-gas', 'Internet/wi-fi connectivity', 'Recently Renovated', 'Visitor Parking', 'Swimming Pool', 'Park', 'Security Personnel', 'Natural Light', 'Airy Rooms', 'Spacious Interiors', 'Low Density Society', 'Waste Disposal', 'Rain Water Harvesting', 'Water softening plant', 'Shopping Centre', 'Fitness Centre / GYM', 'Club house / Community Center']",sector 105
"['Power Back-up', 'Feng Shui / Vaastu Compliant', 'Intercom Facility', 'Lift(s)', 'Swimming Pool', 'Maintenance Staff', 'Park', 'Security Personnel', 'Shopping Centre', 'Fitness Centre / GYM', 'Club house / Community Center', 'Rain Water Harvesting']",sector 62
"['Security / Fire Alarm', 'Lift(s)', 'Maintenance Staff', 'Water Storage', 'Park', 'Visitor Parking']",sector 104
"['Feng Shui / Vaastu Compliant', 'Intercom Facility', 'Lift(s)', 'Maintenance Staff', 'Park']",sector 88a
"['Feng Shui / Vaastu Compliant', 'Private Garden / Terrace', 'High Ceiling Height', 'Maintenance Staff', 'False Ceiling Lighting', 'Water Storage', 'Separate entry for servant room', 'Visitor Parking', 'Security Personnel', 'Internet/wi-fi connectivity', 'Waste Disposal']",sector 33
"['Centrally Air Conditioned', 'Water purifier', 'Security / Fire Alarm', 'Power Back-up', 'Feng Shui / Vaastu Compliant', 'Private Garden / Terrace', 'Intercom Facility', 'Lift(s)', 'High Ceiling Height', 'Maintenance Staff', 'Water Storage', 'Separate entry for servant room', 'No open drainage around', 'Piped-gas', 'Internet/wi-fi connectivity', 'Recently Renovated', 'Visitor Parking', 'Swimming Pool', 'Park', 'Security Personnel', 'Natural Light', 'Airy Rooms', 'Spacious Interiors', 'Low Density Society', 'Waste Disposal', 'Rain Water Harvesting', 'Water softening plant', 'Shopping Centre', 'Fitness Centre / GYM', 'Club house / Community Center']",sector 49
"['Feng Shui / Vaastu Compliant', 'Security / Fire Alarm', 'Intercom Facility', 'Lift(s)', 'Maintenance Staff', 'Water Storage', 'Park', 'Visitor Parking']",sector 65
"['Lift(s)', 'Maintenance Staff', 'Swimming Pool', 'Park', 'Security Personnel', 'Internet/wi-fi connectivity', 'Shopping Centre', 'Fitness Centre / GYM', 'Club house / Community Center', 'Rain Water Harvesting']",sector 85
"['Feng Shui / Vaastu Compliant', 'Security / Fire Alarm', 'Intercom Facility', 'Lift(s)', 'Maintenance Staff', 'Water Storage', 'Park', 'Visitor Parking']",sector 108
"['Feng Shui / Vaastu Compliant', 'Security / Fire Alarm', 'Intercom Facility', 'Lift(s)', 'Maintenance Staff', 'Water Storage', 'Park', 'Visitor Parking']",sector 85
"['Water purifier', 'Security / Fire Alarm', 'Power Back-up', 'Feng Shui / Vaastu Compliant', 'Private Garden / Terrace', 'Intercom Facility', 'Lift(s)', 'High Ceiling Height', 'Maintenance Staff', 'False Ceiling Lighting', 'Water Storage', 'Separate entry for servant room', 'No open drainage around', 'Bank Attached Property', 'Piped-gas', 'Internet/wi-fi connectivity', 'Recently Renovated', 'Visitor Parking', 'Swimming Pool', 'Park', 'Security Personnel', 'Natural Light', 'Airy Rooms', 'Spacious Interiors', 'Low Density Society', 'Waste Disposal', 'Rain Water Harvesting', 'Water softening plant', 'Shopping Centre', 'Fitness Centre / GYM', 'Club house / Community Center']",sector 108
,sector 43
"['Security / Fire Alarm', 'Maintenance Staff', 'Swimming Pool', 'Water Storage', 'Park', 'Visitor Parking', 'Fitness Centre / GYM', 'Club house / Community Center']",sector 113
"['Water purifier', 'Centrally Air Conditioned', 'Security / Fire Alarm', 'Feng Shui / Vaastu Compliant', 'Private Garden / Terrace', 'High Ceiling Height', 'Maintenance Staff', 'False Ceiling Lighting', 'Water Storage', 'Separate entry for servant room', 'No open drainage around', 'Bank Attached Property', 'Piped-gas', 'Internet/wi-fi connectivity', 'Recently Renovated', 'Visitor Parking', 'Swimming Pool', 'Park', 'Security Personnel', 'Natural Light', 'Airy Rooms', 'Spacious Interiors', 'Low Density Society', 'Waste Disposal', 'Rain Water Harvesting', 'Fitness Centre / GYM', 'Club house / Community Center']",sector 106
"['Feng Shui / Vaastu Compliant', 'Security / Fire Alarm', 'Private Garden / Terrace', 'Water purifier', 'High Ceiling Height', 'False Ceiling Lighting', 'Water Storage', 'Park', 'Visitor Parking', 'Internet/wi-fi connectivity', 'Waste Disposal', 'Rain Water Harvesting']",sector 78
"['Feng Shui / Vaastu Compliant', 'Water Storage', 'Park', 'Visitor Parking']",sector 79
"['Intercom Facility', 'Lift(s)', 'Park']",sector 104
"['Feng Shui / Vaastu Compliant', 'Security / Fire Alarm', 'Intercom Facility', 'Lift(s)', 'Maintenance Staff', 'Water Storage', 'Park', 'Visitor Parking']",sector 33
"['Centrally Air Conditioned', 'Security / Fire Alarm', 'Power Back-up', 'Feng Shui / Vaastu Compliant', 'Intercom Facility', 'Lift(s)', 'High Ceiling Height', 'Maintenance Staff', 'False Ceiling Lighting', 'Water Storage', 'Separate entry for servant room', 'No open drainage around', 'Bank Attached Property', 'Piped-gas', 'Internet/wi-fi connectivity', 'Recently Renovated', 'Visitor Parking', 'Swimming Pool', 'Park', 'Security Personnel', 'Natural Light', 'Airy Rooms', 'Spacious Interiors', 'Low Density Society', 'Waste Disposal', 'Rain Water Harvesting', 'Water softening plant', 'Shopping Centre', 'Fitness Centre / GYM', 'Club house / Community Center']",sector 102
"['Centrally Air Conditioned', 'Water purifier', 'Security / Fire Alarm', 'Feng Shui / Vaastu Compliant', 'Intercom Facility', 'Lift(s)', 'High Ceiling Height', 'Maintenance Staff', 'False Ceiling Lighting', 'Water Storage', 'Separate entry for servant room', 'No open drainage around', 'Bank Attached Property', 'Piped-gas', 'Internet/wi-fi connectivity', 'Visitor Parking', 'Swimming Pool', 'Park', 'Security Personnel', 'Natural Light', 'Airy Rooms', 'Low Density Society', 'Waste Disposal', 'Rain Water Harvesting', 'Water softening plant', 'Shopping Centre', 'Fitness Centre / GYM', 'Club house / Community Center']",sector 61
"['Feng Shui / Vaastu Compliant', 'Private Garden / Terrace', 'High Ceiling Height', 'Maintenance Staff', 'Separate entry for servant room', 'Bank Attached Property', 'Fitness Centre / GYM', 'Club house / Community Center', 'Rain Water Harvesting']",sector 70a
"['Security / Fire Alarm', 'Private Garden / Terrace', 'Intercom Facility', 'Lift(s)', 'No open drainage around', 'Visitor Parking', 'Swimming Pool', 'Park', 'Security Personnel', 'Shopping Centre', 'Fitness Centre / GYM', 'Waste Disposal', 'Rain Water Harvesting', 'Club house / Community Center']",sector 104
"['Power Back-up', 'Security / Fire Alarm', 'Intercom Facility', 'Lift(s)', 'Swimming Pool', 'Maintenance Staff', 'Water Storage', 'Park', 'Fitness Centre / GYM', 'Club house / Community Center']",sector 22
"['Water purifier', 'Security / Fire Alarm', 'Feng Shui / Vaastu Compliant', 'Private Garden / Terrace', 'Intercom Facility', 'Lift(s)', 'High Ceiling Height', 'Maintenance Staff', 'False Ceiling Lighting', 'Water Storage', 'Separate entry for servant room', 'No open drainage around', 'Bank Attached Property', 'Piped-gas', 'Internet/wi-fi connectivity', 'Recently Renovated', 'Visitor Parking', 'Swimming Pool', 'Park', 'Security Personnel', 'Natural Light', 'Airy Rooms', 'Spacious Interiors', 'Low Density Society', 'Waste Disposal', 'Rain Water Harvesting', 'Water softening plant', 'Shopping Centre', 'Fitness Centre / GYM', 'Club house / Community Center']",sector 33
"['Feng Shui / Vaastu Compliant', 'Security / Fire Alarm', 'Intercom Facility', 'Maintenance Staff', 'Swimming Pool', 'Water Storage', 'Park', 'Shopping Centre', 'Fitness Centre / GYM', 'Club house / Community Center', 'Rain Water Harvesting']",sector 69
"['Centrally Air Conditioned', 'Water purifier', 'Security / Fire Alarm', 'Feng Shui / Vaastu Compliant', 'Intercom Facility', 'Lift(s)', 'High Ceiling Height', 'Maintenance Staff', 'Water Storage', 'Separate entry for servant room', 'No open drainage around', 'Bank Attached Property', 'Piped-gas', 'Internet/wi-fi connectivity', 'Recently Renovated', 'Visitor Parking', 'Swimming Pool', 'Park', 'Security Personnel', 'Natural Light', 'Airy Rooms', 'Spacious Interiors', 'Low Density Society', 'Waste Disposal', 'Rain Water Harvesting', 'Water softening plant', 'Shopping Centre', 'Fitness Centre / GYM', 'Club house / Community Center']",sector 28
"['Water purifier', 'Power Back-up', 'Feng Shui / Vaastu Compliant', 'Private Garden / Terrace', 'Lift(s)', 'High Ceiling Height', 'Maintenance Staff', 'False Ceiling Lighting', 'No open drainage around', 'Bank Attached Property', 'Piped-gas', 'Internet/wi-fi connectivity', 'Recently Renovated', 'Swimming Pool', 'Park', 'Security Personnel', 'Natural Light', 'Airy Rooms', 'Spacious Interiors', 'Low Density Society', 'Waste Disposal', 'Rain Water Harvesting', 'Water softening plant', 'Shopping Centre', 'Fitness Centre / GYM', 'Club house / Community Center']",sohna road
,sector 33
"['Feng Shui / Vaastu Compliant', 'Private Garden / Terrace', 'Maintenance Staff', 'Water Storage', 'Park', 'Visitor Parking', 'Waste Disposal', 'Rain Water Harvesting']",sector 99a
"['Security / Fire Alarm', 'Feng Shui / Vaastu Compliant', 'Intercom Facility', 'Lift(s)', 'Maintenance Staff', 'Water Storage', 'Piped-gas', 'Visitor Parking', 'Swimming Pool', 'Park', 'Shopping Centre', 'Fitness Centre / GYM', 'Rain Water Harvesting', 'Club house / Community Center']",sector 84
,sector 17a
"['Private Garden / Terrace', 'Maintenance Staff', 'Park', 'Bank Attached Property', 'Fitness Centre / GYM', 'Rain Water Harvesting']",sector 90
"['Security / Fire Alarm', 'Power Back-up', 'Intercom Facility', 'Lift(s)', 'Water purifier', 'Maintenance Staff', 'Water Storage', 'No open drainage around', 'Piped-gas', 'Visitor Parking', 'Swimming Pool', 'Park', 'Security Personnel', 'Low Density Society', 'Shopping Centre', 'Fitness Centre / GYM', 'Waste Disposal', 'Rain Water Harvesting', 'Club house / Community Center']",sector 85
"['Feng Shui / Vaastu Compliant', 'Maintenance Staff', 'Water Storage', 'Park', 'Visitor Parking', 'Waste Disposal', 'Rain Water Harvesting']",sector 2
"['Intercom Facility', 'Lift(s)', 'Maintenance Staff', 'Swimming Pool', 'Park', 'Visitor Parking', 'Security Personnel', 'Fitness Centre / GYM', 'Club house / Community Center']",sector 90
"['Security / Fire Alarm', 'Power Back-up', 'Feng Shui / Vaastu Compliant', 'Lift(s)', 'High Ceiling Height', 'Maintenance Staff', 'Water Storage', 'Bank Attached Property', 'Visitor Parking', 'Swimming Pool', 'Park', 'Internet/wi-fi connectivity', 'Low Density Society', 'Shopping Centre', 'Fitness Centre / GYM', 'Club house / Community Center']",sector 79
,sector 103
"['Power Back-up', 'Intercom Facility', 'Lift(s)', 'Swimming Pool', 'Park', 'Piped-gas', 'Shopping Centre', 'Fitness Centre / GYM', 'Club house / Community Center']",sector 85
"['Feng Shui / Vaastu Compliant', 'Security / Fire Alarm', 'Intercom Facility', 'Lift(s)', 'Maintenance Staff', 'Water Storage', 'Park', 'Visitor Parking']",sector 56
,sector 65
,sector 103
"['Feng Shui / Vaastu Compliant', 'Private Garden / Terrace', 'Maintenance Staff', 'Water Storage', 'Park', 'Visitor Parking', 'Waste Disposal', 'Rain Water Harvesting']",sector 99a
,sector 103
"['Security / Fire Alarm', 'Lift(s)', 'Maintenance Staff', 'Water Storage', 'Park', 'Visitor Parking']",sector 3 phase 3 extension
"['Feng Shui / Vaastu Compliant', 'Security / Fire Alarm', 'Intercom Facility', 'Lift(s)', 'Maintenance Staff', 'Water Storage', 'Park', 'Visitor Parking']",sector 38
"['Centrally Air Conditioned', 'Water purifier', 'Security / Fire Alarm', 'Power Back-up', 'Feng Shui / Vaastu Compliant', 'Private Garden / Terrace', 'Intercom Facility', 'Lift(s)', 'High Ceiling Height', 'Maintenance Staff', 'False Ceiling Lighting', 'Water Storage', 'Separate entry for servant room', 'No open drainage around', 'Bank Attached Property', 'Piped-gas', 'Internet/wi-fi connectivity', 'Recently Renovated', 'Visitor Parking', 'Swimming Pool', 'Park', 'Security Personnel', 'Natural Light', 'Airy Rooms', 'Spacious Interiors', 'Low Density Society', 'Waste Disposal', 'Rain Water Harvesting', 'Water softening plant', 'Shopping Centre', 'Fitness Centre / GYM', 'Club house / Community Center']",sector 65
"['Power Back-up', 'Feng Shui / Vaastu Compliant', 'Security / Fire Alarm', 'Lift(s)', 'Swimming Pool', 'Maintenance Staff', 'Water Storage', 'Park', 'Visitor Parking', 'Fitness Centre / GYM', 'Club house / Community Center']",sector 67
"['Security / Fire Alarm', 'Intercom Facility', 'Lift(s)', 'High Ceiling Height', 'Maintenance Staff', 'False Ceiling Lighting', 'Water Storage', 'Separate entry for servant room', 'Visitor Parking', 'Swimming Pool', 'Park', 'Security Personnel', 'Natural Light', 'Airy Rooms', 'Spacious Interiors', 'Fitness Centre / GYM', 'Rain Water Harvesting', 'Club house / Community Center']",sector 108
"['Power Back-up', 'Intercom Facility', 'Lift(s)', 'Swimming Pool', 'Park', 'Fitness Centre / GYM', 'Club house / Community Center', 'Rain Water Harvesting']",sector 69
"['Water purifier', 'Security / Fire Alarm', 'Feng Shui / Vaastu Compliant', 'Private Garden / Terrace', 'Intercom Facility', 'Lift(s)', 'High Ceiling Height', 'Maintenance Staff', 'False Ceiling Lighting', 'Water Storage', 'Separate entry for servant room', 'No open drainage around', 'Bank Attached Property', 'Piped-gas', 'Internet/wi-fi connectivity', 'Recently Renovated', 'Visitor Parking', 'Swimming Pool', 'Park', 'Security Personnel', 'Natural Light', 'Airy Rooms', 'Spacious Interiors', 'Low Density Society', 'Waste Disposal', 'Rain Water Harvesting', 'Water softening plant', 'Shopping Centre', 'Fitness Centre / GYM', 'Club house / Community Center']",sector 48
"['Water purifier', 'Security / Fire Alarm', 'Power Back-up', 'Feng Shui / Vaastu Compliant', 'Private Garden / Terrace', 'Intercom Facility', 'Lift(s)', 'High Ceiling Height', 'Maintenance Staff', 'False Ceiling Lighting', 'Water Storage', 'Separate entry for servant room', 'No open drainage around', 'Bank Attached Property', 'Piped-gas', 'Internet/wi-fi connectivity', 'Recently Renovated', 'Visitor Parking', 'Swimming Pool', 'Park', 'Security Personnel', 'Natural Light', 'Airy Rooms', 'Spacious Interiors', 'Low Density Society', 'Waste Disposal', 'Rain Water Harvesting', 'Water softening plant', 'Shopping Centre', 'Fitness Centre / GYM', 'Club house / Community Center']",sector 111
"['Feng Shui / Vaastu Compliant', 'Private Garden / Terrace', 'Water purifier', 'Centrally Air Conditioned', 'High Ceiling Height', 'Maintenance Staff', 'Water Storage', 'Separate entry for servant room', 'No open drainage around', 'Bank Attached Property', 'Piped-gas', 'Visitor Parking', 'Swimming Pool', 'Park', 'Security Personnel', 'Natural Light', 'Airy Rooms', 'Low Density Society', 'Fitness Centre / GYM', 'Waste Disposal', 'Rain Water Harvesting', 'Club house / Community Center']",sector 92
['Natural Light'],sohna road
['Park'],sector 46
"['Park', 'Visitor Parking', 'Low Density Society']",sector 36
"['Security / Fire Alarm', 'Feng Shui / Vaastu Compliant', 'Intercom Facility', 'Lift(s)', 'Maintenance Staff', 'Water Storage', 'Bank Attached Property', 'Visitor Parking', 'Swimming Pool', 'Park', 'Security Personnel', 'Natural Light', 'Spacious Interiors', 'Low Density Society', 'Fitness Centre / GYM', 'Waste Disposal', 'Rain Water Harvesting', 'Club house / Community Center', 'Water softening plant']",sohna road
"['Feng Shui / Vaastu Compliant', 'Lift(s)', 'Park']",sector 26
,sector 92
"['Centrally Air Conditioned', 'Water purifier', 'Security / Fire Alarm', 'Power Back-up', 'Feng Shui / Vaastu Compliant', 'Private Garden / Terrace', 'Intercom Facility', 'Lift(s)', 'High Ceiling Height', 'Maintenance Staff', 'False Ceiling Lighting', 'Water Storage', 'Separate entry for servant room', 'No open drainage around', 'Bank Attached Property', 'Piped-gas', 'Internet/wi-fi connectivity', 'Recently Renovated', 'Visitor Parking', 'Swimming Pool', 'Park', 'Security Personnel', 'Natural Light', 'Airy Rooms', 'Spacious Interiors', 'Low Density Society', 'Waste Disposal', 'Rain Water Harvesting', 'Water softening plant', 'Shopping Centre', 'Fitness Centre / GYM', 'Club house / Community Center']",sohna road
"['Security / Fire Alarm', 'Feng Shui / Vaastu Compliant', 'Intercom Facility', 'Lift(s)', 'Water purifier', 'Maintenance Staff', 'Water Storage', 'Separate entry for servant room', 'No open drainage around', 'Piped-gas', 'Visitor Parking', 'Swimming Pool', 'Park', 'Security Personnel', 'Natural Light', 'Internet/wi-fi connectivity', 'Airy Rooms', 'Spacious Interiors', 'Shopping Centre', 'Fitness Centre / GYM', 'Waste Disposal', 'Rain Water Harvesting', 'Club house / Community Center', 'Water softening plant']",sector 43
"['Lift(s)', 'Swimming Pool', 'Park', 'Piped-gas', 'Fitness Centre / GYM', 'Club house / Community Center']",sector 89
"['Security / Fire Alarm', 'Feng Shui / Vaastu Compliant', 'Intercom Facility', 'Lift(s)', 'Water purifier', 'High Ceiling Height', 'Maintenance Staff', 'Water Storage', 'Separate entry for servant room', 'No open drainage around', 'Visitor Parking', 'Swimming Pool', 'Park', 'Natural Light', 'Internet/wi-fi connectivity', 'Airy Rooms', 'Low Density Society', 'Shopping Centre', 'Fitness Centre / GYM', 'Waste Disposal', 'Rain Water Harvesting', 'Club house / Community Center', 'Water softening plant']",sector 70
"['Feng Shui / Vaastu Compliant', 'Private Garden / Terrace', 'Maintenance Staff', 'Park', 'Piped-gas', 'Visitor Parking', 'Security Personnel', 'Airy Rooms', 'Spacious Interiors']",sector 95
"['Security / Fire Alarm', 'Feng Shui / Vaastu Compliant', 'Lift(s)', 'High Ceiling Height', 'Maintenance Staff', 'Water Storage', 'No open drainage around', 'Piped-gas', 'Visitor Parking', 'Swimming Pool', 'Park', 'Security Personnel', 'Internet/wi-fi connectivity', 'Shopping Centre', 'Fitness Centre / GYM', 'Waste Disposal', 'Rain Water Harvesting', 'Club house / Community Center', 'Water softening plant']",sector 95
"['Security / Fire Alarm', 'Feng Shui / Vaastu Compliant', 'Intercom Facility', 'Lift(s)', 'Water purifier', 'Maintenance Staff', 'Water Storage', 'Visitor Parking', 'Swimming Pool', 'Park', 'Security Personnel', 'Shopping Centre', 'Fitness Centre / GYM', 'Waste Disposal', 'Rain Water Harvesting', 'Club house / Community Center']",sector 41
"['Security / Fire Alarm', 'Feng Shui / Vaastu Compliant', 'Intercom Facility', 'Lift(s)', 'Maintenance Staff', 'Water Storage', 'Separate entry for servant room', 'No open drainage around', 'Recently Renovated', 'Piped-gas', 'Visitor Parking', 'Swimming Pool', 'Park', 'Security Personnel', 'Natural Light', 'Internet/wi-fi connectivity', 'Airy Rooms', 'Spacious Interiors', 'Low Density Society', 'Shopping Centre', 'Fitness Centre / GYM', 'Waste Disposal', 'Club house / Community Center']",sector 12
"['Maintenance Staff', 'Water Storage', 'Visitor Parking', 'Waste Disposal', 'Rain Water Harvesting']",sector 8
"['Feng Shui / Vaastu Compliant', 'Private Garden / Terrace', 'High Ceiling Height', 'Maintenance Staff', 'False Ceiling Lighting', 'Water Storage', 'Park', 'Piped-gas', 'Visitor Parking', 'Internet/wi-fi connectivity', 'Waste Disposal', 'Rain Water Harvesting']",sector 108
"['Feng Shui / Vaastu Compliant', 'Security / Fire Alarm', 'Intercom Facility', 'Lift(s)', 'Maintenance Staff', 'Swimming Pool', 'Water Storage', 'Park', 'Visitor Parking', 'Shopping Centre', 'Fitness Centre / GYM', 'Club house / Community Center']",sector 92
"['Security / Fire Alarm', 'Intercom Facility', 'Lift(s)', 'Centrally Air Conditioned', 'High Ceiling Height', 'Maintenance Staff', 'False Ceiling Lighting', 'Water Storage', 'Separate entry for servant room', 'No open drainage around', 'Visitor Parking', 'Swimming Pool', 'Park', 'Security Personnel', 'Natural Light', 'Internet/wi-fi connectivity', 'Airy Rooms', 'Low Density Society', 'Shopping Centre', 'Fitness Centre / GYM', 'Waste Disposal', 'Rain Water Harvesting', 'Club house / Community Center', 'Water softening plant']",sector 91
"['Water purifier', 'Centrally Air Conditioned', 'Security / Fire Alarm', 'Feng Shui / Vaastu Compliant', 'Private Garden / Terrace', 'Intercom Facility', 'Lift(s)', 'High Ceiling Height', 'Maintenance Staff', 'False Ceiling Lighting', 'Water Storage', 'Separate entry for servant room', 'No open drainage around', 'Bank Attached Property', 'Piped-gas', 'Internet/wi-fi connectivity', 'Recently Renovated', 'Visitor Parking', 'Swimming Pool', 'Park', 'Natural Light', 'Airy Rooms', 'Low Density Society', 'Waste Disposal', 'Rain Water Harvesting', 'Water softening plant', 'Shopping Centre', 'Fitness Centre / GYM', 'Club house / Community Center']",sector 69
"['Security / Fire Alarm', 'Feng Shui / Vaastu Compliant', 'Centrally Air Conditioned', 'Maintenance Staff', 'Water Storage', 'Piped-gas', 'Visitor Parking', 'Swimming Pool', 'Park', 'Security Personnel', 'Natural Light', 'Airy Rooms', 'Spacious Interiors', 'Fitness Centre / GYM', 'Club house / Community Center']",sector 37c
"['Security / Fire Alarm', 'Intercom Facility', 'Lift(s)', 'Swimming Pool', 'Park', 'Visitor Parking', 'Security Personnel', 'Shopping Centre', 'Fitness Centre / GYM', 'Club house / Community Center', 'Rain Water Harvesting']",sohna road
"['Lift(s)', 'Water Storage', 'Park', 'Visitor Parking']",sector 66
"['Security / Fire Alarm', 'Lift(s)', 'Maintenance Staff', 'Water Storage', 'Recently Renovated', 'Visitor Parking', 'Swimming Pool', 'Park', 'Security Personnel', 'Natural Light', 'Shopping Centre', 'Fitness Centre / GYM', 'Waste Disposal', 'Rain Water Harvesting', 'Club house / Community Center', 'Water softening plant']",sector 103
"['Park', 'Visitor Parking']",sector 37d
"['Security / Fire Alarm', 'Intercom Facility', 'Lift(s)', 'Maintenance Staff', 'Swimming Pool', 'Water Storage', 'Park', 'Visitor Parking', 'Shopping Centre', 'Fitness Centre / GYM', 'Club house / Community Center']",sector 69
"['Intercom Facility', 'Lift(s)', 'Maintenance Staff', 'Park']",sector 85
"['Security / Fire Alarm', 'Feng Shui / Vaastu Compliant', 'Lift(s)', 'Maintenance Staff', 'No open drainage around', 'Bank Attached Property', 'Visitor Parking', 'Park', 'Security Personnel', 'Natural Light', 'Airy Rooms', 'Shopping Centre', 'Fitness Centre / GYM', 'Waste Disposal', 'Rain Water Harvesting', 'Club house / Community Center']",sector 54
"['Security / Fire Alarm', 'Private Garden / Terrace', 'Centrally Air Conditioned', 'High Ceiling Height', 'False Ceiling Lighting', 'Separate entry for servant room', 'No open drainage around', 'Recently Renovated', 'Visitor Parking', 'Swimming Pool', 'Natural Light', 'Airy Rooms', 'Spacious Interiors', 'Fitness Centre / GYM', 'Waste Disposal']",sector 78
"['Security / Fire Alarm', 'Feng Shui / Vaastu Compliant', 'Intercom Facility', 'Lift(s)', 'Maintenance Staff', 'Water Storage', 'Visitor Parking', 'Swimming Pool', 'Park', 'Security Personnel', 'Shopping Centre', 'Fitness Centre / GYM', 'Rain Water Harvesting', 'Club house / Community Center']",sector 105
"['Feng Shui / Vaastu Compliant', 'High Ceiling Height', 'Maintenance Staff', 'False Ceiling Lighting', 'Water Storage', 'Separate entry for servant room', 'No open drainage around', 'Bank Attached Property', 'Visitor Parking', 'Park', 'Low Density Society', 'Waste Disposal', 'Rain Water Harvesting']",sector 33
"['Centrally Air Conditioned', 'Water purifier', 'Security / Fire Alarm', 'Power Back-up', 'Private Garden / Terrace', 'Intercom Facility', 'Lift(s)', 'High Ceiling Height', 'Maintenance Staff', 'False Ceiling Lighting', 'Water Storage', 'Separate entry for servant room', 'No open drainage around', 'Bank Attached Property', 'Piped-gas', 'Internet/wi-fi connectivity', 'Recently Renovated', 'Visitor Parking', 'Swimming Pool', 'Park', 'Security Personnel', 'Natural Light', 'Airy Rooms', 'Spacious Interiors', 'Low Density Society', 'Waste Disposal', 'Rain Water Harvesting', 'Water softening plant', 'Shopping Centre', 'Fitness Centre / GYM', 'Club house / Community Center']",sector 47
"['Power Back-up', 'Feng Shui / Vaastu Compliant', 'Intercom Facility', 'Lift(s)', 'Maintenance Staff', 'Piped-gas', 'Visitor Parking', 'Swimming Pool', 'Park', 'Natural Light', 'Airy Rooms', 'Low Density Society', 'Shopping Centre', 'Fitness Centre / GYM', 'Waste Disposal', 'Rain Water Harvesting', 'Club house / Community Center']",sector 69
"['Water purifier', 'Security / Fire Alarm', 'Feng Shui / Vaastu Compliant', 'Private Garden / Terrace', 'Intercom Facility', 'Lift(s)', 'Maintenance Staff', 'Water Storage', 'Separate entry for servant room', 'No open drainage around', 'Bank Attached Property', 'Piped-gas', 'Internet/wi-fi connectivity', 'Recently Renovated', 'Visitor Parking', 'Swimming Pool', 'Park', 'Security Personnel', 'Natural Light', 'Airy Rooms', 'Spacious Interiors', 'Low Density Society', 'Waste Disposal', 'Rain Water Harvesting', 'Water softening plant', 'Shopping Centre', 'Fitness Centre / GYM', 'Club house / Community Center']",sector 86
"['Security / Fire Alarm', 'Feng Shui / Vaastu Compliant', 'Intercom Facility', 'Lift(s)', 'High Ceiling Height', 'Maintenance Staff', 'Water Storage', 'Separate entry for servant room', 'No open drainage around', 'Piped-gas', 'Visitor Parking', 'Park', 'Security Personnel', 'Natural Light', 'Internet/wi-fi connectivity', 'Airy Rooms', 'Spacious Interiors', 'Low Density Society', 'Shopping Centre', 'Fitness Centre / GYM', 'Waste Disposal', 'Rain Water Harvesting', 'Club house / Community Center']",sector 92
"['Security / Fire Alarm', 'Lift(s)', 'Water purifier', 'Maintenance Staff', 'Water Storage', 'Recently Renovated', 'Visitor Parking', 'Swimming Pool', 'Park', 'Security Personnel', 'Natural Light', 'Shopping Centre', 'Fitness Centre / GYM', 'Rain Water Harvesting', 'Club house / Community Center']",sohna road
"['Security / Fire Alarm', 'Feng Shui / Vaastu Compliant', 'Private Garden / Terrace', 'Intercom Facility', 'Lift(s)', 'Maintenance Staff', 'False Ceiling Lighting', 'Water Storage', 'No open drainage around', 'Piped-gas', 'Visitor Parking', 'Swimming Pool', 'Park', 'Security Personnel', 'Natural Light', 'Shopping Centre', 'Fitness Centre / GYM', 'Waste Disposal', 'Rain Water Harvesting', 'Club house / Community Center']",sector 79
"['Centrally Air Conditioned', 'Water purifier', 'Security / Fire Alarm', 'Feng Shui / Vaastu Compliant', 'Intercom Facility', 'Lift(s)', 'High Ceiling Height', 'Maintenance Staff', 'Water Storage', 'No open drainage around', 'Bank Attached Property', 'Piped-gas', 'Internet/wi-fi connectivity', 'Visitor Parking', 'Swimming Pool', 'Park', 'Security Personnel', 'Natural Light', 'Airy Rooms', 'Spacious Interiors', 'Low Density Society', 'Waste Disposal', 'Rain Water Harvesting', 'Water softening plant', 'Shopping Centre', 'Fitness Centre / GYM', 'Club house / Community Center']",sector 89
"['Security / Fire Alarm', 'Feng Shui / Vaastu Compliant', 'Lift(s)', 'Maintenance Staff', 'False Ceiling Lighting', 'Water Storage', 'Recently Renovated', 'Visitor Parking', 'Swimming Pool', 'Park', 'Security Personnel', 'Natural Light', 'Airy Rooms', 'Spacious Interiors', 'Shopping Centre', 'Fitness Centre / GYM', 'Waste Disposal', 'Rain Water Harvesting', 'Club house / Community Center', 'Water softening plant']",sector 113
,sector 70a
,sector 66
,sector 107
"['Feng Shui / Vaastu Compliant', 'Intercom Facility', 'Lift(s)', 'High Ceiling Height', 'Swimming Pool', 'Park', 'Shopping Centre', 'Fitness Centre / GYM', 'Club house / Community Center', 'Waste Disposal', 'Water softening plant']",sector 38
"['Lift(s)', 'Swimming Pool', 'Fitness Centre / GYM', 'Club house / Community Center', 'Water softening plant']",sector 37c
"['Security / Fire Alarm', 'Power Back-up', 'Feng Shui / Vaastu Compliant', 'Intercom Facility', 'Lift(s)', 'Maintenance Staff', 'Water Storage', 'No open drainage around', 'Bank Attached Property', 'Piped-gas', 'Internet/wi-fi connectivity', 'Visitor Parking', 'Swimming Pool', 'Park', 'Security Personnel', 'Natural Light', 'Airy Rooms', 'Spacious Interiors', 'Low Density Society', 'Waste Disposal', 'Rain Water Harvesting', 'Water softening plant', 'Shopping Centre', 'Fitness Centre / GYM', 'Club house / Community Center']",sector 104
"['Power Back-up', 'Feng Shui / Vaastu Compliant', 'Intercom Facility', 'Lift(s)', 'High Ceiling Height', 'Maintenance Staff', 'False Ceiling Lighting', 'Water Storage', 'Separate entry for servant room', 'No open drainage around', 'Visitor Parking', 'Swimming Pool', 'Park', 'Internet/wi-fi connectivity', 'Shopping Centre', 'Fitness Centre / GYM', 'Rain Water Harvesting', 'Club house / Community Center', 'Water softening plant']",sector 37c
,sector 65
"['Security / Fire Alarm', 'Power Back-up', 'Feng Shui / Vaastu Compliant', 'Intercom Facility', 'Lift(s)', 'Maintenance Staff', 'Water Storage', 'Piped-gas', 'Swimming Pool', 'Park', 'Security Personnel', 'Natural Light', 'Airy Rooms', 'Spacious Interiors', 'Low Density Society', 'Fitness Centre / GYM', 'Club house / Community Center']",sector 12
"['Power Back-up', 'Intercom Facility', 'Lift(s)', 'Swimming Pool', 'Maintenance Staff', 'Park', 'Security Personnel', 'Internet/wi-fi connectivity', 'Shopping Centre', 'Fitness Centre / GYM', 'Club house / Community Center', 'Rain Water Harvesting']",sector 14
"['Feng Shui / Vaastu Compliant', 'Security / Fire Alarm', 'Intercom Facility', 'Lift(s)', 'Maintenance Staff', 'Water Storage', 'Park', 'Visitor Parking']",sohna road
"['Security / Fire Alarm', 'Lift(s)', 'Maintenance Staff', 'Water Storage', 'Park', 'Visitor Parking']",sector 109
"['Feng Shui / Vaastu Compliant', 'Private Garden / Terrace', 'High Ceiling Height', 'Maintenance Staff', 'Water Storage', 'Separate entry for servant room', 'No open drainage around', 'Bank Attached Property', 'Visitor Parking', 'Park', 'Security Personnel', 'Internet/wi-fi connectivity', 'Low Density Society', 'Fitness Centre / GYM', 'Waste Disposal', 'Rain Water Harvesting']",sector 49
"['Maintenance Staff', 'Water Storage', 'Visitor Parking', 'Waste Disposal', 'Rain Water Harvesting']",sector 37c
"['Feng Shui / Vaastu Compliant', 'Security / Fire Alarm', 'Intercom Facility', 'Lift(s)', 'Maintenance Staff', 'Water Storage', 'Park', 'Visitor Parking']",sector 86
"['Centrally Air Conditioned', 'Water purifier', 'Security / Fire Alarm', 'Power Back-up', 'Feng Shui / Vaastu Compliant', 'Private Garden / Terrace', 'Intercom Facility', 'Lift(s)', 'High Ceiling Height', 'Maintenance Staff', 'False Ceiling Lighting', 'Water Storage', 'Separate entry for servant room', 'No open drainage around', 'Bank Attached Property', 'Piped-gas', 'Internet/wi-fi connectivity', 'Recently Renovated', 'Visitor Parking', 'Swimming Pool', 'Park', 'Security Personnel', 'Natural Light', 'Airy Rooms', 'Spacious Interiors', 'Low Density Society', 'Waste Disposal', 'Rain Water Harvesting', 'Water softening plant', 'Shopping Centre', 'Fitness Centre / GYM', 'Club house / Community Center']",sector 105
"['Feng Shui / Vaastu Compliant', 'High Ceiling Height', 'Maintenance Staff', 'Water Storage', 'Separate entry for servant room', 'No open drainage around', 'Piped-gas', 'Visitor Parking', 'Park', 'Internet/wi-fi connectivity', 'Low Density Society', 'Waste Disposal', 'Rain Water Harvesting', 'Club house / Community Center']",sector 1
"['Water purifier', 'Centrally Air Conditioned', 'Security / Fire Alarm', 'Feng Shui / Vaastu Compliant', 'Private Garden / Terrace', 'High Ceiling Height', 'Maintenance Staff', 'False Ceiling Lighting', 'Water Storage', 'Separate entry for servant room', 'No open drainage around', 'Bank Attached Property', 'Piped-gas', 'Internet/wi-fi connectivity', 'Recently Renovated', 'Visitor Parking', 'Park', 'Security Personnel', 'Natural Light', 'Airy Rooms', 'Spacious Interiors', 'Low Density Society', 'Waste Disposal', 'Rain Water Harvesting', 'Fitness Centre / GYM', 'Club house / Community Center']",sector 104
"['Centrally Air Conditioned', 'Water purifier', 'Security / Fire Alarm', 'Feng Shui / Vaastu Compliant', 'Private Garden / Terrace', 'Intercom Facility', 'Lift(s)', 'High Ceiling Height', 'Maintenance Staff', 'False Ceiling Lighting', 'Water Storage', 'Separate entry for servant room', 'No open drainage around', 'Piped-gas', 'Internet/wi-fi connectivity', 'Recently Renovated', 'Visitor Parking', 'Swimming Pool', 'Park', 'Security Personnel', 'Natural Light', 'Airy Rooms', 'Spacious Interiors', 'Low Density Society', 'Waste Disposal', 'Rain Water Harvesting', 'Water softening plant', 'Shopping Centre', 'Fitness Centre / GYM', 'Club house / Community Center']",sector 85
"['Feng Shui / Vaastu Compliant', 'Security / Fire Alarm', 'Intercom Facility', 'Lift(s)', 'Maintenance Staff', 'Water Storage', 'Park', 'Visitor Parking']",sector 85
"['Feng Shui / Vaastu Compliant', 'Security / Fire Alarm', 'Lift(s)', 'Maintenance Staff', 'Water Storage', 'Park']",sector 70
"['Maintenance Staff', 'Water Storage', 'Visitor Parking', 'Waste Disposal', 'Rain Water Harvesting']",sector 80
"['Security / Fire Alarm', 'Power Back-up', 'Feng Shui / Vaastu Compliant', 'Intercom Facility', 'Lift(s)', 'Maintenance Staff', 'Water Storage', 'Separate entry for servant room', 'No open drainage around', 'Piped-gas', 'Visitor Parking', 'Swimming Pool', 'Park', 'Security Personnel', 'Shopping Centre', 'Fitness Centre / GYM', 'Waste Disposal', 'Rain Water Harvesting', 'Club house / Community Center', 'Water softening plant']",sector 66
"['Centrally Air Conditioned', 'Water purifier', 'False Ceiling Lighting', 'No open drainage around', 'Recently Renovated', 'Swimming Pool', 'Security Personnel', 'Natural Light', 'Airy Rooms', 'Spacious Interiors', 'Fitness Centre / GYM', 'Rain Water Harvesting', 'Club house / Community Center']",sector 90
"['Feng Shui / Vaastu Compliant', 'Security / Fire Alarm', 'Intercom Facility', 'Maintenance Staff', 'Water Storage', 'Park', 'Visitor Parking']",sector 104
"['Feng Shui / Vaastu Compliant', 'Lift(s)', 'High Ceiling Height', 'Maintenance Staff', 'Water Storage', 'Separate entry for servant room', 'Visitor Parking', 'Swimming Pool', 'Park', 'Security Personnel', 'Internet/wi-fi connectivity', 'Shopping Centre', 'Club house / Community Center', 'Water softening plant']",sector 99a
"['Water purifier', 'Security / Fire Alarm', 'Feng Shui / Vaastu Compliant', 'Intercom Facility', 'Lift(s)', 'High Ceiling Height', 'Maintenance Staff', 'Water Storage', 'No open drainage around', 'Bank Attached Property', 'Piped-gas', 'Internet/wi-fi connectivity', 'Recently Renovated', 'Visitor Parking', 'Swimming Pool', 'Park', 'Security Personnel', 'Natural Light', 'Airy Rooms', 'Spacious Interiors', 'Low Density Society', 'Waste Disposal', 'Rain Water Harvesting', 'Water softening plant', 'Shopping Centre', 'Fitness Centre / GYM', 'Club house / Community Center']",sector 89
"['Feng Shui / Vaastu Compliant', 'Lift(s)', 'Maintenance Staff', 'Park', 'Visitor Parking', 'Security Personnel']",sector 104
"['Maintenance Staff', 'Water Storage', 'Visitor Parking', 'Rain Water Harvesting']",sector 104
,sector 48
"['Feng Shui / Vaastu Compliant', 'Park', 'Visitor Parking', 'Low Density Society']",sector 95
,sector 26
"['Centrally Air Conditioned', 'Water purifier', 'Security / Fire Alarm', 'Power Back-up', 'Feng Shui / Vaastu Compliant', 'Private Garden / Terrace', 'Intercom Facility', 'Lift(s)', 'High Ceiling Height', 'Maintenance Staff', 'False Ceiling Lighting', 'Water Storage', 'Separate entry for servant room', 'No open drainage around', 'Bank Attached Property', 'Piped-gas', 'Internet/wi-fi connectivity', 'Recently Renovated', 'Visitor Parking', 'Swimming Pool', 'Park', 'Security Personnel', 'Natural Light', 'Airy Rooms', 'Spacious Interiors', 'Low Density Society', 'Waste Disposal', 'Rain Water Harvesting', 'Water softening plant', 'Shopping Centre', 'Fitness Centre / GYM', 'Club house / Community Center']",sector 109
"['Power Back-up', 'Security / Fire Alarm', 'Intercom Facility', 'Lift(s)', 'Water Storage', 'Park', 'Shopping Centre', 'Fitness Centre / GYM', 'Rain Water Harvesting', 'Water softening plant']",sector 33
"['Security / Fire Alarm', 'Power Back-up', 'Feng Shui / Vaastu Compliant', 'Intercom Facility', 'Lift(s)', 'Maintenance Staff', 'Water Storage', 'Visitor Parking', 'Swimming Pool', 'Park', 'Security Personnel', 'Waste Disposal', 'Rain Water Harvesting', 'Club house / Community Center']",sector 83
"['Maintenance Staff', 'Rain Water Harvesting']",sector 92
,sector 104
"['Security / Fire Alarm', 'Feng Shui / Vaastu Compliant', 'Intercom Facility', 'Lift(s)', 'Maintenance Staff', 'Water Storage', 'Separate entry for servant room', 'No open drainage around', 'Bank Attached Property', 'Visitor Parking', 'Swimming Pool', 'Park', 'Natural Light', 'Airy Rooms', 'Spacious Interiors', 'Low Density Society', 'Shopping Centre', 'Fitness Centre / GYM', 'Waste Disposal', 'Rain Water Harvesting', 'Club house / Community Center']",sector 37d
"['Security / Fire Alarm', 'Feng Shui / Vaastu Compliant', 'Private Garden / Terrace', 'Water purifier', 'High Ceiling Height', 'Maintenance Staff', 'Water Storage', 'Separate entry for servant room', 'No open drainage around', 'Visitor Parking', 'Swimming Pool', 'Park', 'Security Personnel', 'Natural Light', 'Airy Rooms', 'Spacious Interiors', 'Fitness Centre / GYM', 'Waste Disposal', 'Rain Water Harvesting', 'Club house / Community Center']",gwal pahari
"['Security / Fire Alarm', 'Feng Shui / Vaastu Compliant', 'Intercom Facility', 'Lift(s)', 'Water purifier', 'Maintenance Staff', 'False Ceiling Lighting', 'Water Storage', 'No open drainage around', 'Bank Attached Property', 'Visitor Parking', 'Swimming Pool', 'Park', 'Natural Light', 'Internet/wi-fi connectivity', 'Airy Rooms', 'Spacious Interiors', 'Low Density Society', 'Shopping Centre', 'Fitness Centre / GYM', 'Waste Disposal', 'Rain Water Harvesting', 'Club house / Community Center', 'Water softening plant']",sector 12
"['Security / Fire Alarm', 'Feng Shui / Vaastu Compliant', 'Lift(s)', 'Water purifier', 'High Ceiling Height', 'Maintenance Staff', 'False Ceiling Lighting', 'Water Storage', 'Piped-gas', 'Visitor Parking', 'Park', 'Security Personnel', 'Natural Light', 'Internet/wi-fi connectivity', 'Airy Rooms', 'Spacious Interiors', 'Low Density Society']",sector 62
"['Security / Fire Alarm', 'Power Back-up', 'Feng Shui / Vaastu Compliant', 'Intercom Facility', 'Lift(s)', 'Maintenance Staff', 'Water Storage', 'Recently Renovated', 'Bank Attached Property', 'Piped-gas', 'Visitor Parking', 'Swimming Pool', 'Park', 'Security Personnel', 'Natural Light', 'Internet/wi-fi connectivity', 'Airy Rooms', 'Low Density Society', 'Shopping Centre', 'Fitness Centre / GYM', 'Waste Disposal', 'Rain Water Harvesting', 'Club house / Community Center', 'Water softening plant']",sector 70a
"['Security / Fire Alarm', 'Power Back-up', 'Lift(s)', 'Maintenance Staff', 'Water Storage', 'Recently Renovated', 'Visitor Parking', 'Swimming Pool', 'Park', 'Security Personnel', 'Natural Light', 'Shopping Centre', 'Fitness Centre / GYM', 'Waste Disposal', 'Rain Water Harvesting', 'Club house / Community Center', 'Water softening plant']",sector 107
"['Centrally Air Conditioned', 'Water purifier', 'Security / Fire Alarm', 'Feng Shui / Vaastu Compliant', 'Intercom Facility', 'Lift(s)', 'High Ceiling Height', 'Maintenance Staff', 'False Ceiling Lighting', 'Water Storage', 'No open drainage around', 'Bank Attached Property', 'Piped-gas', 'Internet/wi-fi connectivity', 'Swimming Pool', 'Park', 'Security Personnel', 'Natural Light', 'Airy Rooms', 'Low Density Society', 'Waste Disposal', 'Rain Water Harvesting', 'Water softening plant', 'Shopping Centre', 'Fitness Centre / GYM', 'Club house / Community Center']",sector 79
"['Intercom Facility', 'Lift(s)', 'Swimming Pool', 'Park', 'Shopping Centre', 'Fitness Centre / GYM', 'Club house / Community Center', 'Rain Water Harvesting']",sector 2
"['Centrally Air Conditioned', 'Lift(s)', 'Park', 'Maintenance Staff', 'Visitor Parking', 'Security Personnel']",sector 31
,sector 104
"['Feng Shui / Vaastu Compliant', 'Security / Fire Alarm', 'Intercom Facility', 'Lift(s)', 'Maintenance Staff', 'Swimming Pool', 'Water Storage', 'Park', 'Visitor Parking', 'Fitness Centre / GYM', 'Club house / Community Center', 'Rain Water Harvesting']",sector 83
"['Feng Shui / Vaastu Compliant', 'Security / Fire Alarm', 'Intercom Facility', 'Lift(s)', 'Maintenance Staff', 'Water Storage', 'Park', 'Visitor Parking']",sector 104
"['Feng Shui / Vaastu Compliant', 'Private Garden / Terrace', 'Water Storage', 'No open drainage around', 'Natural Light', 'Airy Rooms', 'Waste Disposal']",sector 25
"['Centrally Air Conditioned', 'Water purifier', 'Security / Fire Alarm', 'Power Back-up', 'Feng Shui / Vaastu Compliant', 'Private Garden / Terrace', 'Intercom Facility', 'Lift(s)', 'High Ceiling Height', 'Maintenance Staff', 'False Ceiling Lighting', 'Water Storage', 'Separate entry for servant room', 'No open drainage around', 'Bank Attached Property', 'Piped-gas', 'Internet/wi-fi connectivity', 'Recently Renovated', 'Visitor Parking', 'Swimming Pool', 'Park', 'Security Personnel', 'Natural Light', 'Airy Rooms', 'Spacious Interiors', 'Low Density Society', 'Waste Disposal', 'Rain Water Harvesting', 'Water softening plant', 'Shopping Centre', 'Fitness Centre / GYM', 'Club house / Community Center']",sector 48
"['Security / Fire Alarm', 'Feng Shui / Vaastu Compliant', 'High Ceiling Height', 'Maintenance Staff', 'False Ceiling Lighting', 'Separate entry for servant room', 'No open drainage around', 'Visitor Parking', 'Park', 'Natural Light', 'Airy Rooms', 'Low Density Society', 'Fitness Centre / GYM', 'Club house / Community Center']",sector 86
"['Intercom Facility', 'Lift(s)', 'Swimming Pool', 'Park', 'Piped-gas', 'Shopping Centre', 'Fitness Centre / GYM', 'Club house / Community Center']",sector 4
"['Security / Fire Alarm', 'Feng Shui / Vaastu Compliant', 'Private Garden / Terrace', 'Centrally Air Conditioned', 'Water purifier', 'High Ceiling Height', 'Maintenance Staff', 'False Ceiling Lighting', 'Water Storage', 'Separate entry for servant room', 'No open drainage around', 'Piped-gas', 'Visitor Parking', 'Swimming Pool', 'Park', 'Security Personnel', 'Natural Light', 'Internet/wi-fi connectivity', 'Airy Rooms', 'Spacious Interiors', 'Fitness Centre / GYM', 'Waste Disposal', 'Rain Water Harvesting', 'Club house / Community Center']",sector 28
"['Feng Shui / Vaastu Compliant', 'Security / Fire Alarm', 'Maintenance Staff', 'False Ceiling Lighting', 'Water Storage', 'Park', 'Recently Renovated', 'Piped-gas', 'Visitor Parking', 'Natural Light']",sector 67
"['Feng Shui / Vaastu Compliant', 'Security / Fire Alarm', 'Intercom Facility', 'Lift(s)', 'Maintenance Staff', 'Water Storage', 'Park', 'Visitor Parking']",sector 71
"['Security / Fire Alarm', 'Intercom Facility', 'Lift(s)', 'High Ceiling Height', 'Maintenance Staff', 'Water Storage', 'No open drainage around', 'Visitor Parking', 'Park', 'Security Personnel', 'Natural Light', 'Airy Rooms', 'Shopping Centre', 'Rain Water Harvesting']",sector 113
"['Private Garden / Terrace', 'Maintenance Staff', 'Park']",sector 66
"['Security / Fire Alarm', 'Intercom Facility', 'Lift(s)', 'Maintenance Staff', 'Water Storage', 'No open drainage around', 'Visitor Parking', 'Swimming Pool', 'Park', 'Security Personnel', 'Natural Light', 'Internet/wi-fi connectivity', 'Airy Rooms', 'Spacious Interiors', 'Fitness Centre / GYM', 'Waste Disposal', 'Club house / Community Center']",sector 70
"['Security / Fire Alarm', 'Intercom Facility', 'Lift(s)', 'Maintenance Staff', 'Visitor Parking']",sector 81
"['Feng Shui / Vaastu Compliant', 'Private Garden / Terrace', 'Maintenance Staff', 'Water Storage', 'Visitor Parking', 'Waste Disposal', 'Rain Water Harvesting']",sector 102
,sector 111
"['Security / Fire Alarm', 'Power Back-up', 'Feng Shui / Vaastu Compliant', 'Intercom Facility', 'Lift(s)', 'Maintenance Staff', 'Water Storage', 'Visitor Parking', 'Swimming Pool', 'Park', 'Fitness Centre / GYM', 'Rain Water Harvesting', 'Club house / Community Center']",sector 107
"['Centrally Air Conditioned', 'Water purifier', 'Security / Fire Alarm', 'Feng Shui / Vaastu Compliant', 'Private Garden / Terrace', 'Intercom Facility', 'Lift(s)', 'High Ceiling Height', 'Maintenance Staff', 'False Ceiling Lighting', 'Water Storage', 'Separate entry for servant room', 'No open drainage around', 'Bank Attached Property', 'Piped-gas', 'Internet/wi-fi connectivity', 'Recently Renovated', 'Visitor Parking', 'Swimming Pool', 'Park', 'Security Personnel', 'Natural Light', 'Airy Rooms', 'Spacious Interiors', 'Low Density Society', 'Waste Disposal', 'Rain Water Harvesting', 'Water softening plant', 'Shopping Centre', 'Fitness Centre / GYM', 'Club house / Community Center']",sector 88a
"['Feng Shui / Vaastu Compliant', 'Private Garden / Terrace', 'Maintenance Staff', 'Water Storage', 'Park', 'Visitor Parking', 'Waste Disposal', 'Rain Water Harvesting']",sector 37c
"['Feng Shui / Vaastu Compliant', 'Private Garden / Terrace', 'Water Storage', 'Park', 'Visitor Parking', 'Rain Water Harvesting']",sector 72
"['Security / Fire Alarm', 'Feng Shui / Vaastu Compliant', 'Intercom Facility', 'Lift(s)', 'Water purifier', 'Maintenance Staff', 'False Ceiling Lighting', 'Water Storage', 'Separate entry for servant room', 'No open drainage around', 'Recently Renovated', 'Piped-gas', 'Visitor Parking', 'Swimming Pool', 'Park', 'Security Personnel', 'Airy Rooms', 'Spacious Interiors', 'Low Density Society', 'Fitness Centre / GYM', 'Club house / Community Center']",sector 110
,sector 28
,sector 69
,sector 106
"['Feng Shui / Vaastu Compliant', 'Security / Fire Alarm', 'Intercom Facility', 'Lift(s)', 'Maintenance Staff', 'Water Storage', 'Park', 'Visitor Parking']",sector 90
"['Security / Fire Alarm', 'Intercom Facility', 'Lift(s)', 'Maintenance Staff', 'Water Storage', 'Park', 'Visitor Parking']",sector 95
,sector 33
,sector 7
"['Feng Shui / Vaastu Compliant', 'Security / Fire Alarm', 'Intercom Facility', 'Lift(s)', 'Maintenance Staff', 'Water Storage', 'Park', 'Visitor Parking']",sector 70
"['Private Garden / Terrace', 'High Ceiling Height', 'False Ceiling Lighting', 'Water Storage', 'Park', 'Piped-gas', 'Visitor Parking', 'Natural Light', 'Spacious Interiors', 'Club house / Community Center', 'Rain Water Harvesting']",sector 74
"['Security / Fire Alarm', 'Feng Shui / Vaastu Compliant', 'Private Garden / Terrace', 'Intercom Facility', 'Lift(s)', 'Centrally Air Conditioned', 'High Ceiling Height', 'Maintenance Staff', 'Water Storage', 'No open drainage around', 'Visitor Parking', 'Park', 'Security Personnel', 'Airy Rooms']",sector 50
"['Security / Fire Alarm', 'Power Back-up', 'Feng Shui / Vaastu Compliant', 'Intercom Facility', 'Lift(s)', 'Maintenance Staff', 'Water Storage', 'No open drainage around', 'Visitor Parking', 'Swimming Pool', 'Park', 'Security Personnel', 'Natural Light', 'Internet/wi-fi connectivity', 'Airy Rooms', 'Spacious Interiors', 'Low Density Society', 'Fitness Centre / GYM', 'Waste Disposal', 'Rain Water Harvesting', 'Club house / Community Center']",sector 52
"['Security / Fire Alarm', 'Intercom Facility', 'Lift(s)', 'High Ceiling Height', 'Maintenance Staff', 'Water Storage', 'Visitor Parking', 'Swimming Pool', 'Park', 'Security Personnel', 'Natural Light', 'Airy Rooms', 'Internet/wi-fi connectivity', 'Shopping Centre', 'Fitness Centre / GYM', 'Waste Disposal', 'Rain Water Harvesting', 'Club house / Community Center']",sector 86
"['Security / Fire Alarm', 'Lift(s)', 'Maintenance Staff', 'Water Storage', 'No open drainage around', 'Visitor Parking', 'Swimming Pool', 'Park', 'Security Personnel', 'Natural Light', 'Airy Rooms', 'Spacious Interiors', 'Fitness Centre / GYM', 'Rain Water Harvesting', 'Club house / Community Center']",sector 110
"['Security / Fire Alarm', 'Power Back-up', 'Intercom Facility', 'Lift(s)', 'Maintenance Staff', 'Water Storage', 'No open drainage around', 'Bank Attached Property', 'Swimming Pool', 'Park', 'Low Density Society', 'Shopping Centre', 'Fitness Centre / GYM', 'Waste Disposal', 'Rain Water Harvesting', 'Club house / Community Center']",sector 25
"['Intercom Facility', 'Lift(s)', 'Park']",sector 108
"['Power Back-up', 'Feng Shui / Vaastu Compliant', 'Intercom Facility', 'Lift(s)', 'Maintenance Staff', 'Separate entry for servant room', 'Swimming Pool', 'Park', 'Security Personnel', 'Internet/wi-fi connectivity', 'Shopping Centre', 'Fitness Centre / GYM', 'Rain Water Harvesting', 'Club house / Community Center']",sector 57
"['Security / Fire Alarm', 'Intercom Facility', 'Lift(s)', 'Swimming Pool', 'Maintenance Staff', 'Water Storage', 'Visitor Parking', 'Shopping Centre', 'Fitness Centre / GYM', 'Club house / Community Center']",sector 103
"['Feng Shui / Vaastu Compliant', 'Security / Fire Alarm', 'Intercom Facility', 'Lift(s)', 'Maintenance Staff', 'Water Storage', 'Park', 'Visitor Parking']",sector 37c
"['Security / Fire Alarm', 'Feng Shui / Vaastu Compliant', 'Intercom Facility', 'Lift(s)', 'High Ceiling Height', 'Maintenance Staff', 'False Ceiling Lighting', 'Water Storage', 'Separate entry for servant room', 'No open drainage around', 'Visitor Parking', 'Swimming Pool', 'Park', 'Security Personnel', 'Internet/wi-fi connectivity', 'Shopping Centre', 'Fitness Centre / GYM', 'Waste Disposal', 'Rain Water Harvesting', 'Club house / Community Center', 'Water softening plant']",sector 81
"['Intercom Facility', 'Lift(s)', 'Park']",sector 86
"['Centrally Air Conditioned', 'Water purifier', 'Security / Fire Alarm', 'Feng Shui / Vaastu Compliant', 'Private Garden / Terrace', 'Intercom Facility', 'Lift(s)', 'High Ceiling Height', 'Maintenance Staff', 'False Ceiling Lighting', 'Water Storage', 'Separate entry for servant room', 'No open drainage around', 'Bank Attached Property', 'Piped-gas', 'Internet/wi-fi connectivity', 'Recently Renovated', 'Visitor Parking', 'Swimming Pool', 'Park', 'Security Personnel', 'Natural Light', 'Airy Rooms', 'Spacious Interiors', 'Low Density Society', 'Waste Disposal', 'Rain Water Harvesting', 'Water softening plant', 'Shopping Centre', 'Fitness Centre / GYM', 'Club house / Community Center']",sector 2
"['Feng Shui / Vaastu Compliant', 'Security / Fire Alarm', 'Intercom Facility', 'Maintenance Staff', 'Water Storage', 'Park', 'Visitor Parking']",sector 84
"['Water purifier', 'Centrally Air Conditioned', 'Security / Fire Alarm', 'Feng Shui / Vaastu Compliant', 'Private Garden / Terrace', 'High Ceiling Height', 'Maintenance Staff', 'False Ceiling Lighting', 'Water Storage', 'Separate entry for servant room', 'No open drainage around', 'Internet/wi-fi connectivity', 'Recently Renovated', 'Visitor Parking', 'Swimming Pool', 'Park', 'Security Personnel', 'Natural Light', 'Airy Rooms', 'Spacious Interiors', 'Low Density Society', 'Waste Disposal', 'Rain Water Harvesting', 'Fitness Centre / GYM', 'Club house / Community Center']",sector 89
"['Security / Fire Alarm', 'Intercom Facility', 'Lift(s)', 'Maintenance Staff', 'Water Storage', 'Park', 'Visitor Parking']",sector 90
"['Security / Fire Alarm', 'Power Back-up', 'Feng Shui / Vaastu Compliant', 'Intercom Facility', 'Lift(s)', 'Maintenance Staff', 'False Ceiling Lighting', 'Water Storage', 'Visitor Parking', 'Swimming Pool', 'Park', 'Natural Light', 'Airy Rooms', 'Spacious Interiors', 'Fitness Centre / GYM', 'Rain Water Harvesting', 'Club house / Community Center', 'Water softening plant']",gwal pahari
"['Feng Shui / Vaastu Compliant', 'Security / Fire Alarm', 'Intercom Facility', 'Lift(s)', 'Maintenance Staff', 'Water Storage', 'Park', 'Visitor Parking']",sector 106
"['Feng Shui / Vaastu Compliant', 'Security / Fire Alarm', 'Lift(s)', 'Maintenance Staff', 'Water Storage', 'Park']",sector 102
"['Centrally Air Conditioned', 'Water purifier', 'Security / Fire Alarm', 'Feng Shui / Vaastu Compliant', 'Intercom Facility', 'Lift(s)', 'High Ceiling Height', 'Maintenance Staff', 'False Ceiling Lighting', 'Water Storage', 'Separate entry for servant room', 'No open drainage around', 'Bank Attached Property', 'Piped-gas', 'Internet/wi-fi connectivity', 'Recently Renovated', 'Visitor Parking', 'Swimming Pool', 'Park', 'Security Personnel', 'Natural Light', 'Airy Rooms', 'Spacious Interiors', 'Low Density Society', 'Waste Disposal', 'Rain Water Harvesting', 'Water softening plant', 'Shopping Centre', 'Fitness Centre / GYM', 'Club house / Community Center']",sector 62
"['Security / Fire Alarm', 'Feng Shui / Vaastu Compliant', 'Lift(s)', 'Maintenance Staff', 'Water Storage', 'No open drainage around', 'Visitor Parking', 'Park', 'Security Personnel', 'Natural Light', 'Airy Rooms', 'Spacious Interiors', 'Shopping Centre', 'Waste Disposal', 'Rain Water Harvesting', 'Club house / Community Center']",sector 48
,sector 77
['Water Storage'],sector 49
"['Security / Fire Alarm', 'Intercom Facility', 'Lift(s)', 'Maintenance Staff', 'Water Storage', 'Park', 'Visitor Parking']",sector 70
"['Swimming Pool', 'Fitness Centre / GYM', 'Club house / Community Center']",sector 12
"['Centrally Air Conditioned', 'Water purifier', 'Security / Fire Alarm', 'Feng Shui / Vaastu Compliant', 'Private Garden / Terrace', 'High Ceiling Height', 'Maintenance Staff', 'False Ceiling Lighting', 'Water Storage', 'Separate entry for servant room', 'No open drainage around', 'Bank Attached Property', 'Piped-gas', 'Internet/wi-fi connectivity', 'Recently Renovated', 'Visitor Parking', 'Swimming Pool', 'Park', 'Security Personnel', 'Natural Light', 'Airy Rooms', 'Spacious Interiors', 'Low Density Society', 'Waste Disposal', 'Rain Water Harvesting', 'Fitness Centre / GYM', 'Club house / Community Center']",sector 81
"['Centrally Air Conditioned', 'Water purifier', 'Security / Fire Alarm', 'Feng Shui / Vaastu Compliant', 'Private Garden / Terrace', 'Intercom Facility', 'Lift(s)', 'High Ceiling Height', 'Maintenance Staff', 'False Ceiling Lighting', 'Water Storage', 'Separate entry for servant room', 'No open drainage around', 'Bank Attached Property', 'Piped-gas', 'Internet/wi-fi connectivity', 'Recently Renovated', 'Visitor Parking', 'Swimming Pool', 'Park', 'Security Personnel', 'Natural Light', 'Airy Rooms', 'Low Density Society', 'Waste Disposal', 'Rain Water Harvesting', 'Water softening plant', 'Shopping Centre', 'Fitness Centre / GYM', 'Club house / Community Center']",sector 81
"['Feng Shui / Vaastu Compliant', 'Intercom Facility', 'Lift(s)', 'Maintenance Staff', 'Swimming Pool', 'Water Storage', 'Park', 'Piped-gas', 'Security Personnel', 'Fitness Centre / GYM', 'Club house / Community Center', 'Rain Water Harvesting']",sector 111
"['Water purifier', 'Security / Fire Alarm', 'Power Back-up', 'Feng Shui / Vaastu Compliant', 'Intercom Facility', 'Lift(s)', 'High Ceiling Height', 'Maintenance Staff', 'False Ceiling Lighting', 'Water Storage', 'Separate entry for servant room', 'Piped-gas', 'Internet/wi-fi connectivity', 'Visitor Parking', 'Swimming Pool', 'Park', 'Security Personnel', 'Natural Light', 'Airy Rooms', 'Waste Disposal', 'Rain Water Harvesting', 'Water softening plant', 'Shopping Centre', 'Fitness Centre / GYM', 'Club house / Community Center']",sector 85
"['Feng Shui / Vaastu Compliant', 'Security / Fire Alarm', 'Intercom Facility', 'Lift(s)', 'Maintenance Staff', 'Water Storage', 'Park', 'Visitor Parking']",sector 69
"['Security / Fire Alarm', 'Private Garden / Terrace', 'Water purifier', 'Maintenance Staff', 'Water Storage', 'No open drainage around', 'Visitor Parking', 'Park', 'Security Personnel', 'Natural Light', 'Internet/wi-fi connectivity', 'Airy Rooms', 'Spacious Interiors', 'Waste Disposal', 'Club house / Community Center']",sector 83
"['Security / Fire Alarm', 'Intercom Facility', 'Lift(s)', 'Maintenance Staff', 'Water Storage']",sector 65
"['Feng Shui / Vaastu Compliant', 'Intercom Facility', 'Lift(s)', 'Maintenance Staff', 'No open drainage around', 'Piped-gas', 'Visitor Parking', 'Swimming Pool', 'Park', 'Shopping Centre', 'Fitness Centre / GYM', 'Club house / Community Center', 'Water softening plant']",sector 102
"['Water purifier', 'Power Back-up', 'Feng Shui / Vaastu Compliant', 'Private Garden / Terrace', 'Intercom Facility', 'Lift(s)', 'High Ceiling Height', 'Maintenance Staff', 'False Ceiling Lighting', 'Water Storage', 'No open drainage around', 'Piped-gas', 'Internet/wi-fi connectivity', 'Visitor Parking', 'Swimming Pool', 'Park', 'Natural Light', 'Airy Rooms', 'Spacious Interiors', 'Waste Disposal', 'Rain Water Harvesting', 'Water softening plant', 'Shopping Centre', 'Fitness Centre / GYM', 'Club house / Community Center']",sector 69
"['Power Back-up', 'Security / Fire Alarm', 'Intercom Facility', 'Maintenance Staff', 'Water Storage', 'Park', 'Visitor Parking', 'Security Personnel', 'Fitness Centre / GYM', 'Club house / Community Center', 'Rain Water Harvesting']",sector 48
"['Intercom Facility', 'Lift(s)', 'Swimming Pool', 'Park', 'Shopping Centre', 'Fitness Centre / GYM', 'Club house / Community Center']",sector 107
"['Security / Fire Alarm', 'Feng Shui / Vaastu Compliant', 'Private Garden / Terrace', 'High Ceiling Height', 'Maintenance Staff', 'False Ceiling Lighting', 'Water Storage', 'Separate entry for servant room', 'No open drainage around', 'Visitor Parking', 'Park', 'Security Personnel', 'Natural Light', 'Airy Rooms', 'Spacious Interiors', 'Waste Disposal', 'Rain Water Harvesting']",sector 99a
"['Feng Shui / Vaastu Compliant', 'Security / Fire Alarm', 'Intercom Facility', 'Lift(s)', 'Maintenance Staff', 'Water Storage', 'Park', 'Visitor Parking']",sector 65
"['Feng Shui / Vaastu Compliant', 'Private Garden / Terrace', 'Maintenance Staff', 'Water Storage', 'Park', 'Visitor Parking', 'Waste Disposal', 'Rain Water Harvesting']",sector 103
"['Centrally Air Conditioned', 'Water purifier', 'Security / Fire Alarm', 'Feng Shui / Vaastu Compliant', 'Private Garden / Terrace', 'Intercom Facility', 'Lift(s)', 'High Ceiling Height', 'Maintenance Staff', 'False Ceiling Lighting', 'Water Storage', 'Separate entry for servant room', 'No open drainage around', 'Bank Attached Property', 'Piped-gas', 'Internet/wi-fi connectivity', 'Recently Renovated', 'Visitor Parking', 'Swimming Pool', 'Park', 'Security Personnel', 'Natural Light', 'Airy Rooms', 'Spacious Interiors', 'Low Density Society', 'Waste Disposal', 'Rain Water Harvesting', 'Water softening plant', 'Shopping Centre', 'Fitness Centre / GYM', 'Club house / Community Center']",sector 25
,sector 85
"['Power Back-up', 'Lift(s)', 'Maintenance Staff', 'Separate entry for servant room', 'No open drainage around', 'Bank Attached Property', 'Visitor Parking', 'Swimming Pool', 'Park', 'Security Personnel', 'Natural Light', 'Airy Rooms', 'Shopping Centre', 'Fitness Centre / GYM', 'Waste Disposal', 'Rain Water Harvesting', 'Club house / Community Center', 'Water softening plant']",sohna road
"['Centrally Air Conditioned', 'Water purifier', 'Security / Fire Alarm', 'Feng Shui / Vaastu Compliant', 'Intercom Facility', 'Lift(s)', 'High Ceiling Height', 'Maintenance Staff', 'Water Storage', 'Separate entry for servant room', 'No open drainage around', 'Bank Attached Property', 'Piped-gas', 'Internet/wi-fi connectivity', 'Recently Renovated', 'Visitor Parking', 'Swimming Pool', 'Park', 'Security Personnel', 'Natural Light', 'Airy Rooms', 'Spacious Interiors', 'Low Density Society', 'Waste Disposal', 'Rain Water Harvesting', 'Water softening plant', 'Shopping Centre', 'Fitness Centre / GYM', 'Club house / Community Center']",sector 102
"['Water purifier', 'Water Storage', 'Visitor Parking', 'Internet/wi-fi connectivity', 'Airy Rooms']",sector 102
,sector 33
"['Centrally Air Conditioned', 'Water purifier', 'Security / Fire Alarm', 'Power Back-up', 'Feng Shui / Vaastu Compliant', 'Private Garden / Terrace', 'Intercom Facility', 'Lift(s)', 'High Ceiling Height', 'Maintenance Staff', 'False Ceiling Lighting', 'Water Storage', 'Separate entry for servant room', 'No open drainage around', 'Bank Attached Property', 'Piped-gas', 'Internet/wi-fi connectivity', 'Recently Renovated', 'Visitor Parking', 'Swimming Pool', 'Park', 'Security Personnel', 'Natural Light', 'Airy Rooms', 'Spacious Interiors', 'Low Density Society', 'Waste Disposal', 'Rain Water Harvesting', 'Water softening plant', 'Shopping Centre', 'Fitness Centre / GYM', 'Club house / Community Center']",sector 69
"['Centrally Air Conditioned', 'Water purifier', 'Security / Fire Alarm', 'Feng Shui / Vaastu Compliant', 'Intercom Facility', 'Lift(s)', 'High Ceiling Height', 'Maintenance Staff', 'False Ceiling Lighting', 'Water Storage', 'No open drainage around', 'Internet/wi-fi connectivity', 'Recently Renovated', 'Visitor Parking', 'Swimming Pool', 'Park', 'Security Personnel', 'Natural Light', 'Airy Rooms', 'Spacious Interiors', 'Low Density Society', 'Waste Disposal', 'Rain Water Harvesting', 'Water softening plant', 'Shopping Centre', 'Fitness Centre / GYM', 'Club house / Community Center']",sector 102
"['Feng Shui / Vaastu Compliant', 'Security / Fire Alarm', 'Intercom Facility', 'Lift(s)', 'Maintenance Staff', 'Water Storage', 'Park', 'Visitor Parking']",sector 85
"['Security / Fire Alarm', 'Feng Shui / Vaastu Compliant', 'Intercom Facility', 'Lift(s)', 'Centrally Air Conditioned', 'Water purifier', 'Maintenance Staff', 'False Ceiling Lighting', 'Recently Renovated', 'Visitor Parking', 'Park', 'Natural Light', 'Internet/wi-fi connectivity', 'Airy Rooms', 'Spacious Interiors']",sector 67
"['Lift(s)', 'High Ceiling Height', 'False Ceiling Lighting', 'Water Storage', 'No open drainage around', 'Visitor Parking', 'Security Personnel', 'Natural Light', 'Internet/wi-fi connectivity', 'Airy Rooms', 'Spacious Interiors']",sector 109
"['Intercom Facility', 'Lift(s)', 'Swimming Pool', 'Park', 'Club house / Community Center', 'Fitness Centre / GYM', 'Shopping Centre']",sector 108
,sector 65
"['Lift(s)', 'Water Storage']",sector 37c
"['Water purifier', 'Security / Fire Alarm', 'Power Back-up', 'Private Garden / Terrace', 'Intercom Facility', 'Lift(s)', 'High Ceiling Height', 'Maintenance Staff', 'False Ceiling Lighting', 'Water Storage', 'Separate entry for servant room', 'No open drainage around', 'Piped-gas', 'Visitor Parking', 'Swimming Pool', 'Park', 'Security Personnel', 'Natural Light', 'Airy Rooms', 'Spacious Interiors', 'Low Density Society', 'Rain Water Harvesting', 'Shopping Centre', 'Fitness Centre / GYM', 'Club house / Community Center']",sector 66
"['Security / Fire Alarm', 'Feng Shui / Vaastu Compliant', 'Intercom Facility', 'Lift(s)', 'Maintenance Staff', 'False Ceiling Lighting', 'Water Storage', 'No open drainage around', 'Piped-gas', 'Visitor Parking', 'Swimming Pool', 'Park', 'Shopping Centre', 'Fitness Centre / GYM', 'Waste Disposal', 'Rain Water Harvesting', 'Water softening plant']",sector 81
"['Lift(s)', 'Park']",sector 22
['Visitor Parking'],sector 95
"['Security / Fire Alarm', 'Feng Shui / Vaastu Compliant', 'Intercom Facility', 'Lift(s)', 'High Ceiling Height', 'Maintenance Staff', 'False Ceiling Lighting', 'Water Storage', 'Separate entry for servant room', 'No open drainage around', 'Piped-gas', 'Visitor Parking', 'Swimming Pool', 'Park', 'Security Personnel', 'Internet/wi-fi connectivity', 'Shopping Centre', 'Fitness Centre / GYM', 'Waste Disposal', 'Rain Water Harvesting', 'Club house / Community Center', 'Water softening plant']",new
"['Security / Fire Alarm', 'Feng Shui / Vaastu Compliant', 'Intercom Facility', 'Lift(s)', 'High Ceiling Height', 'Maintenance Staff', 'Water Storage', 'No open drainage around', 'Visitor Parking', 'Swimming Pool', 'Park', 'Security Personnel', 'Internet/wi-fi connectivity', 'Airy Rooms', 'Spacious Interiors', 'Shopping Centre', 'Fitness Centre / GYM', 'Waste Disposal', 'Rain Water Harvesting', 'Club house / Community Center', 'Water softening plant']",sector 79
,sector 112
"['Feng Shui / Vaastu Compliant', 'Security / Fire Alarm', 'Intercom Facility', 'Lift(s)', 'Maintenance Staff', 'Water Storage', 'Park', 'Visitor Parking']",sector 50
"['Feng Shui / Vaastu Compliant', 'Private Garden / Terrace', 'Maintenance Staff', 'Water Storage', 'Park', 'Visitor Parking', 'Waste Disposal', 'Rain Water Harvesting']",sector 79
"['Private Garden / Terrace', 'Lift(s)', 'Maintenance Staff', 'No open drainage around', 'Bank Attached Property', 'Piped-gas', 'Swimming Pool', 'Park', 'Natural Light', 'Airy Rooms', 'Spacious Interiors', 'Shopping Centre', 'Fitness Centre / GYM', 'Waste Disposal', 'Rain Water Harvesting', 'Club house / Community Center']",sector 37d
"['Intercom Facility', 'Lift(s)', 'Maintenance Staff', 'Water Storage', 'Visitor Parking', 'Park', 'Security Personnel', 'Natural Light', 'Airy Rooms', 'Shopping Centre', 'Rain Water Harvesting', 'Club house / Community Center', 'Water softening plant']",sector 70
"['Feng Shui / Vaastu Compliant', 'Security / Fire Alarm', 'Intercom Facility', 'Lift(s)', 'Maintenance Staff', 'Water Storage', 'Park', 'Visitor Parking']",sector 49
"['Security / Fire Alarm', 'Feng Shui / Vaastu Compliant', 'Intercom Facility', 'Lift(s)', 'Maintenance Staff', 'Water Storage', 'Separate entry for servant room', 'Visitor Parking', 'Swimming Pool', 'Park', 'Security Personnel', 'Fitness Centre / GYM', 'Waste Disposal', 'Club house / Community Center', 'Water softening plant']",sohna road
"['Power Back-up', 'Intercom Facility', 'Lift(s)', 'Swimming Pool', 'Park', 'Shopping Centre', 'Fitness Centre / GYM', 'Club house / Community Center', 'Rain Water Harvesting']",sector 70a
"['Feng Shui / Vaastu Compliant', 'Security / Fire Alarm', 'Intercom Facility', 'Lift(s)', 'Maintenance Staff', 'Water Storage', 'Park', 'Visitor Parking']",sector 85
"['Security / Fire Alarm', 'Intercom Facility', 'Lift(s)', 'High Ceiling Height', 'Maintenance Staff', 'Water Storage', 'Separate entry for servant room', 'Piped-gas', 'Swimming Pool', 'Park', 'Internet/wi-fi connectivity', 'Shopping Centre', 'Fitness Centre / GYM', 'Waste Disposal', 'Rain Water Harvesting', 'Water softening plant']",sohna road
,sector 113
"['Security / Fire Alarm', 'Intercom Facility', 'Lift(s)', 'Maintenance Staff', 'Water Storage', 'Park', 'Visitor Parking']",sector 43
"['High Ceiling Height', 'Maintenance Staff', 'Swimming Pool', 'Separate entry for servant room', 'Visitor Parking', 'Fitness Centre / GYM', 'Rain Water Harvesting']",sector 90
"['Private Garden / Terrace', 'High Ceiling Height', 'Maintenance Staff', 'False Ceiling Lighting', 'Water Storage', 'Separate entry for servant room', 'No open drainage around', 'Visitor Parking', 'Internet/wi-fi connectivity', 'Low Density Society', 'Fitness Centre / GYM', 'Waste Disposal', 'Rain Water Harvesting']",sector 107
"['Security / Fire Alarm', 'Intercom Facility', 'Maintenance Staff', 'Water Storage', 'Security Personnel', 'Natural Light', 'Airy Rooms', 'Spacious Interiors', 'Low Density Society']",sector 33
"['Feng Shui / Vaastu Compliant', 'Private Garden / Terrace', 'Maintenance Staff', 'Water Storage', 'Park', 'Visitor Parking', 'Waste Disposal', 'Rain Water Harvesting']",sector 85
"['Centrally Air Conditioned', 'Water purifier', 'Security / Fire Alarm', 'Feng Shui / Vaastu Compliant', 'Private Garden / Terrace', 'High Ceiling Height', 'Maintenance Staff', 'False Ceiling Lighting', 'Water Storage', 'Separate entry for servant room', 'No open drainage around', 'Piped-gas', 'Internet/wi-fi connectivity', 'Recently Renovated', 'Visitor Parking', 'Swimming Pool', 'Park', 'Security Personnel', 'Natural Light', 'Airy Rooms', 'Spacious Interiors', 'Low Density Society', 'Waste Disposal', 'Rain Water Harvesting', 'Fitness Centre / GYM', 'Club house / Community Center']",sector 70
"['Water purifier', 'Security / Fire Alarm', 'Feng Shui / Vaastu Compliant', 'Private Garden / Terrace', 'Intercom Facility', 'Lift(s)', 'High Ceiling Height', 'Maintenance Staff', 'False Ceiling Lighting', 'Water Storage', 'No open drainage around', 'Bank Attached Property', 'Piped-gas', 'Internet/wi-fi connectivity', 'Recently Renovated', 'Visitor Parking', 'Swimming Pool', 'Park', 'Security Personnel', 'Natural Light', 'Airy Rooms', 'Spacious Interiors', 'Low Density Society', 'Waste Disposal', 'Rain Water Harvesting', 'Water softening plant', 'Shopping Centre', 'Fitness Centre / GYM', 'Club house / Community Center']",sector 26
"['Feng Shui / Vaastu Compliant', 'Maintenance Staff', 'Water Storage', 'Park', 'Visitor Parking', 'Waste Disposal', 'Rain Water Harvesting']",sector 33
"['Intercom Facility', 'Lift(s)', 'Swimming Pool', 'Water Storage', 'Park', 'Shopping Centre', 'Fitness Centre / GYM', 'Club house / Community Center', 'Rain Water Harvesting']",sector 113
"['Feng Shui / Vaastu Compliant', 'Security / Fire Alarm', 'Intercom Facility', 'Lift(s)', 'Maintenance Staff', 'Water Storage', 'Park', 'Visitor Parking']",sohna road
"['Feng Shui / Vaastu Compliant', 'Security / Fire Alarm', 'Maintenance Staff', 'Water Storage', 'Visitor Parking']",sector 69
"['Piped-gas', 'Security Personnel', 'Shopping Centre', 'Club house / Community Center', 'Rain Water Harvesting']",sector 71
,sector 90
"['Security / Fire Alarm', 'Feng Shui / Vaastu Compliant', 'Intercom Facility', 'Lift(s)', 'High Ceiling Height', 'Maintenance Staff', 'Water Storage', 'Separate entry for servant room', 'No open drainage around', 'Piped-gas', 'Visitor Parking', 'Swimming Pool', 'Park', 'Internet/wi-fi connectivity', 'Shopping Centre', 'Fitness Centre / GYM', 'Waste Disposal', 'Rain Water Harvesting', 'Club house / Community Center']",sector 49
"['Security / Fire Alarm', 'Private Garden / Terrace', 'Lift(s)', 'High Ceiling Height', 'Maintenance Staff', 'Water Storage', 'No open drainage around', 'Visitor Parking', 'Park', 'Security Personnel', 'Natural Light', 'Airy Rooms', 'Spacious Interiors', 'Low Density Society', 'Shopping Centre', 'Waste Disposal', 'Rain Water Harvesting', 'Club house / Community Center']",sector 85
,sector 105
"['Security / Fire Alarm', 'Intercom Facility', 'Lift(s)', 'Maintenance Staff', 'Water Storage', 'Park', 'Visitor Parking']",sector 104
"['Power Back-up', 'Intercom Facility', 'Lift(s)', 'High Ceiling Height', 'Maintenance Staff', 'Separate entry for servant room', 'No open drainage around', 'Visitor Parking', 'Swimming Pool', 'Park', 'Internet/wi-fi connectivity', 'Shopping Centre', 'Fitness Centre / GYM', 'Waste Disposal', 'Rain Water Harvesting', 'Club house / Community Center', 'Water softening plant']",sector 25
"['Security / Fire Alarm', 'Maintenance Staff', 'Water Storage', 'Visitor Parking']",sector 95
"['Lift(s)', 'Maintenance Staff', 'Park', 'Visitor Parking']",sector 107
"['Centrally Air Conditioned', 'Water purifier', 'Security / Fire Alarm', 'Feng Shui / Vaastu Compliant', 'Private Garden / Terrace', 'Intercom Facility', 'Lift(s)', 'High Ceiling Height', 'Maintenance Staff', 'False Ceiling Lighting', 'Water Storage', 'Separate entry for servant room', 'No open drainage around', 'Bank Attached Property', 'Piped-gas', 'Internet/wi-fi connectivity', 'Recently Renovated', 'Visitor Parking', 'Swimming Pool', 'Park', 'Security Personnel', 'Natural Light', 'Airy Rooms', 'Spacious Interiors', 'Low Density Society', 'Waste Disposal', 'Rain Water Harvesting', 'Water softening plant', 'Shopping Centre', 'Fitness Centre / GYM', 'Club house / Community Center']",sector 69
"['Security / Fire Alarm', 'Feng Shui / Vaastu Compliant', 'Intercom Facility', 'Lift(s)', 'Water purifier', 'High Ceiling Height', 'Maintenance Staff', 'Water Storage', 'Separate entry for servant room', 'No open drainage around', 'Bank Attached Property', 'Piped-gas', 'Visitor Parking', 'Park', 'Security Personnel', 'Natural Light', 'Internet/wi-fi connectivity', 'Airy Rooms', 'Spacious Interiors', 'Low Density Society', 'Shopping Centre', 'Waste Disposal', 'Rain Water Harvesting', 'Water softening plant']",sector 79
"['Security / Fire Alarm', 'Private Garden / Terrace', 'Intercom Facility', 'Lift(s)', 'Maintenance Staff', 'False Ceiling Lighting', 'Water Storage', 'No open drainage around', 'Visitor Parking', 'Swimming Pool', 'Park', 'Security Personnel', 'Natural Light', 'Internet/wi-fi connectivity', 'Airy Rooms', 'Spacious Interiors', 'Shopping Centre', 'Fitness Centre / GYM', 'Waste Disposal', 'Rain Water Harvesting', 'Club house / Community Center']",sector 46
"['Feng Shui / Vaastu Compliant', 'Security / Fire Alarm', 'Intercom Facility', 'Lift(s)', 'Maintenance Staff', 'Water Storage', 'Park', 'Visitor Parking']",sector 81
"['Centrally Air Conditioned', 'Water purifier', 'Security / Fire Alarm', 'Feng Shui / Vaastu Compliant', 'Private Garden / Terrace', 'Intercom Facility', 'Lift(s)', 'High Ceiling Height', 'Maintenance Staff', 'Water Storage', 'Separate entry for servant room', 'No open drainage around', 'Bank Attached Property', 'Piped-gas', 'Internet/wi-fi connectivity', 'Recently Renovated', 'Visitor Parking', 'Swimming Pool', 'Park', 'Security Personnel', 'Natural Light', 'Airy Rooms', 'Low Density Society', 'Waste Disposal', 'Rain Water Harvesting', 'Water softening plant', 'Shopping Centre', 'Fitness Centre / GYM', 'Club house / Community Center']",sector 23
"['Feng Shui / Vaastu Compliant', 'Security / Fire Alarm', 'Intercom Facility', 'Lift(s)', 'Maintenance Staff', 'Park', 'Visitor Parking']",sector 69
"['Centrally Air Conditioned', 'Water purifier', 'Security / Fire Alarm', 'Feng Shui / Vaastu Compliant', 'Private Garden / Terrace', 'Intercom Facility', 'Lift(s)', 'High Ceiling Height', 'Maintenance Staff', 'False Ceiling Lighting', 'Water Storage', 'Separate entry for servant room', 'No open drainage around', 'Bank Attached Property', 'Piped-gas', 'Internet/wi-fi connectivity', 'Recently Renovated', 'Visitor Parking', 'Swimming Pool', 'Park', 'Security Personnel', 'Natural Light', 'Airy Rooms', 'Spacious Interiors', 'Low Density Society', 'Waste Disposal', 'Rain Water Harvesting', 'Water softening plant', 'Shopping Centre', 'Fitness Centre / GYM', 'Club house / Community Center']",sector 68
"['Security / Fire Alarm', 'Power Back-up', 'Private Garden / Terrace', 'Lift(s)', 'Water purifier', 'High Ceiling Height', 'Maintenance Staff', 'Water Storage', 'No open drainage around', 'Bank Attached Property', 'Visitor Parking', 'Swimming Pool', 'Park', 'Security Personnel', 'Natural Light', 'Airy Rooms', 'Shopping Centre', 'Fitness Centre / GYM', 'Waste Disposal', 'Rain Water Harvesting', 'Club house / Community Center']",sector 78
"['Feng Shui / Vaastu Compliant', 'Intercom Facility', 'Lift(s)', 'Maintenance Staff', 'Swimming Pool', 'Park', 'Security Personnel', 'Internet/wi-fi connectivity', 'Fitness Centre / GYM', 'Club house / Community Center', 'Rain Water Harvesting', 'Water softening plant']",sector 82
"['Feng Shui / Vaastu Compliant', 'Security / Fire Alarm', 'Intercom Facility', 'Lift(s)', 'Maintenance Staff', 'Water Storage', 'Park', 'Visitor Parking']",sector 50
"['Feng Shui / Vaastu Compliant', 'Maintenance Staff', 'Water Storage', 'Park', 'Visitor Parking', 'Waste Disposal', 'Rain Water Harvesting']",sector 36a
"['Intercom Facility', 'Lift(s)', 'High Ceiling Height', 'Maintenance Staff', 'False Ceiling Lighting', 'No open drainage around', 'Piped-gas', 'Swimming Pool', 'Park', 'Security Personnel', 'Internet/wi-fi connectivity', 'Shopping Centre', 'Fitness Centre / GYM', 'Waste Disposal', 'Rain Water Harvesting', 'Club house / Community Center', 'Water softening plant']",sector 28
"['Feng Shui / Vaastu Compliant', 'Private Garden / Terrace', 'High Ceiling Height', 'Maintenance Staff', 'False Ceiling Lighting', 'Water Storage', 'No open drainage around', 'Visitor Parking', 'Security Personnel', 'Low Density Society', 'Waste Disposal', 'Rain Water Harvesting']",sector 79
"['Feng Shui / Vaastu Compliant', 'Maintenance Staff', 'Water Storage', 'No open drainage around', 'Park', 'Visitor Parking', 'Security Personnel', 'Waste Disposal', 'Club house / Community Center', 'Rain Water Harvesting']",sector 37d
"['Water purifier', 'Security / Fire Alarm', 'Feng Shui / Vaastu Compliant', 'Private Garden / Terrace', 'Intercom Facility', 'Lift(s)', 'High Ceiling Height', 'Maintenance Staff', 'False Ceiling Lighting', 'Water Storage', 'Separate entry for servant room', 'No open drainage around', 'Bank Attached Property', 'Piped-gas', 'Internet/wi-fi connectivity', 'Recently Renovated', 'Swimming Pool', 'Park', 'Security Personnel', 'Natural Light', 'Airy Rooms', 'Spacious Interiors', 'Low Density Society', 'Waste Disposal', 'Rain Water Harvesting', 'Water softening plant', 'Shopping Centre', 'Fitness Centre / GYM', 'Club house / Community Center']",sector 77
"['Water purifier', 'Security / Fire Alarm', 'Power Back-up', 'Feng Shui / Vaastu Compliant', 'Intercom Facility', 'Lift(s)', 'High Ceiling Height', 'Maintenance Staff', 'Water Storage', 'Separate entry for servant room', 'No open drainage around', 'Bank Attached Property', 'Piped-gas', 'Internet/wi-fi connectivity', 'Visitor Parking', 'Park', 'Security Personnel', 'Natural Light', 'Airy Rooms', 'Spacious Interiors', 'Low Density Society', 'Waste Disposal', 'Rain Water Harvesting', 'Water softening plant', 'Shopping Centre']",sector 79
"['Security / Fire Alarm', 'Feng Shui / Vaastu Compliant', 'Private Garden / Terrace', 'Water purifier', 'High Ceiling Height', 'Maintenance Staff', 'Water Storage', 'Separate entry for servant room', 'No open drainage around', 'Recently Renovated', 'Piped-gas', 'Visitor Parking', 'Swimming Pool', 'Park', 'Security Personnel', 'Natural Light', 'Internet/wi-fi connectivity', 'Airy Rooms', 'Spacious Interiors', 'Low Density Society', 'Fitness Centre / GYM', 'Waste Disposal', 'Rain Water Harvesting', 'Club house / Community Center']",sector 92
"['Water purifier', 'Power Back-up', 'Feng Shui / Vaastu Compliant', 'Private Garden / Terrace', 'Intercom Facility', 'Lift(s)', 'High Ceiling Height', 'Maintenance Staff', 'False Ceiling Lighting', 'Water Storage', 'Separate entry for servant room', 'No open drainage around', 'Bank Attached Property', 'Piped-gas', 'Internet/wi-fi connectivity', 'Recently Renovated', 'Visitor Parking', 'Swimming Pool', 'Park', 'Natural Light', 'Airy Rooms', 'Spacious Interiors', 'Waste Disposal', 'Rain Water Harvesting', 'Water softening plant', 'Shopping Centre', 'Fitness Centre / GYM', 'Club house / Community Center']",sector 104
"['Feng Shui / Vaastu Compliant', 'Security / Fire Alarm', 'Intercom Facility', 'Lift(s)', 'Maintenance Staff', 'Water Storage', 'Park', 'Visitor Parking']",manesar
"['Centrally Air Conditioned', 'Water purifier', 'Security / Fire Alarm', 'Feng Shui / Vaastu Compliant', 'Intercom Facility', 'Lift(s)', 'High Ceiling Height', 'Maintenance Staff', 'Water Storage', 'Separate entry for servant room', 'No open drainage around', 'Bank Attached Property', 'Piped-gas', 'Internet/wi-fi connectivity', 'Recently Renovated', 'Visitor Parking', 'Swimming Pool', 'Park', 'Security Personnel', 'Natural Light', 'Airy Rooms', 'Low Density Society', 'Waste Disposal', 'Rain Water Harvesting', 'Water softening plant', 'Shopping Centre', 'Fitness Centre / GYM', 'Club house / Community Center']",gwal pahari
,sector 72
"['Private Garden / Terrace', 'High Ceiling Height', 'False Ceiling Lighting', 'Water Storage', 'Separate entry for servant room', 'No open drainage around', 'Visitor Parking', 'Natural Light', 'Internet/wi-fi connectivity', 'Airy Rooms', 'Rain Water Harvesting']",sector 54
"['Water purifier', 'Security / Fire Alarm', 'Power Back-up', 'Feng Shui / Vaastu Compliant', 'Private Garden / Terrace', 'Intercom Facility', 'Lift(s)', 'High Ceiling Height', 'Maintenance Staff', 'False Ceiling Lighting', 'Water Storage', 'No open drainage around', 'Bank Attached Property', 'Piped-gas', 'Internet/wi-fi connectivity', 'Recently Renovated', 'Visitor Parking', 'Swimming Pool', 'Park', 'Security Personnel', 'Natural Light', 'Airy Rooms', 'Spacious Interiors', 'Low Density Society', 'Waste Disposal', 'Rain Water Harvesting', 'Water softening plant', 'Shopping Centre', 'Fitness Centre / GYM', 'Club house / Community Center']",sector 50
,sector 81
"['Feng Shui / Vaastu Compliant', 'Security / Fire Alarm', 'Intercom Facility', 'Lift(s)', 'Maintenance Staff', 'Water Storage', 'Park', 'Visitor Parking']",sector 113
"['Maintenance Staff', 'Water Storage', 'Park']",sector 4
"['Power Back-up', 'Feng Shui / Vaastu Compliant', 'Intercom Facility', 'Lift(s)', 'Maintenance Staff', 'Piped-gas', 'Visitor Parking', 'Swimming Pool', 'Park', 'Security Personnel', 'Natural Light', 'Airy Rooms', 'Low Density Society', 'Fitness Centre / GYM', 'Waste Disposal', 'Rain Water Harvesting', 'Club house / Community Center']",sector 79
,sector 89
"['Water purifier', 'Centrally Air Conditioned', 'Security / Fire Alarm', 'Feng Shui / Vaastu Compliant', 'Private Garden / Terrace', 'Intercom Facility', 'Lift(s)', 'High Ceiling Height', 'Maintenance Staff', 'False Ceiling Lighting', 'Water Storage', 'Separate entry for servant room', 'No open drainage around', 'Bank Attached Property', 'Piped-gas', 'Internet/wi-fi connectivity', 'Recently Renovated', 'Visitor Parking', 'Swimming Pool', 'Park', 'Natural Light', 'Airy Rooms', 'Spacious Interiors', 'Low Density Society', 'Waste Disposal', 'Rain Water Harvesting', 'Water softening plant', 'Shopping Centre', 'Fitness Centre / GYM', 'Club house / Community Center']",sector 66
,sector 4
"['Maintenance Staff', 'Water Storage', 'Visitor Parking', 'Waste Disposal', 'Rain Water Harvesting']",sector 102
"['Feng Shui / Vaastu Compliant', 'Intercom Facility', 'Lift(s)', 'No open drainage around', 'Swimming Pool', 'Park', 'Security Personnel', 'Natural Light', 'Airy Rooms', 'Shopping Centre', 'Fitness Centre / GYM', 'Rain Water Harvesting', 'Club house / Community Center']",sector 70a
"['Security / Fire Alarm', 'Intercom Facility', 'Lift(s)', 'Maintenance Staff', 'Water Storage', 'Park', 'Visitor Parking']",sector 85
"['Park', 'Visitor Parking', 'Low Density Society']",sector 92
"['Feng Shui / Vaastu Compliant', 'Security / Fire Alarm', 'Intercom Facility', 'Lift(s)', 'Swimming Pool', 'Maintenance Staff', 'Water Storage', 'Park', 'Visitor Parking', 'Fitness Centre / GYM', 'Club house / Community Center']",sector 2
"['High Ceiling Height', 'False Ceiling Lighting', 'No open drainage around', 'Security Personnel', 'Natural Light', 'Spacious Interiors', 'Waste Disposal', 'Rain Water Harvesting']",sector 89
"['Security / Fire Alarm', 'Power Back-up', 'Feng Shui / Vaastu Compliant', 'Intercom Facility', 'Lift(s)', 'Water purifier', 'High Ceiling Height', 'Maintenance Staff', 'False Ceiling Lighting', 'Water Storage', 'Separate entry for servant room', 'Piped-gas', 'Visitor Parking', 'Swimming Pool', 'Park', 'Security Personnel', 'Natural Light', 'Internet/wi-fi connectivity', 'Shopping Centre', 'Fitness Centre / GYM', 'Rain Water Harvesting', 'Club house / Community Center', 'Water softening plant']",sector 7
"['Piped-gas', 'Natural Light']",sector 26
"['Power Back-up', 'Intercom Facility', 'Lift(s)', 'Swimming Pool', 'Maintenance Staff', 'Park', 'Visitor Parking', 'Security Personnel', 'Shopping Centre', 'Fitness Centre / GYM', 'Club house / Community Center']",sector 72
"['Feng Shui / Vaastu Compliant', 'Security / Fire Alarm', 'Intercom Facility', 'Lift(s)', 'Maintenance Staff', 'Water Storage', 'Park', 'Visitor Parking']",sector 70a
"['Security / Fire Alarm', 'Power Back-up', 'Feng Shui / Vaastu Compliant', 'Intercom Facility', 'Lift(s)', 'Maintenance Staff', 'Water Storage', 'Visitor Parking', 'Swimming Pool', 'Park', 'Low Density Society', 'Shopping Centre', 'Fitness Centre / GYM', 'Rain Water Harvesting', 'Club house / Community Center', 'Water softening plant']",sector 78
['Park'],sector 49
"['Security / Fire Alarm', 'Feng Shui / Vaastu Compliant', 'Private Garden / Terrace', 'False Ceiling Lighting', 'Separate entry for servant room', 'No open drainage around', 'Bank Attached Property', 'Park', 'Security Personnel', 'Natural Light', 'Airy Rooms', 'Spacious Interiors', 'Low Density Society', 'Rain Water Harvesting', 'Club house / Community Center']",sector 85
['Visitor Parking'],sector 81
"['Security / Fire Alarm', 'Lift(s)', 'Maintenance Staff', 'Park', 'Visitor Parking']",sector 47
"['Feng Shui / Vaastu Compliant', 'Private Garden / Terrace', 'High Ceiling Height', 'Water Storage']",sector 95
"['Feng Shui / Vaastu Compliant', 'Private Garden / Terrace', 'Maintenance Staff', 'Park', 'Visitor Parking', 'Waste Disposal', 'Rain Water Harvesting']",sector 12
"['Lift(s)', 'Swimming Pool', 'Park', 'Club house / Community Center', 'Fitness Centre / GYM']",new
"['Security / Fire Alarm', 'Feng Shui / Vaastu Compliant', 'Intercom Facility', 'Lift(s)', 'Maintenance Staff', 'Water Storage', 'Piped-gas', 'Visitor Parking', 'Swimming Pool', 'Park', 'Shopping Centre', 'Fitness Centre / GYM', 'Rain Water Harvesting', 'Club house / Community Center']",sector 102
"['Feng Shui / Vaastu Compliant', 'Security / Fire Alarm', 'Intercom Facility', 'Lift(s)', 'Maintenance Staff', 'Water Storage', 'Park', 'Visitor Parking']",sector 89
['Private Garden / Terrace'],sector 26
"['Feng Shui / Vaastu Compliant', 'Security / Fire Alarm', 'Intercom Facility', 'Lift(s)', 'Maintenance Staff', 'Water Storage', 'Park', 'Visitor Parking']",sector 69
"['False Ceiling Lighting', 'Park', 'Low Density Society']",sector 43
"['Power Back-up', 'Feng Shui / Vaastu Compliant', 'Private Garden / Terrace', 'Intercom Facility', 'Lift(s)', 'High Ceiling Height', 'False Ceiling Lighting', 'Separate entry for servant room', 'No open drainage around', 'Piped-gas', 'Internet/wi-fi connectivity', 'Recently Renovated', 'Swimming Pool', 'Park', 'Security Personnel', 'Natural Light', 'Airy Rooms', 'Spacious Interiors', 'Low Density Society', 'Waste Disposal', 'Rain Water Harvesting', 'Water softening plant', 'Shopping Centre', 'Fitness Centre / GYM', 'Club house / Community Center']",sector 113
"['Lift(s)', 'Park']",sector 84
"['Feng Shui / Vaastu Compliant', 'Security / Fire Alarm', 'Intercom Facility', 'Lift(s)', 'Maintenance Staff', 'Water Storage', 'Park', 'Visitor Parking']",sector 108
,sector 85
,sector 89
"['Feng Shui / Vaastu Compliant', 'Intercom Facility', 'Lift(s)', 'Park', 'Natural Light', 'Airy Rooms', 'Spacious Interiors']",sector 33
['Park'],sector 57
"['Water purifier', 'Security / Fire Alarm', 'Feng Shui / Vaastu Compliant', 'Intercom Facility', 'Lift(s)', 'High Ceiling Height', 'Maintenance Staff', 'Water Storage', 'Separate entry for servant room', 'No open drainage around', 'Bank Attached Property', 'Piped-gas', 'Internet/wi-fi connectivity', 'Visitor Parking', 'Swimming Pool', 'Park', 'Security Personnel', 'Natural Light', 'Airy Rooms', 'Spacious Interiors', 'Low Density Society', 'Waste Disposal', 'Rain Water Harvesting', 'Water softening plant', 'Shopping Centre', 'Fitness Centre / GYM', 'Club house / Community Center']",sector 48
"['Feng Shui / Vaastu Compliant', 'Security / Fire Alarm', 'Intercom Facility', 'Lift(s)', 'Maintenance Staff', 'Water Storage', 'Park', 'Visitor Parking']",sector 85
"['Maintenance Staff', 'Water Storage', 'Visitor Parking']",sohna road
,sector 67
"['Lift(s)', 'Centrally Air Conditioned', 'Water purifier', 'High Ceiling Height', 'Separate entry for servant room', 'Piped-gas', 'Swimming Pool', 'Park', 'Security Personnel', 'Shopping Centre', 'Fitness Centre / GYM', 'Club house / Community Center', 'Water softening plant']",sector 86
"['Feng Shui / Vaastu Compliant', 'Private Garden / Terrace', 'Water purifier', 'High Ceiling Height', 'Water Storage', 'Separate entry for servant room', 'No open drainage around', 'Recently Renovated', 'Visitor Parking', 'Security Personnel', 'Natural Light', 'Internet/wi-fi connectivity', 'Airy Rooms', 'Spacious Interiors', 'Low Density Society', 'Waste Disposal', 'Rain Water Harvesting']",sector 107
,sector 95
,sector 37d
,sector 49
,sector 93
"['Water Storage', 'Park', 'Visitor Parking', 'Waste Disposal']",sector 12
"['Security / Fire Alarm', 'Power Back-up', 'Intercom Facility', 'Lift(s)', 'Piped-gas', 'Swimming Pool', 'Park', 'Security Personnel', 'Internet/wi-fi connectivity', 'Low Density Society', 'Shopping Centre', 'Fitness Centre / GYM', 'Rain Water Harvesting', 'Club house / Community Center', 'Water softening plant']",sector 107
,manesar
"['Feng Shui / Vaastu Compliant', 'Private Garden / Terrace', 'Maintenance Staff', 'Water Storage', 'Visitor Parking', 'Waste Disposal', 'Rain Water Harvesting']",sector 112
,sector 74
"['Private Garden / Terrace', 'Maintenance Staff', 'Visitor Parking']",sector 78
"['Security / Fire Alarm', 'Power Back-up', 'Feng Shui / Vaastu Compliant', 'Intercom Facility', 'Lift(s)', 'High Ceiling Height', 'Maintenance Staff', 'False Ceiling Lighting', 'Water Storage', 'Separate entry for servant room', 'No open drainage around', 'Recently Renovated', 'Piped-gas', 'Visitor Parking', 'Swimming Pool', 'Park', 'Natural Light', 'Internet/wi-fi connectivity', 'Airy Rooms', 'Shopping Centre', 'Fitness Centre / GYM', 'Rain Water Harvesting', 'Club house / Community Center', 'Water softening plant']",sector 61
['Visitor Parking'],sector 99
"['Security / Fire Alarm', 'Feng Shui / Vaastu Compliant', 'Private Garden / Terrace', 'Intercom Facility', 'Lift(s)', 'High Ceiling Height', 'Maintenance Staff', 'Water Storage', 'Separate entry for servant room', 'No open drainage around', 'Piped-gas', 'Recently Renovated', 'Visitor Parking', 'Swimming Pool', 'Park', 'Security Personnel', 'Natural Light', 'Airy Rooms', 'Spacious Interiors', 'Low Density Society', 'Waste Disposal', 'Rain Water Harvesting', 'Water softening plant', 'Shopping Centre', 'Fitness Centre / GYM', 'Club house / Community Center']",sector 70a
"['Centrally Air Conditioned', 'Water purifier', 'Security / Fire Alarm', 'Feng Shui / Vaastu Compliant', 'Private Garden / Terrace', 'Intercom Facility', 'Lift(s)', 'High Ceiling Height', 'Maintenance Staff', 'False Ceiling Lighting', 'Water Storage', 'Separate entry for servant room', 'No open drainage around', 'Bank Attached Property', 'Piped-gas', 'Internet/wi-fi connectivity', 'Recently Renovated', 'Visitor Parking', 'Swimming Pool', 'Park', 'Security Personnel', 'Natural Light', 'Airy Rooms', 'Spacious Interiors', 'Low Density Society', 'Waste Disposal', 'Rain Water Harvesting', 'Water softening plant', 'Shopping Centre', 'Fitness Centre / GYM', 'Club house / Community Center']",sector 85
"['Power Back-up', 'Lift(s)', 'Swimming Pool', 'Park', 'Fitness Centre / GYM', 'Club house / Community Center']",sector 37c
"['Feng Shui / Vaastu Compliant', 'Private Garden / Terrace', 'High Ceiling Height', 'Maintenance Staff', 'False Ceiling Lighting', 'Water Storage', 'Separate entry for servant room', 'No open drainage around', 'Bank Attached Property', 'Piped-gas', 'Visitor Parking', 'Swimming Pool', 'Park', 'Security Personnel', 'Internet/wi-fi connectivity', 'Low Density Society', 'Fitness Centre / GYM', 'Waste Disposal', 'Rain Water Harvesting', 'Club house / Community Center']",sector 106
"['Security / Fire Alarm', 'Power Back-up', 'Feng Shui / Vaastu Compliant', 'Private Garden / Terrace', 'Intercom Facility', 'Lift(s)', 'High Ceiling Height', 'Maintenance Staff', 'False Ceiling Lighting', 'Water Storage', 'Separate entry for servant room', 'No open drainage around', 'Bank Attached Property', 'Piped-gas', 'Internet/wi-fi connectivity', 'Recently Renovated', 'Visitor Parking', 'Swimming Pool', 'Park', 'Security Personnel', 'Natural Light', 'Airy Rooms', 'Spacious Interiors', 'Low Density Society', 'Waste Disposal', 'Rain Water Harvesting', 'Water softening plant', 'Shopping Centre', 'Fitness Centre / GYM', 'Club house / Community Center']",sector 108
"['Feng Shui / Vaastu Compliant', 'Intercom Facility', 'Lift(s)', 'Maintenance Staff', 'Swimming Pool', 'Park', 'Security Personnel', 'Fitness Centre / GYM', 'Club house / Community Center', 'Rain Water Harvesting']",sector 91
"['Intercom Facility', 'Lift(s)', 'Water Storage', 'Park', 'Visitor Parking', 'Security Personnel', 'Fitness Centre / GYM', 'Club house / Community Center']",sector 72
"['Feng Shui / Vaastu Compliant', 'Lift(s)', 'Swimming Pool', 'Internet/wi-fi connectivity', 'Shopping Centre', 'Fitness Centre / GYM', 'Club house / Community Center']",sector 108
,sector 37c
"['Lift(s)', 'Water Storage']",sector 84
"['Maintenance Staff', 'Water Storage', 'Visitor Parking', 'Rain Water Harvesting']",sector 95
"['Feng Shui / Vaastu Compliant', 'Maintenance Staff', 'Water Storage', 'Visitor Parking', 'Waste Disposal']",dwarka expressway
,sector 57
"['Security / Fire Alarm', 'Lift(s)', 'Maintenance Staff', 'Water Storage', 'Park', 'Visitor Parking']",sector 63
"['Security / Fire Alarm', 'Feng Shui / Vaastu Compliant', 'Intercom Facility', 'Lift(s)', 'Maintenance Staff', 'Water Storage', 'Piped-gas', 'Visitor Parking', 'Swimming Pool', 'Park', 'Security Personnel', 'Shopping Centre', 'Fitness Centre / GYM', 'Waste Disposal', 'Rain Water Harvesting', 'Club house / Community Center', 'Water softening plant']",sector 43
"['Feng Shui / Vaastu Compliant', 'Private Garden / Terrace', 'High Ceiling Height', 'Maintenance Staff', 'False Ceiling Lighting', 'Water Storage', 'Separate entry for servant room', 'Piped-gas', 'Visitor Parking', 'Swimming Pool', 'Park', 'Security Personnel', 'Internet/wi-fi connectivity', 'Fitness Centre / GYM', 'Waste Disposal', 'Rain Water Harvesting', 'Club house / Community Center']",sector 25
,sector 66
"['No open drainage around', 'Piped-gas', 'Visitor Parking', 'Swimming Pool', 'Park', 'Security Personnel', 'Natural Light', 'Airy Rooms', 'Spacious Interiors', 'Low Density Society', 'Shopping Centre', 'Fitness Centre / GYM', 'Waste Disposal', 'Rain Water Harvesting', 'Club house / Community Center']",sector 9a
"['Feng Shui / Vaastu Compliant', 'Security / Fire Alarm', 'Intercom Facility', 'Lift(s)', 'Maintenance Staff', 'Water Storage', 'Park', 'Visitor Parking']",sector 65
"['Security / Fire Alarm', 'Feng Shui / Vaastu Compliant', 'Intercom Facility', 'Lift(s)', 'Water purifier', 'Maintenance Staff', 'Water Storage', 'No open drainage around', 'Bank Attached Property', 'Piped-gas', 'Visitor Parking', 'Swimming Pool', 'Park', 'Security Personnel', 'Natural Light', 'Airy Rooms', 'Internet/wi-fi connectivity', 'Spacious Interiors', 'Shopping Centre', 'Fitness Centre / GYM', 'Waste Disposal', 'Rain Water Harvesting', 'Club house / Community Center', 'Water softening plant']",sector 92
,sector 12
"['Feng Shui / Vaastu Compliant', 'Security / Fire Alarm', 'Intercom Facility', 'Lift(s)', 'Maintenance Staff', 'Water Storage', 'Park', 'Visitor Parking']",sector 24
"['Security / Fire Alarm', 'Feng Shui / Vaastu Compliant', 'Lift(s)', 'Centrally Air Conditioned', 'High Ceiling Height', 'Maintenance Staff', 'Water Storage', 'No open drainage around', 'Bank Attached Property', 'Visitor Parking', 'Swimming Pool', 'Park', 'Security Personnel', 'Natural Light', 'Internet/wi-fi connectivity', 'Airy Rooms', 'Low Density Society', 'Fitness Centre / GYM', 'Waste Disposal', 'Rain Water Harvesting', 'Club house / Community Center', 'Water softening plant']",sector 60
"['Lift(s)', 'Park', 'Shopping Centre']",sector 88a
"['Security / Fire Alarm', 'Feng Shui / Vaastu Compliant', 'Intercom Facility', 'Lift(s)', 'Maintenance Staff', 'Water Storage', 'No open drainage around', 'Visitor Parking', 'Swimming Pool', 'Park', 'Security Personnel', 'Internet/wi-fi connectivity', 'Shopping Centre', 'Fitness Centre / GYM', 'Waste Disposal', 'Rain Water Harvesting', 'Club house / Community Center', 'Water softening plant']",sector 57
,sector 79
"['Water purifier', 'Security / Fire Alarm', 'Feng Shui / Vaastu Compliant', 'Private Garden / Terrace', 'Intercom Facility', 'Lift(s)', 'High Ceiling Height', 'Maintenance Staff', 'False Ceiling Lighting', 'Water Storage', 'No open drainage around', 'Bank Attached Property', 'Piped-gas', 'Internet/wi-fi connectivity', 'Recently Renovated', 'Visitor Parking', 'Swimming Pool', 'Park', 'Security Personnel', 'Natural Light', 'Airy Rooms', 'Spacious Interiors', 'Low Density Society', 'Waste Disposal', 'Rain Water Harvesting', 'Water softening plant', 'Shopping Centre', 'Fitness Centre / GYM', 'Club house / Community Center']",sector 107
"['Feng Shui / Vaastu Compliant', 'Security / Fire Alarm', 'Intercom Facility', 'Lift(s)', 'Maintenance Staff', 'Park', 'Visitor Parking']",sector 102
"['High Ceiling Height', 'False Ceiling Lighting', 'Water Storage', 'No open drainage around', 'Park', 'Recently Renovated', 'Visitor Parking', 'Natural Light']",sector 82
,sector 86
"['Feng Shui / Vaastu Compliant', 'Security / Fire Alarm', 'Intercom Facility', 'Lift(s)', 'Maintenance Staff', 'Park', 'Visitor Parking']",sector 4
"['Power Back-up', 'Security / Fire Alarm', 'Lift(s)', 'Maintenance Staff', 'Water Storage', 'Park', 'Visitor Parking', 'Security Personnel', 'Shopping Centre', 'Club house / Community Center']",sector 74
"['Centrally Air Conditioned', 'Water purifier', 'Security / Fire Alarm', 'Feng Shui / Vaastu Compliant', 'Private Garden / Terrace', 'Intercom Facility', 'Lift(s)', 'High Ceiling Height', 'Maintenance Staff', 'False Ceiling Lighting', 'Water Storage', 'Separate entry for servant room', 'No open drainage around', 'Bank Attached Property', 'Piped-gas', 'Internet/wi-fi connectivity', 'Recently Renovated', 'Visitor Parking', 'Swimming Pool', 'Park', 'Security Personnel', 'Natural Light', 'Airy Rooms', 'Spacious Interiors', 'Low Density Society', 'Waste Disposal', 'Rain Water Harvesting', 'Water softening plant', 'Shopping Centre', 'Fitness Centre / GYM', 'Club house / Community Center']",sector 45
"['Security / Fire Alarm', 'Feng Shui / Vaastu Compliant', 'Intercom Facility', 'Lift(s)', 'Centrally Air Conditioned', 'High Ceiling Height', 'Maintenance Staff', 'Water Storage', 'No open drainage around', 'Recently Renovated', 'Visitor Parking', 'Swimming Pool', 'Park', 'Security Personnel', 'Natural Light', 'Internet/wi-fi connectivity', 'Airy Rooms', 'Low Density Society', 'Shopping Centre', 'Fitness Centre / GYM', 'Waste Disposal', 'Rain Water Harvesting', 'Club house / Community Center', 'Water softening plant']",sector 68
"['Feng Shui / Vaastu Compliant', 'Private Garden / Terrace', 'High Ceiling Height', 'Maintenance Staff', 'False Ceiling Lighting', 'Water Storage', 'Separate entry for servant room', 'No open drainage around', 'Bank Attached Property', 'Piped-gas', 'Visitor Parking', 'Swimming Pool', 'Park', 'Security Personnel', 'Internet/wi-fi connectivity', 'Low Density Society', 'Fitness Centre / GYM', 'Waste Disposal', 'Rain Water Harvesting', 'Club house / Community Center']",sector 70
"['Feng Shui / Vaastu Compliant', 'Security / Fire Alarm', 'Intercom Facility', 'Maintenance Staff', 'Water Storage', 'Park', 'Visitor Parking']",sector 89
"['Security / Fire Alarm', 'Intercom Facility', 'Maintenance Staff', 'Park', 'Visitor Parking', 'Security Personnel', 'Natural Light', 'Airy Rooms', 'Spacious Interiors']",sector 83
"['Security / Fire Alarm', 'Intercom Facility', 'Lift(s)', 'Maintenance Staff', 'Water Storage', 'No open drainage around', 'Piped-gas', 'Visitor Parking', 'Swimming Pool', 'Park', 'Security Personnel', 'Natural Light', 'Internet/wi-fi connectivity', 'Airy Rooms', 'Low Density Society', 'Shopping Centre', 'Fitness Centre / GYM', 'Waste Disposal', 'Rain Water Harvesting', 'Club house / Community Center']",sector 90
"['Power Back-up', 'Intercom Facility', 'Lift(s)', 'Centrally Air Conditioned', 'Water purifier', 'High Ceiling Height', 'Separate entry for servant room', 'No open drainage around', 'Recently Renovated', 'Swimming Pool', 'Park', 'Security Personnel', 'Natural Light', 'Airy Rooms', 'Spacious Interiors', 'Low Density Society', 'Shopping Centre', 'Fitness Centre / GYM', 'Waste Disposal', 'Rain Water Harvesting', 'Club house / Community Center', 'Water softening plant']",sector 90
"['Security / Fire Alarm', 'Power Back-up', 'Feng Shui / Vaastu Compliant', 'Intercom Facility', 'Lift(s)', 'High Ceiling Height', 'Maintenance Staff', 'Separate entry for servant room', 'No open drainage around', 'Piped-gas', 'Visitor Parking', 'Swimming Pool', 'Park', 'Security Personnel', 'Natural Light', 'Airy Rooms', 'Spacious Interiors', 'Low Density Society', 'Shopping Centre', 'Fitness Centre / GYM', 'Waste Disposal', 'Rain Water Harvesting', 'Club house / Community Center', 'Water softening plant']",sector 85
"['Feng Shui / Vaastu Compliant', 'Security / Fire Alarm', 'Intercom Facility', 'Lift(s)', 'Maintenance Staff', 'Water Storage', 'Park', 'Visitor Parking']",sector 51
,sector 79
,sector 77
"['Security / Fire Alarm', 'Feng Shui / Vaastu Compliant', 'Private Garden / Terrace', 'Intercom Facility', 'Lift(s)', 'High Ceiling Height', 'Maintenance Staff', 'Water Storage', 'Separate entry for servant room', 'No open drainage around', 'Bank Attached Property', 'Piped-gas', 'Internet/wi-fi connectivity', 'Recently Renovated', 'Visitor Parking', 'Swimming Pool', 'Park', 'Security Personnel', 'Natural Light', 'Airy Rooms', 'Spacious Interiors', 'Low Density Society', 'Waste Disposal', 'Rain Water Harvesting', 'Water softening plant', 'Shopping Centre', 'Fitness Centre / GYM', 'Club house / Community Center']",sector 86
"['Feng Shui / Vaastu Compliant', 'Private Garden / Terrace', 'High Ceiling Height', 'Maintenance Staff', 'False Ceiling Lighting', 'Water Storage', 'Separate entry for servant room', 'No open drainage around', 'Bank Attached Property', 'Piped-gas', 'Visitor Parking', 'Swimming Pool', 'Park', 'Security Personnel', 'Low Density Society', 'Fitness Centre / GYM', 'Waste Disposal', 'Rain Water Harvesting', 'Club house / Community Center']",sector 92
,sector 61
,sector 82
"['Centrally Air Conditioned', 'Water purifier', 'Security / Fire Alarm', 'Feng Shui / Vaastu Compliant', 'Private Garden / Terrace', 'Intercom Facility', 'Lift(s)', 'High Ceiling Height', 'Maintenance Staff', 'False Ceiling Lighting', 'Water Storage', 'Separate entry for servant room', 'No open drainage around', 'Bank Attached Property', 'Piped-gas', 'Internet/wi-fi connectivity', 'Recently Renovated', 'Visitor Parking', 'Swimming Pool', 'Park', 'Security Personnel', 'Natural Light', 'Airy Rooms', 'Spacious Interiors', 'Low Density Society', 'Waste Disposal', 'Rain Water Harvesting', 'Water softening plant', 'Shopping Centre', 'Fitness Centre / GYM', 'Club house / Community Center']",sector 104
"['Security / Fire Alarm', 'Feng Shui / Vaastu Compliant', 'Intercom Facility', 'Lift(s)', 'Centrally Air Conditioned', 'High Ceiling Height', 'Maintenance Staff', 'Water Storage', 'Separate entry for servant room', 'No open drainage around', 'Bank Attached Property', 'Visitor Parking', 'Swimming Pool', 'Park', 'Natural Light', 'Internet/wi-fi connectivity', 'Airy Rooms', 'Low Density Society', 'Shopping Centre', 'Fitness Centre / GYM', 'Waste Disposal', 'Rain Water Harvesting', 'Club house / Community Center', 'Water softening plant']",sector 28
"['Security / Fire Alarm', 'Lift(s)', 'Maintenance Staff', 'Water Storage', 'Park', 'Visitor Parking']",sector 66
"['Centrally Air Conditioned', 'Water purifier', 'Security / Fire Alarm', 'Feng Shui / Vaastu Compliant', 'Private Garden / Terrace', 'Intercom Facility', 'Lift(s)', 'High Ceiling Height', 'Maintenance Staff', 'False Ceiling Lighting', 'Water Storage', 'Separate entry for servant room', 'No open drainage around', 'Bank Attached Property', 'Piped-gas', 'Recently Renovated', 'Visitor Parking', 'Swimming Pool', 'Park', 'Security Personnel', 'Natural Light', 'Airy Rooms', 'Spacious Interiors', 'Low Density Society', 'Waste Disposal', 'Rain Water Harvesting', 'Water softening plant', 'Shopping Centre', 'Fitness Centre / GYM', 'Club house / Community Center']",sector 49
"['Feng Shui / Vaastu Compliant', 'Security / Fire Alarm', 'Intercom Facility', 'Lift(s)', 'Maintenance Staff', 'Water Storage', 'Park', 'Visitor Parking']",sector 95
"['Security / Fire Alarm', 'Intercom Facility', 'Lift(s)', 'Maintenance Staff', 'Water Storage', 'Park', 'Visitor Parking']",sector 90
"['Security / Fire Alarm', 'Power Back-up', 'Feng Shui / Vaastu Compliant', 'Intercom Facility', 'Lift(s)', 'Water purifier', 'Maintenance Staff', 'Water Storage', 'Separate entry for servant room', 'No open drainage around', 'Piped-gas', 'Visitor Parking', 'Park', 'Security Personnel', 'Natural Light', 'Internet/wi-fi connectivity', 'Airy Rooms', 'Spacious Interiors', 'Low Density Society', 'Waste Disposal', 'Rain Water Harvesting', 'Water softening plant']",sector 110
,sector 71
"['Centrally Air Conditioned', 'Water purifier', 'Security / Fire Alarm', 'Feng Shui / Vaastu Compliant', 'Private Garden / Terrace', 'Intercom Facility', 'Lift(s)', 'High Ceiling Height', 'Maintenance Staff', 'False Ceiling Lighting', 'Water Storage', 'Separate entry for servant room', 'No open drainage around', 'Bank Attached Property', 'Piped-gas', 'Internet/wi-fi connectivity', 'Recently Renovated', 'Visitor Parking', 'Swimming Pool', 'Park', 'Security Personnel', 'Natural Light', 'Airy Rooms', 'Spacious Interiors', 'Low Density Society', 'Waste Disposal', 'Rain Water Harvesting', 'Water softening plant', 'Shopping Centre', 'Fitness Centre / GYM', 'Club house / Community Center']",sector 69
"['Centrally Air Conditioned', 'Water purifier', 'Security / Fire Alarm', 'Power Back-up', 'Feng Shui / Vaastu Compliant', 'Private Garden / Terrace', 'Intercom Facility', 'Lift(s)', 'High Ceiling Height', 'Maintenance Staff', 'False Ceiling Lighting', 'Water Storage', 'Separate entry for servant room', 'No open drainage around', 'Bank Attached Property', 'Piped-gas', 'Internet/wi-fi connectivity', 'Recently Renovated', 'Visitor Parking', 'Swimming Pool', 'Park', 'Security Personnel', 'Natural Light', 'Airy Rooms', 'Spacious Interiors', 'Low Density Society', 'Waste Disposal', 'Rain Water Harvesting', 'Water softening plant', 'Shopping Centre', 'Fitness Centre / GYM', 'Club house / Community Center']",sector 86
"['Water purifier', 'Centrally Air Conditioned', 'Security / Fire Alarm', 'Power Back-up', 'Feng Shui / Vaastu Compliant', 'Private Garden / Terrace', 'Intercom Facility', 'Lift(s)', 'High Ceiling Height', 'Maintenance Staff', 'False Ceiling Lighting', 'Water Storage', 'Separate entry for servant room', 'No open drainage around', 'Bank Attached Property', 'Piped-gas', 'Internet/wi-fi connectivity', 'Recently Renovated', 'Visitor Parking', 'Swimming Pool', 'Park', 'Natural Light', 'Airy Rooms', 'Low Density Society', 'Waste Disposal', 'Rain Water Harvesting', 'Water softening plant', 'Shopping Centre', 'Fitness Centre / GYM', 'Club house / Community Center']",sector 48
"['Feng Shui / Vaastu Compliant', 'Security / Fire Alarm', 'Intercom Facility', 'Lift(s)', 'Maintenance Staff', 'Water Storage', 'Park', 'Visitor Parking']",sector 65
,sector 90
,gwal pahari
"['Centrally Air Conditioned', 'Security / Fire Alarm', 'Feng Shui / Vaastu Compliant', 'Private Garden / Terrace', 'Intercom Facility', 'Lift(s)', 'High Ceiling Height', 'Maintenance Staff', 'False Ceiling Lighting', 'Water Storage', 'Separate entry for servant room', 'No open drainage around', 'Bank Attached Property', 'Piped-gas', 'Internet/wi-fi connectivity', 'Recently Renovated', 'Visitor Parking', 'Swimming Pool', 'Park', 'Security Personnel', 'Natural Light', 'Airy Rooms', 'Spacious Interiors', 'Low Density Society', 'Waste Disposal', 'Rain Water Harvesting', 'Water softening plant', 'Shopping Centre', 'Fitness Centre / GYM', 'Club house / Community Center']",sector 69
"['Centrally Air Conditioned', 'Security / Fire Alarm', 'Feng Shui / Vaastu Compliant', 'Intercom Facility', 'Lift(s)', 'High Ceiling Height', 'Maintenance Staff', 'Water Storage', 'Separate entry for servant room', 'No open drainage around', 'Internet/wi-fi connectivity', 'Recently Renovated', 'Visitor Parking', 'Swimming Pool', 'Park', 'Security Personnel', 'Natural Light', 'Airy Rooms', 'Spacious Interiors', 'Waste Disposal', 'Rain Water Harvesting', 'Water softening plant', 'Shopping Centre', 'Fitness Centre / GYM', 'Club house / Community Center']",sector 41
"['Feng Shui / Vaastu Compliant', 'Security / Fire Alarm', 'Private Garden / Terrace', 'Intercom Facility', 'Lift(s)', 'Maintenance Staff', 'Water Storage', 'Park', 'Visitor Parking', 'Security Personnel', 'Internet/wi-fi connectivity', 'Shopping Centre']",sector 93
"['Centrally Air Conditioned', 'Security / Fire Alarm', 'Feng Shui / Vaastu Compliant', 'Private Garden / Terrace', 'Intercom Facility', 'Lift(s)', 'High Ceiling Height', 'Maintenance Staff', 'False Ceiling Lighting', 'Water Storage', 'Separate entry for servant room', 'No open drainage around', 'Bank Attached Property', 'Recently Renovated', 'Visitor Parking', 'Swimming Pool', 'Park', 'Security Personnel', 'Natural Light', 'Airy Rooms', 'Spacious Interiors', 'Low Density Society', 'Waste Disposal', 'Rain Water Harvesting', 'Water softening plant', 'Shopping Centre', 'Fitness Centre / GYM', 'Club house / Community Center']",sector 104
,gwal pahari
"['Centrally Air Conditioned', 'Water purifier', 'Security / Fire Alarm', 'Feng Shui / Vaastu Compliant', 'Private Garden / Terrace', 'Intercom Facility', 'Lift(s)', 'High Ceiling Height', 'Maintenance Staff', 'False Ceiling Lighting', 'Water Storage', 'Separate entry for servant room', 'No open drainage around', 'Bank Attached Property', 'Piped-gas', 'Internet/wi-fi connectivity', 'Recently Renovated', 'Visitor Parking', 'Swimming Pool', 'Park', 'Security Personnel', 'Natural Light', 'Airy Rooms', 'Spacious Interiors', 'Low Density Society', 'Waste Disposal', 'Rain Water Harvesting', 'Water softening plant', 'Shopping Centre', 'Fitness Centre / GYM', 'Club house / Community Center']",sector 106
"['Water Storage', 'Visitor Parking']",sector 82
,sector 11
"['Feng Shui / Vaastu Compliant', 'Security / Fire Alarm', 'Private Garden / Terrace', 'Maintenance Staff', 'Water Storage', 'Park', 'Visitor Parking', 'Shopping Centre', 'Fitness Centre / GYM', 'Waste Disposal']",sector 45
"['Security / Fire Alarm', 'Lift(s)', 'Maintenance Staff', 'Water Storage', 'Park', 'Visitor Parking']",sector 103
"['Centrally Air Conditioned', 'Water purifier', 'Security / Fire Alarm', 'Power Back-up', 'Feng Shui / Vaastu Compliant', 'Private Garden / Terrace', 'Intercom Facility', 'Lift(s)', 'High Ceiling Height', 'Maintenance Staff', 'False Ceiling Lighting', 'Water Storage', 'Separate entry for servant room', 'No open drainage around', 'Bank Attached Property', 'Piped-gas', 'Internet/wi-fi connectivity', 'Recently Renovated', 'Visitor Parking', 'Swimming Pool', 'Park', 'Security Personnel', 'Natural Light', 'Airy Rooms', 'Spacious Interiors', 'Low Density Society', 'Waste Disposal', 'Rain Water Harvesting', 'Water softening plant', 'Shopping Centre', 'Fitness Centre / GYM', 'Club house / Community Center']",sector 26
,sector 71
"['Centrally Air Conditioned', 'Water purifier', 'Security / Fire Alarm', 'Feng Shui / Vaastu Compliant', 'Private Garden / Terrace', 'Intercom Facility', 'Lift(s)', 'High Ceiling Height', 'Maintenance Staff', 'False Ceiling Lighting', 'Water Storage', 'Separate entry for servant room', 'No open drainage around', 'Bank Attached Property', 'Piped-gas', 'Internet/wi-fi connectivity', 'Recently Renovated', 'Visitor Parking', 'Swimming Pool', 'Park', 'Security Personnel', 'Natural Light', 'Airy Rooms', 'Spacious Interiors', 'Low Density Society', 'Waste Disposal', 'Rain Water Harvesting', 'Water softening plant', 'Shopping Centre', 'Fitness Centre / GYM', 'Club house / Community Center']",sector 2
,sector 41
"['Centrally Air Conditioned', 'Water purifier', 'Security / Fire Alarm', 'Power Back-up', 'Feng Shui / Vaastu Compliant', 'Private Garden / Terrace', 'Intercom Facility', 'Lift(s)', 'High Ceiling Height', 'Maintenance Staff', 'False Ceiling Lighting', 'Water Storage', 'Separate entry for servant room', 'No open drainage around', 'Bank Attached Property', 'Piped-gas', 'Internet/wi-fi connectivity', 'Recently Renovated', 'Visitor Parking', 'Swimming Pool', 'Park', 'Security Personnel', 'Natural Light', 'Airy Rooms', 'Spacious Interiors', 'Low Density Society', 'Waste Disposal', 'Rain Water Harvesting', 'Water softening plant', 'Shopping Centre', 'Fitness Centre / GYM', 'Club house / Community Center']",sector 7
"['Security / Fire Alarm', 'Feng Shui / Vaastu Compliant', 'Intercom Facility', 'Lift(s)', 'Maintenance Staff', 'Water Storage', 'Visitor Parking', 'Swimming Pool', 'Park', 'Security Personnel', 'Natural Light', 'Shopping Centre', 'Fitness Centre / GYM', 'Club house / Community Center']",manesar
"['Security / Fire Alarm', 'Feng Shui / Vaastu Compliant', 'Private Garden / Terrace', 'Water purifier', 'High Ceiling Height', 'Maintenance Staff', 'Water Storage', 'Separate entry for servant room', 'No open drainage around', 'Visitor Parking', 'Park', 'Security Personnel', 'Natural Light', 'Internet/wi-fi connectivity', 'Airy Rooms', 'Spacious Interiors', 'Waste Disposal', 'Rain Water Harvesting']",sector 88a
"['Feng Shui / Vaastu Compliant', 'Intercom Facility', 'Lift(s)', 'Maintenance Staff', 'Water Storage', 'Park', 'Visitor Parking']",sector 90
,sector 70a
"['Security / Fire Alarm', 'Power Back-up', 'Feng Shui / Vaastu Compliant', 'Intercom Facility', 'Lift(s)', 'Maintenance Staff', 'Water Storage', 'Visitor Parking', 'Swimming Pool', 'Park', 'Shopping Centre', 'Fitness Centre / GYM', 'Rain Water Harvesting', 'Club house / Community Center']",sector 70
"['Security / Fire Alarm', 'Feng Shui / Vaastu Compliant', 'Private Garden / Terrace', 'Water purifier', 'Centrally Air Conditioned', 'High Ceiling Height', 'Maintenance Staff', 'Water Storage', 'Separate entry for servant room', 'No open drainage around', 'Piped-gas', 'Visitor Parking', 'Swimming Pool', 'Park', 'Security Personnel', 'Natural Light', 'Airy Rooms', 'Low Density Society', 'Fitness Centre / GYM', 'Waste Disposal', 'Rain Water Harvesting', 'Club house / Community Center']",sector 102
"['Feng Shui / Vaastu Compliant', 'Security / Fire Alarm', 'Intercom Facility', 'Lift(s)', 'Maintenance Staff', 'Water Storage', 'Park', 'Visitor Parking', 'Shopping Centre', 'Waste Disposal', 'Rain Water Harvesting']",sector 109
"['Swimming Pool', 'Visitor Parking']",sector 62
"['Feng Shui / Vaastu Compliant', 'Security / Fire Alarm', 'Intercom Facility', 'Lift(s)', 'Maintenance Staff', 'Water Storage', 'Park', 'Visitor Parking']",sector 82
"['Security / Fire Alarm', 'Power Back-up', 'Feng Shui / Vaastu Compliant', 'Intercom Facility', 'Lift(s)', 'High Ceiling Height', 'Maintenance Staff', 'Water Storage', 'Separate entry for servant room', 'Bank Attached Property', 'Piped-gas', 'Visitor Parking', 'Swimming Pool', 'Park', 'Natural Light', 'Airy Rooms', 'Spacious Interiors', 'Low Density Society', 'Shopping Centre', 'Fitness Centre / GYM', 'Club house / Community Center', 'Water softening plant']",sector 70
,sector 2
"['Security / Fire Alarm', 'Power Back-up', 'Feng Shui / Vaastu Compliant', 'Intercom Facility', 'Lift(s)', 'High Ceiling Height', 'Maintenance Staff', 'False Ceiling Lighting', 'Water Storage', 'No open drainage around', 'Piped-gas', 'Visitor Parking', 'Swimming Pool', 'Park', 'Internet/wi-fi connectivity', 'Fitness Centre / GYM', 'Club house / Community Center']",sector 43
"['Centrally Air Conditioned', 'Water purifier', 'Security / Fire Alarm', 'Power Back-up', 'Feng Shui / Vaastu Compliant', 'Private Garden / Terrace', 'Intercom Facility', 'Lift(s)', 'High Ceiling Height', 'Maintenance Staff', 'False Ceiling Lighting', 'Water Storage', 'Separate entry for servant room', 'No open drainage around', 'Bank Attached Property', 'Piped-gas', 'Internet/wi-fi connectivity', 'Recently Renovated', 'Visitor Parking', 'Swimming Pool', 'Park', 'Security Personnel', 'Natural Light', 'Airy Rooms', 'Spacious Interiors', 'Low Density Society', 'Waste Disposal', 'Rain Water Harvesting', 'Water softening plant', 'Shopping Centre', 'Fitness Centre / GYM', 'Club house / Community Center']",sohna road road
"['Security / Fire Alarm', 'Private Garden / Terrace', 'Intercom Facility', 'Maintenance Staff', 'Piped-gas', 'Visitor Parking', 'Swimming Pool', 'Park', 'Security Personnel', 'Natural Light', 'Airy Rooms', 'Shopping Centre', 'Fitness Centre / GYM', 'Club house / Community Center']",sector 67
"['Security / Fire Alarm', 'Power Back-up', 'Feng Shui / Vaastu Compliant', 'Lift(s)', 'High Ceiling Height', 'Maintenance Staff', 'Water Storage', 'No open drainage around', 'Piped-gas', 'Visitor Parking', 'Park', 'Shopping Centre', 'Waste Disposal', 'Rain Water Harvesting', 'Water softening plant']",sector 61
"['Centrally Air Conditioned', 'Water purifier', 'Security / Fire Alarm', 'Feng Shui / Vaastu Compliant', 'Private Garden / Terrace', 'High Ceiling Height', 'Maintenance Staff', 'False Ceiling Lighting', 'Water Storage', 'Separate entry for servant room', 'No open drainage around', 'Piped-gas', 'Recently Renovated', 'Visitor Parking', 'Swimming Pool', 'Park', 'Security Personnel', 'Natural Light', 'Airy Rooms', 'Spacious Interiors', 'Low Density Society', 'Waste Disposal', 'Rain Water Harvesting', 'Fitness Centre / GYM', 'Club house / Community Center']",sector 48
"['Private Garden / Terrace', 'High Ceiling Height', 'Maintenance Staff', 'False Ceiling Lighting', 'Water Storage', 'Separate entry for servant room', 'Recently Renovated', 'Visitor Parking', 'Park', 'Security Personnel', 'Natural Light', 'Airy Rooms', 'Spacious Interiors', 'Low Density Society', 'Waste Disposal']",sector 109
,sector 56
"['Intercom Facility', 'Lift(s)', 'Maintenance Staff', 'Park']",sector 26
"['Intercom Facility', 'Lift(s)', 'High Ceiling Height', 'Maintenance Staff', 'Water Storage', 'Separate entry for servant room', 'No open drainage around', 'Visitor Parking', 'Swimming Pool', 'Park', 'Internet/wi-fi connectivity', 'Fitness Centre / GYM', 'Waste Disposal', 'Rain Water Harvesting', 'Club house / Community Center', 'Water softening plant']",sector 3
"['Feng Shui / Vaastu Compliant', 'Security / Fire Alarm', 'Intercom Facility', 'Lift(s)', 'Maintenance Staff', 'Swimming Pool', 'Park', 'Visitor Parking', 'Security Personnel', 'Fitness Centre / GYM', 'Club house / Community Center', 'Rain Water Harvesting']",sector 65
"['Intercom Facility', 'Lift(s)', 'High Ceiling Height', 'Maintenance Staff', 'Bank Attached Property', 'Swimming Pool', 'Park', 'Security Personnel', 'Internet/wi-fi connectivity', 'Shopping Centre', 'Fitness Centre / GYM', 'Waste Disposal', 'Rain Water Harvesting', 'Club house / Community Center', 'Water softening plant']",sector 85
,sector 92
"['Security / Fire Alarm', 'Intercom Facility', 'Lift(s)', 'Maintenance Staff', 'Water Storage', 'Visitor Parking', 'Swimming Pool', 'Park', 'Security Personnel', 'Internet/wi-fi connectivity', 'Shopping Centre', 'Fitness Centre / GYM', 'Rain Water Harvesting', 'Club house / Community Center']",sector 66
"['Feng Shui / Vaastu Compliant', 'Security / Fire Alarm', 'Intercom Facility', 'Lift(s)', 'Maintenance Staff', 'Water Storage', 'Park', 'Piped-gas', 'Visitor Parking', 'Natural Light', 'Internet/wi-fi connectivity']",sector 84
,sector 84
"['Centrally Air Conditioned', 'Water purifier', 'Security / Fire Alarm', 'Feng Shui / Vaastu Compliant', 'Private Garden / Terrace', 'Intercom Facility', 'Lift(s)', 'High Ceiling Height', 'Maintenance Staff', 'False Ceiling Lighting', 'Water Storage', 'Separate entry for servant room', 'No open drainage around', 'Bank Attached Property', 'Piped-gas', 'Internet/wi-fi connectivity', 'Recently Renovated', 'Visitor Parking', 'Swimming Pool', 'Park', 'Security Personnel', 'Natural Light', 'Airy Rooms', 'Spacious Interiors', 'Low Density Society', 'Waste Disposal', 'Rain Water Harvesting', 'Water softening plant', 'Shopping Centre', 'Fitness Centre / GYM', 'Club house / Community Center']",sector 69
,sector 70
,sector 81
"['Feng Shui / Vaastu Compliant', 'Intercom Facility', 'Lift(s)', 'Maintenance Staff', 'Visitor Parking', 'Swimming Pool', 'Park', 'Security Personnel', 'Internet/wi-fi connectivity', 'Shopping Centre', 'Fitness Centre / GYM', 'Rain Water Harvesting', 'Club house / Community Center']",sector 108
,sector 70a
"['Centrally Air Conditioned', 'Water purifier', 'Security / Fire Alarm', 'Power Back-up', 'Feng Shui / Vaastu Compliant', 'Private Garden / Terrace', 'Intercom Facility', 'Lift(s)', 'High Ceiling Height', 'Maintenance Staff', 'Water Storage', 'Separate entry for servant room', 'No open drainage around', 'Bank Attached Property', 'Piped-gas', 'Internet/wi-fi connectivity', 'Recently Renovated', 'Visitor Parking', 'Swimming Pool', 'Park', 'Security Personnel', 'Natural Light', 'Airy Rooms', 'Spacious Interiors', 'Low Density Society', 'Waste Disposal', 'Rain Water Harvesting', 'Water softening plant', 'Shopping Centre', 'Fitness Centre / GYM', 'Club house / Community Center']",sector 69
,sector 59
,sector 102
"['Feng Shui / Vaastu Compliant', 'Security / Fire Alarm', 'Lift(s)', 'Park', 'Visitor Parking']",sector 112
"['Lift(s)', 'Swimming Pool', 'Park', 'Fitness Centre / GYM', 'Club house / Community Center', 'Rain Water Harvesting']",sector 60
"['Lift(s)', 'Water Storage']",sector 25
"['Centrally Air Conditioned', 'Water purifier', 'Security / Fire Alarm', 'Feng Shui / Vaastu Compliant', 'Private Garden / Terrace', 'Intercom Facility', 'Lift(s)', 'High Ceiling Height', 'Maintenance Staff', 'False Ceiling Lighting', 'Water Storage', 'Separate entry for servant room', 'No open drainage around', 'Bank Attached Property', 'Piped-gas', 'Internet/wi-fi connectivity', 'Recently Renovated', 'Visitor Parking', 'Swimming Pool', 'Park', 'Security Personnel', 'Natural Light', 'Airy Rooms', 'Spacious Interiors', 'Low Density Society', 'Waste Disposal', 'Rain Water Harvesting', 'Water softening plant', 'Shopping Centre', 'Fitness Centre / GYM', 'Club house / Community Center']",sector 102
"['Power Back-up', 'Intercom Facility', 'Lift(s)', 'Swimming Pool', 'Park', 'Piped-gas', 'Internet/wi-fi connectivity', 'Shopping Centre', 'Fitness Centre / GYM', 'Club house / Community Center', 'Rain Water Harvesting', 'Water softening plant']",sector 92
"['Security / Fire Alarm', 'Feng Shui / Vaastu Compliant', 'Maintenance Staff', 'False Ceiling Lighting', 'Water Storage', 'Recently Renovated', 'Visitor Parking', 'Park', 'Natural Light', 'Internet/wi-fi connectivity', 'Airy Rooms', 'Spacious Interiors', 'Rain Water Harvesting']",sector 11
,sector 102
,sector 110
,sector 70a
"['Water purifier', 'Security / Fire Alarm', 'Power Back-up', 'Feng Shui / Vaastu Compliant', 'Private Garden / Terrace', 'Intercom Facility', 'Lift(s)', 'High Ceiling Height', 'Maintenance Staff', 'False Ceiling Lighting', 'Water Storage', 'No open drainage around', 'Bank Attached Property', 'Piped-gas', 'Internet/wi-fi connectivity', 'Recently Renovated', 'Visitor Parking', 'Swimming Pool', 'Park', 'Security Personnel', 'Natural Light', 'Airy Rooms', 'Spacious Interiors', 'Low Density Society', 'Waste Disposal', 'Rain Water Harvesting', 'Water softening plant', 'Shopping Centre', 'Fitness Centre / GYM', 'Club house / Community Center']",sector 3
"['Security / Fire Alarm', 'Feng Shui / Vaastu Compliant', 'Intercom Facility', 'Lift(s)', 'Centrally Air Conditioned', 'Water purifier', 'Maintenance Staff', 'Water Storage', 'No open drainage around', 'Bank Attached Property', 'Visitor Parking', 'Swimming Pool', 'Park', 'Natural Light', 'Internet/wi-fi connectivity', 'Airy Rooms', 'Low Density Society', 'Shopping Centre', 'Fitness Centre / GYM', 'Waste Disposal', 'Rain Water Harvesting', 'Club house / Community Center', 'Water softening plant']",sector 4
"['Feng Shui / Vaastu Compliant', 'Private Garden / Terrace', 'Water Storage', 'Visitor Parking', 'Waste Disposal', 'Rain Water Harvesting']",sector 59
"['Centrally Air Conditioned', 'Water purifier', 'Security / Fire Alarm', 'Feng Shui / Vaastu Compliant', 'Private Garden / Terrace', 'Intercom Facility', 'Lift(s)', 'High Ceiling Height', 'Maintenance Staff', 'False Ceiling Lighting', 'Water Storage', 'Separate entry for servant room', 'No open drainage around', 'Bank Attached Property', 'Piped-gas', 'Internet/wi-fi connectivity', 'Recently Renovated', 'Visitor Parking', 'Swimming Pool', 'Park', 'Security Personnel', 'Natural Light', 'Airy Rooms', 'Spacious Interiors', 'Low Density Society', 'Waste Disposal', 'Rain Water Harvesting', 'Water softening plant', 'Shopping Centre', 'Fitness Centre / GYM', 'Club house / Community Center']",sector 30
"['Water Storage', 'Park']",sector 86
"['Water purifier', 'Centrally Air Conditioned', 'Security / Fire Alarm', 'Power Back-up', 'Feng Shui / Vaastu Compliant', 'Private Garden / Terrace', 'Intercom Facility', 'Lift(s)', 'High Ceiling Height', 'Maintenance Staff', 'False Ceiling Lighting', 'Water Storage', 'Separate entry for servant room', 'No open drainage around', 'Piped-gas', 'Internet/wi-fi connectivity', 'Recently Renovated', 'Visitor Parking', 'Swimming Pool', 'Park', 'Security Personnel', 'Natural Light', 'Waste Disposal', 'Rain Water Harvesting', 'Water softening plant', 'Shopping Centre', 'Fitness Centre / GYM', 'Club house / Community Center']",sector 106
"['Security / Fire Alarm', 'Intercom Facility', 'Lift(s)', 'Maintenance Staff', 'Water Storage', 'Park', 'Visitor Parking']",sector 2
"['Security / Fire Alarm', 'Private Garden / Terrace', 'Swimming Pool', 'Visitor Parking', 'Security Personnel', 'Club house / Community Center', 'Waste Disposal']",sector 25
"['Centrally Air Conditioned', 'Water purifier', 'Security / Fire Alarm', 'Feng Shui / Vaastu Compliant', 'Intercom Facility', 'Lift(s)', 'High Ceiling Height', 'Maintenance Staff', 'False Ceiling Lighting', 'Water Storage', 'Separate entry for servant room', 'No open drainage around', 'Bank Attached Property', 'Piped-gas', 'Internet/wi-fi connectivity', 'Visitor Parking', 'Swimming Pool', 'Park', 'Security Personnel', 'Natural Light', 'Airy Rooms', 'Low Density Society', 'Waste Disposal', 'Rain Water Harvesting', 'Water softening plant', 'Shopping Centre', 'Fitness Centre / GYM', 'Club house / Community Center']",sector 25
"['Security / Fire Alarm', 'Lift(s)', 'Maintenance Staff', 'Separate entry for servant room', 'No open drainage around', 'Visitor Parking', 'Swimming Pool', 'Park', 'Security Personnel', 'Natural Light', 'Airy Rooms', 'Shopping Centre', 'Fitness Centre / GYM', 'Club house / Community Center']",sector 24
"['Security / Fire Alarm', 'Feng Shui / Vaastu Compliant', 'Lift(s)', 'Maintenance Staff', 'Water Storage', 'Separate entry for servant room', 'Visitor Parking', 'Swimming Pool', 'Park', 'Security Personnel', 'Low Density Society', 'Shopping Centre', 'Fitness Centre / GYM', 'Waste Disposal', 'Rain Water Harvesting', 'Club house / Community Center']",sector 69
,sector 109
"['Water purifier', 'Centrally Air Conditioned', 'Security / Fire Alarm', 'Power Back-up', 'Feng Shui / Vaastu Compliant', 'Intercom Facility', 'Lift(s)', 'High Ceiling Height', 'Maintenance Staff', 'False Ceiling Lighting', 'Water Storage', 'Separate entry for servant room', 'No open drainage around', 'Bank Attached Property', 'Recently Renovated', 'Visitor Parking', 'Swimming Pool', 'Park', 'Security Personnel', 'Natural Light', 'Airy Rooms', 'Spacious Interiors', 'Low Density Society', 'Waste Disposal', 'Rain Water Harvesting', 'Water softening plant', 'Shopping Centre', 'Fitness Centre / GYM', 'Club house / Community Center']",sohna road road
"['Private Garden / Terrace', 'Park', 'Visitor Parking']",sector 66
,sector 28
"['Power Back-up', 'Lift(s)', 'Swimming Pool', 'Shopping Centre', 'Fitness Centre / GYM', 'Club house / Community Center', 'Rain Water Harvesting']",sector 48
"['Security / Fire Alarm', 'Water purifier', 'High Ceiling Height', 'False Ceiling Lighting', 'Natural Light']",sector 70
"['Water purifier', 'Security / Fire Alarm', 'Feng Shui / Vaastu Compliant', 'Private Garden / Terrace', 'Intercom Facility', 'Lift(s)', 'High Ceiling Height', 'Maintenance Staff', 'Water Storage', 'Separate entry for servant room', 'No open drainage around', 'Bank Attached Property', 'Piped-gas', 'Internet/wi-fi connectivity', 'Recently Renovated', 'Visitor Parking', 'Swimming Pool', 'Park', 'Security Personnel', 'Natural Light', 'Airy Rooms', 'Low Density Society', 'Waste Disposal', 'Rain Water Harvesting', 'Water softening plant', 'Shopping Centre', 'Fitness Centre / GYM', 'Club house / Community Center']",sector 88b
"['Security / Fire Alarm', 'Lift(s)', 'Maintenance Staff', 'Swimming Pool', 'Park']",sector 86
"['Security / Fire Alarm', 'Feng Shui / Vaastu Compliant', 'Intercom Facility', 'Lift(s)', 'Maintenance Staff', 'Water Storage', 'Visitor Parking', 'Swimming Pool', 'Park', 'Security Personnel', 'Natural Light', 'Airy Rooms', 'Spacious Interiors', 'Low Density Society', 'Shopping Centre', 'Fitness Centre / GYM', 'Club house / Community Center']",sohna road
,sector 56
"['Feng Shui / Vaastu Compliant', 'Security / Fire Alarm', 'Intercom Facility', 'Lift(s)', 'Maintenance Staff', 'Water Storage', 'Park', 'Visitor Parking']",sector 81
,sector 7
"['Intercom Facility', 'Lift(s)', 'Swimming Pool', 'Park', 'Fitness Centre / GYM', 'Club house / Community Center']",sector 15
"['Power Back-up', 'Feng Shui / Vaastu Compliant', 'Intercom Facility', 'Lift(s)', 'High Ceiling Height', 'Maintenance Staff', 'Piped-gas', 'Swimming Pool', 'Park', 'Security Personnel', 'Internet/wi-fi connectivity', 'Shopping Centre', 'Fitness Centre / GYM', 'Rain Water Harvesting', 'Club house / Community Center', 'Water softening plant']",sector 33
,sohna road
"['Security / Fire Alarm', 'Power Back-up', 'Feng Shui / Vaastu Compliant', 'Intercom Facility', 'Lift(s)', 'High Ceiling Height', 'Maintenance Staff', 'False Ceiling Lighting', 'Water Storage', 'Separate entry for servant room', 'No open drainage around', 'Visitor Parking', 'Swimming Pool', 'Park', 'Internet/wi-fi connectivity', 'Fitness Centre / GYM', 'Rain Water Harvesting', 'Club house / Community Center', 'Water softening plant']",sector 85
"['Water purifier', 'Security / Fire Alarm', 'Power Back-up', 'Feng Shui / Vaastu Compliant', 'Private Garden / Terrace', 'Intercom Facility', 'Lift(s)', 'High Ceiling Height', 'Maintenance Staff', 'False Ceiling Lighting', 'Water Storage', 'Separate entry for servant room', 'No open drainage around', 'Internet/wi-fi connectivity', 'Recently Renovated', 'Visitor Parking', 'Park', 'Security Personnel', 'Natural Light', 'Airy Rooms', 'Spacious Interiors', 'Low Density Society', 'Waste Disposal', 'Rain Water Harvesting', 'Water softening plant', 'Shopping Centre', 'Fitness Centre / GYM']",sector 55
"['No open drainage around', 'Internet/wi-fi connectivity']",sector 65
"['Feng Shui / Vaastu Compliant', 'Intercom Facility', 'Lift(s)', 'Park']",sector 43
"['Feng Shui / Vaastu Compliant', 'Private Garden / Terrace', 'Maintenance Staff', 'Water Storage', 'Visitor Parking', 'Waste Disposal', 'Rain Water Harvesting']",sector 47
"['Feng Shui / Vaastu Compliant', 'Security / Fire Alarm', 'Lift(s)', 'Water Storage', 'Visitor Parking']",sector 102
"['Private Garden / Terrace', 'Maintenance Staff', 'Swimming Pool', 'Water Storage', 'Park', 'Visitor Parking', 'Natural Light', 'Airy Rooms', 'Fitness Centre / GYM', 'Waste Disposal', 'Club house / Community Center']",sector 95
['Private Garden / Terrace'],sector 39
"['Centrally Air Conditioned', 'Water purifier', 'Security / Fire Alarm', 'Feng Shui / Vaastu Compliant', 'Private Garden / Terrace', 'Intercom Facility', 'Lift(s)', 'High Ceiling Height', 'Maintenance Staff', 'False Ceiling Lighting', 'Water Storage', 'Separate entry for servant room', 'No open drainage around', 'Bank Attached Property', 'Piped-gas', 'Internet/wi-fi connectivity', 'Recently Renovated', 'Visitor Parking', 'Swimming Pool', 'Park', 'Security Personnel', 'Natural Light', 'Airy Rooms', 'Spacious Interiors', 'Low Density Society', 'Waste Disposal', 'Rain Water Harvesting', 'Water softening plant', 'Shopping Centre', 'Fitness Centre / GYM', 'Club house / Community Center']",sector 103
,sector 43
"['Feng Shui / Vaastu Compliant', 'Security / Fire Alarm', 'Intercom Facility', 'Maintenance Staff', 'Water Storage', 'Park', 'Visitor Parking']",sector 2
"['Security / Fire Alarm', 'Power Back-up', 'Feng Shui / Vaastu Compliant', 'Intercom Facility', 'Lift(s)', 'Centrally Air Conditioned', 'High Ceiling Height', 'Maintenance Staff', 'False Ceiling Lighting', 'Water Storage', 'Separate entry for servant room', 'Piped-gas', 'Visitor Parking', 'Swimming Pool', 'Park', 'Security Personnel', 'Natural Light', 'Internet/wi-fi connectivity', 'Airy Rooms', 'Spacious Interiors', 'Shopping Centre', 'Fitness Centre / GYM', 'Club house / Community Center', 'Water softening plant']",sector 28
"['Lift(s)', 'Maintenance Staff', 'Water Storage', 'Park', 'Visitor Parking']",sector 85
"['Feng Shui / Vaastu Compliant', 'Security / Fire Alarm', 'Intercom Facility', 'Lift(s)', 'Maintenance Staff', 'Water Storage', 'Park', 'Visitor Parking']",sector 79
,sector 43
,sector 81
"['Intercom Facility', 'Lift(s)', 'Maintenance Staff', 'Swimming Pool', 'Park', 'Security Personnel', 'Internet/wi-fi connectivity', 'Fitness Centre / GYM', 'Club house / Community Center', 'Rain Water Harvesting']",sohna road
"['Feng Shui / Vaastu Compliant', 'Security / Fire Alarm', 'Intercom Facility', 'Lift(s)', 'Maintenance Staff', 'Water Storage', 'Park', 'Visitor Parking']",sector 65
"['Water purifier', 'Security / Fire Alarm', 'Power Back-up', 'Feng Shui / Vaastu Compliant', 'Intercom Facility', 'Lift(s)', 'Maintenance Staff', 'Water Storage', 'Separate entry for servant room', 'No open drainage around', 'Piped-gas', 'Internet/wi-fi connectivity', 'Recently Renovated', 'Visitor Parking', 'Swimming Pool', 'Park', 'Security Personnel', 'Natural Light', 'Airy Rooms', 'Waste Disposal', 'Rain Water Harvesting', 'Water softening plant', 'Shopping Centre', 'Fitness Centre / GYM', 'Club house / Community Center']",sector 83
"['Power Back-up', 'Feng Shui / Vaastu Compliant', 'Intercom Facility', 'Lift(s)', 'Maintenance Staff', 'Piped-gas', 'Visitor Parking', 'Swimming Pool', 'Park', 'Security Personnel', 'Natural Light', 'Airy Rooms', 'Low Density Society', 'Shopping Centre', 'Fitness Centre / GYM', 'Waste Disposal', 'Rain Water Harvesting', 'Club house / Community Center']",sector 92
"['Security / Fire Alarm', 'Feng Shui / Vaastu Compliant', 'Intercom Facility', 'Lift(s)', 'Maintenance Staff', 'Water Storage', 'No open drainage around', 'Visitor Parking', 'Swimming Pool', 'Park', 'Security Personnel', 'Natural Light', 'Airy Rooms', 'Spacious Interiors', 'Shopping Centre', 'Fitness Centre / GYM', 'Rain Water Harvesting', 'Club house / Community Center']",sector 70a
,sector 85
"['Security / Fire Alarm', 'Feng Shui / Vaastu Compliant', 'Intercom Facility', 'Lift(s)', 'Water purifier', 'High Ceiling Height', 'Maintenance Staff', 'Water Storage', 'No open drainage around', 'Bank Attached Property', 'Piped-gas', 'Visitor Parking', 'Park', 'Security Personnel', 'Natural Light', 'Internet/wi-fi connectivity', 'Airy Rooms', 'Spacious Interiors', 'Low Density Society', 'Shopping Centre', 'Waste Disposal', 'Rain Water Harvesting', 'Water softening plant']",sector 92
"['Security / Fire Alarm', 'Feng Shui / Vaastu Compliant', 'Intercom Facility', 'Lift(s)', 'High Ceiling Height', 'Maintenance Staff', 'Water Storage', 'No open drainage around', 'Bank Attached Property', 'Visitor Parking', 'Swimming Pool', 'Park', 'Security Personnel', 'Natural Light', 'Airy Rooms', 'Low Density Society', 'Shopping Centre', 'Fitness Centre / GYM', 'Waste Disposal', 'Rain Water Harvesting', 'Club house / Community Center', 'Water softening plant']",sector 14
,sector 85
"['Security / Fire Alarm', 'Power Back-up', 'Feng Shui / Vaastu Compliant', 'Intercom Facility', 'Lift(s)', 'High Ceiling Height', 'Maintenance Staff', 'False Ceiling Lighting', 'Water Storage', 'Separate entry for servant room', 'No open drainage around', 'Bank Attached Property', 'Piped-gas', 'Internet/wi-fi connectivity', 'Visitor Parking', 'Swimming Pool', 'Park', 'Security Personnel', 'Natural Light', 'Airy Rooms', 'Spacious Interiors', 'Low Density Society', 'Waste Disposal', 'Rain Water Harvesting', 'Water softening plant', 'Shopping Centre', 'Fitness Centre / GYM', 'Club house / Community Center']",sector 83
"['Centrally Air Conditioned', 'Water purifier', 'Feng Shui / Vaastu Compliant', 'Private Garden / Terrace', 'High Ceiling Height', 'Maintenance Staff', 'False Ceiling Lighting', 'Water Storage', 'Separate entry for servant room', 'No open drainage around', 'Bank Attached Property', 'Piped-gas', 'Recently Renovated', 'Visitor Parking', 'Swimming Pool', 'Park', 'Security Personnel', 'Natural Light', 'Airy Rooms', 'Spacious Interiors', 'Low Density Society', 'Waste Disposal', 'Rain Water Harvesting', 'Fitness Centre / GYM', 'Club house / Community Center']",sector 69
"['Water purifier', 'Security / Fire Alarm', 'Feng Shui / Vaastu Compliant', 'Private Garden / Terrace', 'Intercom Facility', 'Lift(s)', 'High Ceiling Height', 'Maintenance Staff', 'False Ceiling Lighting', 'Water Storage', 'No open drainage around', 'Bank Attached Property', 'Piped-gas', 'Internet/wi-fi connectivity', 'Recently Renovated', 'Visitor Parking', 'Swimming Pool', 'Park', 'Security Personnel', 'Natural Light', 'Airy Rooms', 'Spacious Interiors', 'Low Density Society', 'Waste Disposal', 'Rain Water Harvesting', 'Water softening plant', 'Shopping Centre', 'Fitness Centre / GYM', 'Club house / Community Center']",sector 113
"['Security / Fire Alarm', 'Feng Shui / Vaastu Compliant', 'Intercom Facility', 'Lift(s)', 'Maintenance Staff', 'False Ceiling Lighting', 'Water Storage', 'Separate entry for servant room', 'No open drainage around', 'Bank Attached Property', 'Piped-gas', 'Visitor Parking', 'Swimming Pool', 'Park', 'Security Personnel', 'Low Density Society', 'Shopping Centre', 'Fitness Centre / GYM', 'Waste Disposal', 'Rain Water Harvesting', 'Club house / Community Center', 'Water softening plant']",sector 33
"['Security / Fire Alarm', 'Feng Shui / Vaastu Compliant', 'Intercom Facility', 'Lift(s)', 'Maintenance Staff', 'Water Storage', 'Visitor Parking', 'Swimming Pool', 'Park', 'Shopping Centre', 'Fitness Centre / GYM', 'Rain Water Harvesting', 'Club house / Community Center']",sohna road
"['Security / Fire Alarm', 'Feng Shui / Vaastu Compliant', 'Intercom Facility', 'Lift(s)', 'Centrally Air Conditioned', 'Maintenance Staff', 'Separate entry for servant room', 'No open drainage around', 'Swimming Pool', 'Park', 'Security Personnel', 'Natural Light', 'Internet/wi-fi connectivity', 'Shopping Centre', 'Fitness Centre / GYM', 'Waste Disposal', 'Rain Water Harvesting', 'Club house / Community Center', 'Water softening plant']",sector 37d
"['Centrally Air Conditioned', 'Water purifier', 'Security / Fire Alarm', 'Power Back-up', 'Feng Shui / Vaastu Compliant', 'Private Garden / Terrace', 'Intercom Facility', 'Lift(s)', 'High Ceiling Height', 'Maintenance Staff', 'Water Storage', 'No open drainage around', 'Bank Attached Property', 'Piped-gas', 'Internet/wi-fi connectivity', 'Recently Renovated', 'Visitor Parking', 'Swimming Pool', 'Park', 'Security Personnel', 'Natural Light', 'Spacious Interiors', 'Low Density Society', 'Waste Disposal', 'Rain Water Harvesting', 'Shopping Centre', 'Fitness Centre / GYM', 'Club house / Community Center']",sector 102
"['Centrally Air Conditioned', 'Water purifier', 'Security / Fire Alarm', 'Power Back-up', 'Feng Shui / Vaastu Compliant', 'Private Garden / Terrace', 'Intercom Facility', 'Lift(s)', 'High Ceiling Height', 'Maintenance Staff', 'False Ceiling Lighting', 'Water Storage', 'Separate entry for servant room', 'No open drainage around', 'Bank Attached Property', 'Piped-gas', 'Internet/wi-fi connectivity', 'Recently Renovated', 'Visitor Parking', 'Swimming Pool', 'Park', 'Security Personnel', 'Natural Light', 'Airy Rooms', 'Spacious Interiors', 'Low Density Society', 'Waste Disposal', 'Rain Water Harvesting', 'Water softening plant', 'Shopping Centre', 'Fitness Centre / GYM', 'Club house / Community Center']",sector 99a
,sector 3
"['Security / Fire Alarm', 'Feng Shui / Vaastu Compliant', 'Intercom Facility', 'Lift(s)', 'Maintenance Staff', 'Piped-gas', 'Visitor Parking', 'Swimming Pool', 'Park', 'Security Personnel', 'Fitness Centre / GYM', 'Rain Water Harvesting', 'Club house / Community Center']",sector 63
"['Security / Fire Alarm', 'Power Back-up', 'Intercom Facility', 'Lift(s)', 'High Ceiling Height', 'Maintenance Staff', 'Water Storage', 'Separate entry for servant room', 'No open drainage around', 'Visitor Parking', 'Swimming Pool', 'Park', 'Low Density Society', 'Shopping Centre', 'Fitness Centre / GYM', 'Club house / Community Center']",sector 54
"['Security / Fire Alarm', 'Intercom Facility', 'Lift(s)', 'Water Storage', 'Park', 'Visitor Parking', 'Security Personnel', 'Shopping Centre']",sector 82a
"['Security / Fire Alarm', 'Feng Shui / Vaastu Compliant', 'Private Garden / Terrace', 'Lift(s)', 'Maintenance Staff', 'Water Storage', 'No open drainage around', 'Piped-gas', 'Visitor Parking', 'Swimming Pool', 'Park', 'Security Personnel', 'Natural Light', 'Airy Rooms', 'Shopping Centre', 'Fitness Centre / GYM', 'Waste Disposal', 'Club house / Community Center']",sector 70
"['Feng Shui / Vaastu Compliant', 'Security / Fire Alarm', 'Intercom Facility', 'Lift(s)', 'Maintenance Staff', 'Water Storage', 'Park', 'Visitor Parking']",sector 83
"['Feng Shui / Vaastu Compliant', 'Water Storage', 'Visitor Parking']",sector 92
"['Feng Shui / Vaastu Compliant', 'Private Garden / Terrace', 'Maintenance Staff', 'Water Storage', 'Separate entry for servant room', 'No open drainage around', 'Piped-gas', 'Visitor Parking', 'Park', 'Security Personnel', 'Low Density Society', 'Waste Disposal', 'Rain Water Harvesting']",sector 28
"['Lift(s)', 'Swimming Pool', 'Park', 'Shopping Centre', 'Fitness Centre / GYM', 'Club house / Community Center']",sector 81
"['Security / Fire Alarm', 'Power Back-up', 'Feng Shui / Vaastu Compliant', 'Intercom Facility', 'Lift(s)', 'High Ceiling Height', 'Maintenance Staff', 'False Ceiling Lighting', 'Water Storage', 'Separate entry for servant room', 'No open drainage around', 'Visitor Parking', 'Swimming Pool', 'Park', 'Security Personnel', 'Internet/wi-fi connectivity', 'Shopping Centre', 'Fitness Centre / GYM', 'Waste Disposal', 'Rain Water Harvesting', 'Club house / Community Center', 'Water softening plant']",sector 109
"['Centrally Air Conditioned', 'Water purifier', 'Security / Fire Alarm', 'Feng Shui / Vaastu Compliant', 'Private Garden / Terrace', 'Intercom Facility', 'Lift(s)', 'High Ceiling Height', 'Maintenance Staff', 'False Ceiling Lighting', 'Water Storage', 'Separate entry for servant room', 'No open drainage around', 'Bank Attached Property', 'Piped-gas', 'Internet/wi-fi connectivity', 'Recently Renovated', 'Visitor Parking', 'Swimming Pool', 'Park', 'Security Personnel', 'Natural Light', 'Airy Rooms', 'Spacious Interiors', 'Low Density Society', 'Waste Disposal', 'Rain Water Harvesting', 'Water softening plant', 'Shopping Centre', 'Fitness Centre / GYM', 'Club house / Community Center']",sector 92
"['Feng Shui / Vaastu Compliant', 'Security / Fire Alarm', 'Intercom Facility', 'Lift(s)', 'Maintenance Staff', 'Water Storage', 'Park', 'Visitor Parking']",sector 85
,sector 77
"['Feng Shui / Vaastu Compliant', 'Security / Fire Alarm', 'Intercom Facility', 'Lift(s)', 'Maintenance Staff', 'Water Storage', 'Park', 'Visitor Parking']",sector 43
"['Feng Shui / Vaastu Compliant', 'Lift(s)', 'Swimming Pool', 'Internet/wi-fi connectivity', 'Shopping Centre', 'Fitness Centre / GYM', 'Club house / Community Center']",sector 85
"['Lift(s)', 'Swimming Pool', 'Park', 'Visitor Parking', 'Security Personnel', 'Shopping Centre', 'Fitness Centre / GYM', 'Club house / Community Center']",sector 90
"['Security / Fire Alarm', 'Feng Shui / Vaastu Compliant', 'Intercom Facility', 'Lift(s)', 'Maintenance Staff', 'Water Storage', 'No open drainage around', 'Visitor Parking', 'Park', 'Security Personnel', 'Natural Light', 'Airy Rooms', 'Shopping Centre', 'Fitness Centre / GYM', 'Waste Disposal', 'Club house / Community Center']",sector 36a
"['Lift(s)', 'Swimming Pool', 'Fitness Centre / GYM', 'Club house / Community Center']",sector 112
"['Feng Shui / Vaastu Compliant', 'Security / Fire Alarm', 'Intercom Facility', 'Lift(s)', 'Maintenance Staff', 'Water Storage', 'Park', 'Visitor Parking']",sector 86
"['Security / Fire Alarm', 'Feng Shui / Vaastu Compliant', 'Private Garden / Terrace', 'Intercom Facility', 'Lift(s)', 'Maintenance Staff', 'Water Storage', 'No open drainage around', 'Recently Renovated', 'Visitor Parking', 'Swimming Pool', 'Park', 'Security Personnel', 'Natural Light', 'Airy Rooms', 'Spacious Interiors', 'Low Density Society', 'Shopping Centre', 'Fitness Centre / GYM', 'Waste Disposal', 'Rain Water Harvesting', 'Club house / Community Center', 'Water softening plant']",sector 37d
"['Park', 'Club house / Community Center', 'Water softening plant']",sector 2
"['Centrally Air Conditioned', 'Water purifier', 'Security / Fire Alarm', 'Power Back-up', 'Feng Shui / Vaastu Compliant', 'Private Garden / Terrace', 'Intercom Facility', 'Lift(s)', 'High Ceiling Height', 'Maintenance Staff', 'False Ceiling Lighting', 'Water Storage', 'Separate entry for servant room', 'No open drainage around', 'Bank Attached Property', 'Piped-gas', 'Internet/wi-fi connectivity', 'Recently Renovated', 'Visitor Parking', 'Swimming Pool', 'Park', 'Security Personnel', 'Natural Light', 'Airy Rooms', 'Spacious Interiors', 'Low Density Society', 'Waste Disposal', 'Rain Water Harvesting', 'Water softening plant', 'Shopping Centre', 'Fitness Centre / GYM', 'Club house / Community Center']",sector 62
"['Security / Fire Alarm', 'Lift(s)', 'Maintenance Staff', 'Water Storage']",sector 66
"['Security / Fire Alarm', 'Feng Shui / Vaastu Compliant', 'Intercom Facility', 'Lift(s)', 'Centrally Air Conditioned', 'Water purifier', 'High Ceiling Height', 'Maintenance Staff', 'False Ceiling Lighting', 'Water Storage', 'Separate entry for servant room', 'No open drainage around', 'Piped-gas', 'Visitor Parking', 'Swimming Pool', 'Park', 'Natural Light', 'Fitness Centre / GYM', 'Club house / Community Center', 'Water softening plant']",sector 70a
"['Intercom Facility', 'Lift(s)', 'Swimming Pool', 'Park', 'Piped-gas', 'Security Personnel', 'Internet/wi-fi connectivity', 'Shopping Centre', 'Fitness Centre / GYM', 'Club house / Community Center', 'Waste Disposal', 'Rain Water Harvesting']",manesar
"['Feng Shui / Vaastu Compliant', 'Security / Fire Alarm', 'Intercom Facility', 'Lift(s)', 'Maintenance Staff', 'Water Storage', 'Park', 'Visitor Parking']",sector 77
"['Feng Shui / Vaastu Compliant', 'Security / Fire Alarm', 'Intercom Facility', 'Lift(s)', 'Maintenance Staff', 'Water Storage', 'Park', 'Visitor Parking']",sector 70a
"['Security / Fire Alarm', 'Lift(s)', 'Maintenance Staff', 'Water Storage', 'Park', 'Shopping Centre']",sector 104
"['Centrally Air Conditioned', 'Water purifier', 'Security / Fire Alarm', 'Power Back-up', 'Feng Shui / Vaastu Compliant', 'Private Garden / Terrace', 'Intercom Facility', 'Lift(s)', 'High Ceiling Height', 'Maintenance Staff', 'False Ceiling Lighting', 'Water Storage', 'Separate entry for servant room', 'No open drainage around', 'Bank Attached Property', 'Piped-gas', 'Internet/wi-fi connectivity', 'Recently Renovated', 'Visitor Parking', 'Swimming Pool', 'Park', 'Security Personnel', 'Natural Light', 'Airy Rooms', 'Spacious Interiors', 'Low Density Society', 'Waste Disposal', 'Rain Water Harvesting', 'Water softening plant', 'Shopping Centre', 'Fitness Centre / GYM', 'Club house / Community Center']",sector 65
"['Feng Shui / Vaastu Compliant', 'Security / Fire Alarm', 'Intercom Facility', 'Lift(s)', 'Maintenance Staff', 'Water Storage', 'Park', 'Visitor Parking']",sector 67a
"['Centrally Air Conditioned', 'Water purifier', 'Security / Fire Alarm', 'Feng Shui / Vaastu Compliant', 'Private Garden / Terrace', 'Intercom Facility', 'Lift(s)', 'High Ceiling Height', 'Maintenance Staff', 'Water Storage', 'Separate entry for servant room', 'No open drainage around', 'Bank Attached Property', 'Piped-gas', 'Internet/wi-fi connectivity', 'Recently Renovated', 'Visitor Parking', 'Swimming Pool', 'Park', 'Security Personnel', 'Natural Light', 'Airy Rooms', 'Spacious Interiors', 'Low Density Society', 'Waste Disposal', 'Rain Water Harvesting', 'Water softening plant', 'Shopping Centre', 'Fitness Centre / GYM', 'Club house / Community Center']",sector 68
,sector 107
"['Water purifier', 'Security / Fire Alarm', 'Power Back-up', 'Feng Shui / Vaastu Compliant', 'Private Garden / Terrace', 'Intercom Facility', 'Lift(s)', 'High Ceiling Height', 'Maintenance Staff', 'False Ceiling Lighting', 'Water Storage', 'No open drainage around', 'Bank Attached Property', 'Piped-gas', 'Internet/wi-fi connectivity', 'Recently Renovated', 'Visitor Parking', 'Swimming Pool', 'Park', 'Security Personnel', 'Natural Light', 'Airy Rooms', 'Spacious Interiors', 'Low Density Society', 'Waste Disposal', 'Rain Water Harvesting', 'Water softening plant', 'Shopping Centre', 'Fitness Centre / GYM', 'Club house / Community Center']",sector 81
"['Security / Fire Alarm', 'Power Back-up', 'Feng Shui / Vaastu Compliant', 'Intercom Facility', 'Lift(s)', 'High Ceiling Height', 'Maintenance Staff', 'False Ceiling Lighting', 'Water Storage', 'Recently Renovated', 'Piped-gas', 'Visitor Parking', 'Swimming Pool', 'Park', 'Natural Light', 'Internet/wi-fi connectivity', 'Shopping Centre', 'Fitness Centre / GYM', 'Waste Disposal', 'Rain Water Harvesting', 'Club house / Community Center', 'Water softening plant']",sector 90
"['Lift(s)', 'High Ceiling Height', 'Maintenance Staff', 'Swimming Pool', 'Park', 'Visitor Parking', 'Internet/wi-fi connectivity', 'Shopping Centre', 'Fitness Centre / GYM', 'Rain Water Harvesting']",sector 81
"['Security / Fire Alarm', 'Intercom Facility', 'Lift(s)', 'Maintenance Staff', 'Water Storage', 'Visitor Parking', 'Swimming Pool', 'Park', 'Security Personnel', 'Shopping Centre', 'Fitness Centre / GYM', 'Rain Water Harvesting', 'Club house / Community Center']",sector 37d
"['Water purifier', 'Centrally Air Conditioned', 'Security / Fire Alarm', 'Feng Shui / Vaastu Compliant', 'Private Garden / Terrace', 'Intercom Facility', 'Lift(s)', 'High Ceiling Height', 'Maintenance Staff', 'False Ceiling Lighting', 'Water Storage', 'Separate entry for servant room', 'No open drainage around', 'Bank Attached Property', 'Piped-gas', 'Internet/wi-fi connectivity', 'Recently Renovated', 'Visitor Parking', 'Swimming Pool', 'Park', 'Security Personnel', 'Natural Light', 'Airy Rooms', 'Spacious Interiors', 'Low Density Society', 'Waste Disposal', 'Rain Water Harvesting', 'Water softening plant', 'Shopping Centre', 'Fitness Centre / GYM', 'Club house / Community Center']",sector 73
,sector 67
"['Security / Fire Alarm', 'Feng Shui / Vaastu Compliant', 'Intercom Facility', 'Lift(s)', 'High Ceiling Height', 'Maintenance Staff', 'False Ceiling Lighting', 'Water Storage', 'Separate entry for servant room', 'No open drainage around', 'Visitor Parking', 'Swimming Pool', 'Park', 'Security Personnel', 'Internet/wi-fi connectivity', 'Shopping Centre', 'Fitness Centre / GYM', 'Waste Disposal', 'Rain Water Harvesting', 'Club house / Community Center', 'Water softening plant']",sector 85
"['Centrally Air Conditioned', 'Water purifier', 'Security / Fire Alarm', 'Feng Shui / Vaastu Compliant', 'Private Garden / Terrace', 'Intercom Facility', 'Lift(s)', 'High Ceiling Height', 'Maintenance Staff', 'False Ceiling Lighting', 'Water Storage', 'Separate entry for servant room', 'No open drainage around', 'Bank Attached Property', 'Piped-gas', 'Internet/wi-fi connectivity', 'Recently Renovated', 'Visitor Parking', 'Swimming Pool', 'Park', 'Security Personnel', 'Natural Light', 'Airy Rooms', 'Spacious Interiors', 'Low Density Society', 'Waste Disposal', 'Rain Water Harvesting', 'Water softening plant', 'Shopping Centre', 'Fitness Centre / GYM', 'Club house / Community Center']",sector 82a
,sector 69
"['Power Back-up', 'Intercom Facility', 'Lift(s)', 'High Ceiling Height', 'Maintenance Staff', 'Separate entry for servant room', 'No open drainage around', 'Piped-gas', 'Swimming Pool', 'Shopping Centre', 'Fitness Centre / GYM', 'Rain Water Harvesting', 'Club house / Community Center']",sector 37d
"['Feng Shui / Vaastu Compliant', 'Private Garden / Terrace', 'High Ceiling Height', 'False Ceiling Lighting', 'Water Storage', 'Separate entry for servant room', 'No open drainage around', 'Piped-gas', 'Park', 'Natural Light', 'Spacious Interiors', 'Fitness Centre / GYM', 'Waste Disposal', 'Club house / Community Center']",sohna road
"['Security / Fire Alarm', 'Power Back-up', 'Intercom Facility', 'Lift(s)', 'Maintenance Staff', 'Water Storage', 'Visitor Parking', 'Swimming Pool', 'Park', 'Shopping Centre', 'Fitness Centre / GYM', 'Waste Disposal', 'Rain Water Harvesting']",sector 83
"['Feng Shui / Vaastu Compliant', 'Security / Fire Alarm', 'Intercom Facility', 'Lift(s)', 'Maintenance Staff', 'Water Storage', 'Park']",sector 50
"['Feng Shui / Vaastu Compliant', 'Lift(s)', 'Park']",sector 109
,sector 46
,sector 28
,sector 95
"['Centrally Air Conditioned', 'Security / Fire Alarm', 'Feng Shui / Vaastu Compliant', 'Intercom Facility', 'Lift(s)', 'High Ceiling Height', 'Maintenance Staff', 'False Ceiling Lighting', 'Water Storage', 'Separate entry for servant room', 'No open drainage around', 'Internet/wi-fi connectivity', 'Recently Renovated', 'Visitor Parking', 'Swimming Pool', 'Park', 'Security Personnel', 'Natural Light', 'Airy Rooms', 'Spacious Interiors', 'Low Density Society', 'Waste Disposal', 'Rain Water Harvesting', 'Water softening plant', 'Shopping Centre', 'Fitness Centre / GYM', 'Club house / Community Center']",sector 37d
"['Power Back-up', 'Intercom Facility', 'Lift(s)', 'Swimming Pool', 'Maintenance Staff', 'Park', 'Visitor Parking', 'Security Personnel', 'Shopping Centre', 'Fitness Centre / GYM', 'Club house / Community Center', 'Rain Water Harvesting']",sector 66
"['Feng Shui / Vaastu Compliant', 'Security / Fire Alarm', 'Intercom Facility', 'Lift(s)', 'Maintenance Staff', 'Water Storage', 'Park', 'Visitor Parking']",sector 90
"['Feng Shui / Vaastu Compliant', 'Security / Fire Alarm', 'Intercom Facility', 'Lift(s)', 'Maintenance Staff', 'Swimming Pool', 'Water Storage', 'Park', 'Visitor Parking', 'Fitness Centre / GYM', 'Club house / Community Center', 'Rain Water Harvesting']",sector 90
"['Security / Fire Alarm', 'Lift(s)', 'Maintenance Staff', 'Park']",sector 79
"['Feng Shui / Vaastu Compliant', 'Lift(s)', 'Maintenance Staff', 'False Ceiling Lighting', 'Separate entry for servant room', 'Visitor Parking', 'Swimming Pool', 'Park', 'Security Personnel', 'Shopping Centre', 'Fitness Centre / GYM', 'Rain Water Harvesting', 'Club house / Community Center', 'Water softening plant']",sector 70
,sector 82
"['Feng Shui / Vaastu Compliant', 'Security / Fire Alarm', 'Lift(s)', 'Maintenance Staff', 'Water Storage', 'Park']",sector 28
"['Water purifier', 'No open drainage around', 'Recently Renovated', 'Bank Attached Property', 'Swimming Pool', 'Security Personnel', 'Natural Light', 'Internet/wi-fi connectivity', 'Airy Rooms', 'Spacious Interiors', 'Low Density Society', 'Shopping Centre', 'Fitness Centre / GYM', 'Waste Disposal', 'Rain Water Harvesting', 'Club house / Community Center', 'Water softening plant']",sector 3 phase 2
"['Security / Fire Alarm', 'Private Garden / Terrace', 'Intercom Facility', 'Lift(s)', 'High Ceiling Height', 'Maintenance Staff', 'False Ceiling Lighting', 'Water Storage', 'Separate entry for servant room', 'No open drainage around', 'Piped-gas', 'Internet/wi-fi connectivity', 'Visitor Parking', 'Swimming Pool', 'Park', 'Security Personnel', 'Natural Light', 'Airy Rooms', 'Spacious Interiors', 'Low Density Society', 'Waste Disposal', 'Rain Water Harvesting', 'Shopping Centre', 'Fitness Centre / GYM', 'Club house / Community Center']",sector 113
,sector 113
['Natural Light'],sector 102
"['Security / Fire Alarm', 'Feng Shui / Vaastu Compliant', 'Intercom Facility', 'Lift(s)', 'Centrally Air Conditioned', 'Maintenance Staff', 'Water Storage', 'Separate entry for servant room', 'No open drainage around', 'Recently Renovated', 'Piped-gas', 'Visitor Parking', 'Swimming Pool', 'Park', 'Security Personnel', 'Natural Light', 'Internet/wi-fi connectivity', 'Airy Rooms', 'Spacious Interiors', 'Low Density Society', 'Shopping Centre', 'Fitness Centre / GYM', 'Waste Disposal', 'Club house / Community Center']",sector 56
"['Feng Shui / Vaastu Compliant', 'Intercom Facility', 'Lift(s)', 'Park', 'Shopping Centre', 'Fitness Centre / GYM', 'Club house / Community Center', 'Rain Water Harvesting']",sector 68
"['Feng Shui / Vaastu Compliant', 'Private Garden / Terrace', 'High Ceiling Height', 'Maintenance Staff', 'Water Storage', 'Separate entry for servant room', 'No open drainage around', 'Visitor Parking', 'Park', 'Security Personnel', 'Fitness Centre / GYM', 'Waste Disposal', 'Rain Water Harvesting', 'Club house / Community Center']",sector 104
"['Security / Fire Alarm', 'Lift(s)', 'Maintenance Staff', 'Swimming Pool', 'Park']",sector 90
"['Security / Fire Alarm', 'Power Back-up', 'Lift(s)', 'Water purifier', 'High Ceiling Height', 'Maintenance Staff', 'Water Storage', 'Separate entry for servant room', 'No open drainage around', 'Recently Renovated', 'Piped-gas', 'Swimming Pool', 'Park', 'Security Personnel', 'Natural Light', 'Internet/wi-fi connectivity', 'Airy Rooms', 'Spacious Interiors', 'Low Density Society', 'Shopping Centre', 'Fitness Centre / GYM', 'Waste Disposal', 'Rain Water Harvesting', 'Club house / Community Center']",sector 103
"['Security / Fire Alarm', 'Intercom Facility', 'Lift(s)', 'High Ceiling Height', 'Maintenance Staff', 'Water Storage', 'No open drainage around', 'Park', 'Visitor Parking', 'Security Personnel', 'Internet/wi-fi connectivity', 'Waste Disposal']",sohna road
"['Lift(s)', 'Swimming Pool', 'Park', 'Fitness Centre / GYM', 'Club house / Community Center', 'Rain Water Harvesting']",sector 69
"['Feng Shui / Vaastu Compliant', 'Security / Fire Alarm', 'Lift(s)', 'Maintenance Staff', 'Water Storage', 'Park', 'Visitor Parking']",sector 50
"['Intercom Facility', 'Lift(s)', 'High Ceiling Height', 'Maintenance Staff', 'Swimming Pool', 'Separate entry for servant room', 'Park', 'Shopping Centre', 'Fitness Centre / GYM', 'Club house / Community Center', 'Rain Water Harvesting']",sector 95
,sohna road
"['Centrally Air Conditioned', 'Water purifier', 'Security / Fire Alarm', 'Power Back-up', 'Feng Shui / Vaastu Compliant', 'Intercom Facility', 'Lift(s)', 'High Ceiling Height', 'Maintenance Staff', 'False Ceiling Lighting', 'Water Storage', 'Separate entry for servant room', 'No open drainage around', 'Internet/wi-fi connectivity', 'Recently Renovated', 'Visitor Parking', 'Swimming Pool', 'Park', 'Security Personnel', 'Natural Light', 'Airy Rooms', 'Spacious Interiors', 'Low Density Society', 'Waste Disposal', 'Rain Water Harvesting', 'Water softening plant', 'Shopping Centre', 'Fitness Centre / GYM', 'Club house / Community Center']",sector 4
"['Water purifier', 'Security / Fire Alarm', 'Feng Shui / Vaastu Compliant', 'Private Garden / Terrace', 'Intercom Facility', 'Lift(s)', 'High Ceiling Height', 'Maintenance Staff', 'False Ceiling Lighting', 'Water Storage', 'Separate entry for servant room', 'No open drainage around', 'Bank Attached Property', 'Piped-gas', 'Internet/wi-fi connectivity', 'Recently Renovated', 'Visitor Parking', 'Swimming Pool', 'Park', 'Security Personnel', 'Natural Light', 'Airy Rooms', 'Spacious Interiors', 'Low Density Society', 'Waste Disposal', 'Rain Water Harvesting', 'Water softening plant', 'Shopping Centre', 'Fitness Centre / GYM', 'Club house / Community Center']",sector 50
"['Security / Fire Alarm', 'Power Back-up', 'Feng Shui / Vaastu Compliant', 'Intercom Facility', 'Lift(s)', 'Maintenance Staff', 'Water Storage', 'Bank Attached Property', 'Piped-gas', 'Visitor Parking', 'Swimming Pool', 'Park', 'Natural Light', 'Airy Rooms', 'Low Density Society', 'Shopping Centre', 'Fitness Centre / GYM', 'Waste Disposal', 'Rain Water Harvesting', 'Club house / Community Center']",sector 54
"['Security / Fire Alarm', 'Feng Shui / Vaastu Compliant', 'Intercom Facility', 'Lift(s)', 'High Ceiling Height', 'Maintenance Staff', 'Water Storage', 'Visitor Parking', 'Swimming Pool', 'Park', 'Fitness Centre / GYM', 'Rain Water Harvesting', 'Club house / Community Center']",sector 9
"['Power Back-up', 'Lift(s)', 'High Ceiling Height', 'Maintenance Staff', 'False Ceiling Lighting', 'Separate entry for servant room', 'No open drainage around', 'Visitor Parking', 'Swimming Pool', 'Park', 'Security Personnel', 'Shopping Centre', 'Fitness Centre / GYM', 'Club house / Community Center', 'Water softening plant']",sector 83
"['Water Storage', 'Waste Disposal']",sohna road
"['Security / Fire Alarm', 'Feng Shui / Vaastu Compliant', 'Intercom Facility', 'Lift(s)', 'Centrally Air Conditioned', 'High Ceiling Height', 'Maintenance Staff', 'Water Storage', 'No open drainage around', 'Piped-gas', 'Visitor Parking', 'Swimming Pool', 'Park', 'Natural Light', 'Airy Rooms', 'Fitness Centre / GYM', 'Waste Disposal', 'Rain Water Harvesting', 'Club house / Community Center', 'Water softening plant']",dwarka expressway
,sector 92
"['Lift(s)', 'Park', 'Recently Renovated', 'Security Personnel', 'Natural Light', 'Airy Rooms', 'Spacious Interiors']",gwal pahari
"['Centrally Air Conditioned', 'Security / Fire Alarm', 'Power Back-up', 'Feng Shui / Vaastu Compliant', 'Intercom Facility', 'Lift(s)', 'High Ceiling Height', 'Maintenance Staff', 'False Ceiling Lighting', 'Water Storage', 'Separate entry for servant room', 'No open drainage around', 'Bank Attached Property', 'Piped-gas', 'Internet/wi-fi connectivity', 'Recently Renovated', 'Visitor Parking', 'Swimming Pool', 'Park', 'Security Personnel', 'Natural Light', 'Airy Rooms', 'Spacious Interiors', 'Low Density Society', 'Waste Disposal', 'Rain Water Harvesting', 'Water softening plant', 'Shopping Centre', 'Fitness Centre / GYM', 'Club house / Community Center']",sector 107
,sector 104
"['Security / Fire Alarm', 'Feng Shui / Vaastu Compliant', 'Private Garden / Terrace', 'Water purifier', 'High Ceiling Height', 'Maintenance Staff', 'False Ceiling Lighting', 'Water Storage', 'Separate entry for servant room', 'No open drainage around', 'Recently Renovated', 'Piped-gas', 'Visitor Parking', 'Swimming Pool', 'Park', 'Security Personnel', 'Natural Light', 'Airy Rooms', 'Internet/wi-fi connectivity', 'Spacious Interiors', 'Fitness Centre / GYM', 'Waste Disposal', 'Rain Water Harvesting', 'Club house / Community Center']",sector 81
,sector 69
"['Feng Shui / Vaastu Compliant', 'High Ceiling Height', 'False Ceiling Lighting', 'Visitor Parking', 'Waste Disposal']",sector 41
"['Security / Fire Alarm', 'Power Back-up', 'Feng Shui / Vaastu Compliant', 'Intercom Facility', 'Lift(s)', 'High Ceiling Height', 'Maintenance Staff', 'Water Storage', 'No open drainage around', 'Visitor Parking', 'Swimming Pool', 'Park', 'Natural Light', 'Internet/wi-fi connectivity', 'Airy Rooms', 'Low Density Society', 'Shopping Centre', 'Rain Water Harvesting']",sector 69
"['Lift(s)', 'Park']",sector 89
"['Centrally Air Conditioned', 'Water purifier', 'Security / Fire Alarm', 'Feng Shui / Vaastu Compliant', 'Intercom Facility', 'Lift(s)', 'High Ceiling Height', 'Maintenance Staff', 'Water Storage', 'Separate entry for servant room', 'No open drainage around', 'Bank Attached Property', 'Piped-gas', 'Internet/wi-fi connectivity', 'Recently Renovated', 'Visitor Parking', 'Swimming Pool', 'Park', 'Security Personnel', 'Natural Light', 'Airy Rooms', 'Spacious Interiors', 'Low Density Society', 'Waste Disposal', 'Rain Water Harvesting', 'Water softening plant', 'Shopping Centre', 'Fitness Centre / GYM', 'Club house / Community Center']",sector 11
,sector 15
"['Centrally Air Conditioned', 'Security / Fire Alarm', 'Feng Shui / Vaastu Compliant', 'Intercom Facility', 'Lift(s)', 'High Ceiling Height', 'Maintenance Staff', 'Water Storage', 'No open drainage around', 'Bank Attached Property', 'Piped-gas', 'Visitor Parking', 'Swimming Pool', 'Park', 'Security Personnel', 'Natural Light', 'Airy Rooms', 'Spacious Interiors', 'Low Density Society', 'Waste Disposal', 'Rain Water Harvesting', 'Water softening plant', 'Shopping Centre', 'Fitness Centre / GYM', 'Club house / Community Center']",sector 80
"['Power Back-up', 'Intercom Facility', 'Lift(s)', 'High Ceiling Height', 'Maintenance Staff', 'Separate entry for servant room', 'No open drainage around', 'Visitor Parking', 'Swimming Pool', 'Park', 'Internet/wi-fi connectivity', 'Fitness Centre / GYM', 'Club house / Community Center', 'Water softening plant']",sohna road
"['Feng Shui / Vaastu Compliant', 'Intercom Facility', 'Lift(s)', 'Swimming Pool', 'Park', 'Fitness Centre / GYM', 'Club house / Community Center', 'Water softening plant']",sector 84
"['Security / Fire Alarm', 'Power Back-up', 'Intercom Facility', 'Lift(s)', 'Maintenance Staff', 'Recently Renovated', 'Swimming Pool', 'Park', 'Security Personnel', 'Natural Light', 'Airy Rooms', 'Spacious Interiors', 'Shopping Centre', 'Rain Water Harvesting', 'Club house / Community Center']",sector 26
"['Power Back-up', 'Feng Shui / Vaastu Compliant', 'Intercom Facility', 'Lift(s)', 'Swimming Pool', 'Park', 'Fitness Centre / GYM', 'Club house / Community Center']",sector 92
"['Security / Fire Alarm', 'Feng Shui / Vaastu Compliant', 'Intercom Facility', 'Lift(s)', 'Maintenance Staff', 'Water Storage', 'Bank Attached Property', 'Visitor Parking', 'Swimming Pool', 'Park', 'Security Personnel', 'Internet/wi-fi connectivity', 'Shopping Centre', 'Fitness Centre / GYM', 'Waste Disposal', 'Rain Water Harvesting', 'Club house / Community Center']",sector 56
"['Feng Shui / Vaastu Compliant', 'Private Garden / Terrace', 'High Ceiling Height', 'False Ceiling Lighting', 'Separate entry for servant room', 'Visitor Parking', 'Natural Light', 'Spacious Interiors']",sector 77
"['Security / Fire Alarm', 'Intercom Facility', 'Lift(s)', 'Maintenance Staff', 'Water Storage', 'Park', 'Piped-gas', 'Security Personnel', 'Internet/wi-fi connectivity', 'Club house / Community Center', 'Rain Water Harvesting', 'Water softening plant']",sector 26
"['Power Back-up', 'Feng Shui / Vaastu Compliant', 'Intercom Facility', 'Lift(s)', 'Maintenance Staff', 'Swimming Pool', 'Park', 'Security Personnel', 'Internet/wi-fi connectivity', 'Shopping Centre', 'Fitness Centre / GYM', 'Rain Water Harvesting', 'Club house / Community Center', 'Water softening plant']",sector 104
"['Feng Shui / Vaastu Compliant', 'Security / Fire Alarm', 'Intercom Facility', 'Lift(s)', 'Maintenance Staff', 'Water Storage', 'Park', 'Visitor Parking']",sector 70a
,sector 2
"['Feng Shui / Vaastu Compliant', 'Maintenance Staff', 'Water Storage', 'Park', 'Visitor Parking', 'Waste Disposal']",sector 37d
"['Security / Fire Alarm', 'Intercom Facility', 'Lift(s)', 'Maintenance Staff', 'Park', 'Visitor Parking']",sector 21
"['Intercom Facility', 'Lift(s)', 'Maintenance Staff', 'Park']",sector 50
"['Power Back-up', 'Feng Shui / Vaastu Compliant', 'Intercom Facility', 'Lift(s)', 'Maintenance Staff', 'Bank Attached Property', 'Piped-gas', 'Visitor Parking', 'Swimming Pool', 'Park', 'Natural Light', 'Airy Rooms', 'Low Density Society', 'Shopping Centre', 'Fitness Centre / GYM', 'Waste Disposal', 'Rain Water Harvesting', 'Club house / Community Center', 'Water softening plant']",sector 69
"['Security / Fire Alarm', 'Feng Shui / Vaastu Compliant', 'Intercom Facility', 'Lift(s)', 'Maintenance Staff', 'Water Storage', 'Piped-gas', 'Visitor Parking', 'Swimming Pool', 'Park', 'Security Personnel', 'Natural Light', 'Internet/wi-fi connectivity', 'Airy Rooms', 'Shopping Centre', 'Fitness Centre / GYM', 'Rain Water Harvesting', 'Club house / Community Center', 'Water softening plant']",sector 52
"['Security / Fire Alarm', 'Feng Shui / Vaastu Compliant', 'Private Garden / Terrace', 'Intercom Facility', 'Lift(s)', 'High Ceiling Height', 'Maintenance Staff', 'False Ceiling Lighting', 'Water Storage', 'Separate entry for servant room', 'No open drainage around', 'Bank Attached Property', 'Piped-gas', 'Internet/wi-fi connectivity', 'Swimming Pool', 'Park', 'Security Personnel', 'Natural Light', 'Airy Rooms', 'Spacious Interiors', 'Low Density Society', 'Waste Disposal', 'Water softening plant', 'Shopping Centre', 'Fitness Centre / GYM', 'Club house / Community Center']",sector 26
"['Feng Shui / Vaastu Compliant', 'Intercom Facility', 'Maintenance Staff', 'Swimming Pool', 'Security Personnel', 'Internet/wi-fi connectivity', 'Fitness Centre / GYM', 'Club house / Community Center', 'Rain Water Harvesting']",sector 88b
"['Feng Shui / Vaastu Compliant', 'Private Garden / Terrace', 'High Ceiling Height', 'Maintenance Staff', 'False Ceiling Lighting', 'Water Storage', 'Separate entry for servant room', 'No open drainage around', 'Bank Attached Property', 'Piped-gas', 'Visitor Parking', 'Swimming Pool', 'Park', 'Security Personnel', 'Internet/wi-fi connectivity', 'Low Density Society', 'Fitness Centre / GYM', 'Waste Disposal', 'Rain Water Harvesting', 'Club house / Community Center']",sector 82
,sector 107
"['Water purifier', 'Security / Fire Alarm', 'Power Back-up', 'Feng Shui / Vaastu Compliant', 'Private Garden / Terrace', 'Intercom Facility', 'Lift(s)', 'High Ceiling Height', 'Maintenance Staff', 'False Ceiling Lighting', 'Water Storage', 'Separate entry for servant room', 'No open drainage around', 'Bank Attached Property', 'Internet/wi-fi connectivity', 'Recently Renovated', 'Visitor Parking', 'Swimming Pool', 'Park', 'Security Personnel', 'Natural Light', 'Airy Rooms', 'Spacious Interiors', 'Low Density Society', 'Waste Disposal', 'Rain Water Harvesting', 'Water softening plant', 'Shopping Centre', 'Fitness Centre / GYM', 'Club house / Community Center']",sector 86
,sector 73
,sector 50
"['Power Back-up', 'Intercom Facility', 'Lift(s)', 'Security Personnel', 'Maintenance Staff', 'Internet/wi-fi connectivity', 'Swimming Pool', 'Park', 'Club house / Community Center', 'Fitness Centre / GYM', 'Rain Water Harvesting']",sohna road
"['Centrally Air Conditioned', 'Water purifier', 'Security / Fire Alarm', 'Feng Shui / Vaastu Compliant', 'Private Garden / Terrace', 'Intercom Facility', 'Lift(s)', 'High Ceiling Height', 'Maintenance Staff', 'False Ceiling Lighting', 'Water Storage', 'Separate entry for servant room', 'No open drainage around', 'Piped-gas', 'Internet/wi-fi connectivity', 'Recently Renovated', 'Visitor Parking', 'Swimming Pool', 'Park', 'Security Personnel', 'Natural Light', 'Airy Rooms', 'Spacious Interiors', 'Waste Disposal', 'Rain Water Harvesting', 'Water softening plant', 'Shopping Centre', 'Fitness Centre / GYM', 'Club house / Community Center']",sector 109
['Private Garden / Terrace'],manesar
"['Water purifier', 'Centrally Air Conditioned', 'Security / Fire Alarm', 'Feng Shui / Vaastu Compliant', 'Private Garden / Terrace', 'Intercom Facility', 'Lift(s)', 'High Ceiling Height', 'Maintenance Staff', 'False Ceiling Lighting', 'Water Storage', 'Separate entry for servant room', 'No open drainage around', 'Piped-gas', 'Internet/wi-fi connectivity', 'Recently Renovated', 'Visitor Parking', 'Swimming Pool', 'Park', 'Security Personnel', 'Natural Light', 'Airy Rooms', 'Spacious Interiors', 'Low Density Society', 'Waste Disposal', 'Rain Water Harvesting', 'Water softening plant', 'Shopping Centre', 'Fitness Centre / GYM', 'Club house / Community Center']",sector 89
"['Security / Fire Alarm', 'Feng Shui / Vaastu Compliant', 'Intercom Facility', 'Lift(s)', 'Maintenance Staff', 'Water Storage', 'Visitor Parking', 'Swimming Pool', 'Park', 'Internet/wi-fi connectivity', 'Shopping Centre', 'Fitness Centre / GYM', 'Club house / Community Center']",sector 79
"['Lift(s)', 'Park', 'Piped-gas']",sector 84
"['Centrally Air Conditioned', 'Water purifier', 'Security / Fire Alarm', 'Power Back-up', 'Feng Shui / Vaastu Compliant', 'Intercom Facility', 'Lift(s)', 'High Ceiling Height', 'Maintenance Staff', 'False Ceiling Lighting', 'Water Storage', 'Separate entry for servant room', 'No open drainage around', 'Bank Attached Property', 'Piped-gas', 'Internet/wi-fi connectivity', 'Recently Renovated', 'Visitor Parking', 'Swimming Pool', 'Park', 'Security Personnel', 'Natural Light', 'Airy Rooms', 'Spacious Interiors', 'Low Density Society', 'Waste Disposal', 'Rain Water Harvesting', 'Water softening plant', 'Shopping Centre', 'Fitness Centre / GYM', 'Club house / Community Center']",sector 37d
"['Feng Shui / Vaastu Compliant', 'Security / Fire Alarm', 'Intercom Facility', 'Lift(s)', 'Maintenance Staff', 'Swimming Pool', 'Water Storage', 'Park', 'Visitor Parking', 'Shopping Centre', 'Fitness Centre / GYM', 'Club house / Community Center']",sohna road
"['Intercom Facility', 'Lift(s)', 'Maintenance Staff', 'Swimming Pool', 'Park', 'Security Personnel', 'Shopping Centre', 'Fitness Centre / GYM', 'Club house / Community Center', 'Rain Water Harvesting']",sector 28
"['Power Back-up', 'Feng Shui / Vaastu Compliant', 'Intercom Facility', 'Lift(s)', 'Maintenance Staff', 'Piped-gas', 'Visitor Parking', 'Swimming Pool', 'Park', 'Natural Light', 'Airy Rooms', 'Low Density Society', 'Shopping Centre', 'Fitness Centre / GYM', 'Waste Disposal', 'Rain Water Harvesting', 'Club house / Community Center']",sector 104
"['Feng Shui / Vaastu Compliant', 'Security / Fire Alarm', 'Intercom Facility', 'Lift(s)', 'Maintenance Staff', 'Water Storage', 'Park', 'Visitor Parking']",sector 28
"['Security / Fire Alarm', 'Power Back-up', 'Feng Shui / Vaastu Compliant', 'Private Garden / Terrace', 'Intercom Facility', 'Lift(s)', 'Maintenance Staff', 'False Ceiling Lighting', 'Water Storage', 'No open drainage around', 'Piped-gas', 'Internet/wi-fi connectivity', 'Visitor Parking', 'Swimming Pool', 'Park', 'Security Personnel', 'Natural Light', 'Airy Rooms', 'Spacious Interiors', 'Waste Disposal', 'Rain Water Harvesting', 'Water softening plant', 'Shopping Centre', 'Fitness Centre / GYM', 'Club house / Community Center']",sector 54
"['Water purifier', 'Security / Fire Alarm', 'Power Back-up', 'Feng Shui / Vaastu Compliant', 'Private Garden / Terrace', 'Intercom Facility', 'Lift(s)', 'High Ceiling Height', 'Maintenance Staff', 'Water Storage', 'Separate entry for servant room', 'No open drainage around', 'Bank Attached Property', 'Internet/wi-fi connectivity', 'Recently Renovated', 'Visitor Parking', 'Swimming Pool', 'Park', 'Security Personnel', 'Natural Light', 'Airy Rooms', 'Spacious Interiors', 'Low Density Society', 'Waste Disposal', 'Rain Water Harvesting', 'Water softening plant', 'Shopping Centre', 'Fitness Centre / GYM', 'Club house / Community Center']",sector 109
"['Feng Shui / Vaastu Compliant', 'Intercom Facility', 'Lift(s)', 'Park', 'Natural Light']",sector 4
"['Centrally Air Conditioned', 'Water purifier', 'Security / Fire Alarm', 'Feng Shui / Vaastu Compliant', 'Intercom Facility', 'Lift(s)', 'High Ceiling Height', 'Maintenance Staff', 'False Ceiling Lighting', 'Water Storage', 'Separate entry for servant room', 'No open drainage around', 'Piped-gas', 'Internet/wi-fi connectivity', 'Recently Renovated', 'Visitor Parking', 'Swimming Pool', 'Park', 'Security Personnel', 'Natural Light', 'Airy Rooms', 'Spacious Interiors', 'Low Density Society', 'Waste Disposal', 'Rain Water Harvesting', 'Water softening plant', 'Shopping Centre', 'Fitness Centre / GYM', 'Club house / Community Center']",sector 84
"['Power Back-up', 'Feng Shui / Vaastu Compliant', 'Intercom Facility', 'Lift(s)', 'High Ceiling Height', 'Maintenance Staff', 'No open drainage around', 'Recently Renovated', 'Piped-gas', 'Swimming Pool', 'Park', 'Security Personnel', 'Natural Light', 'Internet/wi-fi connectivity', 'Airy Rooms', 'Low Density Society', 'Shopping Centre', 'Fitness Centre / GYM', 'Waste Disposal', 'Rain Water Harvesting', 'Club house / Community Center', 'Water softening plant']",sector 86
"['Power Back-up', 'Lift(s)', 'High Ceiling Height', 'Maintenance Staff', 'Separate entry for servant room', 'No open drainage around', 'Visitor Parking', 'Swimming Pool', 'Park', 'Internet/wi-fi connectivity', 'Fitness Centre / GYM', 'Club house / Community Center', 'Water softening plant']",sector 7
,sector 111
"['Swimming Pool', 'Security Personnel', 'Fitness Centre / GYM', 'Club house / Community Center', 'Rain Water Harvesting']",sector 86
"['Intercom Facility', 'Lift(s)', 'Swimming Pool', 'Park', 'Security Personnel', 'Maintenance Staff', 'Club house / Community Center', 'Fitness Centre / GYM', 'Rain Water Harvesting', 'Shopping Centre']",sector 48
"['Power Back-up', 'Intercom Facility', 'Lift(s)', 'Swimming Pool', 'Maintenance Staff', 'Park', 'Security Personnel', 'Internet/wi-fi connectivity', 'Shopping Centre', 'Fitness Centre / GYM', 'Club house / Community Center', 'Rain Water Harvesting']",sector 107
"['Feng Shui / Vaastu Compliant', 'Security / Fire Alarm', 'Lift(s)', 'Maintenance Staff', 'Water Storage', 'Park']",sector 36a
"['Security / Fire Alarm', 'Intercom Facility', 'Lift(s)', 'Maintenance Staff', 'Water Storage', 'Park', 'Visitor Parking']",sector 79
"['Security / Fire Alarm', 'Private Garden / Terrace', 'Intercom Facility', 'Lift(s)', 'Water Storage', 'Piped-gas', 'Visitor Parking', 'Swimming Pool', 'Park', 'Security Personnel', 'Natural Light', 'Internet/wi-fi connectivity', 'Airy Rooms', 'Shopping Centre', 'Fitness Centre / GYM', 'Rain Water Harvesting', 'Club house / Community Center']",sector 107
"['Feng Shui / Vaastu Compliant', 'Security / Fire Alarm', 'Intercom Facility', 'Lift(s)', 'Maintenance Staff', 'Water Storage', 'Park', 'Visitor Parking']",sector 83
"['Feng Shui / Vaastu Compliant', 'Private Garden / Terrace', 'Maintenance Staff', 'Water Storage', 'Visitor Parking', 'Waste Disposal', 'Rain Water Harvesting']",sector 25
"['Power Back-up', 'Feng Shui / Vaastu Compliant', 'Intercom Facility', 'Lift(s)', 'Maintenance Staff', 'No open drainage around', 'Piped-gas', 'Swimming Pool', 'Park', 'Security Personnel', 'Internet/wi-fi connectivity', 'Shopping Centre', 'Fitness Centre / GYM', 'Waste Disposal', 'Rain Water Harvesting', 'Club house / Community Center', 'Water softening plant']",sector 69
"['Security / Fire Alarm', 'Intercom Facility', 'Lift(s)', 'Maintenance Staff', 'Separate entry for servant room', 'Visitor Parking', 'Swimming Pool', 'Park', 'Natural Light', 'Internet/wi-fi connectivity', 'Airy Rooms', 'Spacious Interiors', 'Fitness Centre / GYM', 'Waste Disposal', 'Rain Water Harvesting']",sector 22
"['Feng Shui / Vaastu Compliant', 'Security / Fire Alarm', 'Intercom Facility', 'Lift(s)', 'Maintenance Staff', 'Swimming Pool', 'Water Storage', 'Park', 'Piped-gas', 'Visitor Parking', 'Fitness Centre / GYM', 'Club house / Community Center']",sector 69
"['Security / Fire Alarm', 'Lift(s)', 'Maintenance Staff', 'Water Storage', 'Park', 'Visitor Parking']",sector 99a
"['Security / Fire Alarm', 'Power Back-up', 'Feng Shui / Vaastu Compliant', 'Intercom Facility', 'Lift(s)', 'Maintenance Staff', 'Water Storage', 'Separate entry for servant room', 'No open drainage around', 'Bank Attached Property', 'Piped-gas', 'Internet/wi-fi connectivity', 'Visitor Parking', 'Swimming Pool', 'Park', 'Security Personnel', 'Natural Light', 'Airy Rooms', 'Low Density Society', 'Waste Disposal', 'Rain Water Harvesting', 'Water softening plant', 'Shopping Centre', 'Fitness Centre / GYM', 'Club house / Community Center']",sector 83
"['Feng Shui / Vaastu Compliant', 'Security / Fire Alarm', 'Intercom Facility', 'Lift(s)', 'Maintenance Staff', 'Water Storage', 'Park', 'Visitor Parking']",sector 107
"['Feng Shui / Vaastu Compliant', 'Intercom Facility', 'Lift(s)', 'Maintenance Staff', 'Park']",sector 108
['Piped-gas'],sector 86
"['Centrally Air Conditioned', 'Water purifier', 'Security / Fire Alarm', 'Feng Shui / Vaastu Compliant', 'Intercom Facility', 'Lift(s)', 'High Ceiling Height', 'Maintenance Staff', 'Water Storage', 'Separate entry for servant room', 'No open drainage around', 'Bank Attached Property', 'Internet/wi-fi connectivity', 'Recently Renovated', 'Visitor Parking', 'Park', 'Security Personnel', 'Natural Light', 'Airy Rooms', 'Low Density Society', 'Waste Disposal', 'Rain Water Harvesting', 'Water softening plant', 'Shopping Centre', 'Fitness Centre / GYM', 'Club house / Community Center']",sector 82
"['Security / Fire Alarm', 'Lift(s)', 'Maintenance Staff', 'Park', 'Visitor Parking']",sector 63a
,sector 108
,sector 56
"['Power Back-up', 'Feng Shui / Vaastu Compliant', 'Intercom Facility', 'Lift(s)', 'Maintenance Staff', 'Piped-gas', 'Visitor Parking', 'Swimming Pool', 'Park', 'Natural Light', 'Airy Rooms', 'Low Density Society', 'Shopping Centre', 'Fitness Centre / GYM', 'Waste Disposal', 'Rain Water Harvesting', 'Club house / Community Center']",sector 48
,sector 107
"['Lift(s)', 'Swimming Pool', 'Park', 'Shopping Centre', 'Fitness Centre / GYM', 'Club house / Community Center']",sector 39
"['Feng Shui / Vaastu Compliant', 'Intercom Facility', 'Lift(s)', 'Maintenance Staff', 'No open drainage around', 'Recently Renovated', 'Piped-gas', 'Swimming Pool', 'Park', 'Security Personnel', 'Natural Light', 'Internet/wi-fi connectivity', 'Airy Rooms', 'Low Density Society', 'Shopping Centre', 'Fitness Centre / GYM', 'Rain Water Harvesting', 'Club house / Community Center', 'Water softening plant']",sector 63
"['Water purifier', 'Centrally Air Conditioned', 'Security / Fire Alarm', 'Feng Shui / Vaastu Compliant', 'Private Garden / Terrace', 'Intercom Facility', 'Lift(s)', 'High Ceiling Height', 'Maintenance Staff', 'False Ceiling Lighting', 'Water Storage', 'Separate entry for servant room', 'No open drainage around', 'Bank Attached Property', 'Piped-gas', 'Internet/wi-fi connectivity', 'Recently Renovated', 'Visitor Parking', 'Swimming Pool', 'Park', 'Natural Light', 'Airy Rooms', 'Spacious Interiors', 'Low Density Society', 'Waste Disposal', 'Rain Water Harvesting', 'Fitness Centre / GYM', 'Club house / Community Center']",sector 37d
"['Feng Shui / Vaastu Compliant', 'Security / Fire Alarm', 'Intercom Facility', 'Lift(s)', 'Maintenance Staff', 'Water Storage', 'Park', 'Visitor Parking']",sector 63a
,sector 4
"['Feng Shui / Vaastu Compliant', 'Security / Fire Alarm', 'Intercom Facility', 'Lift(s)', 'Maintenance Staff', 'Water Storage', 'Park', 'Visitor Parking']",sector 51
"['Security / Fire Alarm', 'Power Back-up', 'Feng Shui / Vaastu Compliant', 'Intercom Facility', 'Lift(s)', 'Water purifier', 'High Ceiling Height', 'Maintenance Staff', 'Water Storage', 'Separate entry for servant room', 'No open drainage around', 'Visitor Parking', 'Swimming Pool', 'Park', 'Natural Light', 'Internet/wi-fi connectivity', 'Airy Rooms', 'Low Density Society', 'Fitness Centre / GYM', 'Waste Disposal', 'Rain Water Harvesting', 'Club house / Community Center', 'Water softening plant']",sector 10a
"['Security / Fire Alarm', 'Feng Shui / Vaastu Compliant', 'Intercom Facility', 'Lift(s)', 'Centrally Air Conditioned', 'Maintenance Staff', 'Water Storage', 'Visitor Parking', 'Swimming Pool', 'Park', 'Security Personnel', 'Natural Light', 'Airy Rooms', 'Spacious Interiors', 'Shopping Centre', 'Fitness Centre / GYM', 'Waste Disposal', 'Club house / Community Center']",sector 65
"['Centrally Air Conditioned', 'Water purifier', 'Security / Fire Alarm', 'Feng Shui / Vaastu Compliant', 'Private Garden / Terrace', 'Intercom Facility', 'Lift(s)', 'High Ceiling Height', 'Maintenance Staff', 'False Ceiling Lighting', 'Water Storage', 'Separate entry for servant room', 'No open drainage around', 'Piped-gas', 'Internet/wi-fi connectivity', 'Recently Renovated', 'Visitor Parking', 'Swimming Pool', 'Park', 'Security Personnel', 'Natural Light', 'Airy Rooms', 'Spacious Interiors', 'Waste Disposal', 'Water softening plant', 'Shopping Centre', 'Fitness Centre / GYM', 'Club house / Community Center']",sector 86
"['Maintenance Staff', 'Park', 'Visitor Parking']",sector 43
"['Security / Fire Alarm', 'Power Back-up', 'Feng Shui / Vaastu Compliant', 'Private Garden / Terrace', 'Intercom Facility', 'Lift(s)', 'Maintenance Staff', 'Water Storage', 'Separate entry for servant room', 'No open drainage around', 'Bank Attached Property', 'Piped-gas', 'Visitor Parking', 'Swimming Pool', 'Park', 'Security Personnel', 'Natural Light', 'Airy Rooms', 'Low Density Society', 'Waste Disposal', 'Rain Water Harvesting', 'Water softening plant', 'Shopping Centre', 'Fitness Centre / GYM', 'Club house / Community Center']",sector 23
,sector 84
"['Centrally Air Conditioned', 'Water purifier', 'Security / Fire Alarm', 'Feng Shui / Vaastu Compliant', 'Intercom Facility', 'Lift(s)', 'High Ceiling Height', 'Maintenance Staff', 'False Ceiling Lighting', 'Water Storage', 'Separate entry for servant room', 'No open drainage around', 'Bank Attached Property', 'Piped-gas', 'Internet/wi-fi connectivity', 'Recently Renovated', 'Visitor Parking', 'Swimming Pool', 'Park', 'Natural Light', 'Airy Rooms', 'Spacious Interiors', 'Low Density Society', 'Waste Disposal', 'Rain Water Harvesting', 'Water softening plant', 'Shopping Centre', 'Fitness Centre / GYM', 'Club house / Community Center']",sector 69
"['Feng Shui / Vaastu Compliant', 'Security / Fire Alarm', 'Intercom Facility', 'Lift(s)', 'High Ceiling Height', 'Maintenance Staff', 'Water Storage', 'Park', 'Visitor Parking']",sector 95
"['Feng Shui / Vaastu Compliant', 'Security / Fire Alarm', 'Intercom Facility', 'Lift(s)', 'Maintenance Staff', 'Water Storage', 'Park', 'Visitor Parking']",sector 113
"['Security / Fire Alarm', 'Feng Shui / Vaastu Compliant', 'Private Garden / Terrace', 'Water purifier', 'Maintenance Staff', 'Water Storage', 'Separate entry for servant room', 'No open drainage around', 'Visitor Parking', 'Swimming Pool', 'Park', 'Security Personnel', 'Natural Light', 'Airy Rooms', 'Spacious Interiors', 'Low Density Society', 'Fitness Centre / GYM', 'Waste Disposal', 'Rain Water Harvesting', 'Club house / Community Center']",sector 113
"['Power Back-up', 'Intercom Facility', 'Lift(s)', 'Swimming Pool', 'Park', 'Piped-gas', 'Internet/wi-fi connectivity', 'Fitness Centre / GYM', 'Club house / Community Center']",sector 81
"['Centrally Air Conditioned', 'Internet/wi-fi connectivity']",sector 67
,sector 90
"['Feng Shui / Vaastu Compliant', 'Security / Fire Alarm', 'Intercom Facility', 'Lift(s)', 'Maintenance Staff', 'Swimming Pool', 'Water Storage', 'Park', 'Visitor Parking', 'Shopping Centre', 'Fitness Centre / GYM', 'Club house / Community Center']",sector 67a
,sector 104
"['Feng Shui / Vaastu Compliant', 'Security / Fire Alarm', 'Private Garden / Terrace', 'Maintenance Staff', 'Water Storage', 'Park', 'Piped-gas', 'Visitor Parking', 'Waste Disposal', 'Rain Water Harvesting']",manesar
"['Feng Shui / Vaastu Compliant', 'Private Garden / Terrace', 'Maintenance Staff', 'Water Storage', 'Park', 'Visitor Parking', 'Waste Disposal', 'Rain Water Harvesting']",sector 69
"['Centrally Air Conditioned', 'Water purifier', 'Security / Fire Alarm', 'Feng Shui / Vaastu Compliant', 'Private Garden / Terrace', 'Intercom Facility', 'Lift(s)', 'High Ceiling Height', 'Maintenance Staff', 'False Ceiling Lighting', 'Water Storage', 'Separate entry for servant room', 'No open drainage around', 'Piped-gas', 'Internet/wi-fi connectivity', 'Recently Renovated', 'Visitor Parking', 'Swimming Pool', 'Park', 'Security Personnel', 'Natural Light', 'Airy Rooms', 'Spacious Interiors', 'Waste Disposal', 'Rain Water Harvesting', 'Water softening plant', 'Shopping Centre', 'Fitness Centre / GYM', 'Club house / Community Center']",sohna road
"['Security / Fire Alarm', 'Feng Shui / Vaastu Compliant', 'Intercom Facility', 'Lift(s)', 'Water purifier', 'Maintenance Staff', 'Water Storage', 'Separate entry for servant room', 'No open drainage around', 'Piped-gas', 'Visitor Parking', 'Swimming Pool', 'Park', 'Security Personnel', 'Internet/wi-fi connectivity', 'Shopping Centre', 'Fitness Centre / GYM', 'Waste Disposal', 'Rain Water Harvesting', 'Club house / Community Center', 'Water softening plant']",sector 95
"['Security / Fire Alarm', 'Lift(s)', 'Water Storage', 'Park', 'Visitor Parking']",sector 83
"['Power Back-up', 'Intercom Facility', 'Lift(s)', 'Swimming Pool', 'Maintenance Staff', 'Water Storage', 'Park', 'Visitor Parking', 'Security Personnel', 'Fitness Centre / GYM', 'Club house / Community Center', 'Rain Water Harvesting']",sector 85
,sector 22
"['Feng Shui / Vaastu Compliant', 'Private Garden / Terrace', 'High Ceiling Height', 'Water Storage', 'Separate entry for servant room', 'No open drainage around', 'Visitor Parking', 'Security Personnel', 'Low Density Society', 'Waste Disposal', 'Rain Water Harvesting']",sector 106
,sohna road
"['Private Garden / Terrace', 'Water Storage', 'Park', 'Visitor Parking']",sector 102
"['Power Back-up', 'Intercom Facility', 'Lift(s)', 'Water purifier', 'Maintenance Staff', 'No open drainage around', 'Bank Attached Property', 'Piped-gas', 'Visitor Parking', 'Swimming Pool', 'Park', 'Security Personnel', 'Shopping Centre', 'Fitness Centre / GYM', 'Club house / Community Center', 'Water softening plant']",sector 109
"['Feng Shui / Vaastu Compliant', 'Security / Fire Alarm', 'Intercom Facility', 'Lift(s)', 'Maintenance Staff', 'Water Storage', 'Park', 'Visitor Parking']",sector 62
"['Security / Fire Alarm', 'Intercom Facility', 'Lift(s)', 'Maintenance Staff', 'Water Storage', 'Park', 'Visitor Parking']",sector 11
"['Private Garden / Terrace', 'Maintenance Staff', 'False Ceiling Lighting', 'Swimming Pool', 'Water Storage', 'No open drainage around', 'Park', 'Piped-gas', 'Visitor Parking', 'Fitness Centre / GYM', 'Club house / Community Center']",sector 113
"['Power Back-up', 'Feng Shui / Vaastu Compliant', 'Intercom Facility', 'Lift(s)', 'High Ceiling Height', 'Maintenance Staff', 'False Ceiling Lighting', 'Water Storage', 'Separate entry for servant room', 'No open drainage around', 'Visitor Parking', 'Swimming Pool', 'Park', 'Internet/wi-fi connectivity', 'Shopping Centre', 'Fitness Centre / GYM', 'Waste Disposal', 'Rain Water Harvesting', 'Club house / Community Center', 'Water softening plant']",sector 10a
,sector 65
"['Feng Shui / Vaastu Compliant', 'Intercom Facility', 'Lift(s)', 'Maintenance Staff', 'Park']",sector 2
"['Security / Fire Alarm', 'Lift(s)', 'Water Storage', 'Park']",sector 58
"['Security / Fire Alarm', 'Feng Shui / Vaastu Compliant', 'Intercom Facility', 'Lift(s)', 'Water purifier', 'Maintenance Staff', 'False Ceiling Lighting', 'Water Storage', 'Bank Attached Property', 'Piped-gas', 'Visitor Parking', 'Swimming Pool', 'Park', 'Security Personnel', 'Natural Light', 'Internet/wi-fi connectivity', 'Airy Rooms', 'Spacious Interiors', 'Low Density Society', 'Shopping Centre', 'Fitness Centre / GYM', 'Waste Disposal', 'Club house / Community Center', 'Water softening plant']",sector 17
"['Feng Shui / Vaastu Compliant', 'Security / Fire Alarm', 'Intercom Facility', 'Lift(s)', 'Maintenance Staff', 'Water Storage', 'Park', 'Visitor Parking']",sector 57
"['Lift(s)', 'High Ceiling Height', 'Maintenance Staff', 'Separate entry for servant room', 'Piped-gas', 'Visitor Parking', 'Swimming Pool', 'Park', 'Security Personnel', 'Natural Light', 'Airy Rooms', 'Spacious Interiors', 'Fitness Centre / GYM', 'Waste Disposal', 'Rain Water Harvesting', 'Club house / Community Center', 'Water softening plant']",sector 37d
"['Lift(s)', 'High Ceiling Height', 'Maintenance Staff', 'False Ceiling Lighting', 'Water Storage', 'No open drainage around', 'Piped-gas', 'Visitor Parking', 'Natural Light', 'Airy Rooms', 'Internet/wi-fi connectivity', 'Spacious Interiors', 'Water softening plant']",sector 72
,sector 55
"['Water purifier', 'Centrally Air Conditioned', 'Security / Fire Alarm', 'Feng Shui / Vaastu Compliant', 'Private Garden / Terrace', 'Intercom Facility', 'Lift(s)', 'High Ceiling Height', 'Maintenance Staff', 'False Ceiling Lighting', 'Water Storage', 'Separate entry for servant room', 'No open drainage around', 'Bank Attached Property', 'Piped-gas', 'Internet/wi-fi connectivity', 'Recently Renovated', 'Visitor Parking', 'Swimming Pool', 'Park', 'Security Personnel', 'Natural Light', 'Airy Rooms', 'Spacious Interiors', 'Waste Disposal', 'Rain Water Harvesting', 'Water softening plant', 'Shopping Centre', 'Fitness Centre / GYM', 'Club house / Community Center']",sector 109
,sector 41
"['Security / Fire Alarm', 'Power Back-up', 'Feng Shui / Vaastu Compliant', 'Intercom Facility', 'Lift(s)', 'High Ceiling Height', 'Maintenance Staff', 'False Ceiling Lighting', 'Water Storage', 'Separate entry for servant room', 'Piped-gas', 'Visitor Parking', 'Swimming Pool', 'Park', 'Security Personnel', 'Natural Light', 'Internet/wi-fi connectivity', 'Airy Rooms', 'Low Density Society', 'Shopping Centre', 'Fitness Centre / GYM', 'Rain Water Harvesting', 'Club house / Community Center', 'Water softening plant']",sector 57
"['Security / Fire Alarm', 'Power Back-up', 'Private Garden / Terrace', 'Intercom Facility', 'Lift(s)', 'Centrally Air Conditioned', 'High Ceiling Height', 'Maintenance Staff', 'False Ceiling Lighting', 'Separate entry for servant room', 'Visitor Parking', 'Swimming Pool', 'Park', 'Security Personnel', 'Natural Light', 'Airy Rooms', 'Spacious Interiors', 'Low Density Society', 'Shopping Centre', 'Fitness Centre / GYM', 'Rain Water Harvesting', 'Club house / Community Center']",sector 85
"['Feng Shui / Vaastu Compliant', 'Private Garden / Terrace', 'Centrally Air Conditioned', 'Water purifier', 'High Ceiling Height', 'Maintenance Staff', 'False Ceiling Lighting', 'Water Storage', 'Separate entry for servant room', 'No open drainage around', 'Recently Renovated', 'Visitor Parking', 'Park', 'Security Personnel', 'Internet/wi-fi connectivity', 'Waste Disposal', 'Rain Water Harvesting']",sector 104
,sector 65
"['Lift(s)', 'Swimming Pool', 'Club house / Community Center', 'Fitness Centre / GYM', 'Shopping Centre']",sector 71
"['Centrally Air Conditioned', 'Water purifier', 'Security / Fire Alarm', 'Feng Shui / Vaastu Compliant', 'Private Garden / Terrace', 'Intercom Facility', 'Lift(s)', 'High Ceiling Height', 'Maintenance Staff', 'False Ceiling Lighting', 'Water Storage', 'Separate entry for servant room', 'No open drainage around', 'Bank Attached Property', 'Piped-gas', 'Internet/wi-fi connectivity', 'Recently Renovated', 'Visitor Parking', 'Swimming Pool', 'Park', 'Security Personnel', 'Natural Light', 'Airy Rooms', 'Spacious Interiors', 'Low Density Society', 'Waste Disposal', 'Rain Water Harvesting', 'Water softening plant', 'Shopping Centre', 'Fitness Centre / GYM', 'Club house / Community Center']",sector 2
"['Power Back-up', 'Intercom Facility', 'Lift(s)', 'Swimming Pool', 'Park', 'Shopping Centre', 'Fitness Centre / GYM', 'Club house / Community Center']",sohna road
"['Feng Shui / Vaastu Compliant', 'Security / Fire Alarm', 'Intercom Facility', 'Lift(s)', 'Maintenance Staff', 'Water Storage', 'Park', 'Visitor Parking']",sector 81
,sector 41
,sector 61
"['Centrally Air Conditioned', 'Water purifier', 'Security / Fire Alarm', 'Feng Shui / Vaastu Compliant', 'Private Garden / Terrace', 'Intercom Facility', 'Lift(s)', 'High Ceiling Height', 'Maintenance Staff', 'Water Storage', 'Separate entry for servant room', 'No open drainage around', 'Bank Attached Property', 'Piped-gas', 'Internet/wi-fi connectivity', 'Recently Renovated', 'Visitor Parking', 'Swimming Pool', 'Park', 'Security Personnel', 'Natural Light', 'Airy Rooms', 'Spacious Interiors', 'Low Density Society', 'Waste Disposal', 'Rain Water Harvesting', 'Water softening plant', 'Shopping Centre', 'Fitness Centre / GYM', 'Club house / Community Center']",sector 54
['Private Garden / Terrace'],sector 61
,sector 33
"['Feng Shui / Vaastu Compliant', 'Security / Fire Alarm', 'Intercom Facility', 'Lift(s)', 'Maintenance Staff', 'Park', 'Visitor Parking']",sector 56
"['Power Back-up', 'Intercom Facility', 'Lift(s)', 'Swimming Pool', 'Maintenance Staff', 'Park', 'Security Personnel', 'Internet/wi-fi connectivity', 'Fitness Centre / GYM', 'Club house / Community Center', 'Rain Water Harvesting']",sector 84
"['Security / Fire Alarm', 'Intercom Facility', 'Lift(s)', 'Maintenance Staff', 'Water Storage', 'Bank Attached Property', 'Piped-gas', 'Visitor Parking', 'Swimming Pool', 'Park', 'Security Personnel', 'Natural Light', 'Internet/wi-fi connectivity', 'Airy Rooms', 'Low Density Society', 'Shopping Centre', 'Fitness Centre / GYM', 'Rain Water Harvesting', 'Club house / Community Center', 'Water softening plant']",sector 60
"['Feng Shui / Vaastu Compliant', 'Security / Fire Alarm', 'Intercom Facility', 'Lift(s)', 'Maintenance Staff', 'Water Storage', 'Park', 'Visitor Parking']",sector 5
"['Centrally Air Conditioned', 'Water purifier', 'Security / Fire Alarm', 'Feng Shui / Vaastu Compliant', 'Intercom Facility', 'Lift(s)', 'High Ceiling Height', 'Maintenance Staff', 'Water Storage', 'Separate entry for servant room', 'No open drainage around', 'Bank Attached Property', 'Piped-gas', 'Internet/wi-fi connectivity', 'Recently Renovated', 'Visitor Parking', 'Swimming Pool', 'Park', 'Security Personnel', 'Natural Light', 'Airy Rooms', 'Spacious Interiors', 'Low Density Society', 'Waste Disposal', 'Rain Water Harvesting', 'Water softening plant', 'Shopping Centre', 'Fitness Centre / GYM', 'Club house / Community Center']",sector 70
"['Security / Fire Alarm', 'Feng Shui / Vaastu Compliant', 'Lift(s)', 'High Ceiling Height', 'Maintenance Staff', 'Water Storage', 'No open drainage around', 'Piped-gas', 'Visitor Parking', 'Swimming Pool', 'Park', 'Security Personnel', 'Internet/wi-fi connectivity', 'Shopping Centre', 'Fitness Centre / GYM', 'Waste Disposal', 'Rain Water Harvesting', 'Club house / Community Center', 'Water softening plant']",sector 83
"['Maintenance Staff', 'Water Storage', 'Separate entry for servant room', 'Waste Disposal', 'Water softening plant']",sector 10a
"['Security / Fire Alarm', 'Feng Shui / Vaastu Compliant', 'Intercom Facility', 'Lift(s)', 'Water purifier', 'Maintenance Staff', 'Water Storage', 'Separate entry for servant room', 'Recently Renovated', 'Visitor Parking', 'Swimming Pool', 'Park', 'Security Personnel', 'Natural Light', 'Internet/wi-fi connectivity', 'Airy Rooms', 'Spacious Interiors', 'Shopping Centre', 'Fitness Centre / GYM', 'Club house / Community Center']",sector 113
,sector 92
"['Centrally Air Conditioned', 'Security / Fire Alarm', 'Feng Shui / Vaastu Compliant', 'Intercom Facility', 'Lift(s)', 'High Ceiling Height', 'Maintenance Staff', 'Water Storage', 'No open drainage around', 'Bank Attached Property', 'Piped-gas', 'Visitor Parking', 'Swimming Pool', 'Park', 'Security Personnel', 'Natural Light', 'Airy Rooms', 'Spacious Interiors', 'Low Density Society', 'Waste Disposal', 'Rain Water Harvesting', 'Water softening plant', 'Shopping Centre', 'Fitness Centre / GYM', 'Club house / Community Center']",sector 90
"['Security / Fire Alarm', 'Power Back-up', 'Feng Shui / Vaastu Compliant', 'Intercom Facility', 'Lift(s)', 'Maintenance Staff', 'Water Storage', 'Visitor Parking', 'Swimming Pool', 'Park', 'Security Personnel', 'Shopping Centre', 'Fitness Centre / GYM', 'Rain Water Harvesting', 'Club house / Community Center']",sector 81
"['Water purifier', 'Security / Fire Alarm', 'Feng Shui / Vaastu Compliant', 'Private Garden / Terrace', 'Intercom Facility', 'Lift(s)', 'High Ceiling Height', 'Maintenance Staff', 'False Ceiling Lighting', 'Water Storage', 'Separate entry for servant room', 'No open drainage around', 'Bank Attached Property', 'Piped-gas', 'Internet/wi-fi connectivity', 'Recently Renovated', 'Visitor Parking', 'Swimming Pool', 'Park', 'Security Personnel', 'Natural Light', 'Airy Rooms', 'Spacious Interiors', 'Low Density Society', 'Waste Disposal', 'Rain Water Harvesting', 'Water softening plant', 'Shopping Centre', 'Fitness Centre / GYM', 'Club house / Community Center']",sector 4
,sector 83
"['Security / Fire Alarm', 'Lift(s)', 'Maintenance Staff', 'Water Storage', 'Park', 'Visitor Parking']",sector 65
"['Centrally Air Conditioned', 'Water purifier', 'Security / Fire Alarm', 'Feng Shui / Vaastu Compliant', 'Private Garden / Terrace', 'Intercom Facility', 'Lift(s)', 'High Ceiling Height', 'Maintenance Staff', 'False Ceiling Lighting', 'Water Storage', 'Separate entry for servant room', 'No open drainage around', 'Bank Attached Property', 'Piped-gas', 'Internet/wi-fi connectivity', 'Recently Renovated', 'Visitor Parking', 'Swimming Pool', 'Park', 'Security Personnel', 'Natural Light', 'Airy Rooms', 'Spacious Interiors', 'Low Density Society', 'Waste Disposal', 'Rain Water Harvesting', 'Water softening plant', 'Shopping Centre', 'Fitness Centre / GYM', 'Club house / Community Center']",sector 102
"['Intercom Facility', 'Lift(s)', 'Swimming Pool', 'Security Personnel', 'Maintenance Staff', 'Park', 'Water Storage', 'Club house / Community Center', 'Fitness Centre / GYM', 'Shopping Centre', 'Rain Water Harvesting']",manesar
"['Intercom Facility', 'Lift(s)', 'Swimming Pool', 'Park', 'Internet/wi-fi connectivity', 'Shopping Centre', 'Fitness Centre / GYM', 'Club house / Community Center']",sector 70
['Visitor Parking'],sector 50
"['Security / Fire Alarm', 'Intercom Facility', 'Lift(s)', 'High Ceiling Height', 'Maintenance Staff', 'Water Storage', 'Separate entry for servant room', 'No open drainage around', 'Bank Attached Property', 'Recently Renovated', 'Visitor Parking', 'Swimming Pool', 'Park', 'Security Personnel', 'Natural Light', 'Airy Rooms', 'Spacious Interiors', 'Shopping Centre', 'Fitness Centre / GYM', 'Waste Disposal', 'Rain Water Harvesting', 'Club house / Community Center']",sector 36a
"['Intercom Facility', 'Lift(s)', 'High Ceiling Height', 'Maintenance Staff', 'Separate entry for servant room', 'Swimming Pool', 'Park', 'Security Personnel', 'Internet/wi-fi connectivity', 'Shopping Centre', 'Fitness Centre / GYM', 'Club house / Community Center', 'Water softening plant']",sohna road
"['Feng Shui / Vaastu Compliant', 'Security / Fire Alarm', 'Intercom Facility', 'Lift(s)', 'Maintenance Staff', 'Water Storage', 'Park', 'Visitor Parking']",sector 7
"['Centrally Air Conditioned', 'Water purifier', 'Security / Fire Alarm', 'Feng Shui / Vaastu Compliant', 'Private Garden / Terrace', 'High Ceiling Height', 'Maintenance Staff', 'False Ceiling Lighting', 'Water Storage', 'Separate entry for servant room', 'No open drainage around', 'Bank Attached Property', 'Piped-gas', 'Internet/wi-fi connectivity', 'Visitor Parking', 'Swimming Pool', 'Park', 'Security Personnel', 'Natural Light', 'Airy Rooms', 'Spacious Interiors', 'Low Density Society', 'Waste Disposal', 'Rain Water Harvesting', 'Fitness Centre / GYM', 'Club house / Community Center']",sector 108
['Visitor Parking'],sector 113
"['Feng Shui / Vaastu Compliant', 'Security / Fire Alarm', 'Intercom Facility', 'Lift(s)', 'Maintenance Staff', 'Park', 'Visitor Parking']",sector 65
"['Security / Fire Alarm', 'Intercom Facility', 'Lift(s)', 'Maintenance Staff', 'Water Storage', 'Park', 'Visitor Parking']",sector 102
"['Feng Shui / Vaastu Compliant', 'Security / Fire Alarm', 'Intercom Facility', 'Lift(s)', 'Maintenance Staff', 'Water Storage', 'Park', 'Visitor Parking']",sector 61
"['Security / Fire Alarm', 'Feng Shui / Vaastu Compliant', 'Intercom Facility', 'Lift(s)', 'Centrally Air Conditioned', 'High Ceiling Height', 'Maintenance Staff', 'False Ceiling Lighting', 'Water Storage', 'No open drainage around', 'Bank Attached Property', 'Visitor Parking', 'Swimming Pool', 'Park', 'Natural Light', 'Airy Rooms', 'Low Density Society', 'Shopping Centre', 'Fitness Centre / GYM', 'Waste Disposal', 'Rain Water Harvesting', 'Club house / Community Center', 'Water softening plant']",sector 11
"['Security / Fire Alarm', 'Lift(s)', 'Maintenance Staff', 'Water Storage', 'Park', 'Visitor Parking']",sector 24
"['Security / Fire Alarm', 'Feng Shui / Vaastu Compliant', 'Intercom Facility', 'Lift(s)', 'High Ceiling Height', 'Maintenance Staff', 'False Ceiling Lighting', 'Water Storage', 'Separate entry for servant room', 'No open drainage around', 'Visitor Parking', 'Swimming Pool', 'Park', 'Internet/wi-fi connectivity', 'Fitness Centre / GYM', 'Waste Disposal', 'Rain Water Harvesting', 'Club house / Community Center', 'Water softening plant']",sector 85
"['Security / Fire Alarm', 'Feng Shui / Vaastu Compliant', 'Lift(s)', 'High Ceiling Height', 'Maintenance Staff', 'Water Storage', 'Separate entry for servant room', 'No open drainage around', 'Piped-gas', 'Visitor Parking', 'Swimming Pool', 'Park', 'Security Personnel', 'Natural Light', 'Internet/wi-fi connectivity', 'Airy Rooms', 'Spacious Interiors', 'Shopping Centre', 'Fitness Centre / GYM', 'Waste Disposal', 'Rain Water Harvesting', 'Club house / Community Center']",sohna road
"['Feng Shui / Vaastu Compliant', 'Security / Fire Alarm', 'Intercom Facility', 'Lift(s)', 'Maintenance Staff', 'Water Storage', 'Park', 'Visitor Parking']",sector 65
"['Feng Shui / Vaastu Compliant', 'Private Garden / Terrace', 'High Ceiling Height', 'False Ceiling Lighting', 'Water Storage', 'Separate entry for servant room', 'No open drainage around', 'Visitor Parking', 'Park', 'Internet/wi-fi connectivity', 'Low Density Society', 'Waste Disposal', 'Rain Water Harvesting', 'Club house / Community Center']",sector 79
['Park'],sector 108
"['Security / Fire Alarm', 'Power Back-up', 'Feng Shui / Vaastu Compliant', 'Intercom Facility', 'Lift(s)', 'Maintenance Staff', 'Water Storage', 'Piped-gas', 'Visitor Parking', 'Swimming Pool', 'Park', 'Security Personnel', 'Shopping Centre', 'Fitness Centre / GYM', 'Rain Water Harvesting', 'Club house / Community Center']",sohna road
"['Centrally Air Conditioned', 'Water purifier', 'Security / Fire Alarm', 'Feng Shui / Vaastu Compliant', 'Private Garden / Terrace', 'Intercom Facility', 'Lift(s)', 'High Ceiling Height', 'Maintenance Staff', 'False Ceiling Lighting', 'Water Storage', 'Separate entry for servant room', 'No open drainage around', 'Bank Attached Property', 'Piped-gas', 'Internet/wi-fi connectivity', 'Recently Renovated', 'Visitor Parking', 'Swimming Pool', 'Park', 'Security Personnel', 'Natural Light', 'Airy Rooms', 'Spacious Interiors', 'Low Density Society', 'Waste Disposal', 'Rain Water Harvesting', 'Water softening plant', 'Shopping Centre', 'Fitness Centre / GYM', 'Club house / Community Center']",sector 102
"['Water purifier', 'Centrally Air Conditioned', 'Security / Fire Alarm', 'Power Back-up', 'Feng Shui / Vaastu Compliant', 'Private Garden / Terrace', 'Intercom Facility', 'Lift(s)', 'High Ceiling Height', 'Maintenance Staff', 'False Ceiling Lighting', 'Water Storage', 'Separate entry for servant room', 'No open drainage around', 'Bank Attached Property', 'Piped-gas', 'Internet/wi-fi connectivity', 'Recently Renovated', 'Visitor Parking', 'Swimming Pool', 'Park', 'Security Personnel', 'Natural Light', 'Airy Rooms', 'Spacious Interiors', 'Low Density Society', 'Waste Disposal', 'Rain Water Harvesting', 'Water softening plant', 'Shopping Centre', 'Fitness Centre / GYM', 'Club house / Community Center']",sector 22
"['Security / Fire Alarm', 'Power Back-up', 'Feng Shui / Vaastu Compliant', 'Intercom Facility', 'Lift(s)', 'High Ceiling Height', 'Maintenance Staff', 'Water Storage', 'Separate entry for servant room', 'No open drainage around', 'Piped-gas', 'Visitor Parking', 'Swimming Pool', 'Park', 'Security Personnel', 'Natural Light', 'Airy Rooms', 'Low Density Society', 'Shopping Centre', 'Fitness Centre / GYM', 'Waste Disposal', 'Rain Water Harvesting', 'Club house / Community Center', 'Water softening plant']",sector 92
"['Private Garden / Terrace', 'Intercom Facility', 'Lift(s)', 'Water Storage', 'Bank Attached Property', 'Piped-gas', 'Visitor Parking', 'Swimming Pool', 'Park', 'Security Personnel', 'Internet/wi-fi connectivity', 'Shopping Centre', 'Fitness Centre / GYM', 'Club house / Community Center', 'Water softening plant']",sector 49
"['Security / Fire Alarm', 'Intercom Facility', 'Lift(s)', 'Maintenance Staff', 'Visitor Parking']",sector 66
"['Centrally Air Conditioned', 'Water purifier', 'Security / Fire Alarm', 'Feng Shui / Vaastu Compliant', 'Private Garden / Terrace', 'Intercom Facility', 'Lift(s)', 'High Ceiling Height', 'Maintenance Staff', 'False Ceiling Lighting', 'Water Storage', 'Separate entry for servant room', 'No open drainage around', 'Bank Attached Property', 'Piped-gas', 'Internet/wi-fi connectivity', 'Recently Renovated', 'Visitor Parking', 'Swimming Pool', 'Park', 'Security Personnel', 'Natural Light', 'Airy Rooms', 'Spacious Interiors', 'Low Density Society', 'Waste Disposal', 'Rain Water Harvesting', 'Water softening plant', 'Shopping Centre', 'Fitness Centre / GYM', 'Club house / Community Center']",sector 85
"['Security / Fire Alarm', 'Feng Shui / Vaastu Compliant', 'Intercom Facility', 'Lift(s)', 'Maintenance Staff', 'Water Storage', 'No open drainage around', 'Bank Attached Property', 'Visitor Parking', 'Swimming Pool', 'Park', 'Security Personnel', 'Internet/wi-fi connectivity', 'Shopping Centre', 'Fitness Centre / GYM', 'Waste Disposal', 'Rain Water Harvesting', 'Club house / Community Center']",sector 102
"['Security / Fire Alarm', 'Intercom Facility', 'Lift(s)', 'High Ceiling Height', 'Maintenance Staff', 'False Ceiling Lighting', 'Water Storage', 'Separate entry for servant room', 'Visitor Parking', 'Swimming Pool', 'Park', 'Security Personnel', 'Natural Light', 'Airy Rooms', 'Spacious Interiors', 'Fitness Centre / GYM', 'Rain Water Harvesting', 'Club house / Community Center']",sector 62
"['Security / Fire Alarm', 'Feng Shui / Vaastu Compliant', 'Private Garden / Terrace', 'Centrally Air Conditioned', 'Water purifier', 'High Ceiling Height', 'Maintenance Staff', 'Water Storage', 'Separate entry for servant room', 'No open drainage around', 'Recently Renovated', 'Visitor Parking', 'Swimming Pool', 'Park', 'Security Personnel', 'Natural Light', 'Internet/wi-fi connectivity', 'Airy Rooms', 'Spacious Interiors', 'Low Density Society', 'Fitness Centre / GYM', 'Waste Disposal', 'Rain Water Harvesting', 'Club house / Community Center']",sector 109
"['Feng Shui / Vaastu Compliant', 'Security / Fire Alarm', 'Intercom Facility', 'Lift(s)', 'Maintenance Staff', 'Water Storage', 'Park', 'Visitor Parking']",sector 12
['Water Storage'],sector 110
,sector 2
"['Intercom Facility', 'Lift(s)', 'Maintenance Staff', 'Swimming Pool', 'Park', 'Security Personnel', 'Shopping Centre', 'Fitness Centre / GYM', 'Club house / Community Center']",sector 65
,sohna road road
,sector 79
"['Power Back-up', 'Feng Shui / Vaastu Compliant', 'Intercom Facility', 'Lift(s)', 'Maintenance Staff', 'Piped-gas', 'Visitor Parking', 'Swimming Pool', 'Park', 'Natural Light', 'Airy Rooms', 'Low Density Society', 'Shopping Centre', 'Fitness Centre / GYM', 'Waste Disposal', 'Rain Water Harvesting', 'Club house / Community Center']",sector 33
,sector 95
"['Security / Fire Alarm', 'Power Back-up', 'Lift(s)', 'Maintenance Staff', 'Water Storage', 'Recently Renovated', 'Visitor Parking', 'Swimming Pool', 'Park', 'Security Personnel', 'Natural Light', 'Airy Rooms', 'Shopping Centre', 'Fitness Centre / GYM', 'Waste Disposal', 'Rain Water Harvesting', 'Club house / Community Center', 'Water softening plant']",sector 24
"['Maintenance Staff', 'Water Storage', 'Visitor Parking']",sector 102
"['Security / Fire Alarm', 'Feng Shui / Vaastu Compliant', 'Intercom Facility', 'Lift(s)', 'Maintenance Staff', 'Water Storage', 'Piped-gas', 'Visitor Parking', 'Swimming Pool', 'Park', 'Security Personnel', 'Fitness Centre / GYM', 'Waste Disposal', 'Rain Water Harvesting', 'Club house / Community Center', 'Water softening plant']",sector 50
"['Security / Fire Alarm', 'Feng Shui / Vaastu Compliant', 'Intercom Facility', 'Lift(s)', 'High Ceiling Height', 'Maintenance Staff', 'False Ceiling Lighting', 'Water Storage', 'Separate entry for servant room', 'No open drainage around', 'Piped-gas', 'Visitor Parking', 'Swimming Pool', 'Park', 'Internet/wi-fi connectivity', 'Shopping Centre', 'Fitness Centre / GYM', 'Waste Disposal', 'Rain Water Harvesting', 'Club house / Community Center', 'Water softening plant']",sector 49
,sector 90
,sector 85
"['Security / Fire Alarm', 'Intercom Facility', 'Lift(s)', 'Maintenance Staff', 'Water Storage', 'Visitor Parking', 'Swimming Pool', 'Park', 'Security Personnel', 'Internet/wi-fi connectivity', 'Shopping Centre', 'Fitness Centre / GYM', 'Waste Disposal', 'Rain Water Harvesting', 'Club house / Community Center']",sector 37d
"['Feng Shui / Vaastu Compliant', 'Intercom Facility', 'Lift(s)', 'Swimming Pool', 'Park', 'Shopping Centre', 'Fitness Centre / GYM', 'Club house / Community Center', 'Rain Water Harvesting', 'Water softening plant']",sector 89
"['Security / Fire Alarm', 'Feng Shui / Vaastu Compliant', 'Intercom Facility', 'Lift(s)', 'Maintenance Staff', 'Water Storage', 'Separate entry for servant room', 'Piped-gas', 'Visitor Parking', 'Swimming Pool', 'Park', 'Security Personnel', 'Internet/wi-fi connectivity', 'Shopping Centre', 'Fitness Centre / GYM', 'Waste Disposal', 'Rain Water Harvesting', 'Club house / Community Center', 'Water softening plant']",sector 69
"['Lift(s)', 'Maintenance Staff', 'Visitor Parking', 'Security Personnel']",sector 113
"['Security / Fire Alarm', 'Intercom Facility', 'Lift(s)', 'Maintenance Staff', 'Water Storage', 'Park', 'Visitor Parking']",sector 61
"['Intercom Facility', 'Lift(s)', 'Park']",sector 56
,sector 80
"['Security / Fire Alarm', 'Feng Shui / Vaastu Compliant', 'Intercom Facility', 'Lift(s)', 'Centrally Air Conditioned', 'High Ceiling Height', 'Maintenance Staff', 'Water Storage', 'Separate entry for servant room', 'No open drainage around', 'Bank Attached Property', 'Visitor Parking', 'Swimming Pool', 'Park', 'Natural Light', 'Internet/wi-fi connectivity', 'Airy Rooms', 'Low Density Society', 'Shopping Centre', 'Fitness Centre / GYM', 'Waste Disposal', 'Rain Water Harvesting', 'Club house / Community Center', 'Water softening plant']",sector 81
"['Centrally Air Conditioned', 'Water purifier', 'Security / Fire Alarm', 'Feng Shui / Vaastu Compliant', 'Intercom Facility', 'Lift(s)', 'High Ceiling Height', 'Maintenance Staff', 'False Ceiling Lighting', 'Water Storage', 'Separate entry for servant room', 'No open drainage around', 'Piped-gas', 'Internet/wi-fi connectivity', 'Recently Renovated', 'Visitor Parking', 'Swimming Pool', 'Park', 'Security Personnel', 'Natural Light', 'Airy Rooms', 'Spacious Interiors', 'Low Density Society', 'Waste Disposal', 'Rain Water Harvesting', 'Water softening plant', 'Shopping Centre', 'Fitness Centre / GYM', 'Club house / Community Center']",sector 103
"['Security / Fire Alarm', 'Power Back-up', 'Feng Shui / Vaastu Compliant', 'Intercom Facility', 'Lift(s)', 'High Ceiling Height', 'Maintenance Staff', 'False Ceiling Lighting', 'Water Storage', 'Separate entry for servant room', 'No open drainage around', 'Piped-gas', 'Visitor Parking', 'Swimming Pool', 'Park', 'Internet/wi-fi connectivity', 'Shopping Centre', 'Fitness Centre / GYM', 'Waste Disposal', 'Rain Water Harvesting', 'Club house / Community Center', 'Water softening plant']",sector 4
"['Security / Fire Alarm', 'Intercom Facility', 'Lift(s)', 'Maintenance Staff', 'Park', 'Shopping Centre', 'Fitness Centre / GYM']",sector 81
"['Feng Shui / Vaastu Compliant', 'Security / Fire Alarm', 'Intercom Facility', 'Maintenance Staff', 'Water Storage', 'Park', 'Visitor Parking']",sohna road
,sector 79
,sector 111
"['Centrally Air Conditioned', 'Water purifier', 'Security / Fire Alarm', 'Feng Shui / Vaastu Compliant', 'Private Garden / Terrace', 'Intercom Facility', 'Lift(s)', 'High Ceiling Height', 'Maintenance Staff', 'False Ceiling Lighting', 'Water Storage', 'Separate entry for servant room', 'No open drainage around', 'Bank Attached Property', 'Piped-gas', 'Internet/wi-fi connectivity', 'Recently Renovated', 'Visitor Parking', 'Swimming Pool', 'Park', 'Security Personnel', 'Natural Light', 'Airy Rooms', 'Spacious Interiors', 'Low Density Society', 'Waste Disposal', 'Rain Water Harvesting', 'Water softening plant', 'Shopping Centre', 'Fitness Centre / GYM', 'Club house / Community Center']",sector 49
,sector 112
"['Security / Fire Alarm', 'Feng Shui / Vaastu Compliant', 'Intercom Facility', 'Lift(s)', 'Water purifier', 'High Ceiling Height', 'Maintenance Staff', 'False Ceiling Lighting', 'Water Storage', 'Separate entry for servant room', 'Visitor Parking', 'Swimming Pool', 'Park', 'Security Personnel', 'Natural Light', 'Internet/wi-fi connectivity', 'Airy Rooms', 'Spacious Interiors', 'Shopping Centre', 'Fitness Centre / GYM', 'Rain Water Harvesting', 'Club house / Community Center', 'Water softening plant']",sector 17
"['Centrally Air Conditioned', 'Water purifier', 'Security / Fire Alarm', 'Power Back-up', 'Feng Shui / Vaastu Compliant', 'Private Garden / Terrace', 'Intercom Facility', 'Lift(s)', 'High Ceiling Height', 'Maintenance Staff', 'False Ceiling Lighting', 'Water Storage', 'Separate entry for servant room', 'No open drainage around', 'Bank Attached Property', 'Piped-gas', 'Internet/wi-fi connectivity', 'Recently Renovated', 'Visitor Parking', 'Swimming Pool', 'Park', 'Security Personnel', 'Natural Light', 'Airy Rooms', 'Spacious Interiors', 'Low Density Society', 'Waste Disposal', 'Rain Water Harvesting', 'Water softening plant', 'Shopping Centre', 'Fitness Centre / GYM', 'Club house / Community Center']",sector 102
"['Maintenance Staff', 'Swimming Pool', 'Park']",sector 53
"['Feng Shui / Vaastu Compliant', 'Security / Fire Alarm', 'Intercom Facility', 'Lift(s)', 'Maintenance Staff', 'Water Storage', 'Park', 'Visitor Parking']",sector 102
"['Power Back-up', 'Intercom Facility', 'Lift(s)', 'Maintenance Staff', 'Park', 'Natural Light', 'Airy Rooms', 'Fitness Centre / GYM', 'Waste Disposal']",sector 77
"['Security / Fire Alarm', 'Power Back-up', 'Feng Shui / Vaastu Compliant', 'Private Garden / Terrace', 'Intercom Facility', 'Lift(s)', 'Maintenance Staff', 'Water Storage', 'No open drainage around', 'Bank Attached Property', 'Piped-gas', 'Visitor Parking', 'Swimming Pool', 'Park', 'Security Personnel', 'Natural Light', 'Airy Rooms', 'Low Density Society', 'Shopping Centre', 'Fitness Centre / GYM', 'Waste Disposal', 'Rain Water Harvesting', 'Club house / Community Center', 'Water softening plant']",sector 90
,sohna road
"['Intercom Facility', 'Lift(s)', 'Park']",sector 90
,sector 90
"['Security / Fire Alarm', 'Power Back-up', 'Feng Shui / Vaastu Compliant', 'Intercom Facility', 'Lift(s)', 'Maintenance Staff', 'No open drainage around', 'Visitor Parking', 'Swimming Pool', 'Park', 'Natural Light', 'Airy Rooms', 'Spacious Interiors', 'Low Density Society', 'Shopping Centre', 'Fitness Centre / GYM', 'Rain Water Harvesting', 'Club house / Community Center']",sector 88a
"['Security / Fire Alarm', 'Power Back-up', 'Feng Shui / Vaastu Compliant', 'Intercom Facility', 'Lift(s)', 'High Ceiling Height', 'Maintenance Staff', 'Water Storage', 'No open drainage around', 'Bank Attached Property', 'Piped-gas', 'Internet/wi-fi connectivity', 'Visitor Parking', 'Swimming Pool', 'Park', 'Natural Light', 'Airy Rooms', 'Spacious Interiors', 'Low Density Society', 'Waste Disposal', 'Rain Water Harvesting', 'Water softening plant', 'Shopping Centre', 'Fitness Centre / GYM', 'Club house / Community Center']",sector 92
"['Security / Fire Alarm', 'Feng Shui / Vaastu Compliant', 'Private Garden / Terrace', 'Water purifier', 'Centrally Air Conditioned', 'High Ceiling Height', 'False Ceiling Lighting', 'Water Storage', 'Separate entry for servant room', 'Recently Renovated', 'Piped-gas', 'Visitor Parking', 'Park', 'Security Personnel', 'Natural Light', 'Internet/wi-fi connectivity', 'Airy Rooms', 'Spacious Interiors']",sector 61
,sector 12
"['Feng Shui / Vaastu Compliant', 'Maintenance Staff', 'Park']",sector 81
"['Power Back-up', 'Feng Shui / Vaastu Compliant', 'Intercom Facility', 'Lift(s)', 'Swimming Pool', 'Park', 'Shopping Centre', 'Fitness Centre / GYM', 'Club house / Community Center', 'Water softening plant']",dwarka expressway
"['Lift(s)', 'Swimming Pool', 'Park', 'Security Personnel', 'Shopping Centre', 'Fitness Centre / GYM', 'Club house / Community Center', 'Rain Water Harvesting']",sector 31
"['Water purifier', 'Centrally Air Conditioned', 'Security / Fire Alarm', 'Feng Shui / Vaastu Compliant', 'Private Garden / Terrace', 'Intercom Facility', 'Lift(s)', 'High Ceiling Height', 'Maintenance Staff', 'False Ceiling Lighting', 'Water Storage', 'Separate entry for servant room', 'No open drainage around', 'Bank Attached Property', 'Piped-gas', 'Internet/wi-fi connectivity', 'Recently Renovated', 'Visitor Parking', 'Swimming Pool', 'Park', 'Security Personnel', 'Natural Light', 'Airy Rooms', 'Waste Disposal', 'Rain Water Harvesting', 'Water softening plant', 'Shopping Centre', 'Fitness Centre / GYM', 'Club house / Community Center']",sector 81
"['Power Back-up', 'Intercom Facility', 'Lift(s)', 'Swimming Pool', 'Park', 'Fitness Centre / GYM', 'Club house / Community Center']",sector 28
"['Feng Shui / Vaastu Compliant', 'Security / Fire Alarm', 'Intercom Facility', 'Lift(s)', 'Maintenance Staff', 'Water Storage', 'Park', 'Visitor Parking']",sector 69
,sector 56
"['Centrally Air Conditioned', 'Water purifier', 'Security / Fire Alarm', 'Feng Shui / Vaastu Compliant', 'Private Garden / Terrace', 'Intercom Facility', 'Lift(s)', 'High Ceiling Height', 'Maintenance Staff', 'False Ceiling Lighting', 'Water Storage', 'No open drainage around', 'Piped-gas', 'Internet/wi-fi connectivity', 'Visitor Parking', 'Swimming Pool', 'Park', 'Security Personnel', 'Natural Light', 'Airy Rooms', 'Spacious Interiors', 'Waste Disposal', 'Water softening plant', 'Shopping Centre', 'Fitness Centre / GYM', 'Club house / Community Center']",sector 90
,sector 92
,sector 108
"['Security / Fire Alarm', 'Lift(s)', 'Maintenance Staff', 'Water Storage', 'Visitor Parking', 'Internet/wi-fi connectivity']",sector 89
"['Centrally Air Conditioned', 'Water purifier', 'Security / Fire Alarm', 'Feng Shui / Vaastu Compliant', 'Private Garden / Terrace', 'Intercom Facility', 'Lift(s)', 'High Ceiling Height', 'Maintenance Staff', 'False Ceiling Lighting', 'Water Storage', 'Separate entry for servant room', 'No open drainage around', 'Bank Attached Property', 'Piped-gas', 'Internet/wi-fi connectivity', 'Recently Renovated', 'Visitor Parking', 'Swimming Pool', 'Park', 'Security Personnel', 'Natural Light', 'Airy Rooms', 'Spacious Interiors', 'Low Density Society', 'Waste Disposal', 'Rain Water Harvesting', 'Water softening plant', 'Shopping Centre', 'Fitness Centre / GYM', 'Club house / Community Center']",sector 84
,sector 113
"['Feng Shui / Vaastu Compliant', 'Security / Fire Alarm', 'Intercom Facility', 'Lift(s)', 'Maintenance Staff', 'Water Storage', 'Park', 'Visitor Parking']",sector 86
"['Intercom Facility', 'Lift(s)', 'Park']",sector 68
"['Power Back-up', 'Feng Shui / Vaastu Compliant', 'Intercom Facility', 'Lift(s)', 'Maintenance Staff', 'Separate entry for servant room', 'No open drainage around', 'Piped-gas', 'Visitor Parking', 'Swimming Pool', 'Park', 'Natural Light', 'Internet/wi-fi connectivity', 'Airy Rooms', 'Shopping Centre', 'Fitness Centre / GYM', 'Club house / Community Center']",sector 48
['Visitor Parking'],sector 56
"['Feng Shui / Vaastu Compliant', 'Intercom Facility', 'Lift(s)', 'Maintenance Staff', 'Park', 'Security Personnel', 'Shopping Centre', 'Fitness Centre / GYM', 'Club house / Community Center', 'Rain Water Harvesting']",sector 65
"['Security / Fire Alarm', 'Feng Shui / Vaastu Compliant', 'Intercom Facility', 'Lift(s)', 'Centrally Air Conditioned', 'Water purifier', 'Maintenance Staff', 'Water Storage', 'No open drainage around', 'Visitor Parking', 'Swimming Pool', 'Park', 'Natural Light', 'Internet/wi-fi connectivity', 'Airy Rooms', 'Low Density Society', 'Shopping Centre', 'Fitness Centre / GYM', 'Waste Disposal', 'Rain Water Harvesting', 'Club house / Community Center', 'Water softening plant']",sector 106
"['Centrally Air Conditioned', 'Water purifier', 'Security / Fire Alarm', 'Feng Shui / Vaastu Compliant', 'Intercom Facility', 'Lift(s)', 'High Ceiling Height', 'Maintenance Staff', 'Water Storage', 'Separate entry for servant room', 'No open drainage around', 'Bank Attached Property', 'Piped-gas', 'Internet/wi-fi connectivity', 'Recently Renovated', 'Visitor Parking', 'Swimming Pool', 'Park', 'Security Personnel', 'Natural Light', 'Airy Rooms', 'Low Density Society', 'Waste Disposal', 'Rain Water Harvesting', 'Water softening plant', 'Shopping Centre', 'Fitness Centre / GYM', 'Club house / Community Center']",sector 70
"['Security / Fire Alarm', 'Power Back-up', 'Feng Shui / Vaastu Compliant', 'Intercom Facility', 'Lift(s)', 'High Ceiling Height', 'Maintenance Staff', 'Water Storage', 'No open drainage around', 'Bank Attached Property', 'Piped-gas', 'Internet/wi-fi connectivity', 'Visitor Parking', 'Swimming Pool', 'Park', 'Security Personnel', 'Natural Light', 'Spacious Interiors', 'Low Density Society', 'Waste Disposal', 'Rain Water Harvesting', 'Water softening plant', 'Shopping Centre', 'Fitness Centre / GYM', 'Club house / Community Center']",manesar
"['Security / Fire Alarm', 'Intercom Facility', 'Lift(s)', 'Maintenance Staff', 'Water Storage', 'Separate entry for servant room', 'No open drainage around', 'Piped-gas', 'Visitor Parking', 'Swimming Pool', 'Park', 'Security Personnel', 'Natural Light', 'Internet/wi-fi connectivity', 'Airy Rooms', 'Spacious Interiors', 'Shopping Centre', 'Fitness Centre / GYM', 'Rain Water Harvesting', 'Club house / Community Center']",sector 31
"['Power Back-up', 'Intercom Facility', 'Lift(s)', 'Swimming Pool', 'Maintenance Staff', 'Park', 'Visitor Parking', 'Security Personnel', 'Shopping Centre', 'Fitness Centre / GYM', 'Club house / Community Center']",sector 82
"['Feng Shui / Vaastu Compliant', 'Security / Fire Alarm', 'Intercom Facility', 'Lift(s)', 'Maintenance Staff', 'Water Storage', 'Park', 'Visitor Parking']",sector 65
,sector 43
"['Power Back-up', 'Feng Shui / Vaastu Compliant', 'Intercom Facility', 'Lift(s)', 'Maintenance Staff', 'Piped-gas', 'Visitor Parking', 'Swimming Pool', 'Park', 'Natural Light', 'Airy Rooms', 'Low Density Society', 'Shopping Centre', 'Fitness Centre / GYM', 'Waste Disposal', 'Rain Water Harvesting', 'Club house / Community Center']",sector 86
"['Feng Shui / Vaastu Compliant', 'Maintenance Staff', 'Park', 'Rain Water Harvesting']",sector 59
,sector 79
"['Intercom Facility', 'Lift(s)', 'High Ceiling Height', 'Maintenance Staff', 'False Ceiling Lighting', 'Separate entry for servant room', 'Piped-gas', 'Swimming Pool', 'Park', 'Security Personnel', 'Internet/wi-fi connectivity', 'Shopping Centre', 'Fitness Centre / GYM', 'Rain Water Harvesting', 'Club house / Community Center', 'Water softening plant']",sector 13
"['Security / Fire Alarm', 'Power Back-up', 'Feng Shui / Vaastu Compliant', 'Intercom Facility', 'Lift(s)', 'Maintenance Staff', 'Water Storage', 'Visitor Parking', 'Swimming Pool', 'Park', 'Security Personnel', 'Shopping Centre', 'Fitness Centre / GYM', 'Club house / Community Center']",sector 37d
"['Security / Fire Alarm', 'Feng Shui / Vaastu Compliant', 'Private Garden / Terrace', 'High Ceiling Height', 'Maintenance Staff', 'False Ceiling Lighting', 'Water Storage', 'Separate entry for servant room', 'No open drainage around', 'Bank Attached Property', 'Visitor Parking', 'Swimming Pool', 'Park', 'Security Personnel', 'Low Density Society', 'Fitness Centre / GYM', 'Waste Disposal', 'Rain Water Harvesting', 'Club house / Community Center']",sector 109
"['Power Back-up', 'Intercom Facility', 'Lift(s)', 'Maintenance Staff', 'Park', 'Natural Light', 'Airy Rooms', 'Fitness Centre / GYM', 'Waste Disposal']",sector 8
"['Feng Shui / Vaastu Compliant', 'False Ceiling Lighting', 'Park', 'Bank Attached Property', 'Visitor Parking', 'Security Personnel', 'Waste Disposal', 'Club house / Community Center']",sector 49
"['Security / Fire Alarm', 'Feng Shui / Vaastu Compliant', 'Intercom Facility', 'Lift(s)', 'High Ceiling Height', 'Maintenance Staff', 'Water Storage', 'Separate entry for servant room', 'No open drainage around', 'Bank Attached Property', 'Piped-gas', 'Internet/wi-fi connectivity', 'Recently Renovated', 'Swimming Pool', 'Park', 'Security Personnel', 'Natural Light', 'Airy Rooms', 'Spacious Interiors', 'Low Density Society', 'Waste Disposal', 'Rain Water Harvesting', 'Water softening plant', 'Shopping Centre', 'Fitness Centre / GYM', 'Club house / Community Center']",sector 106
,sector 56
"['Power Back-up', 'Security / Fire Alarm', 'Private Garden / Terrace', 'Water purifier', 'Lift(s)', 'Water Storage', 'Internet/wi-fi connectivity', 'Visitor Parking', 'Swimming Pool', 'Park', 'Maintenance Staff', 'Security Personnel', 'Bank Attached Property', 'Club house / Community Center', 'Shopping Centre', 'Fitness Centre / GYM', 'Water softening plant', 'Waste Disposal', 'Rain Water Harvesting']",sector 25
,sector 61
"['Water Storage', 'No open drainage around', 'Park', 'Visitor Parking', 'Security Personnel', 'Waste Disposal']",sector 109
"['Feng Shui / Vaastu Compliant', 'Security / Fire Alarm', 'Intercom Facility', 'Lift(s)', 'Maintenance Staff', 'Water Storage', 'Park', 'Visitor Parking']",sector 107
"['Feng Shui / Vaastu Compliant', 'Private Garden / Terrace', 'Maintenance Staff', 'False Ceiling Lighting', 'Water Storage', 'Separate entry for servant room', 'Park', 'Visitor Parking', 'Security Personnel', 'Waste Disposal', 'Rain Water Harvesting']",sector 109
"['Centrally Air Conditioned', 'Security / Fire Alarm', 'Power Back-up', 'Feng Shui / Vaastu Compliant', 'Intercom Facility', 'Lift(s)', 'High Ceiling Height', 'Maintenance Staff', 'False Ceiling Lighting', 'Water Storage', 'Separate entry for servant room', 'No open drainage around', 'Bank Attached Property', 'Piped-gas', 'Internet/wi-fi connectivity', 'Recently Renovated', 'Visitor Parking', 'Swimming Pool', 'Park', 'Security Personnel', 'Natural Light', 'Airy Rooms', 'Spacious Interiors', 'Low Density Society', 'Waste Disposal', 'Rain Water Harvesting', 'Water softening plant', 'Shopping Centre', 'Fitness Centre / GYM', 'Club house / Community Center']",sector 69
"['Security / Fire Alarm', 'Power Back-up', 'Intercom Facility', 'Lift(s)', 'High Ceiling Height', 'Maintenance Staff', 'Piped-gas', 'Visitor Parking', 'Swimming Pool', 'Park', 'Internet/wi-fi connectivity', 'Fitness Centre / GYM', 'Rain Water Harvesting', 'Club house / Community Center']",sector 82
,sector 83
,sohna road road
,sector 92
,sector 12
"['Water purifier', 'Centrally Air Conditioned', 'Security / Fire Alarm', 'Feng Shui / Vaastu Compliant', 'Private Garden / Terrace', 'Intercom Facility', 'Lift(s)', 'High Ceiling Height', 'Maintenance Staff', 'False Ceiling Lighting', 'Water Storage', 'Separate entry for servant room', 'No open drainage around', 'Piped-gas', 'Internet/wi-fi connectivity', 'Recently Renovated', 'Visitor Parking', 'Swimming Pool', 'Park', 'Security Personnel', 'Natural Light', 'Airy Rooms', 'Spacious Interiors', 'Waste Disposal', 'Rain Water Harvesting', 'Water softening plant', 'Shopping Centre', 'Fitness Centre / GYM', 'Club house / Community Center']",sector 33
"['Security / Fire Alarm', 'Feng Shui / Vaastu Compliant', 'Intercom Facility', 'Lift(s)', 'High Ceiling Height', 'Maintenance Staff', 'Water Storage', 'No open drainage around', 'Bank Attached Property', 'Piped-gas', 'Visitor Parking', 'Swimming Pool', 'Park', 'Security Personnel', 'Internet/wi-fi connectivity', 'Low Density Society', 'Shopping Centre', 'Fitness Centre / GYM', 'Waste Disposal', 'Club house / Community Center', 'Water softening plant']",sector 70
"['Security / Fire Alarm', 'Intercom Facility', 'Lift(s)', 'Maintenance Staff', 'Water Storage', 'No open drainage around', 'Visitor Parking', 'Swimming Pool', 'Park', 'Security Personnel', 'Natural Light', 'Internet/wi-fi connectivity', 'Airy Rooms', 'Spacious Interiors', 'Fitness Centre / GYM', 'Waste Disposal', 'Club house / Community Center']",sector 66
"['Feng Shui / Vaastu Compliant', 'Security / Fire Alarm', 'Intercom Facility', 'Lift(s)', 'Maintenance Staff', 'Water Storage', 'Park', 'Visitor Parking']",sector 61
"['Power Back-up', 'Feng Shui / Vaastu Compliant', 'Security / Fire Alarm', 'Intercom Facility', 'Water purifier', 'Lift(s)', 'Internet/wi-fi connectivity', 'Water Storage', 'Park', 'Maintenance Staff', 'Security Personnel', 'Bank Attached Property', 'Swimming Pool', 'Visitor Parking', 'Rain Water Harvesting', 'Shopping Centre', 'Club house / Community Center', 'Fitness Centre / GYM', 'Water softening plant', 'Waste Disposal']",sector 104
"['Feng Shui / Vaastu Compliant', 'Security / Fire Alarm', 'Intercom Facility', 'Lift(s)', 'Maintenance Staff', 'Water Storage', 'Park', 'Visitor Parking']",sector 2
"['Lift(s)', 'Maintenance Staff', 'False Ceiling Lighting', 'Park', 'Piped-gas', 'Security Personnel', 'Shopping Centre', 'Rain Water Harvesting']",sector 17b
"['Feng Shui / Vaastu Compliant', 'Intercom Facility', 'Lift(s)', 'Maintenance Staff', 'Park']",sector 43
"['Intercom Facility', 'Lift(s)', 'High Ceiling Height', 'Maintenance Staff', 'False Ceiling Lighting', 'No open drainage around', 'Piped-gas', 'Swimming Pool', 'Park', 'Security Personnel', 'Internet/wi-fi connectivity', 'Shopping Centre', 'Fitness Centre / GYM', 'Waste Disposal', 'Rain Water Harvesting', 'Club house / Community Center', 'Water softening plant']",sector 83
"['Feng Shui / Vaastu Compliant', 'Security / Fire Alarm', 'Intercom Facility', 'Lift(s)', 'Maintenance Staff', 'Water Storage', 'Park', 'Visitor Parking', 'Fitness Centre / GYM']",sector 33
"['Feng Shui / Vaastu Compliant', 'Private Garden / Terrace', 'Water Storage', 'No open drainage around', 'Park', 'Piped-gas', 'Visitor Parking', 'Security Personnel', 'Internet/wi-fi connectivity', 'Waste Disposal', 'Club house / Community Center', 'Rain Water Harvesting']",sector 106
"['Private Garden / Terrace', 'Water Storage', 'Rain Water Harvesting']",sector 69
"['Security / Fire Alarm', 'Feng Shui / Vaastu Compliant', 'Intercom Facility', 'Lift(s)', 'Maintenance Staff', 'Water Storage', 'Separate entry for servant room', 'No open drainage around', 'Visitor Parking', 'Swimming Pool', 'Park', 'Security Personnel', 'Internet/wi-fi connectivity', 'Shopping Centre', 'Fitness Centre / GYM', 'Waste Disposal', 'Rain Water Harvesting', 'Club house / Community Center', 'Water softening plant']",sector 107
"['Security / Fire Alarm', 'Feng Shui / Vaastu Compliant', 'Private Garden / Terrace', 'Maintenance Staff', 'Water Storage', 'Separate entry for servant room', 'No open drainage around', 'Recently Renovated', 'Bank Attached Property', 'Piped-gas', 'Visitor Parking', 'Swimming Pool', 'Park', 'Security Personnel', 'Natural Light', 'Spacious Interiors', 'Low Density Society', 'Fitness Centre / GYM', 'Rain Water Harvesting', 'Club house / Community Center']",sector 69
,sector 56
"['Centrally Air Conditioned', 'Water purifier', 'Security / Fire Alarm', 'Power Back-up', 'Feng Shui / Vaastu Compliant', 'Private Garden / Terrace', 'Intercom Facility', 'Lift(s)', 'High Ceiling Height', 'Maintenance Staff', 'False Ceiling Lighting', 'Water Storage', 'Separate entry for servant room', 'No open drainage around', 'Bank Attached Property', 'Piped-gas', 'Internet/wi-fi connectivity', 'Recently Renovated', 'Visitor Parking', 'Swimming Pool', 'Park', 'Security Personnel', 'Natural Light', 'Airy Rooms', 'Spacious Interiors', 'Low Density Society', 'Waste Disposal', 'Rain Water Harvesting', 'Water softening plant', 'Shopping Centre', 'Fitness Centre / GYM', 'Club house / Community Center']",sector 70a
,sector 2
,sector 14
['Visitor Parking'],sector 63
"['Water purifier', 'Centrally Air Conditioned', 'Security / Fire Alarm', 'Feng Shui / Vaastu Compliant', 'Private Garden / Terrace', 'High Ceiling Height', 'Maintenance Staff', 'False Ceiling Lighting', 'Water Storage', 'Separate entry for servant room', 'No open drainage around', 'Piped-gas', 'Internet/wi-fi connectivity', 'Visitor Parking', 'Swimming Pool', 'Park', 'Security Personnel', 'Natural Light', 'Airy Rooms', 'Spacious Interiors', 'Low Density Society', 'Waste Disposal', 'Rain Water Harvesting', 'Fitness Centre / GYM', 'Club house / Community Center']",sector 67
,sector 112
"['Security / Fire Alarm', 'Intercom Facility', 'Lift(s)', 'Maintenance Staff', 'Swimming Pool', 'Water Storage', 'Park', 'Visitor Parking', 'Shopping Centre', 'Fitness Centre / GYM', 'Club house / Community Center']",sector 82a
"['Feng Shui / Vaastu Compliant', 'Private Garden / Terrace', 'Water purifier', 'High Ceiling Height', 'Swimming Pool', 'Separate entry for servant room', 'Park', 'Visitor Parking', 'Natural Light', 'Spacious Interiors']",sector 107
"['Feng Shui / Vaastu Compliant', 'Security / Fire Alarm', 'Intercom Facility', 'Lift(s)', 'Maintenance Staff', 'Water Storage', 'Park', 'Visitor Parking']",sector 107
"['Security / Fire Alarm', 'Feng Shui / Vaastu Compliant', 'Intercom Facility', 'Lift(s)', 'Maintenance Staff', 'Water Storage', 'Swimming Pool', 'Park', 'Security Personnel', 'Internet/wi-fi connectivity', 'Shopping Centre', 'Fitness Centre / GYM', 'Rain Water Harvesting', 'Club house / Community Center']",sector 2
"['Security / Fire Alarm', 'Intercom Facility', 'Lift(s)', 'Maintenance Staff', 'Water Storage', 'Park', 'Visitor Parking']",gwal pahari
"['Power Back-up', 'Intercom Facility', 'Lift(s)', 'High Ceiling Height', 'Maintenance Staff', 'Separate entry for servant room', 'No open drainage around', 'Piped-gas', 'Visitor Parking', 'Swimming Pool', 'Park', 'Security Personnel', 'Internet/wi-fi connectivity', 'Shopping Centre', 'Fitness Centre / GYM', 'Rain Water Harvesting', 'Club house / Community Center', 'Water softening plant']",sector 77
"['Feng Shui / Vaastu Compliant', 'Intercom Facility', 'Lift(s)', 'Maintenance Staff', 'Piped-gas', 'Swimming Pool', 'Park', 'Security Personnel', 'Internet/wi-fi connectivity', 'Shopping Centre', 'Fitness Centre / GYM', 'Waste Disposal', 'Rain Water Harvesting', 'Club house / Community Center', 'Water softening plant']",sohna road
"['Feng Shui / Vaastu Compliant', 'Security / Fire Alarm', 'Intercom Facility', 'Lift(s)', 'Maintenance Staff', 'Water Storage', 'Park', 'Visitor Parking']",new sector 2
,sector 109
"['Centrally Air Conditioned', 'Water purifier', 'Security / Fire Alarm', 'Power Back-up', 'Feng Shui / Vaastu Compliant', 'Private Garden / Terrace', 'Intercom Facility', 'Lift(s)', 'High Ceiling Height', 'Maintenance Staff', 'False Ceiling Lighting', 'Water Storage', 'Separate entry for servant room', 'No open drainage around', 'Bank Attached Property', 'Piped-gas', 'Internet/wi-fi connectivity', 'Recently Renovated', 'Visitor Parking', 'Swimming Pool', 'Park', 'Security Personnel', 'Natural Light', 'Airy Rooms', 'Spacious Interiors', 'Low Density Society', 'Waste Disposal', 'Rain Water Harvesting', 'Water softening plant', 'Shopping Centre', 'Fitness Centre / GYM', 'Club house / Community Center']",sector 49
"['Feng Shui / Vaastu Compliant', 'Private Garden / Terrace', 'High Ceiling Height', 'Maintenance Staff', 'False Ceiling Lighting', 'Water Storage', 'Separate entry for servant room', 'No open drainage around', 'Bank Attached Property', 'Visitor Parking', 'Swimming Pool', 'Park', 'Internet/wi-fi connectivity', 'Low Density Society', 'Fitness Centre / GYM', 'Waste Disposal', 'Rain Water Harvesting', 'Club house / Community Center']",sector 90
"['Centrally Air Conditioned', 'Water purifier', 'Security / Fire Alarm', 'Power Back-up', 'Feng Shui / Vaastu Compliant', 'Private Garden / Terrace', 'Intercom Facility', 'Lift(s)', 'High Ceiling Height', 'Maintenance Staff', 'False Ceiling Lighting', 'Water Storage', 'Separate entry for servant room', 'No open drainage around', 'Bank Attached Property', 'Piped-gas', 'Internet/wi-fi connectivity', 'Recently Renovated', 'Visitor Parking', 'Swimming Pool', 'Park', 'Security Personnel', 'Natural Light', 'Airy Rooms', 'Spacious Interiors', 'Low Density Society', 'Waste Disposal', 'Rain Water Harvesting', 'Water softening plant', 'Shopping Centre', 'Fitness Centre / GYM', 'Club house / Community Center']",sector 3
"['Security / Fire Alarm', 'Intercom Facility', 'Lift(s)', 'Maintenance Staff', 'Water Storage', 'Park', 'Visitor Parking']",sector 108
"['Security / Fire Alarm', 'Power Back-up', 'Feng Shui / Vaastu Compliant', 'Intercom Facility', 'Lift(s)', 'High Ceiling Height', 'Maintenance Staff', 'False Ceiling Lighting', 'Water Storage', 'Separate entry for servant room', 'No open drainage around', 'Piped-gas', 'Swimming Pool', 'Park', 'Internet/wi-fi connectivity', 'Shopping Centre', 'Fitness Centre / GYM', 'Waste Disposal', 'Rain Water Harvesting', 'Club house / Community Center', 'Water softening plant']",sector 8
"['Power Back-up', 'Intercom Facility', 'Lift(s)', 'Swimming Pool', 'Maintenance Staff', 'Park', 'Security Personnel', 'Fitness Centre / GYM', 'Club house / Community Center', 'Rain Water Harvesting']",sector 49
"['Lift(s)', 'Maintenance Staff', 'Water Storage', 'Park', 'Visitor Parking']",sector 61
"['Security / Fire Alarm', 'Feng Shui / Vaastu Compliant', 'Intercom Facility', 'Lift(s)', 'Maintenance Staff', 'Visitor Parking', 'Swimming Pool', 'Park', 'Security Personnel', 'Natural Light', 'Airy Rooms', 'Spacious Interiors', 'Shopping Centre', 'Fitness Centre / GYM', 'Club house / Community Center']",sector 104
['Feng Shui / Vaastu Compliant'],sector 81
"['Security / Fire Alarm', 'Feng Shui / Vaastu Compliant', 'Intercom Facility', 'Lift(s)', 'Maintenance Staff', 'Water Storage', 'No open drainage around', 'Visitor Parking', 'Swimming Pool', 'Park', 'Security Personnel', 'Natural Light', 'Airy Rooms', 'Spacious Interiors', 'Low Density Society', 'Shopping Centre', 'Fitness Centre / GYM', 'Waste Disposal', 'Rain Water Harvesting', 'Club house / Community Center']",sector 2
"['Security / Fire Alarm', 'Intercom Facility', 'Lift(s)', 'Maintenance Staff', 'Swimming Pool', 'Park', 'Visitor Parking', 'Fitness Centre / GYM', 'Club house / Community Center', 'Water softening plant']",sector 37d
"['Water purifier', 'Security / Fire Alarm', 'Power Back-up', 'Feng Shui / Vaastu Compliant', 'Private Garden / Terrace', 'Intercom Facility', 'Lift(s)', 'High Ceiling Height', 'Maintenance Staff', 'Water Storage', 'Separate entry for servant room', 'No open drainage around', 'Bank Attached Property', 'Piped-gas', 'Internet/wi-fi connectivity', 'Recently Renovated', 'Visitor Parking', 'Swimming Pool', 'Park', 'Security Personnel', 'Natural Light', 'Airy Rooms', 'Spacious Interiors', 'Low Density Society', 'Waste Disposal', 'Rain Water Harvesting', 'Water softening plant', 'Shopping Centre', 'Fitness Centre / GYM', 'Club house / Community Center']",sohna road
"['Power Back-up', 'Feng Shui / Vaastu Compliant', 'Intercom Facility', 'Lift(s)', 'Maintenance Staff', 'Piped-gas', 'Visitor Parking', 'Swimming Pool', 'Park', 'Natural Light', 'Airy Rooms', 'Low Density Society', 'Shopping Centre', 'Fitness Centre / GYM', 'Waste Disposal', 'Rain Water Harvesting', 'Club house / Community Center']",sector 69
"['Feng Shui / Vaastu Compliant', 'Water Storage']",sector 84
"['Security / Fire Alarm', 'Power Back-up', 'Feng Shui / Vaastu Compliant', 'Intercom Facility', 'Lift(s)', 'High Ceiling Height', 'Maintenance Staff', 'Water Storage', 'No open drainage around', 'Recently Renovated', 'Bank Attached Property', 'Piped-gas', 'Visitor Parking', 'Swimming Pool', 'Park', 'Security Personnel', 'Natural Light', 'Internet/wi-fi connectivity', 'Shopping Centre', 'Fitness Centre / GYM', 'Waste Disposal', 'Rain Water Harvesting', 'Club house / Community Center']",sector 95
"['Security / Fire Alarm', 'Power Back-up', 'Feng Shui / Vaastu Compliant', 'Intercom Facility', 'Lift(s)', 'Water purifier', 'Centrally Air Conditioned', 'Maintenance Staff', 'Separate entry for servant room', 'No open drainage around', 'Recently Renovated', 'Bank Attached Property', 'Piped-gas', 'Visitor Parking', 'Swimming Pool', 'Park', 'Security Personnel', 'Natural Light', 'Airy Rooms', 'Spacious Interiors', 'Low Density Society', 'Fitness Centre / GYM', 'Rain Water Harvesting', 'Club house / Community Center']",sector 21
"['Feng Shui / Vaastu Compliant', 'Park', 'Visitor Parking', 'Waste Disposal']",sector 69
"['Security / Fire Alarm', 'Feng Shui / Vaastu Compliant', 'Intercom Facility', 'Lift(s)', 'Maintenance Staff', 'Water Storage', 'Separate entry for servant room', 'No open drainage around', 'Visitor Parking', 'Swimming Pool', 'Park', 'Security Personnel', 'Low Density Society', 'Fitness Centre / GYM', 'Waste Disposal', 'Rain Water Harvesting', 'Club house / Community Center']",sector 81
"['Centrally Air Conditioned', 'Water purifier', 'Security / Fire Alarm', 'Feng Shui / Vaastu Compliant', 'Intercom Facility', 'Lift(s)', 'High Ceiling Height', 'Maintenance Staff', 'False Ceiling Lighting', 'Water Storage', 'Separate entry for servant room', 'No open drainage around', 'Bank Attached Property', 'Piped-gas', 'Internet/wi-fi connectivity', 'Recently Renovated', 'Visitor Parking', 'Swimming Pool', 'Park', 'Security Personnel', 'Natural Light', 'Airy Rooms', 'Spacious Interiors', 'Low Density Society', 'Waste Disposal', 'Rain Water Harvesting', 'Water softening plant', 'Shopping Centre', 'Fitness Centre / GYM', 'Club house / Community Center']",sector 81
"['Lift(s)', 'Centrally Air Conditioned', 'High Ceiling Height', 'False Ceiling Lighting', 'Separate entry for servant room', 'No open drainage around', 'Swimming Pool', 'Security Personnel', 'Natural Light', 'Airy Rooms', 'Spacious Interiors', 'Shopping Centre', 'Fitness Centre / GYM', 'Club house / Community Center', 'Water softening plant']",sector 28
"['Feng Shui / Vaastu Compliant', 'Security / Fire Alarm', 'Intercom Facility', 'Lift(s)', 'Maintenance Staff', 'Water Storage', 'Park', 'Visitor Parking']",sector 90
"['Power Back-up', 'Lift(s)', 'Maintenance Staff', 'Park', 'Security Personnel']",sector 85
"['Feng Shui / Vaastu Compliant', 'Security / Fire Alarm', 'Intercom Facility', 'Lift(s)', 'Maintenance Staff', 'Water Storage', 'Park', 'Visitor Parking']",sector 65
"['Centrally Air Conditioned', 'Water purifier', 'Security / Fire Alarm', 'Feng Shui / Vaastu Compliant', 'Intercom Facility', 'Lift(s)', 'High Ceiling Height', 'Maintenance Staff', 'False Ceiling Lighting', 'Water Storage', 'Separate entry for servant room', 'No open drainage around', 'Piped-gas', 'Internet/wi-fi connectivity', 'Visitor Parking', 'Swimming Pool', 'Park', 'Security Personnel', 'Natural Light', 'Airy Rooms', 'Spacious Interiors', 'Waste Disposal', 'Rain Water Harvesting', 'Shopping Centre', 'Fitness Centre / GYM', 'Club house / Community Center']",sector 56
"['Lift(s)', 'Maintenance Staff', 'Park']",sector 71
"['Security / Fire Alarm', 'Power Back-up', 'Feng Shui / Vaastu Compliant', 'Intercom Facility', 'Lift(s)', 'High Ceiling Height', 'Maintenance Staff', 'False Ceiling Lighting', 'Water Storage', 'Visitor Parking', 'Swimming Pool', 'Park', 'Shopping Centre', 'Fitness Centre / GYM', 'Waste Disposal', 'Rain Water Harvesting', 'Club house / Community Center', 'Water softening plant']",sector 72
"['Security / Fire Alarm', 'Feng Shui / Vaastu Compliant', 'Private Garden / Terrace', 'High Ceiling Height', 'Maintenance Staff', 'False Ceiling Lighting', 'Water Storage', 'Recently Renovated', 'Piped-gas', 'Visitor Parking', 'Park', 'Security Personnel', 'Natural Light', 'Internet/wi-fi connectivity', 'Airy Rooms', 'Spacious Interiors', 'Waste Disposal', 'Rain Water Harvesting']",sector 109
,sector 49
"['Power Back-up', 'Security / Fire Alarm', 'Lift(s)', 'Swimming Pool', 'Maintenance Staff', 'Water Storage', 'Park', 'Visitor Parking', 'Shopping Centre', 'Fitness Centre / GYM', 'Rain Water Harvesting']",sector 84
"['Feng Shui / Vaastu Compliant', 'Intercom Facility', 'Lift(s)', 'Maintenance Staff', 'Piped-gas', 'Visitor Parking', 'Swimming Pool', 'Park', 'Security Personnel', 'Natural Light', 'Internet/wi-fi connectivity', 'Airy Rooms', 'Low Density Society', 'Fitness Centre / GYM', 'Rain Water Harvesting', 'Club house / Community Center']",sector 4
,sector 79
,sector 72
['Natural Light'],new
"['Lift(s)', 'Visitor Parking']",sector 2
"['Security / Fire Alarm', 'Feng Shui / Vaastu Compliant', 'Private Garden / Terrace', 'Water purifier', 'High Ceiling Height', 'Maintenance Staff', 'Water Storage', 'Separate entry for servant room', 'Piped-gas', 'Visitor Parking', 'Swimming Pool', 'Park', 'Natural Light', 'Airy Rooms', 'Spacious Interiors', 'Fitness Centre / GYM', 'Waste Disposal', 'Rain Water Harvesting', 'Club house / Community Center']",sector 90
"['Centrally Air Conditioned', 'Water purifier', 'Security / Fire Alarm', 'Feng Shui / Vaastu Compliant', 'Private Garden / Terrace', 'Intercom Facility', 'Lift(s)', 'High Ceiling Height', 'Maintenance Staff', 'False Ceiling Lighting', 'Water Storage', 'Separate entry for servant room', 'No open drainage around', 'Bank Attached Property', 'Piped-gas', 'Internet/wi-fi connectivity', 'Visitor Parking', 'Swimming Pool', 'Park', 'Security Personnel', 'Natural Light', 'Airy Rooms', 'Spacious Interiors', 'Low Density Society', 'Waste Disposal', 'Rain Water Harvesting', 'Water softening plant', 'Shopping Centre', 'Fitness Centre / GYM', 'Club house / Community Center']",gwal pahari
"['Feng Shui / Vaastu Compliant', 'Intercom Facility', 'Lift(s)', 'Maintenance Staff', 'Park']",sohna road
"['Security / Fire Alarm', 'Intercom Facility', 'Lift(s)', 'Maintenance Staff', 'Park', 'Bank Attached Property', 'Visitor Parking', 'Natural Light', 'Airy Rooms', 'Shopping Centre', 'Fitness Centre / GYM', 'Club house / Community Center']",sector 111
"['Security / Fire Alarm', 'Feng Shui / Vaastu Compliant', 'Private Garden / Terrace', 'Centrally Air Conditioned', 'Water purifier', 'High Ceiling Height', 'Maintenance Staff', 'False Ceiling Lighting', 'Water Storage', 'Separate entry for servant room', 'Recently Renovated', 'Piped-gas', 'Visitor Parking', 'Park', 'Natural Light', 'Internet/wi-fi connectivity', 'Airy Rooms', 'Spacious Interiors', 'Low Density Society', 'Waste Disposal', 'Rain Water Harvesting']",sector 67
"['Security / Fire Alarm', 'Feng Shui / Vaastu Compliant', 'Intercom Facility', 'Lift(s)', 'High Ceiling Height', 'Maintenance Staff', 'Water Storage', 'No open drainage around', 'Bank Attached Property', 'Piped-gas', 'Visitor Parking', 'Swimming Pool', 'Park', 'Security Personnel', 'Internet/wi-fi connectivity', 'Low Density Society', 'Shopping Centre', 'Fitness Centre / GYM', 'Waste Disposal', 'Rain Water Harvesting', 'Club house / Community Center']",sector 47
"['Lift(s)', 'Maintenance Staff', 'Park', 'Fitness Centre / GYM', 'Rain Water Harvesting']",sector 102
"['Feng Shui / Vaastu Compliant', 'Security / Fire Alarm', 'Maintenance Staff', 'Water Storage', 'Park', 'Piped-gas', 'Visitor Parking', 'Security Personnel', 'Internet/wi-fi connectivity', 'Club house / Community Center', 'Rain Water Harvesting']",sector 72
"['Lift(s)', 'Swimming Pool', 'Visitor Parking', 'Fitness Centre / GYM', 'Club house / Community Center']",sector 37d
"['Water purifier', 'Water Storage', 'Park', 'Internet/wi-fi connectivity']",sector 61
"['Feng Shui / Vaastu Compliant', 'Security / Fire Alarm', 'Intercom Facility', 'Lift(s)', 'Maintenance Staff', 'Water Storage', 'Park', 'Visitor Parking']",sector 2
"['Security / Fire Alarm', 'Feng Shui / Vaastu Compliant', 'Intercom Facility', 'Lift(s)', 'High Ceiling Height', 'Maintenance Staff', 'False Ceiling Lighting', 'Water Storage', 'Separate entry for servant room', 'No open drainage around', 'Piped-gas', 'Visitor Parking', 'Swimming Pool', 'Park', 'Security Personnel', 'Internet/wi-fi connectivity', 'Shopping Centre', 'Fitness Centre / GYM', 'Waste Disposal', 'Rain Water Harvesting', 'Club house / Community Center', 'Water softening plant']",sector 70
"['Lift(s)', 'Maintenance Staff', 'Water Storage', 'Park', 'Piped-gas', 'Visitor Parking', 'Natural Light', 'Internet/wi-fi connectivity', 'Shopping Centre', 'Fitness Centre / GYM', 'Waste Disposal', 'Rain Water Harvesting']",sector 81
"['Power Back-up', 'Intercom Facility', 'Lift(s)', 'High Ceiling Height', 'Maintenance Staff', 'False Ceiling Lighting', 'Swimming Pool', 'Park', 'Internet/wi-fi connectivity', 'Shopping Centre', 'Fitness Centre / GYM', 'Rain Water Harvesting', 'Club house / Community Center', 'Water softening plant']",sector 69
"['Centrally Air Conditioned', 'Water purifier', 'Security / Fire Alarm', 'Feng Shui / Vaastu Compliant', 'Private Garden / Terrace', 'Intercom Facility', 'Lift(s)', 'High Ceiling Height', 'Maintenance Staff', 'False Ceiling Lighting', 'Water Storage', 'Separate entry for servant room', 'No open drainage around', 'Piped-gas', 'Internet/wi-fi connectivity', 'Recently Renovated', 'Visitor Parking', 'Swimming Pool', 'Park', 'Security Personnel', 'Natural Light', 'Airy Rooms', 'Spacious Interiors', 'Low Density Society', 'Waste Disposal', 'Rain Water Harvesting', 'Water softening plant', 'Shopping Centre', 'Fitness Centre / GYM', 'Club house / Community Center']",sector 69
,manesar
"['Power Back-up', 'Intercom Facility', 'Lift(s)', 'Swimming Pool', 'Park', 'Shopping Centre', 'Fitness Centre / GYM', 'Club house / Community Center', 'Rain Water Harvesting']",sector 102
"['Centrally Air Conditioned', 'Water purifier', 'Security / Fire Alarm', 'Feng Shui / Vaastu Compliant', 'Private Garden / Terrace', 'High Ceiling Height', 'Maintenance Staff', 'False Ceiling Lighting', 'Water Storage', 'Separate entry for servant room', 'No open drainage around', 'Bank Attached Property', 'Piped-gas', 'Internet/wi-fi connectivity', 'Recently Renovated', 'Visitor Parking', 'Swimming Pool', 'Park', 'Security Personnel', 'Natural Light', 'Airy Rooms', 'Spacious Interiors', 'Low Density Society', 'Waste Disposal', 'Rain Water Harvesting', 'Fitness Centre / GYM', 'Club house / Community Center']",sector 60
,sector 85
"['Security / Fire Alarm', 'Intercom Facility', 'Lift(s)', 'Maintenance Staff', 'Water Storage', 'Park', 'Visitor Parking']",sector 102
"['Feng Shui / Vaastu Compliant', 'Security / Fire Alarm', 'Intercom Facility', 'Lift(s)', 'Maintenance Staff', 'Water Storage', 'Park', 'Visitor Parking']",sector 14
,sector 33
,sector 50
"['Feng Shui / Vaastu Compliant', 'Security / Fire Alarm', 'Intercom Facility', 'Lift(s)', 'Maintenance Staff', 'Water Storage', 'Park', 'Visitor Parking']",sector 46
['Water Storage'],sector 67a
"['Maintenance Staff', 'Swimming Pool', 'Park', 'Natural Light', 'Airy Rooms', 'Low Density Society', 'Waste Disposal', 'Club house / Community Center']",sector 68
"['Feng Shui / Vaastu Compliant', 'Security / Fire Alarm', 'Intercom Facility', 'Lift(s)', 'Maintenance Staff', 'Water Storage', 'Park', 'Visitor Parking']",sector 25
"['Security / Fire Alarm', 'Feng Shui / Vaastu Compliant', 'Private Garden / Terrace', 'Water purifier', 'Centrally Air Conditioned', 'High Ceiling Height', 'Maintenance Staff', 'False Ceiling Lighting', 'Water Storage', 'Separate entry for servant room', 'No open drainage around', 'Recently Renovated', 'Bank Attached Property', 'Visitor Parking', 'Park', 'Natural Light', 'Internet/wi-fi connectivity', 'Airy Rooms', 'Spacious Interiors', 'Fitness Centre / GYM', 'Waste Disposal', 'Rain Water Harvesting', 'Club house / Community Center']",sohna road road
"['Security / Fire Alarm', 'Intercom Facility', 'Lift(s)', 'Centrally Air Conditioned', 'Water purifier', 'High Ceiling Height', 'Maintenance Staff', 'Water Storage', 'No open drainage around', 'Bank Attached Property', 'Recently Renovated', 'Visitor Parking', 'Park', 'Security Personnel', 'Natural Light', 'Internet/wi-fi connectivity', 'Airy Rooms', 'Spacious Interiors', 'Shopping Centre', 'Waste Disposal', 'Rain Water Harvesting', 'Club house / Community Center', 'Water softening plant']",sector 70a
"['Intercom Facility', 'Lift(s)', 'Feng Shui / Vaastu Compliant', 'Security Personnel', 'Maintenance Staff', 'Internet/wi-fi connectivity', 'Swimming Pool', 'Park', 'Club house / Community Center', 'Fitness Centre / GYM', 'Rain Water Harvesting']",sector 79
"['Centrally Air Conditioned', 'Water purifier', 'Security / Fire Alarm', 'Feng Shui / Vaastu Compliant', 'Intercom Facility', 'Lift(s)', 'High Ceiling Height', 'Maintenance Staff', 'Water Storage', 'Separate entry for servant room', 'No open drainage around', 'Bank Attached Property', 'Piped-gas', 'Internet/wi-fi connectivity', 'Recently Renovated', 'Visitor Parking', 'Swimming Pool', 'Park', 'Security Personnel', 'Natural Light', 'Airy Rooms', 'Spacious Interiors', 'Low Density Society', 'Waste Disposal', 'Rain Water Harvesting', 'Water softening plant', 'Shopping Centre', 'Fitness Centre / GYM', 'Club house / Community Center']",sector 63
"['Security / Fire Alarm', 'Intercom Facility', 'Lift(s)', 'Maintenance Staff', 'No open drainage around', 'Visitor Parking', 'Natural Light', 'Shopping Centre', 'Fitness Centre / GYM']",sector 67
"['Feng Shui / Vaastu Compliant', 'Park', 'Recently Renovated', 'Visitor Parking', 'Natural Light', 'Airy Rooms', 'Spacious Interiors', 'Low Density Society']",sector 31
"['Security / Fire Alarm', 'Power Back-up', 'Feng Shui / Vaastu Compliant', 'Intercom Facility', 'Lift(s)', 'Water purifier', 'High Ceiling Height', 'Maintenance Staff', 'Water Storage', 'Separate entry for servant room', 'No open drainage around', 'Visitor Parking', 'Swimming Pool', 'Park', 'Natural Light', 'Internet/wi-fi connectivity', 'Airy Rooms', 'Low Density Society', 'Fitness Centre / GYM', 'Waste Disposal', 'Rain Water Harvesting', 'Club house / Community Center', 'Water softening plant']",sector 106
,sector 83
,sector 67
"['Feng Shui / Vaastu Compliant', 'Security / Fire Alarm', 'Intercom Facility', 'Lift(s)', 'Maintenance Staff', 'Water Storage', 'Park', 'Visitor Parking']",sector 6
"['Security / Fire Alarm', 'Lift(s)']",sector 90
"['Feng Shui / Vaastu Compliant', 'Security / Fire Alarm', 'Intercom Facility', 'Lift(s)', 'Maintenance Staff', 'Water Storage', 'Park', 'Visitor Parking']",sector 12
"['Security / Fire Alarm', 'Lift(s)', 'Maintenance Staff', 'False Ceiling Lighting', 'Water Storage', 'No open drainage around', 'Bank Attached Property', 'Visitor Parking', 'Swimming Pool', 'Park', 'Security Personnel', 'Natural Light', 'Airy Rooms', 'Spacious Interiors', 'Shopping Centre', 'Fitness Centre / GYM', 'Waste Disposal', 'Rain Water Harvesting', 'Club house / Community Center']",sector 113
"['Feng Shui / Vaastu Compliant', 'Private Garden / Terrace', 'High Ceiling Height', 'Maintenance Staff', 'False Ceiling Lighting', 'Water Storage', 'Separate entry for servant room', 'No open drainage around', 'Piped-gas', 'Visitor Parking', 'Park', 'Low Density Society', 'Waste Disposal', 'Rain Water Harvesting']",sector 67
"['High Ceiling Height', 'False Ceiling Lighting', 'Water Storage', 'Park', 'Visitor Parking', 'Waste Disposal']",sector 109
"['Intercom Facility', 'Lift(s)', 'Swimming Pool', 'Park', 'Shopping Centre', 'Fitness Centre / GYM', 'Club house / Community Center']",sector 79
"['Private Garden / Terrace', 'Water Storage', 'Park', 'Visitor Parking', 'Rain Water Harvesting']",gwal pahari
"['Feng Shui / Vaastu Compliant', 'Private Garden / Terrace', 'Park', 'Visitor Parking', 'Low Density Society']",sector 54
"['High Ceiling Height', 'Maintenance Staff', 'Separate entry for servant room', 'Fitness Centre / GYM']",sector 85
"['Power Back-up', 'Maintenance Staff', 'Park', 'Security Personnel', 'Club house / Community Center']",sector 66
"['Power Back-up', 'Feng Shui / Vaastu Compliant', 'Intercom Facility', 'Lift(s)', 'Swimming Pool', 'Park', 'Shopping Centre', 'Fitness Centre / GYM', 'Rain Water Harvesting']",sector 89
"['Water purifier', 'Security / Fire Alarm', 'Power Back-up', 'Feng Shui / Vaastu Compliant', 'Private Garden / Terrace', 'Intercom Facility', 'Lift(s)', 'Maintenance Staff', 'Water Storage', 'Separate entry for servant room', 'No open drainage around', 'Bank Attached Property', 'Piped-gas', 'Internet/wi-fi connectivity', 'Recently Renovated', 'Visitor Parking', 'Swimming Pool', 'Park', 'Security Personnel', 'Natural Light', 'Airy Rooms', 'Spacious Interiors', 'Low Density Society', 'Waste Disposal', 'Rain Water Harvesting', 'Water softening plant', 'Shopping Centre', 'Fitness Centre / GYM', 'Club house / Community Center']",sector 7
"['Centrally Air Conditioned', 'Water purifier', 'Security / Fire Alarm', 'Feng Shui / Vaastu Compliant', 'Private Garden / Terrace', 'High Ceiling Height', 'Maintenance Staff', 'False Ceiling Lighting', 'Water Storage', 'Separate entry for servant room', 'No open drainage around', 'Bank Attached Property', 'Piped-gas', 'Internet/wi-fi connectivity', 'Recently Renovated', 'Visitor Parking', 'Swimming Pool', 'Park', 'Security Personnel', 'Natural Light', 'Airy Rooms', 'Spacious Interiors', 'Low Density Society', 'Waste Disposal', 'Rain Water Harvesting', 'Fitness Centre / GYM', 'Club house / Community Center']",sector 9
"['Power Back-up', 'Feng Shui / Vaastu Compliant', 'Intercom Facility', 'Lift(s)', 'Swimming Pool', 'Park', 'Shopping Centre', 'Fitness Centre / GYM', 'Club house / Community Center', 'Water softening plant']",sector 92
"['Intercom Facility', 'Lift(s)', 'Swimming Pool', 'Park', 'Shopping Centre', 'Fitness Centre / GYM', 'Club house / Community Center']",sector 37d
"['Feng Shui / Vaastu Compliant', 'Security / Fire Alarm', 'Intercom Facility', 'Lift(s)', 'Maintenance Staff', 'Park', 'Visitor Parking']",sector 109
"['Security / Fire Alarm', 'Feng Shui / Vaastu Compliant', 'Intercom Facility', 'Lift(s)', 'Maintenance Staff', 'False Ceiling Lighting', 'Water Storage', 'No open drainage around', 'Bank Attached Property', 'Recently Renovated', 'Piped-gas', 'Visitor Parking', 'Swimming Pool', 'Park', 'Security Personnel', 'Natural Light', 'Internet/wi-fi connectivity', 'Spacious Interiors', 'Low Density Society', 'Shopping Centre', 'Fitness Centre / GYM', 'Waste Disposal', 'Rain Water Harvesting', 'Club house / Community Center']",sector 70
"['High Ceiling Height', 'Water Storage', 'No open drainage around', 'Park', 'Security Personnel']",sector 28
,sector 79
"['Feng Shui / Vaastu Compliant', 'Maintenance Staff', 'Water Storage', 'Visitor Parking', 'Waste Disposal', 'Rain Water Harvesting']",sector 81
"['Security / Fire Alarm', 'Feng Shui / Vaastu Compliant', 'Private Garden / Terrace', 'Intercom Facility', 'Lift(s)', 'Maintenance Staff', 'False Ceiling Lighting', 'Water Storage', 'Separate entry for servant room', 'No open drainage around', 'Piped-gas', 'Recently Renovated', 'Visitor Parking', 'Swimming Pool', 'Park', 'Security Personnel', 'Natural Light', 'Spacious Interiors', 'Low Density Society', 'Waste Disposal', 'Rain Water Harvesting', 'Water softening plant', 'Shopping Centre', 'Fitness Centre / GYM', 'Club house / Community Center']",sector 3 phase 3 extension
"['Feng Shui / Vaastu Compliant', 'Private Garden / Terrace', 'Maintenance Staff', 'Water Storage', 'Park', 'Visitor Parking']",sector 90
"['Security / Fire Alarm', 'Feng Shui / Vaastu Compliant', 'Private Garden / Terrace', 'Centrally Air Conditioned', 'Water purifier', 'High Ceiling Height', 'Maintenance Staff', 'False Ceiling Lighting', 'Water Storage', 'Recently Renovated', 'Piped-gas', 'Visitor Parking', 'Swimming Pool', 'Park', 'Security Personnel', 'Natural Light', 'Internet/wi-fi connectivity', 'Airy Rooms', 'Spacious Interiors', 'Fitness Centre / GYM', 'Waste Disposal', 'Rain Water Harvesting', 'Club house / Community Center']",sector 109
"['Feng Shui / Vaastu Compliant', 'Maintenance Staff', 'Park', 'Rain Water Harvesting']",sector 3 phase 2
['Water Storage'],sector 33
,sector 55
"['Feng Shui / Vaastu Compliant', 'Security / Fire Alarm', 'Intercom Facility', 'Lift(s)', 'Park', 'Visitor Parking']",sector 113
,sector 83
"['Power Back-up', 'Lift(s)', 'Swimming Pool', 'Maintenance Staff', 'Park', 'Security Personnel', 'Internet/wi-fi connectivity', 'Shopping Centre', 'Fitness Centre / GYM', 'Club house / Community Center', 'Rain Water Harvesting']",sector 71
"['Power Back-up', 'Intercom Facility', 'Lift(s)', 'Maintenance Staff', 'Park', 'Natural Light', 'Airy Rooms', 'Fitness Centre / GYM', 'Waste Disposal']",sector 25
"['Feng Shui / Vaastu Compliant', 'Private Garden / Terrace', 'High Ceiling Height', 'False Ceiling Lighting', 'Separate entry for servant room', 'Visitor Parking', 'Natural Light', 'Internet/wi-fi connectivity', 'Airy Rooms', 'Rain Water Harvesting']",sector 69
"['Feng Shui / Vaastu Compliant', 'Private Garden / Terrace', 'Water purifier', 'High Ceiling Height', 'Maintenance Staff', 'False Ceiling Lighting', 'Water Storage', 'Separate entry for servant room', 'No open drainage around', 'Recently Renovated', 'Piped-gas', 'Visitor Parking', 'Park', 'Security Personnel', 'Natural Light', 'Internet/wi-fi connectivity', 'Airy Rooms', 'Spacious Interiors', 'Low Density Society', 'Waste Disposal', 'Rain Water Harvesting']",sector 92
"['Feng Shui / Vaastu Compliant', 'Security / Fire Alarm', 'Intercom Facility', 'Lift(s)', 'Maintenance Staff', 'Water Storage', 'Park', 'Visitor Parking']",sector 91
"['Security / Fire Alarm', 'Feng Shui / Vaastu Compliant', 'Intercom Facility', 'Lift(s)', 'Water purifier', 'Maintenance Staff', 'Water Storage', 'No open drainage around', 'Bank Attached Property', 'Piped-gas', 'Visitor Parking', 'Swimming Pool', 'Park', 'Security Personnel', 'Natural Light', 'Airy Rooms', 'Internet/wi-fi connectivity', 'Spacious Interiors', 'Shopping Centre', 'Fitness Centre / GYM', 'Waste Disposal', 'Rain Water Harvesting', 'Club house / Community Center', 'Water softening plant']",sector 61
"['Power Back-up', 'Lift(s)', 'Swimming Pool', 'Maintenance Staff', 'Park', 'Shopping Centre', 'Fitness Centre / GYM', 'Club house / Community Center', 'Water softening plant']",sector 109
"['Feng Shui / Vaastu Compliant', 'Security / Fire Alarm', 'Intercom Facility', 'Lift(s)', 'Maintenance Staff', 'Swimming Pool', 'Water Storage', 'Park', 'Visitor Parking', 'Fitness Centre / GYM', 'Club house / Community Center', 'Rain Water Harvesting']",sector 37c
"['Security / Fire Alarm', 'Power Back-up', 'Intercom Facility', 'Lift(s)', 'Maintenance Staff', 'Piped-gas', 'Visitor Parking', 'Swimming Pool', 'Park', 'Security Personnel', 'Shopping Centre', 'Fitness Centre / GYM', 'Club house / Community Center']",sector 76
"['Security / Fire Alarm', 'Intercom Facility', 'Lift(s)', 'Maintenance Staff', 'Water Storage', 'Park', 'Visitor Parking']",sector 63a
"['Feng Shui / Vaastu Compliant', 'Security / Fire Alarm', 'Intercom Facility', 'Lift(s)', 'Maintenance Staff', 'Water Storage', 'Park', 'Visitor Parking']",sector 61
"['Security / Fire Alarm', 'Intercom Facility', 'Lift(s)', 'Maintenance Staff', 'Swimming Pool', 'Water Storage', 'Park', 'Piped-gas', 'Visitor Parking', 'Natural Light', 'Fitness Centre / GYM']",sector 48
"['Private Garden / Terrace', 'Lift(s)', 'Swimming Pool', 'Park', 'Visitor Parking', 'Security Personnel', 'Shopping Centre', 'Fitness Centre / GYM']",sector 84
"['Security / Fire Alarm', 'Power Back-up', 'Feng Shui / Vaastu Compliant', 'Intercom Facility', 'Lift(s)', 'High Ceiling Height', 'Maintenance Staff', 'False Ceiling Lighting', 'Water Storage', 'Separate entry for servant room', 'No open drainage around', 'Visitor Parking', 'Swimming Pool', 'Park', 'Security Personnel', 'Internet/wi-fi connectivity', 'Fitness Centre / GYM', 'Waste Disposal', 'Rain Water Harvesting', 'Club house / Community Center', 'Water softening plant']",sector 79
"['Security / Fire Alarm', 'Power Back-up', 'Intercom Facility', 'Lift(s)', 'Water purifier', 'Maintenance Staff', 'Water Storage', 'Separate entry for servant room', 'No open drainage around', 'Recently Renovated', 'Bank Attached Property', 'Piped-gas', 'Visitor Parking', 'Swimming Pool', 'Park', 'Security Personnel', 'Natural Light', 'Internet/wi-fi connectivity', 'Low Density Society', 'Shopping Centre', 'Fitness Centre / GYM', 'Rain Water Harvesting', 'Club house / Community Center']",sector 56
"['Lift(s)', 'Maintenance Staff', 'Swimming Pool', 'Park', 'Security Personnel', 'Fitness Centre / GYM', 'Club house / Community Center']",sector 37d
"['Natural Light', 'Airy Rooms']",sector 95
"['Lift(s)', 'Park', 'Maintenance Staff', 'Visitor Parking', 'Swimming Pool', 'Security Personnel', 'Fitness Centre / GYM']",sector 93
"['Security / Fire Alarm', 'Lift(s)', 'Maintenance Staff', 'Water Storage', 'Park', 'Visitor Parking', 'Security Personnel', 'Natural Light', 'Airy Rooms', 'Shopping Centre', 'Club house / Community Center']",sector 66
,sector 70
"['Power Back-up', 'Intercom Facility', 'Lift(s)', 'Maintenance Staff', 'Water Storage', 'Separate entry for servant room', 'No open drainage around', 'Visitor Parking', 'Swimming Pool', 'Park', 'Security Personnel', 'Fitness Centre / GYM', 'Rain Water Harvesting', 'Club house / Community Center']",sector 10a
"['Security / Fire Alarm', 'Feng Shui / Vaastu Compliant', 'Intercom Facility', 'Lift(s)', 'Centrally Air Conditioned', 'Water purifier', 'High Ceiling Height', 'Maintenance Staff', 'False Ceiling Lighting', 'Water Storage', 'Separate entry for servant room', 'No open drainage around', 'Piped-gas', 'Visitor Parking', 'Swimming Pool', 'Park', 'Airy Rooms', 'Spacious Interiors', 'Fitness Centre / GYM', 'Club house / Community Center', 'Water softening plant']",sector 85
"['Feng Shui / Vaastu Compliant', 'Private Garden / Terrace', 'High Ceiling Height', 'Maintenance Staff', 'False Ceiling Lighting', 'Water Storage', 'Separate entry for servant room', 'No open drainage around', 'Bank Attached Property', 'Piped-gas', 'Visitor Parking', 'Swimming Pool', 'Park', 'Security Personnel', 'Internet/wi-fi connectivity', 'Low Density Society', 'Fitness Centre / GYM', 'Waste Disposal', 'Rain Water Harvesting', 'Club house / Community Center']",sector 66
"['Centrally Air Conditioned', 'Security / Fire Alarm', 'Power Back-up', 'Feng Shui / Vaastu Compliant', 'Intercom Facility', 'Lift(s)', 'High Ceiling Height', 'Maintenance Staff', 'False Ceiling Lighting', 'Water Storage', 'Separate entry for servant room', 'No open drainage around', 'Bank Attached Property', 'Piped-gas', 'Internet/wi-fi connectivity', 'Recently Renovated', 'Visitor Parking', 'Swimming Pool', 'Park', 'Security Personnel', 'Natural Light', 'Airy Rooms', 'Spacious Interiors', 'Low Density Society', 'Waste Disposal', 'Rain Water Harvesting', 'Water softening plant', 'Shopping Centre', 'Fitness Centre / GYM', 'Club house / Community Center']",sector 90
,sector 59
"['Security / Fire Alarm', 'Power Back-up', 'Feng Shui / Vaastu Compliant', 'Intercom Facility', 'Lift(s)', 'Maintenance Staff', 'Water Storage', 'Piped-gas', 'Visitor Parking', 'Swimming Pool', 'Park', 'Security Personnel', 'Shopping Centre', 'Fitness Centre / GYM', 'Waste Disposal', 'Rain Water Harvesting', 'Club house / Community Center']",sector 14
,sector 99a
"['Power Back-up', 'Security / Fire Alarm', 'Intercom Facility', 'Lift(s)', 'Swimming Pool', 'Water Storage', 'Park', 'Visitor Parking', 'Shopping Centre', 'Fitness Centre / GYM', 'Club house / Community Center']",sohna road
"['Feng Shui / Vaastu Compliant', 'High Ceiling Height', 'Maintenance Staff', 'Water Storage', 'Park', 'Recently Renovated', 'Visitor Parking', 'Natural Light', 'Waste Disposal']",sector 7
"['Centrally Air Conditioned', 'Water purifier', 'Security / Fire Alarm', 'Feng Shui / Vaastu Compliant', 'Private Garden / Terrace', 'High Ceiling Height', 'Maintenance Staff', 'False Ceiling Lighting', 'Water Storage', 'Separate entry for servant room', 'No open drainage around', 'Bank Attached Property', 'Piped-gas', 'Internet/wi-fi connectivity', 'Recently Renovated', 'Visitor Parking', 'Swimming Pool', 'Park', 'Security Personnel', 'Natural Light', 'Airy Rooms', 'Spacious Interiors', 'Low Density Society', 'Waste Disposal', 'Rain Water Harvesting', 'Fitness Centre / GYM', 'Club house / Community Center']",sector 9a
"['Feng Shui / Vaastu Compliant', 'Security / Fire Alarm', 'Intercom Facility', 'Maintenance Staff', 'Water Storage', 'Park', 'Visitor Parking']",sector 69
"['Feng Shui / Vaastu Compliant', 'Private Garden / Terrace', 'Maintenance Staff', 'False Ceiling Lighting', 'Water Storage', 'Separate entry for servant room', 'Park', 'Visitor Parking', 'Security Personnel', 'Waste Disposal', 'Rain Water Harvesting']",sector 102
"['Security / Fire Alarm', 'Private Garden / Terrace', 'Intercom Facility', 'High Ceiling Height', 'Maintenance Staff', 'False Ceiling Lighting', 'Separate entry for servant room', 'No open drainage around', 'Recently Renovated', 'Visitor Parking', 'Swimming Pool', 'Park', 'Security Personnel', 'Natural Light', 'Airy Rooms', 'Spacious Interiors', 'Low Density Society', 'Shopping Centre', 'Fitness Centre / GYM', 'Rain Water Harvesting', 'Club house / Community Center', 'Water softening plant']",sector 67
"['Centrally Air Conditioned', 'Water purifier', 'Security / Fire Alarm', 'Feng Shui / Vaastu Compliant', 'Private Garden / Terrace', 'Intercom Facility', 'Lift(s)', 'High Ceiling Height', 'Maintenance Staff', 'False Ceiling Lighting', 'Water Storage', 'Separate entry for servant room', 'No open drainage around', 'Bank Attached Property', 'Piped-gas', 'Internet/wi-fi connectivity', 'Recently Renovated', 'Visitor Parking', 'Swimming Pool', 'Park', 'Security Personnel', 'Natural Light', 'Airy Rooms', 'Spacious Interiors', 'Low Density Society', 'Waste Disposal', 'Rain Water Harvesting', 'Water softening plant', 'Shopping Centre', 'Fitness Centre / GYM', 'Club house / Community Center']",sector 63a
,sector 62
"['Centrally Air Conditioned', 'Water purifier', 'Security / Fire Alarm', 'Feng Shui / Vaastu Compliant', 'Private Garden / Terrace', 'Intercom Facility', 'Lift(s)', 'High Ceiling Height', 'Maintenance Staff', 'False Ceiling Lighting', 'Water Storage', 'Separate entry for servant room', 'No open drainage around', 'Piped-gas', 'Internet/wi-fi connectivity', 'Recently Renovated', 'Visitor Parking', 'Swimming Pool', 'Park', 'Security Personnel', 'Natural Light', 'Airy Rooms', 'Spacious Interiors', 'Low Density Society', 'Waste Disposal', 'Rain Water Harvesting', 'Water softening plant', 'Shopping Centre', 'Fitness Centre / GYM', 'Club house / Community Center']",sector 82
"['Feng Shui / Vaastu Compliant', 'Centrally Air Conditioned', 'Water purifier', 'High Ceiling Height', 'False Ceiling Lighting', 'Park', 'Recently Renovated', 'Piped-gas', 'Natural Light', 'Spacious Interiors']",sector 70a
,sector 17
"['Lift(s)', 'Feng Shui / Vaastu Compliant', 'Piped-gas', 'Park', 'Swimming Pool', 'Club house / Community Center', 'Fitness Centre / GYM', 'Shopping Centre', 'Rain Water Harvesting']",sector 72
"['Feng Shui / Vaastu Compliant', 'Intercom Facility', 'Lift(s)', 'Water purifier', 'High Ceiling Height', 'Maintenance Staff', 'False Ceiling Lighting', 'Water Storage', 'Piped-gas', 'Visitor Parking', 'Swimming Pool', 'Park', 'Natural Light', 'Internet/wi-fi connectivity', 'Fitness Centre / GYM', 'Club house / Community Center']",sector 92
"['Security / Fire Alarm', 'Power Back-up', 'Intercom Facility', 'Lift(s)', 'Maintenance Staff', 'Water Storage', 'Bank Attached Property', 'Piped-gas', 'Visitor Parking', 'Swimming Pool', 'Park', 'Security Personnel', 'Natural Light', 'Airy Rooms', 'Shopping Centre', 'Fitness Centre / GYM', 'Waste Disposal', 'Club house / Community Center']",sector 57
"['Centrally Air Conditioned', 'Water purifier', 'Security / Fire Alarm', 'Feng Shui / Vaastu Compliant', 'Private Garden / Terrace', 'Intercom Facility', 'Lift(s)', 'High Ceiling Height', 'Maintenance Staff', 'False Ceiling Lighting', 'Water Storage', 'Separate entry for servant room', 'No open drainage around', 'Bank Attached Property', 'Piped-gas', 'Internet/wi-fi connectivity', 'Recently Renovated', 'Visitor Parking', 'Swimming Pool', 'Park', 'Security Personnel', 'Natural Light', 'Airy Rooms', 'Spacious Interiors', 'Low Density Society', 'Waste Disposal', 'Rain Water Harvesting', 'Water softening plant', 'Shopping Centre', 'Fitness Centre / GYM', 'Club house / Community Center']",gwal pahari
"['Feng Shui / Vaastu Compliant', 'Private Garden / Terrace', 'Separate entry for servant room', 'No open drainage around', 'Park', 'Recently Renovated', 'Visitor Parking', 'Natural Light', 'Airy Rooms', 'Spacious Interiors', 'Waste Disposal']",sector 112
"['Feng Shui / Vaastu Compliant', 'Security / Fire Alarm', 'Lift(s)', 'Maintenance Staff', 'Water Storage', 'Park', 'Recently Renovated', 'Visitor Parking', 'Security Personnel', 'Natural Light', 'Fitness Centre / GYM', 'Water softening plant']",sector 65
"['Private Garden / Terrace', 'Park', 'Visitor Parking', 'Natural Light', 'Airy Rooms', 'Spacious Interiors']",sector 90
"['Feng Shui / Vaastu Compliant', 'Intercom Facility', 'Lift(s)', 'Maintenance Staff', 'Swimming Pool', 'Park', 'Security Personnel', 'Internet/wi-fi connectivity', 'Shopping Centre', 'Fitness Centre / GYM', 'Club house / Community Center', 'Rain Water Harvesting']",sector 50
"['Feng Shui / Vaastu Compliant', 'Security / Fire Alarm', 'Intercom Facility', 'Lift(s)', 'Maintenance Staff', 'Water Storage', 'Park', 'Visitor Parking']",sector 84
"['Security / Fire Alarm', 'Lift(s)', 'Maintenance Staff', 'Water Storage', 'Park', 'Visitor Parking']",sector 104
"['Security / Fire Alarm', 'Intercom Facility', 'Lift(s)', 'Maintenance Staff', 'Swimming Pool', 'Water Storage', 'Park', 'Security Personnel', 'Shopping Centre', 'Waste Disposal', 'Club house / Community Center', 'Rain Water Harvesting']",sector 37c
"['Feng Shui / Vaastu Compliant', 'Security / Fire Alarm', 'Intercom Facility', 'Lift(s)', 'Maintenance Staff', 'Water Storage', 'Park', 'Visitor Parking']",sector 86
"['Feng Shui / Vaastu Compliant', 'Security / Fire Alarm', 'Intercom Facility', 'Lift(s)', 'Maintenance Staff', 'Water Storage', 'Park', 'Visitor Parking']",sector 102
"['Centrally Air Conditioned', 'Water purifier', 'Security / Fire Alarm', 'Power Back-up', 'Feng Shui / Vaastu Compliant', 'Intercom Facility', 'Lift(s)', 'High Ceiling Height', 'Maintenance Staff', 'Water Storage', 'Separate entry for servant room', 'No open drainage around', 'Piped-gas', 'Internet/wi-fi connectivity', 'Visitor Parking', 'Swimming Pool', 'Park', 'Security Personnel', 'Natural Light', 'Airy Rooms', 'Spacious Interiors', 'Low Density Society', 'Waste Disposal', 'Rain Water Harvesting', 'Water softening plant', 'Shopping Centre', 'Fitness Centre / GYM', 'Club house / Community Center']",sector 3
,sector 41
"['Power Back-up', 'Intercom Facility', 'Lift(s)', 'Maintenance Staff', 'Park', 'Natural Light', 'Airy Rooms', 'Fitness Centre / GYM', 'Waste Disposal']",sector 24
"['Intercom Facility', 'Lift(s)', 'Maintenance Staff', 'Swimming Pool', 'Park', 'Security Personnel', 'Shopping Centre', 'Fitness Centre / GYM', 'Club house / Community Center']",sector 67a
"['Lift(s)', 'Swimming Pool', 'Park', 'Visitor Parking', 'Security Personnel', 'Internet/wi-fi connectivity', 'Shopping Centre', 'Fitness Centre / GYM', 'Club house / Community Center']",manesar
"['Feng Shui / Vaastu Compliant', 'Maintenance Staff', 'Swimming Pool', 'Water Storage', 'Visitor Parking', 'Security Personnel', 'Fitness Centre / GYM', 'Waste Disposal', 'Club house / Community Center', 'Rain Water Harvesting']",sector 77
"['Security / Fire Alarm', 'Power Back-up', 'Feng Shui / Vaastu Compliant', 'Intercom Facility', 'Lift(s)', 'Maintenance Staff', 'Water Storage', 'Visitor Parking', 'Swimming Pool', 'Park', 'Security Personnel', 'Internet/wi-fi connectivity', 'Shopping Centre', 'Fitness Centre / GYM', 'Rain Water Harvesting', 'Club house / Community Center']",sohna road
"['Private Garden / Terrace', 'Park']",sector 37c
"['Feng Shui / Vaastu Compliant', 'Security / Fire Alarm', 'Lift(s)', 'Maintenance Staff', 'Water Storage', 'Park', 'Visitor Parking']",sector 81
"['Water purifier', 'Security / Fire Alarm', 'Feng Shui / Vaastu Compliant', 'Private Garden / Terrace', 'Intercom Facility', 'Lift(s)', 'Maintenance Staff', 'Water Storage', 'Separate entry for servant room', 'No open drainage around', 'Bank Attached Property', 'Piped-gas', 'Internet/wi-fi connectivity', 'Recently Renovated', 'Visitor Parking', 'Swimming Pool', 'Park', 'Security Personnel', 'Natural Light', 'Airy Rooms', 'Spacious Interiors', 'Low Density Society', 'Waste Disposal', 'Rain Water Harvesting', 'Water softening plant', 'Shopping Centre', 'Fitness Centre / GYM', 'Club house / Community Center']",sector 67
"['Feng Shui / Vaastu Compliant', 'Security / Fire Alarm', 'Intercom Facility', 'Lift(s)', 'Maintenance Staff', 'Water Storage', 'Park', 'Visitor Parking']",sector 85
"['Lift(s)', 'Swimming Pool', 'Natural Light', 'Low Density Society', 'Fitness Centre / GYM', 'Club house / Community Center', 'Water softening plant']",sector 15
"['Security / Fire Alarm', 'Private Garden / Terrace', 'Intercom Facility', 'Lift(s)', 'High Ceiling Height', 'Maintenance Staff', 'Water Storage', 'Piped-gas', 'Swimming Pool', 'Park', 'Security Personnel', 'Internet/wi-fi connectivity', 'Spacious Interiors', 'Shopping Centre', 'Fitness Centre / GYM', 'Waste Disposal', 'Rain Water Harvesting', 'Club house / Community Center', 'Water softening plant']",sector 28
"['Water purifier', 'Security / Fire Alarm', 'Power Back-up', 'Intercom Facility', 'Lift(s)', 'High Ceiling Height', 'Maintenance Staff', 'False Ceiling Lighting', 'Water Storage', 'Separate entry for servant room', 'No open drainage around', 'Piped-gas', 'Internet/wi-fi connectivity', 'Visitor Parking', 'Swimming Pool', 'Park', 'Security Personnel', 'Natural Light', 'Airy Rooms', 'Spacious Interiors', 'Low Density Society', 'Waste Disposal', 'Rain Water Harvesting', 'Water softening plant', 'Shopping Centre', 'Fitness Centre / GYM', 'Club house / Community Center']",sector 83
"['Security / Fire Alarm', 'Feng Shui / Vaastu Compliant', 'Private Garden / Terrace', 'Intercom Facility', 'Lift(s)', 'Water purifier', 'High Ceiling Height', 'Maintenance Staff', 'Water Storage', 'Separate entry for servant room', 'No open drainage around', 'Visitor Parking', 'Swimming Pool', 'Park', 'Natural Light', 'Airy Rooms', 'Spacious Interiors', 'Shopping Centre', 'Fitness Centre / GYM', 'Waste Disposal', 'Rain Water Harvesting', 'Club house / Community Center']",sector 86
,sector 3
"['Power Back-up', 'Intercom Facility', 'Lift(s)', 'Swimming Pool', 'Maintenance Staff', 'Park', 'Piped-gas', 'Security Personnel', 'Shopping Centre', 'Fitness Centre / GYM', 'Club house / Community Center', 'Rain Water Harvesting']",sector 83
"['Security / Fire Alarm', 'Feng Shui / Vaastu Compliant', 'Intercom Facility', 'Lift(s)', 'Maintenance Staff', 'Water Storage', 'No open drainage around', 'Visitor Parking', 'Swimming Pool', 'Park', 'Security Personnel', 'Shopping Centre', 'Waste Disposal', 'Club house / Community Center']",sector 90
,sector 25
"['Security / Fire Alarm', 'Feng Shui / Vaastu Compliant', 'Intercom Facility', 'High Ceiling Height', 'Maintenance Staff', 'False Ceiling Lighting', 'Water Storage', 'Separate entry for servant room', 'Piped-gas', 'Swimming Pool', 'Park', 'Security Personnel', 'Internet/wi-fi connectivity', 'Shopping Centre', 'Fitness Centre / GYM', 'Waste Disposal', 'Rain Water Harvesting', 'Club house / Community Center', 'Water softening plant']",sector 107
"['Centrally Air Conditioned', 'Water purifier', 'Security / Fire Alarm', 'Power Back-up', 'Feng Shui / Vaastu Compliant', 'Private Garden / Terrace', 'Intercom Facility', 'Lift(s)', 'High Ceiling Height', 'Maintenance Staff', 'False Ceiling Lighting', 'Water Storage', 'Separate entry for servant room', 'No open drainage around', 'Bank Attached Property', 'Piped-gas', 'Internet/wi-fi connectivity', 'Recently Renovated', 'Visitor Parking', 'Swimming Pool', 'Park', 'Security Personnel', 'Natural Light', 'Airy Rooms', 'Spacious Interiors', 'Low Density Society', 'Waste Disposal', 'Rain Water Harvesting', 'Water softening plant', 'Shopping Centre', 'Fitness Centre / GYM', 'Club house / Community Center']",sector 43
"['Security / Fire Alarm', 'Power Back-up', 'Feng Shui / Vaastu Compliant', 'Intercom Facility', 'Lift(s)', 'High Ceiling Height', 'Maintenance Staff', 'False Ceiling Lighting', 'Separate entry for servant room', 'No open drainage around', 'Visitor Parking', 'Swimming Pool', 'Park', 'Internet/wi-fi connectivity', 'Fitness Centre / GYM', 'Waste Disposal', 'Rain Water Harvesting', 'Club house / Community Center', 'Water softening plant']",sohna road
"['Security / Fire Alarm', 'Power Back-up', 'Feng Shui / Vaastu Compliant', 'Private Garden / Terrace', 'Intercom Facility', 'Lift(s)', 'Maintenance Staff', 'Water Storage', 'No open drainage around', 'Piped-gas', 'Visitor Parking', 'Swimming Pool', 'Park', 'Security Personnel', 'Natural Light', 'Internet/wi-fi connectivity', 'Airy Rooms', 'Spacious Interiors', 'Fitness Centre / GYM', 'Rain Water Harvesting', 'Club house / Community Center']",sector 99
['Visitor Parking'],sector 92
,sector 90
"['Feng Shui / Vaastu Compliant', 'Security / Fire Alarm', 'Intercom Facility', 'Lift(s)', 'Maintenance Staff', 'Water Storage', 'Park']",sector 67
"['Security / Fire Alarm', 'Feng Shui / Vaastu Compliant', 'Intercom Facility', 'Lift(s)', 'Centrally Air Conditioned', 'Maintenance Staff', 'Piped-gas', 'Visitor Parking', 'Swimming Pool', 'Park', 'Security Personnel', 'Internet/wi-fi connectivity', 'Fitness Centre / GYM']",sector 37d
,sector 6
,sector 12
"['Centrally Air Conditioned', 'Water purifier', 'Security / Fire Alarm', 'Power Back-up', 'Feng Shui / Vaastu Compliant', 'Private Garden / Terrace', 'Intercom Facility', 'Lift(s)', 'High Ceiling Height', 'Maintenance Staff', 'False Ceiling Lighting', 'Water Storage', 'No open drainage around', 'Piped-gas', 'Internet/wi-fi connectivity', 'Recently Renovated', 'Visitor Parking', 'Swimming Pool', 'Park', 'Security Personnel', 'Natural Light', 'Airy Rooms', 'Spacious Interiors', 'Low Density Society', 'Waste Disposal', 'Rain Water Harvesting', 'Water softening plant', 'Shopping Centre', 'Fitness Centre / GYM', 'Club house / Community Center']",sector 53
"['Security / Fire Alarm', 'Feng Shui / Vaastu Compliant', 'Intercom Facility', 'Lift(s)', 'Maintenance Staff', 'Water Storage', 'Separate entry for servant room', 'Recently Renovated', 'Bank Attached Property', 'Piped-gas', 'Visitor Parking', 'Park', 'Security Personnel', 'Natural Light', 'Waste Disposal', 'Rain Water Harvesting']",sohna road
"['Feng Shui / Vaastu Compliant', 'Private Garden / Terrace', 'Water Storage', 'No open drainage around', 'Park', 'Visitor Parking', 'Low Density Society', 'Waste Disposal']",sector 109
"['Private Garden / Terrace', 'High Ceiling Height', 'Maintenance Staff', 'False Ceiling Lighting', 'Water Storage', 'Separate entry for servant room', 'Recently Renovated', 'Visitor Parking', 'Park', 'Security Personnel', 'Natural Light', 'Airy Rooms', 'Spacious Interiors', 'Low Density Society', 'Waste Disposal']",sector 106
,sector 89
"['Water purifier', 'Centrally Air Conditioned', 'Security / Fire Alarm', 'Feng Shui / Vaastu Compliant', 'Private Garden / Terrace', 'Intercom Facility', 'Lift(s)', 'High Ceiling Height', 'Maintenance Staff', 'False Ceiling Lighting', 'Water Storage', 'Separate entry for servant room', 'No open drainage around', 'Bank Attached Property', 'Piped-gas', 'Internet/wi-fi connectivity', 'Recently Renovated', 'Visitor Parking', 'Swimming Pool', 'Park', 'Security Personnel', 'Natural Light', 'Airy Rooms', 'Spacious Interiors', 'Low Density Society', 'Waste Disposal', 'Rain Water Harvesting', 'Water softening plant', 'Shopping Centre', 'Fitness Centre / GYM', 'Club house / Community Center']",sector 90
"['Water purifier', 'Centrally Air Conditioned', 'Security / Fire Alarm', 'Power Back-up', 'Feng Shui / Vaastu Compliant', 'Private Garden / Terrace', 'Intercom Facility', 'Lift(s)', 'High Ceiling Height', 'Maintenance Staff', 'False Ceiling Lighting', 'Water Storage', 'Separate entry for servant room', 'No open drainage around', 'Bank Attached Property', 'Piped-gas', 'Internet/wi-fi connectivity', 'Recently Renovated', 'Visitor Parking', 'Swimming Pool', 'Park', 'Security Personnel', 'Natural Light', 'Airy Rooms', 'Spacious Interiors', 'Low Density Society', 'Waste Disposal', 'Rain Water Harvesting', 'Water softening plant', 'Shopping Centre', 'Fitness Centre / GYM', 'Club house / Community Center']",sector 26
"['Feng Shui / Vaastu Compliant', 'High Ceiling Height', 'Maintenance Staff', 'Separate entry for servant room', 'No open drainage around', 'Park', 'Visitor Parking', 'Natural Light', 'Airy Rooms', 'Fitness Centre / GYM', 'Club house / Community Center']",sector 65
"['Feng Shui / Vaastu Compliant', 'Private Garden / Terrace', 'High Ceiling Height', 'Maintenance Staff', 'False Ceiling Lighting', 'Water Storage', 'Separate entry for servant room', 'No open drainage around', 'Recently Renovated', 'Piped-gas', 'Visitor Parking', 'Park', 'Security Personnel', 'Natural Light', 'Internet/wi-fi connectivity', 'Airy Rooms', 'Spacious Interiors', 'Low Density Society', 'Waste Disposal', 'Rain Water Harvesting']",sector 63
"['Intercom Facility', 'Lift(s)', 'Swimming Pool', 'Internet/wi-fi connectivity', 'Fitness Centre / GYM', 'Club house / Community Center']",sector 109
,sector 81
"['Intercom Facility', 'Lift(s)', 'Park', 'Swimming Pool', 'Club house / Community Center', 'Fitness Centre / GYM', 'Rain Water Harvesting', 'Water softening plant']",sector 56
"['Feng Shui / Vaastu Compliant', 'Security / Fire Alarm', 'Intercom Facility', 'Lift(s)', 'Maintenance Staff', 'Water Storage', 'Park', 'Visitor Parking', 'Fitness Centre / GYM']",sector 110
"['Feng Shui / Vaastu Compliant', 'Security / Fire Alarm', 'Intercom Facility', 'Lift(s)', 'Maintenance Staff', 'Water Storage', 'Park', 'Visitor Parking']",sector 69
"['Feng Shui / Vaastu Compliant', 'Security / Fire Alarm', 'Intercom Facility', 'Lift(s)', 'Maintenance Staff', 'Water Storage', 'Park', 'Visitor Parking']",sector 90
,sector 92
"['Feng Shui / Vaastu Compliant', 'Security / Fire Alarm', 'Intercom Facility', 'Lift(s)', 'Maintenance Staff', 'Water Storage', 'Park', 'Visitor Parking']",sector 4
"['Private Garden / Terrace', 'High Ceiling Height', 'Maintenance Staff', 'Swimming Pool', 'Piped-gas', 'Visitor Parking', 'Natural Light', 'Airy Rooms', 'Fitness Centre / GYM', 'Club house / Community Center']",sector 56
"['Centrally Air Conditioned', 'Water purifier', 'Security / Fire Alarm', 'Feng Shui / Vaastu Compliant', 'Private Garden / Terrace', 'Intercom Facility', 'Lift(s)', 'High Ceiling Height', 'Maintenance Staff', 'False Ceiling Lighting', 'Water Storage', 'Separate entry for servant room', 'No open drainage around', 'Bank Attached Property', 'Piped-gas', 'Internet/wi-fi connectivity', 'Recently Renovated', 'Visitor Parking', 'Swimming Pool', 'Park', 'Security Personnel', 'Natural Light', 'Airy Rooms', 'Spacious Interiors', 'Low Density Society', 'Waste Disposal', 'Rain Water Harvesting', 'Water softening plant', 'Shopping Centre', 'Fitness Centre / GYM', 'Club house / Community Center']",sector 63
"['Security / Fire Alarm', 'Power Back-up', 'Feng Shui / Vaastu Compliant', 'Intercom Facility', 'Lift(s)', 'Maintenance Staff', 'Water Storage', 'Separate entry for servant room', 'No open drainage around', 'Visitor Parking', 'Swimming Pool', 'Park', 'Security Personnel', 'Natural Light', 'Airy Rooms', 'Shopping Centre', 'Fitness Centre / GYM', 'Waste Disposal', 'Rain Water Harvesting', 'Club house / Community Center']",sector 37c
"['Power Back-up', 'Lift(s)', 'Swimming Pool', 'Park', 'Fitness Centre / GYM', 'Club house / Community Center']",sector 102
,sector 102
,sector 61
"['Private Garden / Terrace', 'High Ceiling Height', 'Maintenance Staff', 'False Ceiling Lighting', 'Water Storage', 'Park', 'Rain Water Harvesting']",sector 108
"['Feng Shui / Vaastu Compliant', 'Intercom Facility', 'Lift(s)', 'Maintenance Staff', 'Water Storage', 'Park', 'Visitor Parking']",sector 37c
"['Centrally Air Conditioned', 'Water purifier', 'Security / Fire Alarm', 'Power Back-up', 'Feng Shui / Vaastu Compliant', 'Private Garden / Terrace', 'Intercom Facility', 'Lift(s)', 'High Ceiling Height', 'Maintenance Staff', 'False Ceiling Lighting', 'Water Storage', 'No open drainage around', 'Bank Attached Property', 'Piped-gas', 'Internet/wi-fi connectivity', 'Recently Renovated', 'Visitor Parking', 'Swimming Pool', 'Park', 'Security Personnel', 'Natural Light', 'Airy Rooms', 'Spacious Interiors', 'Low Density Society', 'Waste Disposal', 'Rain Water Harvesting', 'Water softening plant', 'Shopping Centre', 'Fitness Centre / GYM', 'Club house / Community Center']",sector 106
"['Water purifier', 'Centrally Air Conditioned', 'Security / Fire Alarm', 'Feng Shui / Vaastu Compliant', 'Private Garden / Terrace', 'High Ceiling Height', 'Maintenance Staff', 'False Ceiling Lighting', 'Water Storage', 'Separate entry for servant room', 'Bank Attached Property', 'Piped-gas', 'Internet/wi-fi connectivity', 'Recently Renovated', 'Visitor Parking', 'Swimming Pool', 'Park', 'Security Personnel', 'Natural Light', 'Airy Rooms', 'Spacious Interiors', 'Waste Disposal', 'Rain Water Harvesting', 'Fitness Centre / GYM', 'Club house / Community Center']",sector 81
,sector 102
,sector 50
"['Security / Fire Alarm', 'Intercom Facility', 'Lift(s)', 'Maintenance Staff', 'Water Storage', 'Park', 'Visitor Parking']",sector 50
"['Security / Fire Alarm', 'Feng Shui / Vaastu Compliant', 'Intercom Facility', 'Lift(s)', 'High Ceiling Height', 'Maintenance Staff', 'False Ceiling Lighting', 'Water Storage', 'Recently Renovated', 'Piped-gas', 'Visitor Parking', 'Swimming Pool', 'Park', 'Security Personnel', 'Shopping Centre', 'Fitness Centre / GYM', 'Club house / Community Center']",sector 55
"['Water purifier', 'Centrally Air Conditioned', 'Security / Fire Alarm', 'Feng Shui / Vaastu Compliant', 'Private Garden / Terrace', 'Intercom Facility', 'Lift(s)', 'High Ceiling Height', 'Maintenance Staff', 'False Ceiling Lighting', 'Water Storage', 'Separate entry for servant room', 'No open drainage around', 'Piped-gas', 'Internet/wi-fi connectivity', 'Recently Renovated', 'Visitor Parking', 'Swimming Pool', 'Park', 'Security Personnel', 'Natural Light', 'Airy Rooms', 'Spacious Interiors', 'Low Density Society', 'Waste Disposal', 'Rain Water Harvesting', 'Water softening plant', 'Shopping Centre', 'Fitness Centre / GYM', 'Club house / Community Center']",sector 6
"['Maintenance Staff', 'Water Storage', 'Visitor Parking', 'Waste Disposal']",sector 14
"['Feng Shui / Vaastu Compliant', 'Private Garden / Terrace', 'Park', 'Recently Renovated', 'Visitor Parking', 'Natural Light', 'Airy Rooms', 'Spacious Interiors', 'Low Density Society']",sector 37c
"['Centrally Air Conditioned', 'Water purifier', 'Security / Fire Alarm', 'Feng Shui / Vaastu Compliant', 'Intercom Facility', 'Lift(s)', 'High Ceiling Height', 'Maintenance Staff', 'False Ceiling Lighting', 'Water Storage', 'Separate entry for servant room', 'No open drainage around', 'Bank Attached Property', 'Piped-gas', 'Internet/wi-fi connectivity', 'Recently Renovated', 'Visitor Parking', 'Swimming Pool', 'Park', 'Security Personnel', 'Natural Light', 'Airy Rooms', 'Spacious Interiors', 'Waste Disposal', 'Rain Water Harvesting', 'Water softening plant', 'Shopping Centre', 'Fitness Centre / GYM', 'Club house / Community Center']",sector 24
"['Power Back-up', 'Feng Shui / Vaastu Compliant', 'Intercom Facility', 'Lift(s)', 'Swimming Pool', 'Fitness Centre / GYM', 'Club house / Community Center', 'Rain Water Harvesting']",sector 50
"['Security / Fire Alarm', 'Lift(s)', 'Maintenance Staff', 'Water Storage', 'Park', 'Visitor Parking', 'Shopping Centre', 'Fitness Centre / GYM', 'Waste Disposal', 'Rain Water Harvesting', 'Water softening plant']",manesar
"['Swimming Pool', 'Visitor Parking', 'Fitness Centre / GYM', 'Club house / Community Center']",sector 78
"['Security / Fire Alarm', 'Feng Shui / Vaastu Compliant', 'Lift(s)', 'High Ceiling Height', 'Maintenance Staff', 'Water Storage', 'No open drainage around', 'Visitor Parking', 'Swimming Pool', 'Park', 'Security Personnel', 'Internet/wi-fi connectivity', 'Low Density Society', 'Fitness Centre / GYM', 'Waste Disposal', 'Club house / Community Center']",sector 56
"['Maintenance Staff', 'Water Storage', 'Visitor Parking', 'Waste Disposal']",sector 102
"['Centrally Air Conditioned', 'Water purifier', 'Security / Fire Alarm', 'Feng Shui / Vaastu Compliant', 'Private Garden / Terrace', 'Intercom Facility', 'Lift(s)', 'High Ceiling Height', 'Maintenance Staff', 'False Ceiling Lighting', 'Water Storage', 'Separate entry for servant room', 'No open drainage around', 'Bank Attached Property', 'Piped-gas', 'Internet/wi-fi connectivity', 'Recently Renovated', 'Visitor Parking', 'Swimming Pool', 'Park', 'Security Personnel', 'Natural Light', 'Spacious Interiors', 'Low Density Society', 'Waste Disposal', 'Rain Water Harvesting', 'Water softening plant', 'Shopping Centre', 'Fitness Centre / GYM', 'Club house / Community Center']",sector 105
"['Centrally Air Conditioned', 'Water purifier', 'Security / Fire Alarm', 'Feng Shui / Vaastu Compliant', 'Private Garden / Terrace', 'Intercom Facility', 'Lift(s)', 'High Ceiling Height', 'Maintenance Staff', 'False Ceiling Lighting', 'Water Storage', 'Separate entry for servant room', 'No open drainage around', 'Bank Attached Property', 'Piped-gas', 'Internet/wi-fi connectivity', 'Recently Renovated', 'Visitor Parking', 'Swimming Pool', 'Park', 'Security Personnel', 'Natural Light', 'Airy Rooms', 'Spacious Interiors', 'Low Density Society', 'Waste Disposal', 'Rain Water Harvesting', 'Water softening plant', 'Shopping Centre', 'Fitness Centre / GYM', 'Club house / Community Center']",sector 6
,sector 67a
,sector 56
"['Security / Fire Alarm', 'Private Garden / Terrace', 'Intercom Facility', 'Lift(s)', 'Centrally Air Conditioned', 'Maintenance Staff', 'Water Storage', 'No open drainage around', 'Visitor Parking', 'Swimming Pool', 'Park', 'Security Personnel', 'Natural Light', 'Airy Rooms', 'Spacious Interiors', 'Shopping Centre', 'Fitness Centre / GYM', 'Club house / Community Center', 'Water softening plant']",sector 74
,sector 67
"['Water Storage', 'No open drainage around', 'Park', 'Bank Attached Property', 'Visitor Parking', 'Low Density Society', 'Club house / Community Center']",sector 23
"['Security / Fire Alarm', 'Feng Shui / Vaastu Compliant', 'Intercom Facility', 'Lift(s)', 'High Ceiling Height', 'Maintenance Staff', 'False Ceiling Lighting', 'Water Storage', 'No open drainage around', 'Bank Attached Property', 'Recently Renovated', 'Piped-gas', 'Visitor Parking', 'Park', 'Security Personnel', 'Natural Light', 'Internet/wi-fi connectivity', 'Low Density Society', 'Shopping Centre']",sector 36
"['Feng Shui / Vaastu Compliant', 'Security / Fire Alarm', 'Intercom Facility', 'Lift(s)', 'Water Storage', 'Park', 'Visitor Parking']",sector 90
"['Feng Shui / Vaastu Compliant', 'Private Garden / Terrace', 'Maintenance Staff', 'Water Storage', 'Park', 'Visitor Parking', 'Rain Water Harvesting']",sector 82a
"['Intercom Facility', 'Lift(s)', 'Swimming Pool', 'Park', 'Shopping Centre', 'Rain Water Harvesting']",sector 74
"['Feng Shui / Vaastu Compliant', 'Security / Fire Alarm', 'Intercom Facility', 'Lift(s)', 'Maintenance Staff', 'Water Storage', 'Park', 'Visitor Parking']",sector 108
"['Lift(s)', 'Maintenance Staff', 'Water Storage', 'Park']",sector 83
"['Feng Shui / Vaastu Compliant', 'Security / Fire Alarm', 'Intercom Facility', 'Lift(s)', 'Maintenance Staff', 'Water Storage', 'Park', 'Visitor Parking']",sector 85
"['Feng Shui / Vaastu Compliant', 'Intercom Facility', 'Lift(s)', 'Swimming Pool', 'Park', 'Piped-gas', 'Visitor Parking', 'Shopping Centre', 'Fitness Centre / GYM', 'Club house / Community Center']",sector 50
"['Security / Fire Alarm', 'Feng Shui / Vaastu Compliant', 'Intercom Facility', 'Lift(s)', 'High Ceiling Height', 'Maintenance Staff', 'False Ceiling Lighting', 'Water Storage', 'Separate entry for servant room', 'No open drainage around', 'Bank Attached Property', 'Piped-gas', 'Internet/wi-fi connectivity', 'Visitor Parking', 'Swimming Pool', 'Park', 'Security Personnel', 'Natural Light', 'Airy Rooms', 'Spacious Interiors', 'Low Density Society', 'Waste Disposal', 'Rain Water Harvesting', 'Water softening plant', 'Shopping Centre', 'Fitness Centre / GYM', 'Club house / Community Center']",sector 28
['Private Garden / Terrace'],sohna road
"['Security / Fire Alarm', 'Power Back-up', 'Feng Shui / Vaastu Compliant', 'Intercom Facility', 'Lift(s)', 'High Ceiling Height', 'Maintenance Staff', 'Water Storage', 'Separate entry for servant room', 'Piped-gas', 'Visitor Parking', 'Swimming Pool', 'Park', 'Shopping Centre', 'Fitness Centre / GYM', 'Waste Disposal', 'Rain Water Harvesting', 'Club house / Community Center', 'Water softening plant']",sector 66
"['High Ceiling Height', 'Maintenance Staff', 'Water Storage', 'Separate entry for servant room', 'No open drainage around', 'Piped-gas', 'Visitor Parking', 'Swimming Pool', 'Park', 'Airy Rooms', 'Fitness Centre / GYM', 'Waste Disposal', 'Rain Water Harvesting', 'Club house / Community Center']",sector 65
,sector 37c
"['Feng Shui / Vaastu Compliant', 'Security / Fire Alarm', 'Intercom Facility', 'Lift(s)', 'Swimming Pool', 'Separate entry for servant room', 'Park', 'Visitor Parking', 'Natural Light', 'Airy Rooms', 'Fitness Centre / GYM']",sector 102
['Internet/wi-fi connectivity'],sector 86
"['Power Back-up', 'Intercom Facility', 'Lift(s)', 'Swimming Pool', 'Park', 'Piped-gas', 'Internet/wi-fi connectivity', 'Fitness Centre / GYM', 'Club house / Community Center']",sector 79
"['Power Back-up', 'Intercom Facility', 'Lift(s)', 'Swimming Pool', 'Maintenance Staff', 'Park', 'Security Personnel', 'Fitness Centre / GYM', 'Club house / Community Center', 'Rain Water Harvesting']",sector 48
"['Security / Fire Alarm', 'Feng Shui / Vaastu Compliant', 'Intercom Facility', 'Lift(s)', 'Maintenance Staff', 'Water Storage', 'No open drainage around', 'Visitor Parking', 'Park', 'Security Personnel', 'Natural Light', 'Airy Rooms', 'Spacious Interiors']",sector 82
"['High Ceiling Height', 'Maintenance Staff', 'Bank Attached Property']",sector 65
,sohna road
"['Water Storage', 'Park']",sector 85
"['Security / Fire Alarm', 'Feng Shui / Vaastu Compliant', 'Intercom Facility', 'Lift(s)', 'High Ceiling Height', 'Maintenance Staff', 'False Ceiling Lighting', 'Water Storage', 'Separate entry for servant room', 'No open drainage around', 'Piped-gas', 'Visitor Parking', 'Swimming Pool', 'Park', 'Security Personnel', 'Internet/wi-fi connectivity', 'Low Density Society', 'Fitness Centre / GYM', 'Rain Water Harvesting', 'Club house / Community Center', 'Water softening plant']",sector 40
"['Security / Fire Alarm', 'Power Back-up', 'Feng Shui / Vaastu Compliant', 'Intercom Facility', 'Lift(s)', 'High Ceiling Height', 'Maintenance Staff', 'False Ceiling Lighting', 'Water Storage', 'Separate entry for servant room', 'No open drainage around', 'Piped-gas', 'Visitor Parking', 'Swimming Pool', 'Park', 'Security Personnel', 'Internet/wi-fi connectivity', 'Shopping Centre', 'Fitness Centre / GYM', 'Waste Disposal', 'Rain Water Harvesting', 'Water softening plant']",sector 90
,manesar
,sector 2
"['Security / Fire Alarm', 'Power Back-up', 'Lift(s)', 'Maintenance Staff', 'Water Storage', 'Recently Renovated', 'Visitor Parking', 'Swimming Pool', 'Park', 'Security Personnel', 'Natural Light', 'Airy Rooms', 'Shopping Centre', 'Fitness Centre / GYM', 'Waste Disposal', 'Rain Water Harvesting', 'Club house / Community Center', 'Water softening plant']",sector 70
,sector 81
"['Private Garden / Terrace', 'Water purifier', 'High Ceiling Height', 'Water Storage', 'No open drainage around', 'Recently Renovated', 'Natural Light', 'Low Density Society']",sector 58
"['Security / Fire Alarm', 'Power Back-up', 'Feng Shui / Vaastu Compliant', 'Intercom Facility', 'Lift(s)', 'Maintenance Staff', 'Water Storage', 'Piped-gas', 'Visitor Parking', 'Swimming Pool', 'Park', 'Shopping Centre', 'Fitness Centre / GYM', 'Club house / Community Center']",sector 83
"['Security / Fire Alarm', 'Intercom Facility', 'Lift(s)', 'Maintenance Staff', 'Water Storage', 'Park', 'Visitor Parking']",sector 62
"['Centrally Air Conditioned', 'Security / Fire Alarm', 'Power Back-up', 'Private Garden / Terrace', 'Intercom Facility', 'Lift(s)', 'High Ceiling Height', 'Maintenance Staff', 'Water Storage', 'Separate entry for servant room', 'No open drainage around', 'Piped-gas', 'Internet/wi-fi connectivity', 'Visitor Parking', 'Swimming Pool', 'Park', 'Security Personnel', 'Natural Light', 'Airy Rooms', 'Spacious Interiors', 'Low Density Society', 'Waste Disposal', 'Rain Water Harvesting', 'Water softening plant', 'Shopping Centre', 'Fitness Centre / GYM', 'Club house / Community Center']",sector 83
"['Power Back-up', 'Lift(s)', 'Swimming Pool', 'Fitness Centre / GYM', 'Club house / Community Center']",sector 25
"['Power Back-up', 'Feng Shui / Vaastu Compliant', 'Intercom Facility', 'Lift(s)', 'Maintenance Staff', 'Piped-gas', 'Visitor Parking', 'Swimming Pool', 'Park', 'Natural Light', 'Airy Rooms', 'Low Density Society', 'Shopping Centre', 'Fitness Centre / GYM', 'Waste Disposal', 'Rain Water Harvesting', 'Club house / Community Center', 'Water softening plant']",sector 77
"['Centrally Air Conditioned', 'High Ceiling Height', 'Separate entry for servant room', 'No open drainage around', 'Piped-gas', 'Swimming Pool', 'Security Personnel', 'Natural Light', 'Internet/wi-fi connectivity', 'Airy Rooms', 'Low Density Society', 'Shopping Centre', 'Fitness Centre / GYM', 'Waste Disposal', 'Rain Water Harvesting', 'Club house / Community Center', 'Water softening plant']",sector 90
"['Security / Fire Alarm', 'Intercom Facility', 'Lift(s)', 'Maintenance Staff', 'Bank Attached Property', 'Swimming Pool', 'Park', 'Security Personnel', 'Natural Light', 'Airy Rooms', 'Shopping Centre', 'Fitness Centre / GYM', 'Rain Water Harvesting', 'Club house / Community Center']",sector 43
"['Power Back-up', 'Lift(s)', 'Maintenance Staff', 'No open drainage around', 'Visitor Parking', 'Swimming Pool', 'Park', 'Security Personnel', 'Natural Light', 'Airy Rooms', 'Shopping Centre', 'Fitness Centre / GYM', 'Waste Disposal', 'Rain Water Harvesting', 'Club house / Community Center', 'Water softening plant']",sector 48
"['Power Back-up', 'Security / Fire Alarm', 'Intercom Facility', 'Lift(s)', 'Maintenance Staff', 'Park', 'Fitness Centre / GYM']",sector 68
"['Security / Fire Alarm', 'Power Back-up', 'Feng Shui / Vaastu Compliant', 'Intercom Facility', 'Lift(s)', 'Maintenance Staff', 'Water Storage', 'Separate entry for servant room', 'No open drainage around', 'Bank Attached Property', 'Internet/wi-fi connectivity', 'Recently Renovated', 'Visitor Parking', 'Swimming Pool', 'Park', 'Security Personnel', 'Natural Light', 'Airy Rooms', 'Spacious Interiors', 'Low Density Society', 'Waste Disposal', 'Rain Water Harvesting', 'Water softening plant', 'Shopping Centre', 'Fitness Centre / GYM', 'Club house / Community Center']",sector 62
"['Feng Shui / Vaastu Compliant', 'High Ceiling Height', 'Separate entry for servant room', 'Park', 'Visitor Parking', 'Natural Light', 'Airy Rooms']",sector 82a
"['Security / Fire Alarm', 'Feng Shui / Vaastu Compliant', 'Intercom Facility', 'Lift(s)', 'High Ceiling Height', 'Maintenance Staff', 'False Ceiling Lighting', 'Water Storage', 'Separate entry for servant room', 'No open drainage around', 'Bank Attached Property', 'Piped-gas', 'Visitor Parking', 'Park', 'Security Personnel', 'Natural Light', 'Internet/wi-fi connectivity', 'Airy Rooms', 'Spacious Interiors', 'Low Density Society', 'Waste Disposal', 'Rain Water Harvesting', 'Club house / Community Center', 'Water softening plant']",sector 108
"['Feng Shui / Vaastu Compliant', 'Security / Fire Alarm', 'Intercom Facility', 'Lift(s)', 'Maintenance Staff', 'Swimming Pool', 'Water Storage', 'Park', 'Visitor Parking', 'Shopping Centre', 'Fitness Centre / GYM', 'Club house / Community Center']",new
,sector 66
"['Power Back-up', 'Intercom Facility', 'Lift(s)', 'Centrally Air Conditioned', 'Swimming Pool', 'Park', 'Visitor Parking', 'Security Personnel', 'Internet/wi-fi connectivity', 'Fitness Centre / GYM', 'Club house / Community Center']",sector 56
"['Feng Shui / Vaastu Compliant', 'Private Garden / Terrace', 'Water Storage', 'Park', 'Visitor Parking']",sector 67
,sohna road
"['Security / Fire Alarm', 'Feng Shui / Vaastu Compliant', 'Private Garden / Terrace', 'Intercom Facility', 'Lift(s)', 'Centrally Air Conditioned', 'Maintenance Staff', 'Water Storage', 'No open drainage around', 'Bank Attached Property', 'Visitor Parking', 'Swimming Pool', 'Park', 'Security Personnel', 'Natural Light', 'Internet/wi-fi connectivity', 'Airy Rooms', 'Low Density Society', 'Fitness Centre / GYM', 'Waste Disposal', 'Rain Water Harvesting', 'Club house / Community Center', 'Water softening plant']",sector 56
,sector 26
"['Feng Shui / Vaastu Compliant', 'Security / Fire Alarm', 'Intercom Facility', 'Lift(s)', 'Maintenance Staff', 'Water Storage', 'Park', 'Visitor Parking']",sector 57
,sohna road
"['Security / Fire Alarm', 'Feng Shui / Vaastu Compliant', 'Private Garden / Terrace', 'Intercom Facility', 'Lift(s)', 'Maintenance Staff', 'Water Storage', 'Separate entry for servant room', 'Piped-gas', 'Visitor Parking', 'Swimming Pool', 'Park', 'Security Personnel', 'Low Density Society', 'Fitness Centre / GYM', 'Waste Disposal', 'Rain Water Harvesting', 'Club house / Community Center']",sector 38
"['Security / Fire Alarm', 'Lift(s)', 'Water purifier', 'High Ceiling Height', 'False Ceiling Lighting', 'Water Storage', 'Separate entry for servant room', 'No open drainage around', 'Bank Attached Property', 'Visitor Parking', 'Swimming Pool', 'Park', 'Security Personnel', 'Natural Light', 'Internet/wi-fi connectivity', 'Airy Rooms', 'Spacious Interiors', 'Shopping Centre', 'Fitness Centre / GYM', 'Waste Disposal', 'Rain Water Harvesting', 'Club house / Community Center']",sector 81
"['Private Garden / Terrace', 'False Ceiling Lighting', 'Separate entry for servant room', 'No open drainage around', 'Bank Attached Property', 'Visitor Parking', 'Swimming Pool', 'Park', 'Security Personnel', 'Internet/wi-fi connectivity', 'Low Density Society', 'Fitness Centre / GYM', 'Club house / Community Center']",sector 85
,sector 107
"['Security / Fire Alarm', 'Intercom Facility', 'Lift(s)', 'High Ceiling Height', 'Maintenance Staff', 'Water Storage', 'Recently Renovated', 'Piped-gas', 'Visitor Parking', 'Swimming Pool', 'Park', 'Natural Light', 'Internet/wi-fi connectivity', 'Airy Rooms', 'Spacious Interiors', 'Low Density Society', 'Shopping Centre', 'Fitness Centre / GYM', 'Waste Disposal', 'Rain Water Harvesting', 'Club house / Community Center']",sector 82a
,sector 74
,sector 67
"['Centrally Air Conditioned', 'Security / Fire Alarm', 'Power Back-up', 'Feng Shui / Vaastu Compliant', 'Intercom Facility', 'Lift(s)', 'High Ceiling Height', 'Maintenance Staff', 'Water Storage', 'Separate entry for servant room', 'No open drainage around', 'Piped-gas', 'Internet/wi-fi connectivity', 'Recently Renovated', 'Visitor Parking', 'Swimming Pool', 'Park', 'Security Personnel', 'Natural Light', 'Airy Rooms', 'Spacious Interiors', 'Low Density Society', 'Waste Disposal', 'Rain Water Harvesting', 'Water softening plant', 'Shopping Centre', 'Fitness Centre / GYM', 'Club house / Community Center']",sector 91
"['Security / Fire Alarm', 'Power Back-up', 'Feng Shui / Vaastu Compliant', 'Intercom Facility', 'Lift(s)', 'High Ceiling Height', 'Maintenance Staff', 'False Ceiling Lighting', 'Water Storage', 'Separate entry for servant room', 'No open drainage around', 'Visitor Parking', 'Swimming Pool', 'Park', 'Internet/wi-fi connectivity', 'Shopping Centre', 'Fitness Centre / GYM', 'Waste Disposal', 'Rain Water Harvesting', 'Club house / Community Center', 'Water softening plant']",sector 60
"['Security / Fire Alarm', 'Power Back-up', 'Feng Shui / Vaastu Compliant', 'Intercom Facility', 'Lift(s)', 'Maintenance Staff', 'Water Storage', 'Recently Renovated', 'Bank Attached Property', 'Piped-gas', 'Visitor Parking', 'Park', 'Security Personnel', 'Natural Light', 'Internet/wi-fi connectivity', 'Waste Disposal', 'Rain Water Harvesting']",sector 37c
,manesar
"['Lift(s)', 'High Ceiling Height', 'Maintenance Staff', 'Swimming Pool', 'Water Storage', 'Separate entry for servant room', 'Piped-gas', 'Visitor Parking', 'Fitness Centre / GYM', 'Club house / Community Center', 'Water softening plant']",sector 106
"['Private Garden / Terrace', 'Water Storage', 'Visitor Parking']",sector 107
"['Intercom Facility', 'Lift(s)', 'Maintenance Staff', 'Park']",sector 102
"['Centrally Air Conditioned', 'Security / Fire Alarm', 'Power Back-up', 'Feng Shui / Vaastu Compliant', 'Private Garden / Terrace', 'Intercom Facility', 'Lift(s)', 'High Ceiling Height', 'Maintenance Staff', 'False Ceiling Lighting', 'Water Storage', 'Separate entry for servant room', 'No open drainage around', 'Internet/wi-fi connectivity', 'Recently Renovated', 'Visitor Parking', 'Swimming Pool', 'Park', 'Security Personnel', 'Airy Rooms', 'Rain Water Harvesting', 'Water softening plant', 'Shopping Centre', 'Fitness Centre / GYM', 'Club house / Community Center']",sector 4
"['Security / Fire Alarm', 'Lift(s)', 'Maintenance Staff', 'Water Storage', 'Park', 'Visitor Parking']",sector 92
,sector 38
,sector 82
"['Feng Shui / Vaastu Compliant', 'Private Garden / Terrace', 'Maintenance Staff', 'Water Storage', 'Separate entry for servant room', 'No open drainage around', 'Piped-gas', 'Visitor Parking', 'Swimming Pool', 'Park', 'Security Personnel', 'Natural Light', 'Airy Rooms', 'Low Density Society', 'Fitness Centre / GYM', 'Waste Disposal', 'Rain Water Harvesting', 'Club house / Community Center']",sector 86
"['Security / Fire Alarm', 'Power Back-up', 'Feng Shui / Vaastu Compliant', 'Intercom Facility', 'Lift(s)', 'Maintenance Staff', 'Water Storage', 'Separate entry for servant room', 'Piped-gas', 'Visitor Parking', 'Swimming Pool', 'Park', 'Natural Light', 'Airy Rooms', 'Spacious Interiors', 'Shopping Centre', 'Fitness Centre / GYM', 'Waste Disposal', 'Club house / Community Center']",sector 49
"['Feng Shui / Vaastu Compliant', 'Private Garden / Terrace', 'Maintenance Staff', 'Water Storage', 'Park', 'Visitor Parking', 'Waste Disposal', 'Rain Water Harvesting']",sector 70a
"['Centrally Air Conditioned', 'Water purifier', 'Security / Fire Alarm', 'Power Back-up', 'Feng Shui / Vaastu Compliant', 'Private Garden / Terrace', 'Intercom Facility', 'Lift(s)', 'High Ceiling Height', 'Maintenance Staff', 'False Ceiling Lighting', 'Water Storage', 'Separate entry for servant room', 'No open drainage around', 'Bank Attached Property', 'Piped-gas', 'Internet/wi-fi connectivity', 'Recently Renovated', 'Visitor Parking', 'Swimming Pool', 'Park', 'Security Personnel', 'Natural Light', 'Airy Rooms', 'Spacious Interiors', 'Low Density Society', 'Waste Disposal', 'Rain Water Harvesting', 'Water softening plant', 'Shopping Centre', 'Fitness Centre / GYM', 'Club house / Community Center']",sector 37c
"['Security / Fire Alarm', 'Feng Shui / Vaastu Compliant', 'Private Garden / Terrace', 'Centrally Air Conditioned', 'Water purifier', 'Maintenance Staff', 'Water Storage', 'Separate entry for servant room', 'Visitor Parking', 'Swimming Pool', 'Park', 'Internet/wi-fi connectivity', 'Spacious Interiors', 'Fitness Centre / GYM', 'Waste Disposal', 'Rain Water Harvesting']",sector 71
"['Security / Fire Alarm', 'Power Back-up', 'Feng Shui / Vaastu Compliant', 'Intercom Facility', 'Lift(s)', 'High Ceiling Height', 'Maintenance Staff', 'False Ceiling Lighting', 'Water Storage', 'Separate entry for servant room', 'No open drainage around', 'Visitor Parking', 'Swimming Pool', 'Park', 'Internet/wi-fi connectivity', 'Fitness Centre / GYM', 'Waste Disposal', 'Rain Water Harvesting', 'Club house / Community Center', 'Water softening plant']",sector 65
"['Feng Shui / Vaastu Compliant', 'Lift(s)', 'High Ceiling Height', 'Maintenance Staff', 'Water Storage', 'Separate entry for servant room', 'No open drainage around', 'Visitor Parking', 'Park', 'Security Personnel', 'Natural Light', 'Airy Rooms', 'Spacious Interiors', 'Fitness Centre / GYM', 'Waste Disposal', 'Rain Water Harvesting', 'Club house / Community Center']",sector 23
"['Security / Fire Alarm', 'Lift(s)', 'Maintenance Staff', 'Water Storage', 'Park', 'Visitor Parking']",sohna road
"['Power Back-up', 'Intercom Facility', 'Lift(s)', 'High Ceiling Height', 'Maintenance Staff', 'Separate entry for servant room', 'Visitor Parking', 'Swimming Pool', 'Park', 'Internet/wi-fi connectivity', 'Fitness Centre / GYM', 'Club house / Community Center', 'Water softening plant']",sector 24
"['Lift(s)', 'Swimming Pool', 'Park', 'Fitness Centre / GYM']",sector 108
"['Intercom Facility', 'Lift(s)', 'Maintenance Staff', 'Water Storage', 'Separate entry for servant room', 'Visitor Parking', 'Swimming Pool', 'Park', 'Security Personnel', 'Natural Light', 'Airy Rooms', 'Spacious Interiors', 'Shopping Centre', 'Fitness Centre / GYM', 'Club house / Community Center']",sohna road road
"['Security / Fire Alarm', 'Lift(s)', 'Maintenance Staff', 'Swimming Pool', 'Water Storage', 'Park', 'Visitor Parking', 'Fitness Centre / GYM', 'Club house / Community Center', 'Rain Water Harvesting']",sohna road
"['Water purifier', 'Security / Fire Alarm', 'Feng Shui / Vaastu Compliant', 'Private Garden / Terrace', 'Intercom Facility', 'Lift(s)', 'High Ceiling Height', 'Maintenance Staff', 'False Ceiling Lighting', 'Water Storage', 'Separate entry for servant room', 'No open drainage around', 'Bank Attached Property', 'Piped-gas', 'Internet/wi-fi connectivity', 'Visitor Parking', 'Swimming Pool', 'Park', 'Security Personnel', 'Natural Light', 'Airy Rooms', 'Spacious Interiors', 'Low Density Society', 'Waste Disposal', 'Rain Water Harvesting', 'Water softening plant', 'Shopping Centre', 'Fitness Centre / GYM', 'Club house / Community Center']",sector 67
"['Centrally Air Conditioned', 'Water purifier', 'Security / Fire Alarm', 'Power Back-up', 'Feng Shui / Vaastu Compliant', 'Intercom Facility', 'Lift(s)', 'High Ceiling Height', 'Maintenance Staff', 'False Ceiling Lighting', 'Water Storage', 'No open drainage around', 'Bank Attached Property', 'Piped-gas', 'Internet/wi-fi connectivity', 'Recently Renovated', 'Visitor Parking', 'Swimming Pool', 'Park', 'Security Personnel', 'Natural Light', 'Airy Rooms', 'Spacious Interiors', 'Low Density Society', 'Waste Disposal', 'Rain Water Harvesting', 'Water softening plant', 'Shopping Centre', 'Fitness Centre / GYM', 'Club house / Community Center']",sector 65
"['Feng Shui / Vaastu Compliant', 'Security / Fire Alarm', 'Intercom Facility', 'Lift(s)', 'Maintenance Staff', 'Water Storage', 'Park', 'Visitor Parking']",sector 61
"['Feng Shui / Vaastu Compliant', 'Security / Fire Alarm', 'Intercom Facility', 'Lift(s)', 'Maintenance Staff', 'Water Storage', 'Park', 'Visitor Parking']",sector 83
"['Feng Shui / Vaastu Compliant', 'Security / Fire Alarm', 'Intercom Facility', 'Lift(s)', 'Maintenance Staff', 'Water Storage', 'Park', 'Visitor Parking']",sohna road
"['Security / Fire Alarm', 'Power Back-up', 'Feng Shui / Vaastu Compliant', 'Private Garden / Terrace', 'Intercom Facility', 'Lift(s)', 'Maintenance Staff', 'Water Storage', 'No open drainage around', 'Piped-gas', 'Visitor Parking', 'Swimming Pool', 'Park', 'Security Personnel', 'Natural Light', 'Internet/wi-fi connectivity', 'Airy Rooms', 'Spacious Interiors', 'Fitness Centre / GYM', 'Rain Water Harvesting', 'Club house / Community Center']",sector 72
"['High Ceiling Height', 'Water Storage', 'Separate entry for servant room', 'Visitor Parking', 'Security Personnel', 'Internet/wi-fi connectivity', 'Waste Disposal', 'Club house / Community Center', 'Rain Water Harvesting']",sector 56
"['Security / Fire Alarm', 'Feng Shui / Vaastu Compliant', 'Intercom Facility', 'Lift(s)', 'Maintenance Staff', 'Water Storage', 'Separate entry for servant room', 'No open drainage around', 'Bank Attached Property', 'Visitor Parking', 'Swimming Pool', 'Park', 'Security Personnel', 'Natural Light', 'Airy Rooms', 'Low Density Society', 'Shopping Centre', 'Fitness Centre / GYM', 'Waste Disposal', 'Rain Water Harvesting', 'Club house / Community Center', 'Water softening plant']",sector 90
['Water Storage'],sector 82
"['Power Back-up', 'Intercom Facility', 'Lift(s)', 'Swimming Pool', 'Park', 'Piped-gas', 'Shopping Centre', 'Fitness Centre / GYM', 'Club house / Community Center']",sector 81
"['Security / Fire Alarm', 'Power Back-up', 'Feng Shui / Vaastu Compliant', 'Intercom Facility', 'Lift(s)', 'High Ceiling Height', 'Maintenance Staff', 'False Ceiling Lighting', 'Water Storage', 'Separate entry for servant room', 'Piped-gas', 'Visitor Parking', 'Swimming Pool', 'Park', 'Security Personnel', 'Internet/wi-fi connectivity', 'Shopping Centre', 'Fitness Centre / GYM', 'Club house / Community Center', 'Water softening plant']",sector 83
"['Feng Shui / Vaastu Compliant', 'Security / Fire Alarm', 'Intercom Facility', 'Lift(s)', 'Maintenance Staff', 'Water Storage', 'Park', 'Visitor Parking']",sector 95
"['Power Back-up', 'Lift(s)', 'Swimming Pool', 'Park', 'Fitness Centre / GYM', 'Club house / Community Center']",sector 22
"['Intercom Facility', 'Lift(s)', 'High Ceiling Height', 'Maintenance Staff', 'Water Storage', 'No open drainage around', 'Visitor Parking', 'Swimming Pool', 'Park', 'Natural Light', 'Airy Rooms', 'Fitness Centre / GYM', 'Rain Water Harvesting', 'Club house / Community Center']",sector 70
"['Feng Shui / Vaastu Compliant', 'Maintenance Staff', 'Water Storage', 'Park', 'Piped-gas', 'Visitor Parking', 'Low Density Society', 'Waste Disposal', 'Rain Water Harvesting']",sector 85
"['Water Storage', 'Park', 'Visitor Parking']",sector 57
"['Security / Fire Alarm', 'Feng Shui / Vaastu Compliant', 'Private Garden / Terrace', 'Water purifier', 'High Ceiling Height', 'Maintenance Staff', 'False Ceiling Lighting', 'Water Storage', 'Separate entry for servant room', 'No open drainage around', 'Piped-gas', 'Visitor Parking', 'Swimming Pool', 'Park', 'Security Personnel', 'Natural Light', 'Internet/wi-fi connectivity', 'Airy Rooms', 'Spacious Interiors', 'Low Density Society', 'Fitness Centre / GYM', 'Waste Disposal', 'Rain Water Harvesting', 'Club house / Community Center']",sector 37c
"['Security / Fire Alarm', 'Feng Shui / Vaastu Compliant', 'Lift(s)', 'High Ceiling Height', 'Maintenance Staff', 'Water Storage', 'Separate entry for servant room', 'No open drainage around', 'Recently Renovated', 'Visitor Parking', 'Swimming Pool', 'Park', 'Security Personnel', 'Natural Light', 'Airy Rooms', 'Shopping Centre', 'Fitness Centre / GYM', 'Waste Disposal', 'Rain Water Harvesting', 'Club house / Community Center']",sector 23
"['Centrally Air Conditioned', 'Water purifier', 'Security / Fire Alarm', 'Feng Shui / Vaastu Compliant', 'Private Garden / Terrace', 'Intercom Facility', 'Lift(s)', 'High Ceiling Height', 'Maintenance Staff', 'False Ceiling Lighting', 'Water Storage', 'Separate entry for servant room', 'No open drainage around', 'Bank Attached Property', 'Piped-gas', 'Internet/wi-fi connectivity', 'Recently Renovated', 'Visitor Parking', 'Swimming Pool', 'Park', 'Security Personnel', 'Natural Light', 'Airy Rooms', 'Spacious Interiors', 'Low Density Society', 'Waste Disposal', 'Rain Water Harvesting', 'Water softening plant', 'Shopping Centre', 'Fitness Centre / GYM', 'Club house / Community Center']",sector 111
,sector 76
"['Feng Shui / Vaastu Compliant', 'Intercom Facility', 'Lift(s)', 'High Ceiling Height', 'Maintenance Staff', 'False Ceiling Lighting', 'Water Storage', 'Visitor Parking', 'Swimming Pool', 'Park', 'Security Personnel', 'Internet/wi-fi connectivity', 'Shopping Centre', 'Fitness Centre / GYM', 'Rain Water Harvesting', 'Club house / Community Center']",sector 36a
,sector 37c
"['Security / Fire Alarm', 'Feng Shui / Vaastu Compliant', 'Private Garden / Terrace', 'Intercom Facility', 'Lift(s)', 'High Ceiling Height', 'Maintenance Staff', 'Water Storage', 'No open drainage around', 'Visitor Parking', 'Swimming Pool', 'Park', 'Security Personnel', 'Natural Light', 'Airy Rooms', 'Spacious Interiors', 'Shopping Centre', 'Fitness Centre / GYM', 'Waste Disposal', 'Rain Water Harvesting', 'Club house / Community Center', 'Water softening plant']",sector 102
"['Feng Shui / Vaastu Compliant', 'Private Garden / Terrace', 'Park', 'Visitor Parking', 'Waste Disposal']",sector 28
"['Private Garden / Terrace', 'High Ceiling Height', 'Maintenance Staff', 'False Ceiling Lighting', 'Water Storage', 'Separate entry for servant room', 'Bank Attached Property', 'Visitor Parking', 'Swimming Pool', 'Park', 'Security Personnel', 'Low Density Society', 'Fitness Centre / GYM', 'Waste Disposal', 'Rain Water Harvesting', 'Club house / Community Center']",sector 69
['Water Storage'],sector 50
"['Bank Attached Property', 'Internet/wi-fi connectivity', 'Fitness Centre / GYM', 'Club house / Community Center']",sector 65
"['Feng Shui / Vaastu Compliant', 'Private Garden / Terrace', 'Maintenance Staff', 'False Ceiling Lighting', 'Water Storage', 'Separate entry for servant room', 'Park', 'Visitor Parking', 'Security Personnel', 'Waste Disposal', 'Rain Water Harvesting']",sector 26
"['Security / Fire Alarm', 'Power Back-up', 'Feng Shui / Vaastu Compliant', 'Intercom Facility', 'Lift(s)', 'High Ceiling Height', 'Maintenance Staff', 'Water Storage', 'No open drainage around', 'Recently Renovated', 'Bank Attached Property', 'Piped-gas', 'Visitor Parking', 'Swimming Pool', 'Park', 'Security Personnel', 'Natural Light', 'Internet/wi-fi connectivity', 'Shopping Centre', 'Fitness Centre / GYM', 'Waste Disposal', 'Rain Water Harvesting', 'Club house / Community Center']",sector 45
,sector 108
"['Security / Fire Alarm', 'Feng Shui / Vaastu Compliant', 'Lift(s)', 'High Ceiling Height', 'Maintenance Staff', 'Water Storage', 'No open drainage around', 'Piped-gas', 'Visitor Parking', 'Swimming Pool', 'Park', 'Security Personnel', 'Internet/wi-fi connectivity', 'Shopping Centre', 'Fitness Centre / GYM', 'Waste Disposal', 'Rain Water Harvesting', 'Club house / Community Center', 'Water softening plant']",sector 48
,sector 67
"['Feng Shui / Vaastu Compliant', 'Private Garden / Terrace', 'High Ceiling Height', 'Maintenance Staff', 'False Ceiling Lighting', 'Water Storage', 'Separate entry for servant room', 'No open drainage around', 'Visitor Parking', 'Internet/wi-fi connectivity', 'Low Density Society', 'Fitness Centre / GYM', 'Waste Disposal', 'Rain Water Harvesting']",sector 95
,sector 84
"['Lift(s)', 'Maintenance Staff', 'Water Storage', 'Park', 'Visitor Parking']",sector 2
,sector 90
"['Security / Fire Alarm', 'Power Back-up', 'Feng Shui / Vaastu Compliant', 'Intercom Facility', 'Lift(s)', 'Maintenance Staff', 'Water Storage', 'Separate entry for servant room', 'Bank Attached Property', 'Piped-gas', 'Visitor Parking', 'Swimming Pool', 'Park', 'Security Personnel', 'Shopping Centre', 'Fitness Centre / GYM', 'Rain Water Harvesting', 'Club house / Community Center', 'Water softening plant']",sector 48
['Park'],sector 5
,sector 74
"['Security / Fire Alarm', 'Feng Shui / Vaastu Compliant', 'Intercom Facility', 'Lift(s)', 'Maintenance Staff', 'Visitor Parking', 'Swimming Pool', 'Park', 'Security Personnel', 'Natural Light', 'Airy Rooms', 'Shopping Centre', 'Fitness Centre / GYM', 'Rain Water Harvesting', 'Club house / Community Center']",sector 85
"['Water purifier', 'Security / Fire Alarm', 'Power Back-up', 'Feng Shui / Vaastu Compliant', 'Private Garden / Terrace', 'Intercom Facility', 'Lift(s)', 'High Ceiling Height', 'Maintenance Staff', 'False Ceiling Lighting', 'Water Storage', 'No open drainage around', 'Bank Attached Property', 'Piped-gas', 'Internet/wi-fi connectivity', 'Recently Renovated', 'Visitor Parking', 'Swimming Pool', 'Park', 'Security Personnel', 'Natural Light', 'Airy Rooms', 'Spacious Interiors', 'Low Density Society', 'Waste Disposal', 'Rain Water Harvesting', 'Water softening plant', 'Shopping Centre', 'Fitness Centre / GYM', 'Club house / Community Center']",sector 79
"['Security / Fire Alarm', 'Intercom Facility', 'Lift(s)', 'Maintenance Staff', 'Water Storage', 'Park', 'Visitor Parking']",sector 50
"['Feng Shui / Vaastu Compliant', 'Security / Fire Alarm', 'Intercom Facility', 'Lift(s)', 'Maintenance Staff', 'Water Storage', 'Park', 'Visitor Parking']",sector 112
"['Security / Fire Alarm', 'Feng Shui / Vaastu Compliant', 'Private Garden / Terrace', 'Centrally Air Conditioned', 'Water purifier', 'Maintenance Staff', 'Water Storage', 'Bank Attached Property', 'Piped-gas', 'Visitor Parking', 'Swimming Pool', 'Park', 'Security Personnel', 'Internet/wi-fi connectivity', 'Fitness Centre / GYM', 'Waste Disposal', 'Rain Water Harvesting', 'Club house / Community Center']",sector 92
,sector 52
"['Intercom Facility', 'Lift(s)', 'Swimming Pool', 'Park', 'Shopping Centre', 'Fitness Centre / GYM', 'Club house / Community Center']",sector 33
,sohna road
"['Security / Fire Alarm', 'Lift(s)', 'Maintenance Staff', 'Water Storage', 'Park', 'Visitor Parking']",sector 89
"['Feng Shui / Vaastu Compliant', 'Security / Fire Alarm', 'Intercom Facility', 'Lift(s)', 'Maintenance Staff', 'Water Storage', 'Park', 'Visitor Parking']",sohna road
,sector 7
,sector 33
"['Feng Shui / Vaastu Compliant', 'Security / Fire Alarm', 'Intercom Facility', 'Lift(s)', 'Maintenance Staff', 'Water Storage', 'Park', 'Visitor Parking']",sector 65
"['Feng Shui / Vaastu Compliant', 'Security / Fire Alarm', 'Intercom Facility', 'Lift(s)', 'Maintenance Staff', 'Water Storage', 'Park', 'Visitor Parking']",sector 43
,sector 4
"['Water purifier', 'Security / Fire Alarm', 'Feng Shui / Vaastu Compliant', 'Private Garden / Terrace', 'High Ceiling Height', 'Maintenance Staff', 'False Ceiling Lighting', 'Water Storage', 'Separate entry for servant room', 'No open drainage around', 'Bank Attached Property', 'Piped-gas', 'Internet/wi-fi connectivity', 'Recently Renovated', 'Visitor Parking', 'Swimming Pool', 'Park', 'Security Personnel', 'Natural Light', 'Airy Rooms', 'Spacious Interiors', 'Low Density Society', 'Waste Disposal', 'Rain Water Harvesting', 'Fitness Centre / GYM', 'Club house / Community Center']",sector 102
"['Centrally Air Conditioned', 'Water purifier', 'Security / Fire Alarm', 'Power Back-up', 'Feng Shui / Vaastu Compliant', 'Private Garden / Terrace', 'Intercom Facility', 'Lift(s)', 'High Ceiling Height', 'Maintenance Staff', 'False Ceiling Lighting', 'Water Storage', 'Separate entry for servant room', 'No open drainage around', 'Bank Attached Property', 'Piped-gas', 'Internet/wi-fi connectivity', 'Visitor Parking', 'Swimming Pool', 'Park', 'Security Personnel', 'Natural Light', 'Airy Rooms', 'Spacious Interiors', 'Low Density Society', 'Waste Disposal', 'Rain Water Harvesting', 'Water softening plant', 'Shopping Centre', 'Fitness Centre / GYM', 'Club house / Community Center']",gwal pahari
"['Security / Fire Alarm', 'Power Back-up', 'Feng Shui / Vaastu Compliant', 'Intercom Facility', 'Lift(s)', 'Maintenance Staff', 'Water Storage', 'Separate entry for servant room', 'Recently Renovated', 'Bank Attached Property', 'Piped-gas', 'Visitor Parking', 'Park', 'Security Personnel', 'Natural Light', 'Waste Disposal', 'Rain Water Harvesting']",sector 25
,sector 85
"['Water purifier', 'Security / Fire Alarm', 'Feng Shui / Vaastu Compliant', 'Private Garden / Terrace', 'Intercom Facility', 'Lift(s)', 'High Ceiling Height', 'Maintenance Staff', 'False Ceiling Lighting', 'Water Storage', 'Separate entry for servant room', 'No open drainage around', 'Bank Attached Property', 'Piped-gas', 'Internet/wi-fi connectivity', 'Recently Renovated', 'Visitor Parking', 'Swimming Pool', 'Park', 'Security Personnel', 'Natural Light', 'Airy Rooms', 'Spacious Interiors', 'Low Density Society', 'Waste Disposal', 'Rain Water Harvesting', 'Water softening plant', 'Shopping Centre', 'Fitness Centre / GYM', 'Club house / Community Center']",sector 111
"['Feng Shui / Vaastu Compliant', 'Intercom Facility', 'Lift(s)', 'Maintenance Staff', 'Water Storage', 'Park', 'Visitor Parking']",sector 54
"['Feng Shui / Vaastu Compliant', 'Maintenance Staff', 'Park']",sector 55
"['Security / Fire Alarm', 'Power Back-up', 'Intercom Facility', 'Lift(s)', 'Maintenance Staff', 'Water Storage', 'No open drainage around', 'Swimming Pool', 'Park', 'Security Personnel', 'Shopping Centre', 'Fitness Centre / GYM', 'Waste Disposal', 'Rain Water Harvesting', 'Club house / Community Center']",sector 1
"['Feng Shui / Vaastu Compliant', 'Security / Fire Alarm', 'Intercom Facility', 'Lift(s)', 'Maintenance Staff', 'Swimming Pool', 'Water Storage', 'Park', 'Security Personnel', 'Shopping Centre', 'Fitness Centre / GYM', 'Club house / Community Center']",sector 83
"['Feng Shui / Vaastu Compliant', 'Security / Fire Alarm', 'Intercom Facility', 'Lift(s)', 'Maintenance Staff', 'Water Storage', 'Park', 'Visitor Parking']",sector 56
,sector 81
,sector 108
"['Centrally Air Conditioned', 'Security / Fire Alarm', 'Power Back-up', 'Feng Shui / Vaastu Compliant', 'Intercom Facility', 'Lift(s)', 'High Ceiling Height', 'Maintenance Staff', 'False Ceiling Lighting', 'Water Storage', 'Separate entry for servant room', 'No open drainage around', 'Piped-gas', 'Internet/wi-fi connectivity', 'Visitor Parking', 'Swimming Pool', 'Park', 'Security Personnel', 'Natural Light', 'Low Density Society', 'Waste Disposal', 'Rain Water Harvesting', 'Water softening plant', 'Shopping Centre', 'Fitness Centre / GYM', 'Club house / Community Center']",sector 85
,sector 70
"['Centrally Air Conditioned', 'Water purifier', 'Security / Fire Alarm', 'Feng Shui / Vaastu Compliant', 'Private Garden / Terrace', 'Intercom Facility', 'Lift(s)', 'High Ceiling Height', 'Maintenance Staff', 'False Ceiling Lighting', 'Water Storage', 'Separate entry for servant room', 'No open drainage around', 'Bank Attached Property', 'Piped-gas', 'Internet/wi-fi connectivity', 'Recently Renovated', 'Visitor Parking', 'Swimming Pool', 'Park', 'Security Personnel', 'Natural Light', 'Airy Rooms', 'Spacious Interiors', 'Low Density Society', 'Waste Disposal', 'Rain Water Harvesting', 'Water softening plant', 'Shopping Centre', 'Fitness Centre / GYM']",sector 82
"['Water purifier', 'Security / Fire Alarm', 'Feng Shui / Vaastu Compliant', 'Private Garden / Terrace', 'Intercom Facility', 'Lift(s)', 'High Ceiling Height', 'Maintenance Staff', 'False Ceiling Lighting', 'Water Storage', 'Separate entry for servant room', 'No open drainage around', 'Bank Attached Property', 'Piped-gas', 'Internet/wi-fi connectivity', 'Visitor Parking', 'Swimming Pool', 'Park', 'Security Personnel', 'Natural Light', 'Airy Rooms', 'Spacious Interiors', 'Waste Disposal', 'Rain Water Harvesting', 'Water softening plant', 'Shopping Centre', 'Fitness Centre / GYM', 'Club house / Community Center']",sector 9
"['Intercom Facility', 'Lift(s)', 'Maintenance Staff', 'Park']",sector 69
"['Feng Shui / Vaastu Compliant', 'Private Garden / Terrace', 'Centrally Air Conditioned', 'High Ceiling Height', 'Maintenance Staff', 'False Ceiling Lighting', 'Water Storage', 'Separate entry for servant room', 'No open drainage around', 'Bank Attached Property', 'Recently Renovated', 'Visitor Parking', 'Swimming Pool', 'Park', 'Security Personnel', 'Natural Light', 'Internet/wi-fi connectivity', 'Airy Rooms', 'Low Density Society', 'Fitness Centre / GYM', 'Waste Disposal', 'Rain Water Harvesting', 'Club house / Community Center']",sector 3 phase 3 extension
"['Feng Shui / Vaastu Compliant', 'Security / Fire Alarm', 'Intercom Facility', 'Lift(s)', 'Maintenance Staff', 'Water Storage', 'Park', 'Visitor Parking']",sector 109
"['Centrally Air Conditioned', 'Water purifier', 'Security / Fire Alarm', 'Feng Shui / Vaastu Compliant', 'Private Garden / Terrace', 'Intercom Facility', 'Lift(s)', 'High Ceiling Height', 'Maintenance Staff', 'False Ceiling Lighting', 'Water Storage', 'Separate entry for servant room', 'No open drainage around', 'Bank Attached Property', 'Piped-gas', 'Internet/wi-fi connectivity', 'Recently Renovated', 'Visitor Parking', 'Swimming Pool', 'Park', 'Security Personnel', 'Natural Light', 'Airy Rooms', 'Spacious Interiors', 'Low Density Society', 'Waste Disposal', 'Rain Water Harvesting', 'Water softening plant', 'Shopping Centre', 'Fitness Centre / GYM', 'Club house / Community Center']",sector 92
"['Centrally Air Conditioned', 'Security / Fire Alarm', 'Feng Shui / Vaastu Compliant', 'Private Garden / Terrace', 'Intercom Facility', 'Lift(s)', 'High Ceiling Height', 'Maintenance Staff', 'Water Storage', 'Separate entry for servant room', 'No open drainage around', 'Bank Attached Property', 'Piped-gas', 'Internet/wi-fi connectivity', 'Recently Renovated', 'Visitor Parking', 'Swimming Pool', 'Park', 'Security Personnel', 'Natural Light', 'Airy Rooms', 'Spacious Interiors', 'Low Density Society', 'Waste Disposal', 'Rain Water Harvesting', 'Water softening plant', 'Shopping Centre', 'Fitness Centre / GYM', 'Club house / Community Center']",sector 81
"['Feng Shui / Vaastu Compliant', 'Security / Fire Alarm', 'Intercom Facility', 'Lift(s)', 'Maintenance Staff', 'Water Storage', 'Park', 'Visitor Parking']",sohna road
"['Feng Shui / Vaastu Compliant', 'High Ceiling Height', 'False Ceiling Lighting', 'Water Storage', 'No open drainage around', 'Park', 'Natural Light', 'Internet/wi-fi connectivity', 'Rain Water Harvesting']",sector 82
"['Centrally Air Conditioned', 'Water purifier', 'Security / Fire Alarm', 'Power Back-up', 'Feng Shui / Vaastu Compliant', 'Private Garden / Terrace', 'Intercom Facility', 'Lift(s)', 'High Ceiling Height', 'Maintenance Staff', 'False Ceiling Lighting', 'Water Storage', 'Separate entry for servant room', 'No open drainage around', 'Bank Attached Property', 'Piped-gas', 'Internet/wi-fi connectivity', 'Recently Renovated', 'Visitor Parking', 'Swimming Pool', 'Park', 'Security Personnel', 'Natural Light', 'Airy Rooms', 'Spacious Interiors', 'Low Density Society', 'Waste Disposal', 'Rain Water Harvesting', 'Water softening plant', 'Shopping Centre', 'Fitness Centre / GYM', 'Club house / Community Center']",sector 76
"['Power Back-up', 'Intercom Facility', 'Lift(s)', 'Park', 'Shopping Centre', 'Fitness Centre / GYM', 'Club house / Community Center', 'Rain Water Harvesting']",sector 67a
,sector 14
"['Feng Shui / Vaastu Compliant', 'Security / Fire Alarm', 'Intercom Facility', 'Lift(s)', 'Maintenance Staff', 'Swimming Pool', 'Water Storage', 'Park', 'Visitor Parking', 'Fitness Centre / GYM', 'Club house / Community Center', 'Rain Water Harvesting']",sector 14
"['Security / Fire Alarm', 'Private Garden / Terrace', 'Maintenance Staff', 'Water Storage', 'No open drainage around', 'Recently Renovated', 'Park', 'Security Personnel', 'Natural Light', 'Airy Rooms', 'Spacious Interiors', 'Shopping Centre', 'Club house / Community Center']",sector 90
"['Private Garden / Terrace', 'Water Storage', 'Park', 'Visitor Parking', 'Waste Disposal', 'Rain Water Harvesting']",sector 61
"['Power Back-up', 'Feng Shui / Vaastu Compliant', 'Intercom Facility', 'Lift(s)', 'Swimming Pool', 'Maintenance Staff', 'Park', 'Security Personnel', 'Shopping Centre', 'Fitness Centre / GYM', 'Club house / Community Center', 'Rain Water Harvesting']",sector 65
,sector 4
,sector 2
"['Water Storage', 'Park']",sector 14
"['Feng Shui / Vaastu Compliant', 'Intercom Facility', 'Lift(s)', 'Park', 'Shopping Centre', 'Fitness Centre / GYM', 'Club house / Community Center', 'Rain Water Harvesting']",sector 95
"['Security / Fire Alarm', 'Lift(s)', 'Water Storage', 'Park', 'Visitor Parking']",sector 112
['Maintenance Staff'],sohna road
"['Feng Shui / Vaastu Compliant', 'Security / Fire Alarm', 'Intercom Facility', 'Lift(s)', 'Maintenance Staff', 'Water Storage', 'Park', 'Visitor Parking']",sector 111
"['Feng Shui / Vaastu Compliant', 'Private Garden / Terrace', 'False Ceiling Lighting', 'Water Storage', 'Park', 'Visitor Parking', 'Natural Light', 'Internet/wi-fi connectivity', 'Airy Rooms', 'Spacious Interiors', 'Waste Disposal', 'Club house / Community Center']",sector 3
"['Feng Shui / Vaastu Compliant', 'Security / Fire Alarm', 'Intercom Facility', 'Lift(s)', 'Maintenance Staff', 'Park', 'Visitor Parking']",sohna road
"['Security / Fire Alarm', 'Power Back-up', 'Feng Shui / Vaastu Compliant', 'Intercom Facility', 'Lift(s)', 'Maintenance Staff', 'False Ceiling Lighting', 'Water Storage', 'No open drainage around', 'Bank Attached Property', 'Visitor Parking', 'Swimming Pool', 'Park', 'Natural Light', 'Airy Rooms', 'Spacious Interiors', 'Low Density Society', 'Shopping Centre', 'Fitness Centre / GYM', 'Waste Disposal', 'Rain Water Harvesting', 'Club house / Community Center']",sector 9
"['Power Back-up', 'Intercom Facility', 'Lift(s)', 'Swimming Pool', 'Park', 'Shopping Centre', 'Fitness Centre / GYM', 'Club house / Community Center']",sector 71
"['Power Back-up', 'Intercom Facility', 'Lift(s)', 'Park', 'Fitness Centre / GYM', 'Club house / Community Center']",sector 88a
,sector 28
"['Centrally Air Conditioned', 'Water purifier', 'Security / Fire Alarm', 'Feng Shui / Vaastu Compliant', 'Intercom Facility', 'Lift(s)', 'High Ceiling Height', 'Maintenance Staff', 'Water Storage', 'No open drainage around', 'Bank Attached Property', 'Piped-gas', 'Internet/wi-fi connectivity', 'Recently Renovated', 'Visitor Parking', 'Swimming Pool', 'Park', 'Security Personnel', 'Natural Light', 'Airy Rooms', 'Spacious Interiors', 'Low Density Society', 'Waste Disposal', 'Rain Water Harvesting', 'Water softening plant', 'Shopping Centre', 'Fitness Centre / GYM', 'Club house / Community Center']",sector 33
"['Security / Fire Alarm', 'Feng Shui / Vaastu Compliant', 'Private Garden / Terrace', 'False Ceiling Lighting', 'Water Storage', 'Recently Renovated', 'Visitor Parking', 'Park', 'Natural Light', 'Airy Rooms', 'Spacious Interiors', 'Low Density Society', 'Waste Disposal', 'Rain Water Harvesting']",sector 102
"['High Ceiling Height', 'Park', 'Visitor Parking', 'Fitness Centre / GYM']",sector 43
,sector 69
"['Security / Fire Alarm', 'Feng Shui / Vaastu Compliant', 'Intercom Facility', 'Lift(s)', 'High Ceiling Height', 'Maintenance Staff', 'False Ceiling Lighting', 'Water Storage', 'Piped-gas', 'Visitor Parking', 'Park', 'Natural Light', 'Internet/wi-fi connectivity', 'Spacious Interiors', 'Shopping Centre', 'Waste Disposal', 'Water softening plant']",sector 12
"['Power Back-up', 'Intercom Facility', 'Lift(s)', 'High Ceiling Height', 'Maintenance Staff', 'Water Storage', 'Separate entry for servant room', 'No open drainage around', 'Swimming Pool', 'Park', 'Security Personnel', 'Internet/wi-fi connectivity', 'Fitness Centre / GYM', 'Rain Water Harvesting', 'Club house / Community Center', 'Water softening plant']",sector 113
"['Centrally Air Conditioned', 'Water purifier', 'Security / Fire Alarm', 'Power Back-up', 'Feng Shui / Vaastu Compliant', 'Private Garden / Terrace', 'Intercom Facility', 'Lift(s)', 'High Ceiling Height', 'Maintenance Staff', 'False Ceiling Lighting', 'Water Storage', 'Separate entry for servant room', 'No open drainage around', 'Bank Attached Property', 'Piped-gas', 'Internet/wi-fi connectivity', 'Recently Renovated', 'Visitor Parking', 'Swimming Pool', 'Park', 'Security Personnel', 'Natural Light', 'Airy Rooms', 'Spacious Interiors', 'Low Density Society', 'Waste Disposal', 'Rain Water Harvesting', 'Water softening plant', 'Shopping Centre', 'Fitness Centre / GYM', 'Club house / Community Center']",sector 4
"['Power Back-up', 'Private Garden / Terrace', 'Intercom Facility', 'Maintenance Staff', 'Water Storage', 'Recently Renovated', 'Bank Attached Property', 'Visitor Parking', 'Park', 'Security Personnel', 'Natural Light', 'Internet/wi-fi connectivity', 'Airy Rooms', 'Low Density Society', 'Rain Water Harvesting', 'Club house / Community Center']",sector 85
"['Intercom Facility', 'Lift(s)', 'Swimming Pool', 'Park', 'Shopping Centre', 'Fitness Centre / GYM', 'Club house / Community Center', 'Rain Water Harvesting']",sector 90
"['Feng Shui / Vaastu Compliant', 'Intercom Facility', 'Lift(s)', 'Park']",sector 68
"['Water purifier', 'Security / Fire Alarm', 'Feng Shui / Vaastu Compliant', 'Intercom Facility', 'Lift(s)', 'High Ceiling Height', 'Maintenance Staff', 'False Ceiling Lighting', 'Water Storage', 'Separate entry for servant room', 'No open drainage around', 'Bank Attached Property', 'Piped-gas', 'Internet/wi-fi connectivity', 'Visitor Parking', 'Swimming Pool', 'Park', 'Security Personnel', 'Low Density Society', 'Waste Disposal', 'Rain Water Harvesting', 'Water softening plant', 'Shopping Centre', 'Fitness Centre / GYM', 'Club house / Community Center']",sector 84
"['Security / Fire Alarm', 'Feng Shui / Vaastu Compliant', 'Private Garden / Terrace', 'High Ceiling Height', 'Maintenance Staff', 'False Ceiling Lighting', 'Water Storage', 'Separate entry for servant room', 'No open drainage around', 'Recently Renovated', 'Visitor Parking', 'Park', 'Security Personnel', 'Natural Light', 'Airy Rooms', 'Spacious Interiors', 'Low Density Society', 'Waste Disposal', 'Rain Water Harvesting', 'Club house / Community Center']",sector 69
"['Security / Fire Alarm', 'Feng Shui / Vaastu Compliant', 'Private Garden / Terrace', 'Water purifier', 'High Ceiling Height', 'Maintenance Staff', 'False Ceiling Lighting', 'Water Storage', 'Separate entry for servant room', 'No open drainage around', 'Bank Attached Property', 'Visitor Parking', 'Swimming Pool', 'Park', 'Security Personnel', 'Natural Light', 'Airy Rooms', 'Spacious Interiors', 'Fitness Centre / GYM', 'Waste Disposal', 'Rain Water Harvesting', 'Club house / Community Center']",sector 14
"['Intercom Facility', 'Lift(s)', 'Feng Shui / Vaastu Compliant', 'Swimming Pool', 'Park', 'Security Personnel', 'Maintenance Staff', 'Club house / Community Center', 'Fitness Centre / GYM', 'Rain Water Harvesting', 'Water softening plant']",sector 102
"['Feng Shui / Vaastu Compliant', 'Intercom Facility', 'Lift(s)', 'Maintenance Staff', 'Park']",sector 83
"['Security / Fire Alarm', 'Intercom Facility', 'Lift(s)', 'Maintenance Staff', 'Water Storage', 'Separate entry for servant room', 'Bank Attached Property', 'Visitor Parking', 'Park', 'Natural Light', 'Airy Rooms', 'Shopping Centre', 'Fitness Centre / GYM', 'Club house / Community Center']",sector 108
"['Feng Shui / Vaastu Compliant', 'Maintenance Staff', 'Water Storage', 'Park', 'Visitor Parking', 'Waste Disposal', 'Rain Water Harvesting']",sector 109
"['Security / Fire Alarm', 'Feng Shui / Vaastu Compliant', 'Intercom Facility', 'Lift(s)', 'Separate entry for servant room', 'No open drainage around', 'Piped-gas', 'Swimming Pool', 'Park', 'Security Personnel', 'Natural Light', 'Airy Rooms', 'Spacious Interiors', 'Low Density Society', 'Shopping Centre', 'Fitness Centre / GYM', 'Rain Water Harvesting', 'Club house / Community Center']",manesar
"['Security / Fire Alarm', 'Feng Shui / Vaastu Compliant', 'Intercom Facility', 'Lift(s)', 'Water purifier', 'Maintenance Staff', 'Water Storage', 'No open drainage around', 'Visitor Parking', 'Park', 'Internet/wi-fi connectivity', 'Airy Rooms', 'Shopping Centre', 'Fitness Centre / GYM', 'Waste Disposal', 'Rain Water Harvesting', 'Club house / Community Center']",gwal pahari
['Park'],sector 77
"['Centrally Air Conditioned', 'Water purifier', 'Security / Fire Alarm', 'Feng Shui / Vaastu Compliant', 'Private Garden / Terrace', 'Intercom Facility', 'Lift(s)', 'High Ceiling Height', 'Maintenance Staff', 'Water Storage', 'Separate entry for servant room', 'No open drainage around', 'Bank Attached Property', 'Piped-gas', 'Internet/wi-fi connectivity', 'Recently Renovated', 'Visitor Parking', 'Swimming Pool', 'Park', 'Security Personnel', 'Natural Light', 'Airy Rooms', 'Spacious Interiors', 'Low Density Society', 'Waste Disposal', 'Rain Water Harvesting', 'Water softening plant', 'Shopping Centre', 'Fitness Centre / GYM', 'Club house / Community Center']",sector 102
"['Security / Fire Alarm', 'Power Back-up', 'Feng Shui / Vaastu Compliant', 'Intercom Facility', 'Lift(s)', 'Maintenance Staff', 'Water Storage', 'Visitor Parking', 'Swimming Pool', 'Park', 'Security Personnel', 'Fitness Centre / GYM', 'Rain Water Harvesting', 'Club house / Community Center']",sector 102
"['Feng Shui / Vaastu Compliant', 'Private Garden / Terrace', 'High Ceiling Height', 'Water Storage', 'Park', 'Visitor Parking', 'Rain Water Harvesting']",sector 82
"['Feng Shui / Vaastu Compliant', 'Private Garden / Terrace', 'Water purifier', 'High Ceiling Height', 'Maintenance Staff', 'False Ceiling Lighting', 'Water Storage', 'Separate entry for servant room', 'No open drainage around', 'Recently Renovated', 'Bank Attached Property', 'Visitor Parking', 'Park', 'Security Personnel', 'Natural Light', 'Internet/wi-fi connectivity', 'Airy Rooms', 'Spacious Interiors', 'Low Density Society', 'Waste Disposal', 'Rain Water Harvesting']",sector 33
"['Lift(s)', 'Park', 'Maintenance Staff', 'Visitor Parking']",sector 26
"['Feng Shui / Vaastu Compliant', 'Intercom Facility', 'Lift(s)', 'Maintenance Staff', 'Park']",sector 12
"['Feng Shui / Vaastu Compliant', 'Private Garden / Terrace', 'Maintenance Staff', 'Water Storage', 'Park', 'Visitor Parking', 'Waste Disposal', 'Rain Water Harvesting']",sector 63a
"['Private Garden / Terrace', 'Water purifier', 'Water Storage', 'Park', 'Visitor Parking', 'Recently Renovated', 'Airy Rooms', 'Waste Disposal', 'Rain Water Harvesting']",sector 50
"['Centrally Air Conditioned', 'Security / Fire Alarm', 'Power Back-up', 'Feng Shui / Vaastu Compliant', 'Intercom Facility', 'Lift(s)', 'High Ceiling Height', 'Maintenance Staff', 'False Ceiling Lighting', 'Water Storage', 'Separate entry for servant room', 'No open drainage around', 'Piped-gas', 'Internet/wi-fi connectivity', 'Visitor Parking', 'Swimming Pool', 'Park', 'Natural Light', 'Airy Rooms', 'Spacious Interiors', 'Low Density Society', 'Waste Disposal', 'Rain Water Harvesting', 'Water softening plant', 'Shopping Centre', 'Fitness Centre / GYM', 'Club house / Community Center']",sector 37c
"['Security / Fire Alarm', 'Power Back-up', 'Feng Shui / Vaastu Compliant', 'Intercom Facility', 'Lift(s)', 'Water Storage', 'Separate entry for servant room', 'No open drainage around', 'Bank Attached Property', 'Visitor Parking', 'Swimming Pool', 'Park', 'Security Personnel', 'Internet/wi-fi connectivity', 'Low Density Society', 'Shopping Centre', 'Fitness Centre / GYM', 'Waste Disposal', 'Rain Water Harvesting', 'Club house / Community Center', 'Water softening plant']",sector 77
['Lift(s)'],sector 83
"['Feng Shui / Vaastu Compliant', 'Security / Fire Alarm', 'Intercom Facility', 'Maintenance Staff', 'Water Storage', 'Park', 'Visitor Parking']",sector 78
"['Power Back-up', 'Intercom Facility', 'Lift(s)', 'Park', 'Shopping Centre', 'Fitness Centre / GYM', 'Club house / Community Center', 'Rain Water Harvesting']",sector 102
"['Power Back-up', 'Intercom Facility', 'Lift(s)', 'Maintenance Staff', 'Separate entry for servant room', 'No open drainage around', 'Swimming Pool', 'Park', 'Security Personnel', 'Internet/wi-fi connectivity', 'Low Density Society', 'Shopping Centre', 'Fitness Centre / GYM', 'Waste Disposal', 'Rain Water Harvesting', 'Club house / Community Center', 'Water softening plant']",sector 95
"['Power Back-up', 'Lift(s)', 'Maintenance Staff', 'Separate entry for servant room', 'No open drainage around', 'Swimming Pool', 'Park', 'Security Personnel', 'Internet/wi-fi connectivity', 'Shopping Centre', 'Fitness Centre / GYM', 'Waste Disposal', 'Rain Water Harvesting', 'Club house / Community Center', 'Water softening plant']",sector 2
"['Centrally Air Conditioned', 'Water purifier', 'Security / Fire Alarm', 'Power Back-up', 'Feng Shui / Vaastu Compliant', 'Private Garden / Terrace', 'Intercom Facility', 'Lift(s)', 'High Ceiling Height', 'Maintenance Staff', 'False Ceiling Lighting', 'Water Storage', 'Separate entry for servant room', 'No open drainage around', 'Bank Attached Property', 'Piped-gas', 'Internet/wi-fi connectivity', 'Recently Renovated', 'Visitor Parking', 'Swimming Pool', 'Park', 'Security Personnel', 'Natural Light', 'Airy Rooms', 'Spacious Interiors', 'Low Density Society', 'Waste Disposal', 'Rain Water Harvesting', 'Water softening plant', 'Shopping Centre', 'Fitness Centre / GYM', 'Club house / Community Center']",sector 22
,sector 28
"['Feng Shui / Vaastu Compliant', 'Private Garden / Terrace', 'High Ceiling Height', 'Water Storage', 'Separate entry for servant room', 'No open drainage around', 'Visitor Parking', 'Park', 'Natural Light', 'Airy Rooms', 'Spacious Interiors', 'Low Density Society', 'Waste Disposal', 'Rain Water Harvesting']",sector 106
"['Security / Fire Alarm', 'Lift(s)', 'Centrally Air Conditioned', 'Maintenance Staff', 'Water Storage', 'Visitor Parking', 'Swimming Pool', 'Park', 'Security Personnel', 'Natural Light', 'Airy Rooms', 'Spacious Interiors', 'Low Density Society', 'Shopping Centre', 'Fitness Centre / GYM', 'Club house / Community Center', 'Water softening plant']",sector 92
"['Security / Fire Alarm', 'Intercom Facility', 'Lift(s)', 'Maintenance Staff', 'Water Storage', 'Park', 'Visitor Parking']",sector 104
"['Security / Fire Alarm', 'Feng Shui / Vaastu Compliant', 'Private Garden / Terrace', 'Intercom Facility', 'Lift(s)', 'Maintenance Staff', 'Water Storage', 'Bank Attached Property', 'Piped-gas', 'Visitor Parking', 'Swimming Pool', 'Park', 'Security Personnel', 'Internet/wi-fi connectivity', 'Shopping Centre', 'Fitness Centre / GYM', 'Rain Water Harvesting', 'Club house / Community Center', 'Water softening plant']",sector 40
"['Security / Fire Alarm', 'Intercom Facility', 'Lift(s)', 'Water purifier', 'High Ceiling Height', 'Maintenance Staff', 'False Ceiling Lighting', 'Water Storage', 'No open drainage around', 'Piped-gas', 'Visitor Parking', 'Swimming Pool', 'Park', 'Security Personnel', 'Natural Light', 'Internet/wi-fi connectivity', 'Airy Rooms', 'Shopping Centre', 'Fitness Centre / GYM', 'Waste Disposal', 'Rain Water Harvesting', 'Club house / Community Center', 'Water softening plant']",sector 66
"['Feng Shui / Vaastu Compliant', 'Private Garden / Terrace', 'Maintenance Staff', 'Water Storage', 'Park', 'Visitor Parking', 'Waste Disposal', 'Rain Water Harvesting']",sector 70
,sector 37d
,sector 82
,sector 67
"['Feng Shui / Vaastu Compliant', 'Private Garden / Terrace', 'Water Storage', 'Visitor Parking', 'Waste Disposal', 'Rain Water Harvesting']",sector 22
"['Feng Shui / Vaastu Compliant', 'Security / Fire Alarm', 'Intercom Facility', 'Lift(s)', 'Maintenance Staff', 'Water Storage', 'Park', 'Visitor Parking']",sector 99a
"['Feng Shui / Vaastu Compliant', 'Park', 'Visitor Parking', 'Security Personnel']",sector 7
"['Security / Fire Alarm', 'Power Back-up', 'Lift(s)', 'Maintenance Staff', 'Water Storage', 'Recently Renovated', 'Visitor Parking', 'Swimming Pool', 'Park', 'Natural Light', 'Airy Rooms', 'Shopping Centre', 'Fitness Centre / GYM', 'Waste Disposal', 'Rain Water Harvesting', 'Club house / Community Center', 'Water softening plant']",sector 50
,sector 67
"['Intercom Facility', 'Lift(s)', 'Maintenance Staff', 'Water Storage', 'Park', 'Visitor Parking']",sector 79
"['Security / Fire Alarm', 'Intercom Facility', 'Lift(s)', 'Maintenance Staff', 'Park', 'Visitor Parking']",sector 24
"['Feng Shui / Vaastu Compliant', 'Private Garden / Terrace', 'Maintenance Staff', 'Water Storage', 'Park', 'Visitor Parking', 'Waste Disposal', 'Rain Water Harvesting']",sector 78
"['Feng Shui / Vaastu Compliant', 'Maintenance Staff', 'Water Storage', 'Park', 'Visitor Parking', 'Waste Disposal', 'Rain Water Harvesting']",sector 66
"['Intercom Facility', 'Lift(s)', 'Maintenance Staff', 'Separate entry for servant room', 'Piped-gas', 'Swimming Pool', 'Park', 'Security Personnel', 'Shopping Centre', 'Fitness Centre / GYM', 'Waste Disposal', 'Rain Water Harvesting', 'Club house / Community Center']",sector 7
"['Power Back-up', 'Security / Fire Alarm', 'Intercom Facility', 'Lift(s)', 'Maintenance Staff', 'Park', 'Fitness Centre / GYM']",sector 74
"['Security / Fire Alarm', 'Intercom Facility', 'Lift(s)', 'Maintenance Staff', 'Park', 'Visitor Parking']",sector 79
"['Feng Shui / Vaastu Compliant', 'Private Garden / Terrace', 'Water purifier', 'High Ceiling Height', 'Maintenance Staff', 'False Ceiling Lighting', 'Water Storage', 'No open drainage around', 'Recently Renovated', 'Visitor Parking', 'Swimming Pool', 'Park', 'Natural Light', 'Airy Rooms', 'Waste Disposal', 'Rain Water Harvesting']",sector 2
,sector 66
"['Feng Shui / Vaastu Compliant', 'Security / Fire Alarm', 'Intercom Facility', 'Lift(s)', 'Maintenance Staff', 'Water Storage', 'Park', 'Visitor Parking']",sector 89
"['Intercom Facility', 'Lift(s)', 'Maintenance Staff', 'Swimming Pool', 'Park', 'Visitor Parking', 'Security Personnel', 'Internet/wi-fi connectivity', 'Shopping Centre', 'Fitness Centre / GYM', 'Club house / Community Center', 'Rain Water Harvesting']",sector 3
"['Feng Shui / Vaastu Compliant', 'Security / Fire Alarm', 'Intercom Facility', 'Lift(s)', 'Maintenance Staff', 'Water Storage', 'Park', 'Visitor Parking']",sector 65
"['Centrally Air Conditioned', 'Water purifier', 'Security / Fire Alarm', 'Power Back-up', 'Feng Shui / Vaastu Compliant', 'Private Garden / Terrace', 'Intercom Facility', 'Lift(s)', 'High Ceiling Height', 'Maintenance Staff', 'False Ceiling Lighting', 'Water Storage', 'Separate entry for servant room', 'No open drainage around', 'Bank Attached Property', 'Piped-gas', 'Internet/wi-fi connectivity', 'Recently Renovated', 'Visitor Parking', 'Swimming Pool', 'Park', 'Security Personnel', 'Natural Light', 'Airy Rooms', 'Spacious Interiors', 'Low Density Society', 'Waste Disposal', 'Rain Water Harvesting', 'Water softening plant', 'Shopping Centre', 'Fitness Centre / GYM', 'Club house / Community Center']",sector 47
"['Intercom Facility', 'Lift(s)', 'Swimming Pool', 'Park', 'Shopping Centre', 'Fitness Centre / GYM', 'Club house / Community Center']",sector 113
"['Private Garden / Terrace', 'Maintenance Staff', 'Water Storage', 'Club house / Community Center']",sector 111
"['Feng Shui / Vaastu Compliant', 'Intercom Facility', 'Lift(s)', 'Maintenance Staff', 'Park']",sector 28
"['Lift(s)', 'Maintenance Staff', 'Water Storage', 'Park', 'Visitor Parking']",sector 43
"['Intercom Facility', 'Lift(s)', 'Piped-gas', 'Swimming Pool', 'Park', 'Security Personnel', 'Natural Light', 'Internet/wi-fi connectivity', 'Airy Rooms', 'Shopping Centre', 'Fitness Centre / GYM', 'Rain Water Harvesting', 'Club house / Community Center', 'Water softening plant']",sector 92
,sector 65
"['Power Back-up', 'Intercom Facility', 'Lift(s)', 'Swimming Pool', 'Park', 'Piped-gas', 'Shopping Centre', 'Fitness Centre / GYM', 'Club house / Community Center']",sector 37d
"['Security / Fire Alarm', 'Private Garden / Terrace', 'Intercom Facility', 'Lift(s)', 'Maintenance Staff', 'Water Storage', 'No open drainage around', 'Piped-gas', 'Visitor Parking', 'Swimming Pool', 'Park', 'Security Personnel', 'Natural Light', 'Internet/wi-fi connectivity', 'Airy Rooms', 'Spacious Interiors', 'Low Density Society', 'Shopping Centre', 'Fitness Centre / GYM', 'Waste Disposal', 'Rain Water Harvesting', 'Club house / Community Center', 'Water softening plant']",sector 110
"['Power Back-up', 'Intercom Facility', 'Lift(s)', 'Maintenance Staff', 'Water Storage', 'Swimming Pool', 'Park', 'Security Personnel', 'Natural Light', 'Airy Rooms', 'Low Density Society', 'Shopping Centre', 'Fitness Centre / GYM', 'Club house / Community Center']",sector 3
"['Centrally Air Conditioned', 'Water purifier', 'Power Back-up', 'Feng Shui / Vaastu Compliant', 'Intercom Facility', 'Lift(s)', 'High Ceiling Height', 'Maintenance Staff', 'False Ceiling Lighting', 'Water Storage', 'Separate entry for servant room', 'No open drainage around', 'Piped-gas', 'Internet/wi-fi connectivity', 'Recently Renovated', 'Visitor Parking', 'Swimming Pool', 'Park', 'Natural Light', 'Airy Rooms', 'Spacious Interiors', 'Waste Disposal', 'Rain Water Harvesting', 'Water softening plant', 'Shopping Centre', 'Fitness Centre / GYM', 'Club house / Community Center']",sector 12
"['Security / Fire Alarm', 'Feng Shui / Vaastu Compliant', 'Private Garden / Terrace', 'Water purifier', 'High Ceiling Height', 'Maintenance Staff', 'False Ceiling Lighting', 'Water Storage', 'Separate entry for servant room', 'No open drainage around', 'Recently Renovated', 'Piped-gas', 'Visitor Parking', 'Swimming Pool', 'Park', 'Security Personnel', 'Natural Light', 'Airy Rooms', 'Spacious Interiors', 'Low Density Society', 'Fitness Centre / GYM', 'Waste Disposal', 'Rain Water Harvesting', 'Club house / Community Center']",sector 99a
"['Feng Shui / Vaastu Compliant', 'Security / Fire Alarm', 'Intercom Facility', 'Lift(s)', 'Maintenance Staff', 'Water Storage', 'Park', 'Visitor Parking']",sector 103
"['Intercom Facility', 'Lift(s)', 'Maintenance Staff', 'Park']",sector 105
"['Feng Shui / Vaastu Compliant', 'Lift(s)', 'Maintenance Staff', 'Water Storage', 'Park', 'Visitor Parking']",sector 33
"['Security / Fire Alarm', 'Lift(s)', 'Maintenance Staff', 'Water Storage', 'Park', 'Visitor Parking']",sector 84
,sector 3
"['Security / Fire Alarm', 'Feng Shui / Vaastu Compliant', 'Intercom Facility', 'High Ceiling Height', 'Maintenance Staff', 'False Ceiling Lighting', 'Water Storage', 'Separate entry for servant room', 'No open drainage around', 'Visitor Parking', 'Swimming Pool', 'Internet/wi-fi connectivity', 'Shopping Centre', 'Fitness Centre / GYM', 'Rain Water Harvesting', 'Club house / Community Center', 'Water softening plant']",sector 109
"['Lift(s)', 'Swimming Pool', 'Park', 'Shopping Centre', 'Fitness Centre / GYM', 'Club house / Community Center', 'Rain Water Harvesting']",sector 45
"['Security / Fire Alarm', 'Feng Shui / Vaastu Compliant', 'Intercom Facility', 'Lift(s)', 'High Ceiling Height', 'Maintenance Staff', 'Water Storage', 'Piped-gas', 'Visitor Parking', 'Swimming Pool', 'Park', 'Security Personnel', 'Natural Light', 'Airy Rooms', 'Shopping Centre', 'Fitness Centre / GYM', 'Rain Water Harvesting', 'Club house / Community Center', 'Water softening plant']",sector 38
"['Private Garden / Terrace', 'High Ceiling Height', 'False Ceiling Lighting', 'Separate entry for servant room', 'Recently Renovated', 'Visitor Parking', 'Natural Light', 'Internet/wi-fi connectivity', 'Airy Rooms', 'Spacious Interiors', 'Rain Water Harvesting']",sector 109
,sector 110
"['Power Back-up', 'Lift(s)', 'Swimming Pool', 'Park', 'Fitness Centre / GYM', 'Club house / Community Center', 'Water softening plant']",sector 50
,sector 107
,sector 112
"['Security / Fire Alarm', 'Power Back-up', 'Feng Shui / Vaastu Compliant', 'Intercom Facility', 'Lift(s)', 'High Ceiling Height', 'Maintenance Staff', 'Separate entry for servant room', 'Visitor Parking', 'Swimming Pool', 'Park', 'Security Personnel', 'Fitness Centre / GYM', 'Rain Water Harvesting', 'Club house / Community Center', 'Water softening plant']",sector 49
"['Lift(s)', 'Park']",sector 90
"['Security / Fire Alarm', 'Feng Shui / Vaastu Compliant', 'Private Garden / Terrace', 'Water purifier', 'High Ceiling Height', 'Maintenance Staff', 'False Ceiling Lighting', 'Water Storage', 'Separate entry for servant room', 'No open drainage around', 'Recently Renovated', 'Visitor Parking', 'Park', 'Security Personnel', 'Natural Light', 'Airy Rooms', 'Spacious Interiors', 'Low Density Society', 'Waste Disposal', 'Rain Water Harvesting', 'Club house / Community Center']",sector 53
"['Centrally Air Conditioned', 'Water purifier', 'Security / Fire Alarm', 'Feng Shui / Vaastu Compliant', 'Private Garden / Terrace', 'Intercom Facility', 'Lift(s)', 'High Ceiling Height', 'Maintenance Staff', 'False Ceiling Lighting', 'Water Storage', 'Separate entry for servant room', 'No open drainage around', 'Piped-gas', 'Internet/wi-fi connectivity', 'Recently Renovated', 'Visitor Parking', 'Swimming Pool', 'Park', 'Natural Light', 'Airy Rooms', 'Waste Disposal', 'Rain Water Harvesting', 'Water softening plant', 'Shopping Centre', 'Fitness Centre / GYM', 'Club house / Community Center']",manesar
,sector 9
"['Intercom Facility', 'Lift(s)', 'Maintenance Staff', 'Swimming Pool', 'Park', 'Security Personnel', 'Internet/wi-fi connectivity', 'Fitness Centre / GYM', 'Club house / Community Center', 'Rain Water Harvesting']",sector 109
"['Power Back-up', 'Feng Shui / Vaastu Compliant', 'Intercom Facility', 'Lift(s)', 'Swimming Pool', 'Park', 'Piped-gas', 'Fitness Centre / GYM', 'Club house / Community Center']",sector 92
"['Private Garden / Terrace', 'Water Storage', 'No open drainage around', 'Visitor Parking', 'Natural Light', 'Airy Rooms']",sector 85
"['Power Back-up', 'Lift(s)', 'Swimming Pool', 'Park', 'Shopping Centre', 'Fitness Centre / GYM', 'Club house / Community Center']",sector 21
"['Security / Fire Alarm', 'High Ceiling Height', 'Maintenance Staff', 'False Ceiling Lighting', 'Water Storage', 'Separate entry for servant room', 'No open drainage around', 'Recently Renovated', 'Bank Attached Property', 'Visitor Parking', 'Park', 'Natural Light', 'Internet/wi-fi connectivity', 'Airy Rooms', 'Spacious Interiors', 'Fitness Centre / GYM', 'Waste Disposal', 'Rain Water Harvesting']",sector 109
"['Water Storage', 'No open drainage around', 'Park', 'Visitor Parking', 'Natural Light', 'Airy Rooms', 'Internet/wi-fi connectivity']",sector 81
"['Feng Shui / Vaastu Compliant', 'Security / Fire Alarm', 'Intercom Facility', 'Lift(s)', 'Maintenance Staff', 'Water Storage', 'Park', 'Visitor Parking']",new sector 2
"['Security / Fire Alarm', 'Lift(s)', 'Maintenance Staff', 'Water Storage', 'Recently Renovated', 'Visitor Parking', 'Swimming Pool', 'Park', 'Security Personnel', 'Natural Light', 'Airy Rooms', 'Shopping Centre', 'Fitness Centre / GYM', 'Rain Water Harvesting', 'Club house / Community Center', 'Water softening plant']",sector 108
"['Feng Shui / Vaastu Compliant', 'Private Garden / Terrace', 'Water Storage', 'Park', 'Visitor Parking', 'Rain Water Harvesting']",sector 86
['Water Storage'],sector 4
"['Feng Shui / Vaastu Compliant', 'Security / Fire Alarm', 'Intercom Facility', 'Lift(s)', 'Water Storage', 'Park', 'Visitor Parking']",sector 33
"['Power Back-up', 'Intercom Facility', 'Lift(s)', 'Swimming Pool', 'Park', 'Shopping Centre', 'Fitness Centre / GYM', 'Club house / Community Center']",sector 89
"['Security / Fire Alarm', 'Power Back-up', 'Feng Shui / Vaastu Compliant', 'Intercom Facility', 'Lift(s)', 'Water purifier', 'High Ceiling Height', 'Maintenance Staff', 'Water Storage', 'Separate entry for servant room', 'No open drainage around', 'Visitor Parking', 'Swimming Pool', 'Park', 'Security Personnel', 'Natural Light', 'Internet/wi-fi connectivity', 'Airy Rooms', 'Low Density Society', 'Fitness Centre / GYM', 'Waste Disposal', 'Rain Water Harvesting', 'Club house / Community Center', 'Water softening plant']",sector 99a
"['Centrally Air Conditioned', 'Water purifier', 'Security / Fire Alarm', 'Power Back-up', 'Feng Shui / Vaastu Compliant', 'Intercom Facility', 'Lift(s)', 'High Ceiling Height', 'Maintenance Staff', 'False Ceiling Lighting', 'Water Storage', 'No open drainage around', 'Bank Attached Property', 'Piped-gas', 'Internet/wi-fi connectivity', 'Recently Renovated', 'Visitor Parking', 'Swimming Pool', 'Park', 'Security Personnel', 'Natural Light', 'Airy Rooms', 'Spacious Interiors', 'Low Density Society', 'Waste Disposal', 'Rain Water Harvesting', 'Shopping Centre', 'Fitness Centre / GYM', 'Club house / Community Center']",sector 72
"['High Ceiling Height', 'Maintenance Staff', 'Fitness Centre / GYM']",sector 83
,sector 67a
"['Feng Shui / Vaastu Compliant', 'Security / Fire Alarm', 'Intercom Facility', 'Lift(s)', 'Maintenance Staff', 'Water Storage', 'Park', 'Visitor Parking']",sector 72
"['Centrally Air Conditioned', 'Water purifier', 'Security / Fire Alarm', 'Feng Shui / Vaastu Compliant', 'Private Garden / Terrace', 'Intercom Facility', 'Lift(s)', 'High Ceiling Height', 'Maintenance Staff', 'False Ceiling Lighting', 'Water Storage', 'Separate entry for servant room', 'No open drainage around', 'Bank Attached Property', 'Piped-gas', 'Internet/wi-fi connectivity', 'Recently Renovated', 'Visitor Parking', 'Swimming Pool', 'Park', 'Security Personnel', 'Natural Light', 'Airy Rooms', 'Spacious Interiors', 'Low Density Society', 'Waste Disposal', 'Rain Water Harvesting', 'Water softening plant', 'Shopping Centre', 'Fitness Centre / GYM', 'Club house / Community Center']",sector 81
,sector 77
"['High Ceiling Height', 'Maintenance Staff', 'False Ceiling Lighting', 'Water Storage']",sector 92
"['Security / Fire Alarm', 'Power Back-up', 'Feng Shui / Vaastu Compliant', 'Intercom Facility', 'Lift(s)', 'Maintenance Staff', 'Water Storage', 'Visitor Parking', 'Swimming Pool', 'Park', 'Shopping Centre', 'Fitness Centre / GYM', 'Club house / Community Center', 'Water softening plant']",sector 61
"['Power Back-up', 'Intercom Facility', 'Lift(s)', 'Maintenance Staff', 'Piped-gas', 'Security Personnel', 'Shopping Centre', 'Fitness Centre / GYM', 'Waste Disposal', 'Rain Water Harvesting']",sector 10a
"['Centrally Air Conditioned', 'Water purifier', 'Security / Fire Alarm', 'Feng Shui / Vaastu Compliant', 'Private Garden / Terrace', 'Intercom Facility', 'Lift(s)', 'High Ceiling Height', 'Maintenance Staff', 'False Ceiling Lighting', 'Water Storage', 'Separate entry for servant room', 'No open drainage around', 'Bank Attached Property', 'Piped-gas', 'Internet/wi-fi connectivity', 'Recently Renovated', 'Visitor Parking', 'Swimming Pool', 'Park', 'Security Personnel', 'Natural Light', 'Airy Rooms', 'Spacious Interiors', 'Low Density Society', 'Waste Disposal', 'Rain Water Harvesting', 'Water softening plant', 'Shopping Centre', 'Fitness Centre / GYM', 'Club house / Community Center']",sector 83
"['Power Back-up', 'Feng Shui / Vaastu Compliant', 'Security / Fire Alarm', 'Lift(s)', 'Swimming Pool', 'Maintenance Staff', 'Water Storage', 'Park', 'Visitor Parking', 'Shopping Centre', 'Fitness Centre / GYM', 'Club house / Community Center']",sector 1
,sector 25
"['Centrally Air Conditioned', 'Water purifier', 'Security / Fire Alarm', 'Feng Shui / Vaastu Compliant', 'Private Garden / Terrace', 'Intercom Facility', 'Lift(s)', 'High Ceiling Height', 'Maintenance Staff', 'False Ceiling Lighting', 'Water Storage', 'Separate entry for servant room', 'No open drainage around', 'Bank Attached Property', 'Piped-gas', 'Internet/wi-fi connectivity', 'Recently Renovated', 'Visitor Parking', 'Swimming Pool', 'Park', 'Security Personnel', 'Natural Light', 'Airy Rooms', 'Spacious Interiors', 'Low Density Society', 'Waste Disposal', 'Rain Water Harvesting', 'Water softening plant', 'Shopping Centre', 'Fitness Centre / GYM', 'Club house / Community Center']",sector 2
"['Security / Fire Alarm', 'Maintenance Staff', 'Water Storage', 'Park', 'Visitor Parking', 'Waste Disposal']",sector 49
"['Centrally Air Conditioned', 'Water purifier', 'Security / Fire Alarm', 'Power Back-up', 'Feng Shui / Vaastu Compliant', 'Private Garden / Terrace', 'Intercom Facility', 'Lift(s)', 'High Ceiling Height', 'Maintenance Staff', 'False Ceiling Lighting', 'Water Storage', 'Separate entry for servant room', 'No open drainage around', 'Bank Attached Property', 'Piped-gas', 'Internet/wi-fi connectivity', 'Recently Renovated', 'Visitor Parking', 'Swimming Pool', 'Park', 'Security Personnel', 'Natural Light', 'Airy Rooms', 'Spacious Interiors', 'Low Density Society', 'Waste Disposal', 'Rain Water Harvesting', 'Water softening plant', 'Shopping Centre', 'Fitness Centre / GYM', 'Club house / Community Center']",sector 85
"['Centrally Air Conditioned', 'Water purifier', 'Security / Fire Alarm', 'Feng Shui / Vaastu Compliant', 'Private Garden / Terrace', 'Intercom Facility', 'Lift(s)', 'High Ceiling Height', 'Maintenance Staff', 'False Ceiling Lighting', 'Water Storage', 'Separate entry for servant room', 'No open drainage around', 'Bank Attached Property', 'Piped-gas', 'Internet/wi-fi connectivity', 'Recently Renovated', 'Visitor Parking', 'Swimming Pool', 'Park', 'Security Personnel', 'Natural Light', 'Airy Rooms', 'Spacious Interiors', 'Low Density Society', 'Waste Disposal', 'Rain Water Harvesting', 'Water softening plant', 'Shopping Centre', 'Fitness Centre / GYM', 'Club house / Community Center']",sector 24
"['Security / Fire Alarm', 'Power Back-up', 'Feng Shui / Vaastu Compliant', 'Intercom Facility', 'Lift(s)', 'High Ceiling Height', 'Maintenance Staff', 'False Ceiling Lighting', 'Water Storage', 'Separate entry for servant room', 'No open drainage around', 'Visitor Parking', 'Swimming Pool', 'Park', 'Security Personnel', 'Internet/wi-fi connectivity', 'Shopping Centre', 'Fitness Centre / GYM', 'Waste Disposal', 'Rain Water Harvesting', 'Club house / Community Center', 'Water softening plant']",sector 4
"['Lift(s)', 'Swimming Pool', 'Park', 'Internet/wi-fi connectivity', 'Fitness Centre / GYM', 'Club house / Community Center', 'Rain Water Harvesting']",sector 88a
['Water Storage'],sector 54
,sector 93
"['Security / Fire Alarm', 'Power Back-up', 'Intercom Facility', 'Lift(s)', 'Maintenance Staff', 'No open drainage around', 'Visitor Parking', 'Swimming Pool', 'Park', 'Security Personnel', 'Natural Light', 'Airy Rooms', 'Shopping Centre', 'Fitness Centre / GYM', 'Rain Water Harvesting', 'Club house / Community Center']",sector 50
"['Feng Shui / Vaastu Compliant', 'Water Storage']",sector 79
,sector 48
"['Centrally Air Conditioned', 'Water purifier', 'Security / Fire Alarm', 'Feng Shui / Vaastu Compliant', 'Intercom Facility', 'Lift(s)', 'High Ceiling Height', 'Maintenance Staff', 'False Ceiling Lighting', 'Water Storage', 'Separate entry for servant room', 'No open drainage around', 'Piped-gas', 'Internet/wi-fi connectivity', 'Recently Renovated', 'Visitor Parking', 'Swimming Pool', 'Park', 'Natural Light', 'Airy Rooms', 'Spacious Interiors', 'Waste Disposal', 'Rain Water Harvesting', 'Water softening plant', 'Shopping Centre', 'Fitness Centre / GYM', 'Club house / Community Center']",sector 5
"['Maintenance Staff', 'Water Storage', 'Park', 'Visitor Parking', 'Waste Disposal', 'Rain Water Harvesting']",sector 89
,sector 104
,sector 58
"['Feng Shui / Vaastu Compliant', 'Private Garden / Terrace', 'Maintenance Staff', 'Water Storage', 'Park', 'Visitor Parking', 'Waste Disposal', 'Rain Water Harvesting']",sector 113
"['Water purifier', 'Security / Fire Alarm', 'Feng Shui / Vaastu Compliant', 'Private Garden / Terrace', 'Intercom Facility', 'Lift(s)', 'High Ceiling Height', 'Maintenance Staff', 'Water Storage', 'Separate entry for servant room', 'No open drainage around', 'Bank Attached Property', 'Piped-gas', 'Internet/wi-fi connectivity', 'Recently Renovated', 'Visitor Parking', 'Swimming Pool', 'Park', 'Security Personnel', 'Natural Light', 'Airy Rooms', 'Spacious Interiors', 'Low Density Society', 'Waste Disposal', 'Rain Water Harvesting', 'Water softening plant', 'Shopping Centre', 'Fitness Centre / GYM', 'Club house / Community Center']",sector 89
"['Water purifier', 'Centrally Air Conditioned', 'Security / Fire Alarm', 'Power Back-up', 'Feng Shui / Vaastu Compliant', 'Intercom Facility', 'Lift(s)', 'High Ceiling Height', 'Maintenance Staff', 'False Ceiling Lighting', 'Water Storage', 'Separate entry for servant room', 'No open drainage around', 'Piped-gas', 'Internet/wi-fi connectivity', 'Recently Renovated', 'Visitor Parking', 'Swimming Pool', 'Park', 'Security Personnel', 'Natural Light', 'Airy Rooms', 'Spacious Interiors', 'Low Density Society', 'Waste Disposal', 'Rain Water Harvesting', 'Water softening plant', 'Shopping Centre', 'Fitness Centre / GYM', 'Club house / Community Center']",sector 50
"['Power Back-up', 'Intercom Facility', 'Lift(s)', 'False Ceiling Lighting', 'Water Storage', 'Park', 'Shopping Centre', 'Fitness Centre / GYM', 'Rain Water Harvesting', 'Water softening plant']",sector 106
"['False Ceiling Lighting', 'Park', 'Bank Attached Property', 'Internet/wi-fi connectivity', 'Shopping Centre', 'Fitness Centre / GYM', 'Waste Disposal', 'Rain Water Harvesting']",sohna road
"['Feng Shui / Vaastu Compliant', 'High Ceiling Height', 'Water Storage', 'Rain Water Harvesting']",sector 37c
"['Security / Fire Alarm', 'Feng Shui / Vaastu Compliant', 'Private Garden / Terrace', 'Centrally Air Conditioned', 'High Ceiling Height', 'Maintenance Staff', 'Water Storage', 'Separate entry for servant room', 'No open drainage around', 'Bank Attached Property', 'Piped-gas', 'Visitor Parking', 'Swimming Pool', 'Park', 'Natural Light', 'Internet/wi-fi connectivity', 'Airy Rooms', 'Low Density Society', 'Fitness Centre / GYM', 'Waste Disposal', 'Rain Water Harvesting', 'Club house / Community Center']",sector 113
"['Feng Shui / Vaastu Compliant', 'Private Garden / Terrace', 'High Ceiling Height', 'Maintenance Staff', 'False Ceiling Lighting', 'Separate entry for servant room', 'Piped-gas', 'Visitor Parking', 'Swimming Pool', 'Park', 'Security Personnel', 'Internet/wi-fi connectivity', 'Low Density Society', 'Fitness Centre / GYM', 'Club house / Community Center']",sector 102
"['Security / Fire Alarm', 'Feng Shui / Vaastu Compliant', 'Private Garden / Terrace', 'Intercom Facility', 'Lift(s)', 'High Ceiling Height', 'Maintenance Staff', 'Water Storage', 'Separate entry for servant room', 'No open drainage around', 'Bank Attached Property', 'Piped-gas', 'Internet/wi-fi connectivity', 'Recently Renovated', 'Visitor Parking', 'Swimming Pool', 'Park', 'Security Personnel', 'Natural Light', 'Airy Rooms', 'Spacious Interiors', 'Low Density Society', 'Waste Disposal', 'Rain Water Harvesting', 'Water softening plant', 'Shopping Centre', 'Fitness Centre / GYM', 'Club house / Community Center']",sector 56
"['Security / Fire Alarm', 'Feng Shui / Vaastu Compliant', 'Intercom Facility', 'Lift(s)', 'Maintenance Staff', 'False Ceiling Lighting', 'Water Storage', 'Bank Attached Property', 'Visitor Parking', 'Swimming Pool', 'Park', 'Security Personnel', 'Natural Light', 'Internet/wi-fi connectivity', 'Airy Rooms', 'Spacious Interiors', 'Low Density Society', 'Shopping Centre', 'Fitness Centre / GYM', 'Waste Disposal', 'Rain Water Harvesting', 'Club house / Community Center']",sector 53
"['Security / Fire Alarm', 'Feng Shui / Vaastu Compliant', 'Intercom Facility', 'Lift(s)', 'High Ceiling Height', 'Maintenance Staff', 'False Ceiling Lighting', 'Water Storage', 'No open drainage around', 'Bank Attached Property', 'Piped-gas', 'Visitor Parking', 'Swimming Pool', 'Park', 'Security Personnel', 'Internet/wi-fi connectivity', 'Low Density Society', 'Shopping Centre', 'Fitness Centre / GYM', 'Waste Disposal', 'Rain Water Harvesting', 'Club house / Community Center', 'Water softening plant']",sector 43
"['Feng Shui / Vaastu Compliant', 'Private Garden / Terrace', 'Water Storage', 'Rain Water Harvesting']",sector 55
,sohna road
"['Security / Fire Alarm', 'Power Back-up', 'Feng Shui / Vaastu Compliant', 'Intercom Facility', 'Lift(s)', 'Maintenance Staff', 'Water Storage', 'Recently Renovated', 'Bank Attached Property', 'Piped-gas', 'Visitor Parking', 'Park', 'Security Personnel', 'Natural Light', 'Internet/wi-fi connectivity', 'Waste Disposal', 'Rain Water Harvesting']",sector 92
,sector 2
"['Intercom Facility', 'Lift(s)', 'Maintenance Staff', 'Swimming Pool', 'Park', 'Security Personnel', 'Internet/wi-fi connectivity', 'Fitness Centre / GYM', 'Club house / Community Center', 'Rain Water Harvesting']",sector 37c
"['Security / Fire Alarm', 'Intercom Facility', 'Lift(s)', 'Maintenance Staff', 'Water Storage', 'Park', 'Visitor Parking']",sector 85
"['Water Storage', 'Park', 'Visitor Parking', 'Waste Disposal', 'Rain Water Harvesting']",sector 63
"['Intercom Facility', 'Lift(s)', 'Maintenance Staff', 'Park']",sector 69
"['Lift(s)', 'Park', 'Piped-gas', 'Natural Light', 'Fitness Centre / GYM', 'Club house / Community Center']",sector 57
"['Feng Shui / Vaastu Compliant', 'Security / Fire Alarm', 'Intercom Facility', 'Lift(s)', 'Maintenance Staff', 'Water Storage', 'Park', 'Visitor Parking']",sector 85
"['Feng Shui / Vaastu Compliant', 'Private Garden / Terrace', 'High Ceiling Height', 'Water Storage', 'No open drainage around', 'Park', 'Visitor Parking', 'Low Density Society', 'Waste Disposal', 'Rain Water Harvesting']",sector 13
,sector 85
,sector 83
"['Feng Shui / Vaastu Compliant', 'Security / Fire Alarm', 'Intercom Facility', 'Lift(s)', 'Maintenance Staff', 'Water Storage', 'Park', 'Visitor Parking']",sector 50
,sector 95
"['Feng Shui / Vaastu Compliant', 'Security / Fire Alarm', 'Intercom Facility', 'Lift(s)', 'Maintenance Staff', 'Swimming Pool', 'Water Storage', 'Park', 'Visitor Parking', 'Fitness Centre / GYM', 'Club house / Community Center']",sector 65
"['Centrally Air Conditioned', 'Security / Fire Alarm', 'Feng Shui / Vaastu Compliant', 'Intercom Facility', 'Lift(s)', 'High Ceiling Height', 'Maintenance Staff', 'Water Storage', 'No open drainage around', 'Bank Attached Property', 'Piped-gas', 'Visitor Parking', 'Swimming Pool', 'Park', 'Security Personnel', 'Natural Light', 'Airy Rooms', 'Spacious Interiors', 'Low Density Society', 'Waste Disposal', 'Rain Water Harvesting', 'Water softening plant', 'Shopping Centre', 'Fitness Centre / GYM', 'Club house / Community Center']",sector 107
"['Feng Shui / Vaastu Compliant', 'Security / Fire Alarm', 'Intercom Facility', 'Lift(s)', 'Maintenance Staff', 'Water Storage', 'Park', 'Visitor Parking']",sector 84
"['Feng Shui / Vaastu Compliant', 'Intercom Facility', 'Lift(s)', 'High Ceiling Height', 'Maintenance Staff', 'Water Storage', 'Separate entry for servant room', 'No open drainage around', 'Visitor Parking', 'Park', 'Security Personnel', 'Natural Light', 'Airy Rooms', 'Spacious Interiors', 'Fitness Centre / GYM', 'Rain Water Harvesting']",sector 102
"['Security / Fire Alarm', 'Feng Shui / Vaastu Compliant', 'Private Garden / Terrace', 'Intercom Facility', 'Lift(s)', 'High Ceiling Height', 'Maintenance Staff', 'Water Storage', 'Separate entry for servant room', 'No open drainage around', 'Bank Attached Property', 'Piped-gas', 'Internet/wi-fi connectivity', 'Recently Renovated', 'Visitor Parking', 'Swimming Pool', 'Park', 'Security Personnel', 'Natural Light', 'Airy Rooms', 'Spacious Interiors', 'Low Density Society', 'Waste Disposal', 'Rain Water Harvesting', 'Water softening plant', 'Shopping Centre', 'Fitness Centre / GYM', 'Club house / Community Center']",sector 69
"['Security / Fire Alarm', 'Lift(s)', 'Maintenance Staff', 'Water Storage', 'Separate entry for servant room', 'No open drainage around', 'Visitor Parking', 'Swimming Pool', 'Park', 'Natural Light', 'Airy Rooms', 'Fitness Centre / GYM', 'Club house / Community Center']",sector 70
,sector 85
"['Private Garden / Terrace', 'High Ceiling Height', 'Maintenance Staff', 'Water Storage', 'Security Personnel', 'Low Density Society', 'Waste Disposal']",sector 61
"['Security / Fire Alarm', 'Feng Shui / Vaastu Compliant', 'Intercom Facility', 'Lift(s)', 'Water purifier', 'Maintenance Staff', 'Water Storage', 'Separate entry for servant room', 'No open drainage around', 'Piped-gas', 'Visitor Parking', 'Park', 'Natural Light', 'Internet/wi-fi connectivity', 'Spacious Interiors', 'Low Density Society', 'Shopping Centre', 'Waste Disposal', 'Rain Water Harvesting', 'Club house / Community Center', 'Water softening plant']",sector 43
"['Centrally Air Conditioned', 'Water purifier', 'Security / Fire Alarm', 'Power Back-up', 'Feng Shui / Vaastu Compliant', 'Private Garden / Terrace', 'Intercom Facility', 'Lift(s)', 'High Ceiling Height', 'Maintenance Staff', 'False Ceiling Lighting', 'Water Storage', 'Separate entry for servant room', 'No open drainage around', 'Bank Attached Property', 'Piped-gas', 'Internet/wi-fi connectivity', 'Recently Renovated', 'Visitor Parking', 'Swimming Pool', 'Park', 'Security Personnel', 'Natural Light', 'Airy Rooms', 'Spacious Interiors', 'Low Density Society', 'Waste Disposal', 'Rain Water Harvesting', 'Water softening plant', 'Shopping Centre', 'Fitness Centre / GYM', 'Club house / Community Center']",sector 6
"['Feng Shui / Vaastu Compliant', 'Intercom Facility', 'Lift(s)', 'Swimming Pool', 'Park', 'Piped-gas', 'Internet/wi-fi connectivity', 'Shopping Centre', 'Fitness Centre / GYM', 'Club house / Community Center', 'Rain Water Harvesting', 'Water softening plant']",sohna road
"['Feng Shui / Vaastu Compliant', 'Security / Fire Alarm', 'Intercom Facility', 'Lift(s)', 'Maintenance Staff', 'Water Storage', 'Park', 'Visitor Parking']",sector 86
"['Intercom Facility', 'Lift(s)', 'High Ceiling Height', 'Maintenance Staff', 'Separate entry for servant room', 'Swimming Pool', 'Park', 'Security Personnel', 'Internet/wi-fi connectivity', 'Low Density Society', 'Shopping Centre', 'Fitness Centre / GYM', 'Club house / Community Center']",sector 8
"['Power Back-up', 'Lift(s)', 'Swimming Pool', 'Park', 'Shopping Centre', 'Fitness Centre / GYM', 'Club house / Community Center', 'Rain Water Harvesting']",sector 69
,sector 107
,sector 65
"['Security / Fire Alarm', 'Intercom Facility', 'Lift(s)', 'Swimming Pool', 'Park', 'Visitor Parking', 'Security Personnel', 'Natural Light', 'Airy Rooms', 'Spacious Interiors', 'Club house / Community Center']",sector 91
"['Centrally Air Conditioned', 'Water purifier', 'Security / Fire Alarm', 'Feng Shui / Vaastu Compliant', 'High Ceiling Height', 'Maintenance Staff', 'False Ceiling Lighting', 'Water Storage', 'Separate entry for servant room', 'No open drainage around', 'Bank Attached Property', 'Piped-gas', 'Internet/wi-fi connectivity', 'Recently Renovated', 'Visitor Parking', 'Swimming Pool', 'Park', 'Security Personnel', 'Natural Light', 'Airy Rooms', 'Spacious Interiors', 'Low Density Society', 'Waste Disposal', 'Rain Water Harvesting', 'Fitness Centre / GYM', 'Club house / Community Center']",sector 92
"['Security / Fire Alarm', 'Lift(s)', 'Water Storage', 'Visitor Parking']",manesar
,sector 91
"['Centrally Air Conditioned', 'Water purifier', 'Security / Fire Alarm', 'Feng Shui / Vaastu Compliant', 'Private Garden / Terrace', 'Intercom Facility', 'Lift(s)', 'High Ceiling Height', 'Maintenance Staff', 'False Ceiling Lighting', 'Water Storage', 'Separate entry for servant room', 'No open drainage around', 'Piped-gas', 'Internet/wi-fi connectivity', 'Recently Renovated', 'Visitor Parking', 'Swimming Pool', 'Park', 'Security Personnel', 'Natural Light', 'Airy Rooms', 'Spacious Interiors', 'Low Density Society', 'Waste Disposal', 'Rain Water Harvesting', 'Water softening plant', 'Shopping Centre', 'Fitness Centre / GYM', 'Club house / Community Center']",sector 48
"['Centrally Air Conditioned', 'Water purifier', 'Security / Fire Alarm', 'Feng Shui / Vaastu Compliant', 'Intercom Facility', 'Lift(s)', 'High Ceiling Height', 'Maintenance Staff', 'False Ceiling Lighting', 'Water Storage', 'Separate entry for servant room', 'No open drainage around', 'Piped-gas', 'Internet/wi-fi connectivity', 'Recently Renovated', 'Visitor Parking', 'Swimming Pool', 'Park', 'Natural Light', 'Airy Rooms', 'Spacious Interiors', 'Waste Disposal', 'Rain Water Harvesting', 'Water softening plant', 'Shopping Centre', 'Fitness Centre / GYM', 'Club house / Community Center']",sohna road
"['Feng Shui / Vaastu Compliant', 'Private Garden / Terrace', 'High Ceiling Height', 'False Ceiling Lighting', 'Swimming Pool', 'Separate entry for servant room', 'Visitor Parking', 'Spacious Interiors']",sector 2
"['Private Garden / Terrace', 'High Ceiling Height', 'Maintenance Staff', 'Water Storage', 'Separate entry for servant room', 'No open drainage around', 'Park', 'Visitor Parking', 'Security Personnel', 'Natural Light', 'Airy Rooms', 'Spacious Interiors']",sector 48
"['Security / Fire Alarm', 'Feng Shui / Vaastu Compliant', 'Private Garden / Terrace', 'Centrally Air Conditioned', 'Water purifier', 'High Ceiling Height', 'Maintenance Staff', 'False Ceiling Lighting', 'Water Storage', 'Separate entry for servant room', 'No open drainage around', 'Recently Renovated', 'Piped-gas', 'Visitor Parking', 'Park', 'Security Personnel', 'Natural Light', 'Internet/wi-fi connectivity', 'Airy Rooms', 'Spacious Interiors', 'Waste Disposal', 'Rain Water Harvesting', 'Club house / Community Center']",sector 67
,sohna road
"['Security / Fire Alarm', 'Feng Shui / Vaastu Compliant', 'Private Garden / Terrace', 'Intercom Facility', 'Lift(s)', 'Maintenance Staff', 'Water Storage', 'No open drainage around', 'Recently Renovated', 'Visitor Parking', 'Swimming Pool', 'Park', 'Security Personnel', 'Natural Light', 'Shopping Centre', 'Fitness Centre / GYM', 'Waste Disposal', 'Rain Water Harvesting', 'Club house / Community Center', 'Water softening plant']",sector 92
"['Intercom Facility', 'Lift(s)', 'Maintenance Staff', 'Park', 'Visitor Parking']",sector 113
,sector 103
,sector 109
"['Water purifier', 'Centrally Air Conditioned', 'Security / Fire Alarm', 'Power Back-up', 'Feng Shui / Vaastu Compliant', 'Intercom Facility', 'Lift(s)', 'High Ceiling Height', 'Maintenance Staff', 'False Ceiling Lighting', 'Water Storage', 'Separate entry for servant room', 'No open drainage around', 'Bank Attached Property', 'Piped-gas', 'Internet/wi-fi connectivity', 'Recently Renovated', 'Visitor Parking', 'Swimming Pool', 'Park', 'Security Personnel', 'Natural Light', 'Airy Rooms', 'Spacious Interiors', 'Low Density Society', 'Waste Disposal', 'Rain Water Harvesting', 'Water softening plant', 'Shopping Centre', 'Fitness Centre / GYM', 'Club house / Community Center']",sector 90
"['Security / Fire Alarm', 'Feng Shui / Vaastu Compliant', 'Intercom Facility', 'Lift(s)', 'High Ceiling Height', 'Maintenance Staff', 'False Ceiling Lighting', 'Water Storage', 'No open drainage around', 'Bank Attached Property', 'Piped-gas', 'Visitor Parking', 'Park', 'Security Personnel', 'Natural Light', 'Internet/wi-fi connectivity', 'Airy Rooms', 'Spacious Interiors', 'Low Density Society', 'Waste Disposal', 'Rain Water Harvesting', 'Club house / Community Center', 'Water softening plant']",sector 33
"['Security / Fire Alarm', 'Maintenance Staff', 'Water Storage', 'Park', 'Visitor Parking']",sector 70
"['Security / Fire Alarm', 'Feng Shui / Vaastu Compliant', 'Intercom Facility', 'Lift(s)', 'High Ceiling Height', 'Maintenance Staff', 'False Ceiling Lighting', 'Water Storage', 'Separate entry for servant room', 'No open drainage around', 'Visitor Parking', 'Swimming Pool', 'Internet/wi-fi connectivity', 'Shopping Centre', 'Fitness Centre / GYM', 'Rain Water Harvesting', 'Club house / Community Center', 'Water softening plant']",sector 90
"['Feng Shui / Vaastu Compliant', 'Security / Fire Alarm', 'Intercom Facility', 'Lift(s)', 'Maintenance Staff', 'Water Storage', 'Park', 'Visitor Parking']",manesar
"['Feng Shui / Vaastu Compliant', 'Private Garden / Terrace', 'Centrally Air Conditioned', 'Water purifier', 'Water Storage', 'Recently Renovated', 'Piped-gas', 'Visitor Parking', 'Swimming Pool', 'Park', 'Natural Light', 'Airy Rooms', 'Fitness Centre / GYM', 'Club house / Community Center']",sector 106
"['Lift(s)', 'Swimming Pool', 'Park', 'Fitness Centre / GYM']",sector 48
"['Security / Fire Alarm', 'Intercom Facility', 'Lift(s)', 'High Ceiling Height', 'Maintenance Staff', 'Water Storage', 'Separate entry for servant room', 'Bank Attached Property', 'Recently Renovated', 'Visitor Parking', 'Swimming Pool', 'Park', 'Security Personnel', 'Natural Light', 'Airy Rooms', 'Spacious Interiors', 'Shopping Centre', 'Fitness Centre / GYM', 'Waste Disposal', 'Rain Water Harvesting', 'Club house / Community Center']",sector 71
"['Security / Fire Alarm', 'Maintenance Staff', 'Water Storage']",sector 48
"['Feng Shui / Vaastu Compliant', 'Intercom Facility', 'Lift(s)', 'Maintenance Staff', 'Swimming Pool', 'Water Storage', 'Park', 'Visitor Parking', 'Security Personnel', 'Shopping Centre', 'Fitness Centre / GYM', 'Club house / Community Center']",sector 60
"['Security / Fire Alarm', 'Feng Shui / Vaastu Compliant', 'Private Garden / Terrace', 'Centrally Air Conditioned', 'Water purifier', 'High Ceiling Height', 'Maintenance Staff', 'False Ceiling Lighting', 'Water Storage', 'Separate entry for servant room', 'Piped-gas', 'Visitor Parking', 'Swimming Pool', 'Park', 'Security Personnel', 'Natural Light', 'Internet/wi-fi connectivity', 'Airy Rooms', 'Spacious Interiors', 'Fitness Centre / GYM', 'Waste Disposal', 'Rain Water Harvesting', 'Club house / Community Center']",sector 12
"['Security / Fire Alarm', 'Intercom Facility', 'Lift(s)', 'Maintenance Staff', 'Park', 'Visitor Parking', 'Fitness Centre / GYM', 'Club house / Community Center', 'Waste Disposal', 'Rain Water Harvesting']",sector 65
"['Security / Fire Alarm', 'Intercom Facility', 'Lift(s)', 'High Ceiling Height', 'Maintenance Staff', 'False Ceiling Lighting', 'Water Storage', 'Piped-gas', 'Visitor Parking', 'Swimming Pool', 'Park', 'Shopping Centre', 'Waste Disposal', 'Rain Water Harvesting', 'Water softening plant']",sector 86
"['Security / Fire Alarm', 'Feng Shui / Vaastu Compliant', 'Intercom Facility', 'Lift(s)', 'Maintenance Staff', 'Water Storage', 'Separate entry for servant room', 'No open drainage around', 'Visitor Parking', 'Swimming Pool', 'Park', 'Security Personnel', 'Natural Light', 'Airy Rooms', 'Spacious Interiors', 'Shopping Centre', 'Fitness Centre / GYM', 'Waste Disposal', 'Rain Water Harvesting', 'Club house / Community Center']",sector 109
"['Security / Fire Alarm', 'Power Back-up', 'Feng Shui / Vaastu Compliant', 'Intercom Facility', 'Lift(s)', 'Maintenance Staff', 'False Ceiling Lighting', 'Water Storage', 'Separate entry for servant room', 'No open drainage around', 'Piped-gas', 'Visitor Parking', 'Swimming Pool', 'Park', 'Security Personnel', 'Internet/wi-fi connectivity', 'Shopping Centre', 'Fitness Centre / GYM', 'Waste Disposal', 'Rain Water Harvesting', 'Club house / Community Center', 'Water softening plant']",sector 102
,sector 72
"['Lift(s)', 'Park']",sector 82
"['Water purifier', 'Security / Fire Alarm', 'Power Back-up', 'Feng Shui / Vaastu Compliant', 'Private Garden / Terrace', 'Intercom Facility', 'Lift(s)', 'High Ceiling Height', 'Maintenance Staff', 'False Ceiling Lighting', 'Water Storage', 'Separate entry for servant room', 'No open drainage around', 'Piped-gas', 'Internet/wi-fi connectivity', 'Recently Renovated', 'Visitor Parking', 'Swimming Pool', 'Park', 'Security Personnel', 'Waste Disposal', 'Rain Water Harvesting', 'Water softening plant', 'Shopping Centre', 'Fitness Centre / GYM', 'Club house / Community Center']",sector 109
"['Centrally Air Conditioned', 'Water purifier', 'Security / Fire Alarm', 'Feng Shui / Vaastu Compliant', 'Private Garden / Terrace', 'Intercom Facility', 'Lift(s)', 'High Ceiling Height', 'Maintenance Staff', 'False Ceiling Lighting', 'Water Storage', 'Separate entry for servant room', 'No open drainage around', 'Bank Attached Property', 'Piped-gas', 'Internet/wi-fi connectivity', 'Recently Renovated', 'Visitor Parking', 'Swimming Pool', 'Park', 'Security Personnel', 'Natural Light', 'Airy Rooms', 'Spacious Interiors', 'Low Density Society', 'Waste Disposal', 'Rain Water Harvesting', 'Water softening plant', 'Shopping Centre', 'Fitness Centre / GYM', 'Club house / Community Center']",sector 24
"['Centrally Air Conditioned', 'Water purifier', 'Security / Fire Alarm', 'Power Back-up', 'Feng Shui / Vaastu Compliant', 'Intercom Facility', 'Lift(s)', 'High Ceiling Height', 'Maintenance Staff', 'False Ceiling Lighting', 'Water Storage', 'Separate entry for servant room', 'No open drainage around', 'Bank Attached Property', 'Piped-gas', 'Internet/wi-fi connectivity', 'Recently Renovated', 'Visitor Parking', 'Swimming Pool', 'Park', 'Security Personnel', 'Natural Light', 'Airy Rooms', 'Spacious Interiors', 'Low Density Society', 'Waste Disposal', 'Rain Water Harvesting', 'Water softening plant', 'Shopping Centre', 'Fitness Centre / GYM', 'Club house / Community Center']",sector 79
"['Security / Fire Alarm', 'Power Back-up', 'Intercom Facility', 'Lift(s)', 'High Ceiling Height', 'Maintenance Staff', 'False Ceiling Lighting', 'Water Storage', 'Separate entry for servant room', 'No open drainage around', 'Visitor Parking', 'Swimming Pool', 'Park', 'Security Personnel', 'Internet/wi-fi connectivity', 'Shopping Centre', 'Fitness Centre / GYM', 'Rain Water Harvesting', 'Club house / Community Center', 'Water softening plant']",sector 84
"['Water purifier', 'Centrally Air Conditioned', 'Security / Fire Alarm', 'Power Back-up', 'Feng Shui / Vaastu Compliant', 'Private Garden / Terrace', 'Intercom Facility', 'Lift(s)', 'High Ceiling Height', 'Maintenance Staff', 'False Ceiling Lighting', 'Water Storage', 'Separate entry for servant room', 'No open drainage around', 'Bank Attached Property', 'Piped-gas', 'Internet/wi-fi connectivity', 'Recently Renovated', 'Visitor Parking', 'Swimming Pool', 'Park', 'Security Personnel', 'Natural Light', 'Airy Rooms', 'Spacious Interiors', 'Low Density Society', 'Waste Disposal', 'Rain Water Harvesting', 'Water softening plant', 'Shopping Centre', 'Fitness Centre / GYM', 'Club house / Community Center']",sector 105
"['Private Garden / Terrace', 'Intercom Facility', 'Lift(s)', 'Maintenance Staff', 'Water Storage', 'Separate entry for servant room', 'No open drainage around', 'Visitor Parking', 'Swimming Pool', 'Park', 'Security Personnel', 'Natural Light', 'Airy Rooms', 'Shopping Centre', 'Fitness Centre / GYM', 'Waste Disposal', 'Club house / Community Center']",sector 105
"['Power Back-up', 'Feng Shui / Vaastu Compliant', 'Intercom Facility', 'Lift(s)', 'Swimming Pool', 'Park', 'Shopping Centre', 'Fitness Centre / GYM', 'Club house / Community Center', 'Water softening plant']",sector 67
"['Water purifier', 'Security / Fire Alarm', 'Feng Shui / Vaastu Compliant', 'Private Garden / Terrace', 'Intercom Facility', 'Lift(s)', 'High Ceiling Height', 'Maintenance Staff', 'Water Storage', 'Separate entry for servant room', 'No open drainage around', 'Bank Attached Property', 'Internet/wi-fi connectivity', 'Recently Renovated', 'Visitor Parking', 'Swimming Pool', 'Park', 'Security Personnel', 'Natural Light', 'Airy Rooms', 'Low Density Society', 'Waste Disposal', 'Rain Water Harvesting', 'Water softening plant', 'Shopping Centre', 'Fitness Centre / GYM', 'Club house / Community Center']",sector 61
"['Feng Shui / Vaastu Compliant', 'Security / Fire Alarm', 'Intercom Facility', 'Lift(s)', 'Maintenance Staff', 'Park', 'Visitor Parking']",sector 83
"['Security / Fire Alarm', 'Lift(s)', 'Maintenance Staff', 'Water Storage', 'Park', 'Visitor Parking']",sector 92
"['Security / Fire Alarm', 'Feng Shui / Vaastu Compliant', 'Intercom Facility', 'Lift(s)', 'High Ceiling Height', 'Maintenance Staff', 'False Ceiling Lighting', 'Water Storage', 'Separate entry for servant room', 'No open drainage around', 'Piped-gas', 'Visitor Parking', 'Swimming Pool', 'Park', 'Internet/wi-fi connectivity', 'Shopping Centre', 'Fitness Centre / GYM', 'Waste Disposal', 'Rain Water Harvesting', 'Club house / Community Center', 'Water softening plant']",sector 77
"['Security / Fire Alarm', 'Feng Shui / Vaastu Compliant', 'Intercom Facility', 'Lift(s)', 'Centrally Air Conditioned', 'Maintenance Staff', 'Water Storage', 'No open drainage around', 'Visitor Parking', 'Swimming Pool', 'Park', 'Security Personnel', 'Natural Light', 'Airy Rooms', 'Spacious Interiors', 'Shopping Centre', 'Fitness Centre / GYM', 'Waste Disposal', 'Club house / Community Center']",sector 71
"['Security / Fire Alarm', 'Power Back-up', 'Feng Shui / Vaastu Compliant', 'Lift(s)', 'High Ceiling Height', 'Maintenance Staff', 'Water Storage', 'No open drainage around', 'Visitor Parking', 'Swimming Pool', 'Park', 'Security Personnel', 'Natural Light', 'Airy Rooms', 'Shopping Centre', 'Fitness Centre / GYM', 'Club house / Community Center']",manesar
,sector 3 phase 3 extension
"['Private Garden / Terrace', 'Water Storage', 'No open drainage around', 'Natural Light', 'Airy Rooms', 'Spacious Interiors']",sector 25
"['Centrally Air Conditioned', 'Water purifier', 'Security / Fire Alarm', 'Feng Shui / Vaastu Compliant', 'Private Garden / Terrace', 'High Ceiling Height', 'Maintenance Staff', 'False Ceiling Lighting', 'Water Storage', 'Separate entry for servant room', 'No open drainage around', 'Bank Attached Property', 'Piped-gas', 'Internet/wi-fi connectivity', 'Recently Renovated', 'Visitor Parking', 'Swimming Pool', 'Park', 'Security Personnel', 'Natural Light', 'Airy Rooms', 'Spacious Interiors', 'Low Density Society', 'Waste Disposal', 'Rain Water Harvesting', 'Fitness Centre / GYM', 'Club house / Community Center']",sector 65
"['Security / Fire Alarm', 'Lift(s)', 'High Ceiling Height', 'Maintenance Staff', 'False Ceiling Lighting', 'Water Storage', 'Park', 'Recently Renovated', 'Security Personnel', 'Natural Light', 'Airy Rooms', 'Waste Disposal']",sector 106
"['Intercom Facility', 'Lift(s)', 'Maintenance Staff', 'Park', 'Bank Attached Property', 'Visitor Parking', 'Natural Light', 'Airy Rooms', 'Shopping Centre']",sector 113
,sector 104
"['Security / Fire Alarm', 'Feng Shui / Vaastu Compliant', 'Intercom Facility', 'Lift(s)', 'Maintenance Staff', 'Water Storage', 'No open drainage around', 'Piped-gas', 'Visitor Parking', 'Swimming Pool', 'Park', 'Security Personnel', 'Natural Light', 'Airy Rooms', 'Spacious Interiors', 'Low Density Society', 'Shopping Centre', 'Fitness Centre / GYM', 'Waste Disposal', 'Rain Water Harvesting', 'Club house / Community Center', 'Water softening plant']",sector 65
"['Intercom Facility', 'Lift(s)', 'Park']",sector 86
,sector 50
,sector 60
"['Power Back-up', 'Feng Shui / Vaastu Compliant', 'Intercom Facility', 'Lift(s)', 'High Ceiling Height', 'False Ceiling Lighting', 'Separate entry for servant room', 'No open drainage around', 'Piped-gas', 'Swimming Pool', 'Park', 'Shopping Centre', 'Fitness Centre / GYM', 'Waste Disposal', 'Rain Water Harvesting', 'Club house / Community Center', 'Water softening plant']",sector 72
,sector 70a
"['Security / Fire Alarm', 'Power Back-up', 'Feng Shui / Vaastu Compliant', 'Intercom Facility', 'Lift(s)', 'High Ceiling Height', 'Maintenance Staff', 'False Ceiling Lighting', 'Water Storage', 'No open drainage around', 'Recently Renovated', 'Bank Attached Property', 'Piped-gas', 'Visitor Parking', 'Swimming Pool', 'Park', 'Natural Light', 'Internet/wi-fi connectivity', 'Shopping Centre', 'Fitness Centre / GYM', 'Waste Disposal', 'Rain Water Harvesting', 'Club house / Community Center']",sector 50
"['Security / Fire Alarm', 'Feng Shui / Vaastu Compliant', 'Intercom Facility', 'Lift(s)', 'Centrally Air Conditioned', 'Maintenance Staff', 'Water Storage', 'Separate entry for servant room', 'No open drainage around', 'Piped-gas', 'Visitor Parking', 'Swimming Pool', 'Park', 'Security Personnel', 'Natural Light', 'Internet/wi-fi connectivity', 'Shopping Centre', 'Fitness Centre / GYM', 'Waste Disposal', 'Club house / Community Center']",sector 43
,sector 22
,sector 8
"['Centrally Air Conditioned', 'Water purifier', 'Security / Fire Alarm', 'Power Back-up', 'Feng Shui / Vaastu Compliant', 'Private Garden / Terrace', 'Intercom Facility', 'Lift(s)', 'High Ceiling Height', 'Maintenance Staff', 'Water Storage', 'No open drainage around', 'Piped-gas', 'Internet/wi-fi connectivity', 'Recently Renovated', 'Visitor Parking', 'Swimming Pool', 'Park', 'Security Personnel', 'Natural Light', 'Airy Rooms', 'Low Density Society', 'Waste Disposal', 'Rain Water Harvesting', 'Water softening plant', 'Shopping Centre', 'Fitness Centre / GYM', 'Club house / Community Center']",sohna road
"['Security / Fire Alarm', 'Feng Shui / Vaastu Compliant', 'Intercom Facility', 'Lift(s)', 'Maintenance Staff', 'Water Storage', 'Piped-gas', 'Visitor Parking', 'Swimming Pool', 'Park', 'Security Personnel', 'Shopping Centre', 'Fitness Centre / GYM', 'Waste Disposal', 'Rain Water Harvesting', 'Club house / Community Center', 'Water softening plant']",sector 85
"['Security / Fire Alarm', 'Power Back-up', 'Feng Shui / Vaastu Compliant', 'Intercom Facility', 'Lift(s)', 'High Ceiling Height', 'Maintenance Staff', 'Water Storage', 'No open drainage around', 'Recently Renovated', 'Bank Attached Property', 'Piped-gas', 'Visitor Parking', 'Swimming Pool', 'Park', 'Natural Light', 'Internet/wi-fi connectivity', 'Shopping Centre', 'Fitness Centre / GYM', 'Waste Disposal', 'Rain Water Harvesting', 'Club house / Community Center']",sector 108
"['Maintenance Staff', 'Water Storage', 'Park', 'Visitor Parking', 'Fitness Centre / GYM']",sector 37c
"['Power Back-up', 'Feng Shui / Vaastu Compliant', 'Intercom Facility', 'Lift(s)', 'Swimming Pool', 'Park', 'Visitor Parking', 'Fitness Centre / GYM', 'Club house / Community Center']",sector 38
,sector 37d
"['Security / Fire Alarm', 'Feng Shui / Vaastu Compliant', 'Intercom Facility', 'Lift(s)', 'High Ceiling Height', 'Maintenance Staff', 'False Ceiling Lighting', 'Water Storage', 'No open drainage around', 'Piped-gas', 'Visitor Parking', 'Swimming Pool', 'Park', 'Security Personnel', 'Natural Light', 'Internet/wi-fi connectivity', 'Airy Rooms', 'Shopping Centre', 'Fitness Centre / GYM', 'Waste Disposal', 'Rain Water Harvesting', 'Club house / Community Center', 'Water softening plant']",sector 69
"['Security / Fire Alarm', 'Power Back-up', 'Lift(s)', 'Maintenance Staff', 'Water Storage', 'Separate entry for servant room', 'Recently Renovated', 'Visitor Parking', 'Swimming Pool', 'Park', 'Security Personnel', 'Natural Light', 'Airy Rooms', 'Shopping Centre', 'Fitness Centre / GYM', 'Waste Disposal', 'Rain Water Harvesting', 'Club house / Community Center', 'Water softening plant']",sector 63a
"['Feng Shui / Vaastu Compliant', 'Security / Fire Alarm', 'Private Garden / Terrace', 'Intercom Facility', 'Lift(s)', 'Maintenance Staff', 'Water Storage', 'Park', 'Visitor Parking', 'Security Personnel', 'Natural Light']",sector 103
"['Security / Fire Alarm', 'Intercom Facility', 'Lift(s)', 'High Ceiling Height', 'Maintenance Staff', 'False Ceiling Lighting', 'Water Storage', 'Recently Renovated', 'Visitor Parking', 'Park', 'Security Personnel', 'Natural Light', 'Airy Rooms', 'Spacious Interiors', 'Low Density Society']",sector 7
"['Security / Fire Alarm', 'Feng Shui / Vaastu Compliant', 'Intercom Facility', 'Lift(s)', 'Maintenance Staff', 'Water Storage', 'Bank Attached Property', 'Visitor Parking', 'Park', 'Security Personnel', 'Shopping Centre', 'Fitness Centre / GYM', 'Waste Disposal', 'Club house / Community Center']",sohna road
"['Security / Fire Alarm', 'Feng Shui / Vaastu Compliant', 'Intercom Facility', 'Lift(s)', 'Maintenance Staff', 'Water Storage', 'Visitor Parking', 'Swimming Pool', 'Park', 'Security Personnel', 'Natural Light', 'Airy Rooms', 'Low Density Society', 'Shopping Centre', 'Fitness Centre / GYM', 'Rain Water Harvesting', 'Club house / Community Center', 'Water softening plant']",sector 111
"['Security / Fire Alarm', 'Feng Shui / Vaastu Compliant', 'Intercom Facility', 'Lift(s)', 'Maintenance Staff', 'Water Storage', 'Bank Attached Property', 'Visitor Parking', 'Swimming Pool', 'Park', 'Security Personnel', 'Low Density Society', 'Shopping Centre', 'Fitness Centre / GYM', 'Waste Disposal', 'Rain Water Harvesting', 'Club house / Community Center', 'Water softening plant']",sector 70
"['Security / Fire Alarm', 'Power Back-up', 'Feng Shui / Vaastu Compliant', 'Intercom Facility', 'Lift(s)', 'Maintenance Staff', 'Water Storage', 'Visitor Parking', 'Swimming Pool', 'Park', 'Shopping Centre', 'Fitness Centre / GYM', 'Rain Water Harvesting', 'Club house / Community Center']",sector 65
"['Feng Shui / Vaastu Compliant', 'Lift(s)', 'Park']",sector 56
,sector 84
"['Feng Shui / Vaastu Compliant', 'Security / Fire Alarm', 'Intercom Facility', 'Lift(s)', 'Maintenance Staff', 'Water Storage', 'Park', 'Visitor Parking']",sector 37c
"['Feng Shui / Vaastu Compliant', 'Security / Fire Alarm', 'Intercom Facility', 'Lift(s)', 'Maintenance Staff', 'Water Storage', 'Park', 'Visitor Parking']",sector 65
"['Feng Shui / Vaastu Compliant', 'Private Garden / Terrace', 'Maintenance Staff', 'Water Storage', 'Park', 'Visitor Parking', 'Waste Disposal', 'Rain Water Harvesting']",sector 103
"['Power Back-up', 'Intercom Facility', 'Lift(s)', 'Swimming Pool', 'Park', 'Fitness Centre / GYM', 'Club house / Community Center']",sector 86
"['Centrally Air Conditioned', 'Water purifier', 'Security / Fire Alarm', 'Feng Shui / Vaastu Compliant', 'Intercom Facility', 'Lift(s)', 'High Ceiling Height', 'Maintenance Staff', 'False Ceiling Lighting', 'Water Storage', 'No open drainage around', 'Piped-gas', 'Internet/wi-fi connectivity', 'Visitor Parking', 'Swimming Pool', 'Park', 'Security Personnel', 'Natural Light', 'Airy Rooms', 'Spacious Interiors', 'Low Density Society', 'Waste Disposal', 'Rain Water Harvesting', 'Water softening plant', 'Shopping Centre', 'Fitness Centre / GYM', 'Club house / Community Center']",sector 56
"['Security / Fire Alarm', 'Feng Shui / Vaastu Compliant', 'Private Garden / Terrace', 'Intercom Facility', 'Lift(s)', 'Maintenance Staff', 'Bank Attached Property', 'Piped-gas', 'Visitor Parking', 'Swimming Pool', 'Park', 'Natural Light', 'Internet/wi-fi connectivity', 'Airy Rooms', 'Shopping Centre', 'Fitness Centre / GYM', 'Waste Disposal', 'Rain Water Harvesting', 'Club house / Community Center', 'Water softening plant']",sector 37d
"['Centrally Air Conditioned', 'Water purifier', 'Security / Fire Alarm', 'Feng Shui / Vaastu Compliant', 'Private Garden / Terrace', 'Intercom Facility', 'Lift(s)', 'High Ceiling Height', 'Maintenance Staff', 'False Ceiling Lighting', 'Water Storage', 'Separate entry for servant room', 'No open drainage around', 'Bank Attached Property', 'Piped-gas', 'Internet/wi-fi connectivity', 'Recently Renovated', 'Visitor Parking', 'Swimming Pool', 'Park', 'Security Personnel', 'Natural Light', 'Airy Rooms', 'Spacious Interiors', 'Low Density Society', 'Waste Disposal', 'Rain Water Harvesting', 'Water softening plant', 'Shopping Centre', 'Fitness Centre / GYM', 'Club house / Community Center']",sector 3
"['High Ceiling Height', 'Maintenance Staff', 'Water Storage', 'Separate entry for servant room', 'No open drainage around', 'Piped-gas', 'Visitor Parking', 'Security Personnel', 'Internet/wi-fi connectivity', 'Low Density Society', 'Fitness Centre / GYM', 'Waste Disposal', 'Club house / Community Center']",sector 74
"['Security / Fire Alarm', 'Feng Shui / Vaastu Compliant', 'Intercom Facility', 'Lift(s)', 'Maintenance Staff', 'Water Storage', 'Bank Attached Property', 'Visitor Parking', 'Park', 'Low Density Society', 'Shopping Centre', 'Fitness Centre / GYM', 'Waste Disposal', 'Rain Water Harvesting', 'Club house / Community Center']",sector 103
"['Centrally Air Conditioned', 'Water purifier', 'Security / Fire Alarm', 'Feng Shui / Vaastu Compliant', 'Intercom Facility', 'Lift(s)', 'High Ceiling Height', 'Maintenance Staff', 'False Ceiling Lighting', 'Water Storage', 'Separate entry for servant room', 'No open drainage around', 'Bank Attached Property', 'Piped-gas', 'Internet/wi-fi connectivity', 'Visitor Parking', 'Swimming Pool', 'Park', 'Security Personnel', 'Natural Light', 'Airy Rooms', 'Low Density Society', 'Waste Disposal', 'Rain Water Harvesting', 'Water softening plant', 'Shopping Centre', 'Fitness Centre / GYM', 'Club house / Community Center']",sector 50
,sector 65
"['Lift(s)', 'Swimming Pool', 'Park', 'Fitness Centre / GYM']",sector 7
"['Intercom Facility', 'Lift(s)', 'Maintenance Staff', 'No open drainage around', 'Visitor Parking', 'Swimming Pool', 'Park', 'Security Personnel', 'Natural Light', 'Airy Rooms', 'Low Density Society', 'Shopping Centre', 'Fitness Centre / GYM', 'Rain Water Harvesting', 'Club house / Community Center']",sector 65
,sector 2
"['Power Back-up', 'Intercom Facility', 'Lift(s)', 'Swimming Pool', 'Park', 'Internet/wi-fi connectivity', 'Fitness Centre / GYM', 'Club house / Community Center', 'Rain Water Harvesting']",sector 55
"['Power Back-up', 'Intercom Facility', 'Lift(s)', 'Swimming Pool', 'Park', 'Shopping Centre', 'Fitness Centre / GYM', 'Club house / Community Center', 'Rain Water Harvesting']",sector 4
,sector 108
"['Security / Fire Alarm', 'Power Back-up', 'Feng Shui / Vaastu Compliant', 'Intercom Facility', 'Lift(s)', 'High Ceiling Height', 'Maintenance Staff', 'Water Storage', 'No open drainage around', 'Bank Attached Property', 'Visitor Parking', 'Park', 'Security Personnel', 'Natural Light', 'Airy Rooms', 'Low Density Society', 'Shopping Centre', 'Fitness Centre / GYM', 'Waste Disposal', 'Rain Water Harvesting', 'Club house / Community Center', 'Water softening plant']",sector 90
"['Security / Fire Alarm', 'Power Back-up', 'Feng Shui / Vaastu Compliant', 'Intercom Facility', 'Lift(s)', 'Water purifier', 'High Ceiling Height', 'Maintenance Staff', 'Water Storage', 'Separate entry for servant room', 'No open drainage around', 'Visitor Parking', 'Swimming Pool', 'Park', 'Security Personnel', 'Natural Light', 'Internet/wi-fi connectivity', 'Airy Rooms', 'Low Density Society', 'Fitness Centre / GYM', 'Waste Disposal', 'Rain Water Harvesting', 'Club house / Community Center', 'Water softening plant']",sector 61
"['Lift(s)', 'Water Storage', 'Park', 'Visitor Parking']",sector 90
"['Security / Fire Alarm', 'Feng Shui / Vaastu Compliant', 'Intercom Facility', 'Lift(s)', 'Maintenance Staff', 'Water Storage', 'Piped-gas', 'Visitor Parking', 'Swimming Pool', 'Park', 'Security Personnel', 'Internet/wi-fi connectivity', 'Fitness Centre / GYM', 'Club house / Community Center']",sector 12
,sector 43
"['Power Back-up', 'Feng Shui / Vaastu Compliant', 'Lift(s)', 'Park', 'Shopping Centre', 'Fitness Centre / GYM', 'Club house / Community Center', 'Rain Water Harvesting']",sector 7
"['Security / Fire Alarm', 'Power Back-up', 'Feng Shui / Vaastu Compliant', 'Intercom Facility', 'Lift(s)', 'Maintenance Staff', 'Water Storage', 'Separate entry for servant room', 'No open drainage around', 'Visitor Parking', 'Swimming Pool', 'Park', 'Security Personnel', 'Natural Light', 'Airy Rooms', 'Internet/wi-fi connectivity', 'Shopping Centre', 'Fitness Centre / GYM', 'Waste Disposal', 'Rain Water Harvesting', 'Club house / Community Center', 'Water softening plant']",sector 83
"['Security / Fire Alarm', 'Power Back-up', 'Feng Shui / Vaastu Compliant', 'Intercom Facility', 'Lift(s)', 'High Ceiling Height', 'Maintenance Staff', 'Water Storage', 'Separate entry for servant room', 'No open drainage around', 'Bank Attached Property', 'Piped-gas', 'Visitor Parking', 'Swimming Pool', 'Park', 'Security Personnel', 'Natural Light', 'Airy Rooms', 'Spacious Interiors', 'Low Density Society', 'Waste Disposal', 'Rain Water Harvesting', 'Water softening plant', 'Shopping Centre', 'Fitness Centre / GYM', 'Club house / Community Center']",sector 84
"['Lift(s)', 'Feng Shui / Vaastu Compliant', 'Intercom Facility', 'Security / Fire Alarm', 'Swimming Pool', 'Park', 'Visitor Parking', 'Piped-gas', 'Club house / Community Center', 'Fitness Centre / GYM', 'Water softening plant', 'Rain Water Harvesting', 'Shopping Centre']",sector 69
"['Security / Fire Alarm', 'Power Back-up', 'Intercom Facility', 'Lift(s)', 'Centrally Air Conditioned', 'Maintenance Staff', 'No open drainage around', 'Visitor Parking', 'Swimming Pool', 'Park', 'Security Personnel', 'Natural Light', 'Internet/wi-fi connectivity', 'Low Density Society', 'Shopping Centre', 'Fitness Centre / GYM', 'Waste Disposal', 'Rain Water Harvesting', 'Club house / Community Center', 'Water softening plant']",sector 92
"['Power Back-up', 'Intercom Facility', 'Lift(s)', 'Swimming Pool', 'Park', 'Piped-gas', 'Internet/wi-fi connectivity', 'Fitness Centre / GYM', 'Club house / Community Center']",sector 63
"['Water purifier', 'Security / Fire Alarm', 'Feng Shui / Vaastu Compliant', 'Private Garden / Terrace', 'Intercom Facility', 'Lift(s)', 'High Ceiling Height', 'Maintenance Staff', 'False Ceiling Lighting', 'Water Storage', 'Separate entry for servant room', 'No open drainage around', 'Bank Attached Property', 'Piped-gas', 'Internet/wi-fi connectivity', 'Recently Renovated', 'Visitor Parking', 'Swimming Pool', 'Park', 'Security Personnel', 'Natural Light', 'Airy Rooms', 'Spacious Interiors', 'Low Density Society', 'Waste Disposal', 'Rain Water Harvesting', 'Water softening plant', 'Shopping Centre', 'Fitness Centre / GYM', 'Club house / Community Center']",sector 104
"['Natural Light', 'Recently Renovated']",sector 70
"['Security / Fire Alarm', 'Private Garden / Terrace', 'Maintenance Staff', 'Water Storage', 'Separate entry for servant room', 'No open drainage around', 'Visitor Parking', 'Swimming Pool', 'Park', 'Natural Light', 'Internet/wi-fi connectivity', 'Airy Rooms', 'Spacious Interiors', 'Low Density Society', 'Fitness Centre / GYM', 'Waste Disposal', 'Rain Water Harvesting']",sector 7
"['Power Back-up', 'Feng Shui / Vaastu Compliant', 'Intercom Facility', 'Lift(s)', 'High Ceiling Height', 'Maintenance Staff', 'False Ceiling Lighting', 'Separate entry for servant room', 'No open drainage around', 'Piped-gas', 'Swimming Pool', 'Park', 'Security Personnel', 'Internet/wi-fi connectivity', 'Shopping Centre', 'Fitness Centre / GYM', 'Waste Disposal', 'Rain Water Harvesting', 'Club house / Community Center', 'Water softening plant']",sector 33
,sector 74
"['Feng Shui / Vaastu Compliant', 'Security / Fire Alarm', 'Intercom Facility', 'Lift(s)', 'Swimming Pool', 'Water Storage', 'Park', 'Piped-gas', 'Visitor Parking', 'Fitness Centre / GYM', 'Club house / Community Center', 'Waste Disposal']",sector 52
"['High Ceiling Height', 'False Ceiling Lighting', 'Water Storage', 'Separate entry for servant room', 'Recently Renovated', 'Natural Light', 'Airy Rooms', 'Spacious Interiors']",sohna road
"['Lift(s)', 'Maintenance Staff', 'Swimming Pool', 'Park', 'Piped-gas', 'Visitor Parking', 'Shopping Centre', 'Fitness Centre / GYM', 'Club house / Community Center']",sector 95
"['Intercom Facility', 'Lift(s)', 'Park']",sector 81
"['Security / Fire Alarm', 'Power Back-up', 'Feng Shui / Vaastu Compliant', 'Intercom Facility', 'Lift(s)', 'Centrally Air Conditioned', 'Maintenance Staff', 'No open drainage around', 'Recently Renovated', 'Swimming Pool', 'Park', 'Security Personnel', 'Natural Light', 'Internet/wi-fi connectivity', 'Airy Rooms', 'Low Density Society', 'Shopping Centre', 'Fitness Centre / GYM', 'Waste Disposal', 'Rain Water Harvesting', 'Club house / Community Center', 'Water softening plant']",sector 69
,sector 88a
"['Feng Shui / Vaastu Compliant', 'Private Garden / Terrace', 'High Ceiling Height', 'Maintenance Staff', 'False Ceiling Lighting', 'Water Storage', 'Separate entry for servant room', 'No open drainage around', 'Recently Renovated', 'Visitor Parking', 'Security Personnel', 'Natural Light', 'Airy Rooms', 'Spacious Interiors', 'Low Density Society', 'Waste Disposal', 'Rain Water Harvesting', 'Club house / Community Center']",sector 60
,sector 95
"['Maintenance Staff', 'Water Storage']",sector 58
,sector 69
"['Feng Shui / Vaastu Compliant', 'Security / Fire Alarm', 'Intercom Facility', 'Lift(s)', 'Maintenance Staff', 'Water Storage', 'Park', 'Visitor Parking']",sector 70a
"['Security / Fire Alarm', 'Feng Shui / Vaastu Compliant', 'Intercom Facility', 'Lift(s)', 'High Ceiling Height', 'Maintenance Staff', 'False Ceiling Lighting', 'Water Storage', 'Separate entry for servant room', 'No open drainage around', 'Visitor Parking', 'Swimming Pool', 'Park', 'Internet/wi-fi connectivity', 'Fitness Centre / GYM', 'Waste Disposal', 'Rain Water Harvesting', 'Club house / Community Center', 'Water softening plant']",sector 2
"['Security / Fire Alarm', 'Feng Shui / Vaastu Compliant', 'Intercom Facility', 'Lift(s)', 'Maintenance Staff', 'Water Storage', 'Piped-gas', 'Visitor Parking', 'Swimming Pool', 'Park', 'Shopping Centre', 'Fitness Centre / GYM', 'Rain Water Harvesting', 'Club house / Community Center']",sector 104
,sohna road
"['Security / Fire Alarm', 'Power Back-up', 'Lift(s)', 'Maintenance Staff', 'Water Storage', 'Recently Renovated', 'Visitor Parking', 'Swimming Pool', 'Park', 'Security Personnel', 'Natural Light', 'Airy Rooms', 'Fitness Centre / GYM', 'Waste Disposal', 'Rain Water Harvesting', 'Club house / Community Center', 'Water softening plant']",sector 91
,sector 82
,sohna road
"['Security / Fire Alarm', 'Intercom Facility', 'Lift(s)', 'Centrally Air Conditioned', 'Water purifier', 'Maintenance Staff', 'False Ceiling Lighting', 'Water Storage', 'Recently Renovated', 'Piped-gas', 'Visitor Parking', 'Swimming Pool', 'Park', 'Security Personnel', 'Natural Light', 'Internet/wi-fi connectivity', 'Airy Rooms', 'Spacious Interiors', 'Low Density Society', 'Shopping Centre', 'Fitness Centre / GYM', 'Rain Water Harvesting', 'Club house / Community Center', 'Water softening plant']",sector 90
"['Private Garden / Terrace', 'Water Storage']",sector 85
"['Feng Shui / Vaastu Compliant', 'Intercom Facility', 'Lift(s)', 'Maintenance Staff', 'Park']",sector 36a
"['Security / Fire Alarm', 'Feng Shui / Vaastu Compliant', 'Intercom Facility', 'Lift(s)', 'High Ceiling Height', 'Maintenance Staff', 'False Ceiling Lighting', 'Water Storage', 'Separate entry for servant room', 'No open drainage around', 'Swimming Pool', 'Park', 'Security Personnel', 'Internet/wi-fi connectivity', 'Fitness Centre / GYM', 'Waste Disposal', 'Rain Water Harvesting', 'Club house / Community Center', 'Water softening plant']",sector 47
"['High Ceiling Height', 'Water Storage', 'No open drainage around', 'Recently Renovated']",sector 113
"['Security / Fire Alarm', 'Feng Shui / Vaastu Compliant', 'Intercom Facility', 'Lift(s)', 'Maintenance Staff', 'Water Storage', 'Separate entry for servant room', 'No open drainage around', 'Piped-gas', 'Visitor Parking', 'Park', 'Security Personnel', 'Natural Light', 'Internet/wi-fi connectivity', 'Airy Rooms', 'Spacious Interiors', 'Shopping Centre', 'Fitness Centre / GYM', 'Waste Disposal', 'Rain Water Harvesting']",sector 92
"['Intercom Facility', 'Lift(s)', 'Swimming Pool', 'Water Storage', 'Park', 'Shopping Centre', 'Fitness Centre / GYM', 'Club house / Community Center', 'Rain Water Harvesting']",gwal pahari
['Visitor Parking'],sector 65
"['Water purifier', 'Centrally Air Conditioned', 'Security / Fire Alarm', 'Power Back-up', 'Feng Shui / Vaastu Compliant', 'Private Garden / Terrace', 'Intercom Facility', 'Lift(s)', 'High Ceiling Height', 'Maintenance Staff', 'False Ceiling Lighting', 'Water Storage', 'Separate entry for servant room', 'No open drainage around', 'Bank Attached Property', 'Piped-gas', 'Internet/wi-fi connectivity', 'Recently Renovated', 'Visitor Parking', 'Swimming Pool', 'Park', 'Security Personnel', 'Natural Light', 'Airy Rooms', 'Spacious Interiors', 'Low Density Society', 'Waste Disposal', 'Rain Water Harvesting', 'Water softening plant', 'Shopping Centre', 'Fitness Centre / GYM', 'Club house / Community Center']",sector 81
"['Centrally Air Conditioned', 'Water purifier', 'Security / Fire Alarm', 'Power Back-up', 'Feng Shui / Vaastu Compliant', 'Private Garden / Terrace', 'Intercom Facility', 'Lift(s)', 'High Ceiling Height', 'Maintenance Staff', 'False Ceiling Lighting', 'Water Storage', 'Separate entry for servant room', 'No open drainage around', 'Bank Attached Property', 'Piped-gas', 'Internet/wi-fi connectivity', 'Recently Renovated', 'Visitor Parking', 'Swimming Pool', 'Park', 'Natural Light', 'Airy Rooms', 'Spacious Interiors', 'Low Density Society', 'Waste Disposal', 'Rain Water Harvesting', 'Water softening plant', 'Shopping Centre', 'Fitness Centre / GYM', 'Club house / Community Center']",sector 95
,sector 22
"['Security / Fire Alarm', 'Feng Shui / Vaastu Compliant', 'Intercom Facility', 'Lift(s)', 'Maintenance Staff', 'Water Storage', 'Piped-gas', 'Visitor Parking', 'Swimming Pool', 'Park', 'Internet/wi-fi connectivity', 'Shopping Centre', 'Fitness Centre / GYM', 'Waste Disposal', 'Rain Water Harvesting', 'Club house / Community Center', 'Water softening plant']",sector 5
"['Security / Fire Alarm', 'Lift(s)', 'Maintenance Staff', 'Water Storage', 'Park', 'Security Personnel', 'Natural Light', 'Airy Rooms', 'Shopping Centre']",sector 82a
,sector 28
"['Centrally Air Conditioned', 'Water purifier', 'Security / Fire Alarm', 'Feng Shui / Vaastu Compliant', 'Private Garden / Terrace', 'Intercom Facility', 'Lift(s)', 'High Ceiling Height', 'Maintenance Staff', 'False Ceiling Lighting', 'Water Storage', 'No open drainage around', 'Bank Attached Property', 'Piped-gas', 'Internet/wi-fi connectivity', 'Recently Renovated', 'Visitor Parking', 'Swimming Pool', 'Park', 'Security Personnel', 'Natural Light', 'Airy Rooms', 'Spacious Interiors', 'Low Density Society', 'Waste Disposal', 'Rain Water Harvesting', 'Water softening plant', 'Shopping Centre', 'Fitness Centre / GYM', 'Club house / Community Center']",sector 27
"['Power Back-up', 'Feng Shui / Vaastu Compliant', 'Security / Fire Alarm', 'Intercom Facility', 'Lift(s)', 'Swimming Pool', 'Maintenance Staff', 'Park', 'Visitor Parking', 'Fitness Centre / GYM', 'Club house / Community Center']",sector 53
"['Maintenance Staff', 'Water Storage', 'Park', 'Visitor Parking']",sector 77
,sector 49
['Feng Shui / Vaastu Compliant'],sector 69
"['Feng Shui / Vaastu Compliant', 'Private Garden / Terrace', 'Maintenance Staff', 'Water Storage', 'Park', 'Visitor Parking', 'Waste Disposal', 'Rain Water Harvesting']",sector 107
"['Feng Shui / Vaastu Compliant', 'Security / Fire Alarm', 'Intercom Facility', 'Lift(s)', 'Maintenance Staff', 'Water Storage', 'Park', 'Visitor Parking']",sector 88a
"['Security / Fire Alarm', 'Power Back-up', 'Intercom Facility', 'Lift(s)', 'High Ceiling Height', 'Maintenance Staff', 'False Ceiling Lighting', 'Water Storage', 'Separate entry for servant room', 'Piped-gas', 'Visitor Parking', 'Swimming Pool', 'Park', 'Internet/wi-fi connectivity', 'Shopping Centre', 'Fitness Centre / GYM', 'Rain Water Harvesting', 'Club house / Community Center']",sector 84
"['Security / Fire Alarm', 'Feng Shui / Vaastu Compliant', 'Lift(s)', 'Water purifier', 'High Ceiling Height', 'Maintenance Staff', 'Water Storage', 'Piped-gas', 'Visitor Parking', 'Swimming Pool', 'Park', 'Security Personnel', 'Natural Light', 'Airy Rooms', 'Shopping Centre', 'Fitness Centre / GYM', 'Club house / Community Center', 'Water softening plant']",sector 81
,sector 67
"['Security / Fire Alarm', 'Power Back-up', 'Feng Shui / Vaastu Compliant', 'Intercom Facility', 'Lift(s)', 'Water purifier', 'High Ceiling Height', 'Maintenance Staff', 'Water Storage', 'Separate entry for servant room', 'No open drainage around', 'Visitor Parking', 'Swimming Pool', 'Park', 'Natural Light', 'Internet/wi-fi connectivity', 'Airy Rooms', 'Low Density Society', 'Fitness Centre / GYM', 'Waste Disposal', 'Rain Water Harvesting', 'Club house / Community Center', 'Water softening plant']",sector 90
,sector 4
"['Private Garden / Terrace', 'High Ceiling Height', 'Recently Renovated', 'Piped-gas', 'Swimming Pool', 'Security Personnel', 'Natural Light', 'Internet/wi-fi connectivity', 'Airy Rooms', 'Spacious Interiors', 'Fitness Centre / GYM', 'Rain Water Harvesting', 'Club house / Community Center']",sector 66
"['Security / Fire Alarm', 'Feng Shui / Vaastu Compliant', 'Intercom Facility', 'Lift(s)', 'High Ceiling Height', 'Maintenance Staff', 'Water Storage', 'Separate entry for servant room', 'Piped-gas', 'Visitor Parking', 'Swimming Pool', 'Park', 'Internet/wi-fi connectivity', 'Fitness Centre / GYM', 'Waste Disposal', 'Rain Water Harvesting', 'Club house / Community Center']",sector 66
"['Security / Fire Alarm', 'Power Back-up', 'Feng Shui / Vaastu Compliant', 'Lift(s)', 'High Ceiling Height', 'Maintenance Staff', 'Water Storage', 'Separate entry for servant room', 'No open drainage around', 'Bank Attached Property', 'Visitor Parking', 'Swimming Pool', 'Park', 'Natural Light', 'Airy Rooms', 'Spacious Interiors', 'Low Density Society', 'Shopping Centre', 'Fitness Centre / GYM', 'Waste Disposal', 'Rain Water Harvesting', 'Club house / Community Center', 'Water softening plant']",sector 108
"['Water purifier', 'Security / Fire Alarm', 'Feng Shui / Vaastu Compliant', 'Private Garden / Terrace', 'Intercom Facility', 'High Ceiling Height', 'Maintenance Staff', 'False Ceiling Lighting', 'Water Storage', 'Separate entry for servant room', 'No open drainage around', 'Bank Attached Property', 'Piped-gas', 'Internet/wi-fi connectivity', 'Recently Renovated', 'Visitor Parking', 'Swimming Pool', 'Park', 'Security Personnel', 'Natural Light', 'Airy Rooms', 'Spacious Interiors', 'Low Density Society', 'Waste Disposal', 'Rain Water Harvesting', 'Water softening plant', 'Shopping Centre', 'Fitness Centre / GYM', 'Club house / Community Center']",sector 92
,sector 109
"['Security / Fire Alarm', 'Feng Shui / Vaastu Compliant', 'Intercom Facility', 'Lift(s)', 'Water purifier', 'Maintenance Staff', 'Water Storage', 'No open drainage around', 'Piped-gas', 'Swimming Pool', 'Park', 'Security Personnel', 'Natural Light', 'Internet/wi-fi connectivity', 'Shopping Centre', 'Fitness Centre / GYM', 'Waste Disposal', 'Rain Water Harvesting', 'Club house / Community Center']",sector 92
"['Feng Shui / Vaastu Compliant', 'Intercom Facility', 'Lift(s)', 'Swimming Pool', 'Park', 'Fitness Centre / GYM', 'Club house / Community Center']",sector 28
"['Feng Shui / Vaastu Compliant', 'Security / Fire Alarm', 'Lift(s)', 'Swimming Pool', 'Maintenance Staff', 'Water Storage', 'Park', 'Visitor Parking', 'Security Personnel', 'Club house / Community Center', 'Rain Water Harvesting']",sohna road
"['Feng Shui / Vaastu Compliant', 'Lift(s)', 'Maintenance Staff', 'Park', 'Visitor Parking']",sohna road
"['Intercom Facility', 'Lift(s)', 'Park', 'Club house / Community Center', 'Fitness Centre / GYM', 'Rain Water Harvesting', 'Shopping Centre']",sector 90
"['Security / Fire Alarm', 'Private Garden / Terrace', 'Lift(s)', 'Maintenance Staff', 'False Ceiling Lighting', 'Water Storage', 'Visitor Parking', 'Swimming Pool', 'Natural Light', 'Airy Rooms', 'Fitness Centre / GYM', 'Club house / Community Center', 'Water softening plant']",sector 70a
"['Intercom Facility', 'Lift(s)', 'Maintenance Staff']",sohna road
"['Security / Fire Alarm', 'Power Back-up', 'Feng Shui / Vaastu Compliant', 'Intercom Facility', 'Lift(s)', 'Maintenance Staff', 'Water Storage', 'Separate entry for servant room', 'No open drainage around', 'Bank Attached Property', 'Piped-gas', 'Visitor Parking', 'Swimming Pool', 'Park', 'Security Personnel', 'Natural Light', 'Airy Rooms', 'Low Density Society', 'Fitness Centre / GYM', 'Waste Disposal', 'Rain Water Harvesting', 'Club house / Community Center']",sector 109
"['Feng Shui / Vaastu Compliant', 'Security / Fire Alarm', 'Intercom Facility', 'Lift(s)', 'Park', 'Visitor Parking']",sector 92
,sohna road
"['Power Back-up', 'Feng Shui / Vaastu Compliant', 'Intercom Facility', 'Lift(s)', 'Maintenance Staff', 'Piped-gas', 'Swimming Pool', 'Park', 'Security Personnel', 'Internet/wi-fi connectivity', 'Shopping Centre', 'Fitness Centre / GYM', 'Waste Disposal', 'Rain Water Harvesting', 'Club house / Community Center', 'Water softening plant']",sector 65
"['Piped-gas', 'Visitor Parking', 'Waste Disposal']",sector 69
"['Security / Fire Alarm', 'Feng Shui / Vaastu Compliant', 'Intercom Facility', 'Lift(s)', 'Water purifier', 'Maintenance Staff', 'Water Storage', 'Bank Attached Property', 'Visitor Parking', 'Swimming Pool', 'Park', 'Fitness Centre / GYM', 'Waste Disposal', 'Rain Water Harvesting', 'Club house / Community Center']",sector 85
"['Power Back-up', 'Intercom Facility', 'Lift(s)', 'Swimming Pool', 'Maintenance Staff', 'Park', 'Security Personnel', 'Internet/wi-fi connectivity', 'Fitness Centre / GYM', 'Club house / Community Center', 'Rain Water Harvesting', 'Water softening plant']",sector 26
"['Security / Fire Alarm', 'Lift(s)', 'Maintenance Staff', 'Water Storage', 'No open drainage around', 'Visitor Parking', 'Park', 'Security Personnel', 'Natural Light', 'Airy Rooms', 'Low Density Society', 'Shopping Centre', 'Waste Disposal', 'Club house / Community Center', 'Water softening plant']",sector 43
,sector 7
"['Maintenance Staff', 'Water Storage', 'Visitor Parking', 'Waste Disposal', 'Rain Water Harvesting']",dwarka expressway
"['Feng Shui / Vaastu Compliant', 'Intercom Facility', 'Lift(s)', 'Maintenance Staff', 'Park', 'Security Personnel', 'Internet/wi-fi connectivity', 'Rain Water Harvesting']",sector 37d
"['Feng Shui / Vaastu Compliant', 'Private Garden / Terrace', 'High Ceiling Height', 'Maintenance Staff', 'False Ceiling Lighting', 'Water Storage', 'Separate entry for servant room', 'No open drainage around', 'Visitor Parking', 'Park', 'Low Density Society', 'Waste Disposal', 'Rain Water Harvesting']",sector 77
"['Security / Fire Alarm', 'Power Back-up', 'Feng Shui / Vaastu Compliant', 'Intercom Facility', 'Lift(s)', 'High Ceiling Height', 'Maintenance Staff', 'Water Storage', 'No open drainage around', 'Recently Renovated', 'Bank Attached Property', 'Visitor Parking', 'Swimming Pool', 'Park', 'Security Personnel', 'Natural Light', 'Internet/wi-fi connectivity', 'Shopping Centre', 'Fitness Centre / GYM', 'Waste Disposal', 'Rain Water Harvesting', 'Club house / Community Center', 'Water softening plant']",sector 112
,sector 8
"['Security / Fire Alarm', 'Power Back-up', 'Feng Shui / Vaastu Compliant', 'Intercom Facility', 'Lift(s)', 'Maintenance Staff', 'Water Storage', 'No open drainage around', 'Bank Attached Property', 'Visitor Parking', 'Swimming Pool', 'Park', 'Security Personnel', 'Low Density Society', 'Shopping Centre', 'Fitness Centre / GYM', 'Waste Disposal', 'Rain Water Harvesting', 'Club house / Community Center', 'Water softening plant']",sector 54
"['Swimming Pool', 'Security Personnel', 'Fitness Centre / GYM', 'Club house / Community Center', 'Rain Water Harvesting']",sector 9
"['Power Back-up', 'Feng Shui / Vaastu Compliant', 'High Ceiling Height', 'Maintenance Staff', 'Water Storage', 'Park', 'Security Personnel', 'Internet/wi-fi connectivity', 'Rain Water Harvesting']",sector 36
"['Security / Fire Alarm', 'Lift(s)', 'Maintenance Staff', 'Water Storage', 'Park', 'Visitor Parking', 'Shopping Centre']",sector 109
"['Security Personnel', 'Shopping Centre']",sector 70
"['Intercom Facility', 'Lift(s)', 'Swimming Pool', 'Park', 'Shopping Centre', 'Fitness Centre / GYM', 'Club house / Community Center']",sector 85
"['Feng Shui / Vaastu Compliant', 'Intercom Facility', 'Lift(s)', 'Maintenance Staff', 'Park', 'Security Personnel', 'Shopping Centre', 'Fitness Centre / GYM', 'Club house / Community Center', 'Rain Water Harvesting']",sector 84
"['Feng Shui / Vaastu Compliant', 'Private Garden / Terrace', 'High Ceiling Height', 'Maintenance Staff', 'False Ceiling Lighting', 'Water Storage', 'Separate entry for servant room', 'No open drainage around', 'Bank Attached Property', 'Piped-gas', 'Visitor Parking', 'Swimming Pool', 'Park', 'Security Personnel', 'Internet/wi-fi connectivity', 'Low Density Society', 'Fitness Centre / GYM', 'Waste Disposal', 'Rain Water Harvesting', 'Club house / Community Center']",sector 109
,sector 31
['Visitor Parking'],sector 88a
"['Feng Shui / Vaastu Compliant', 'Intercom Facility', 'Lift(s)', 'Maintenance Staff', 'Park']",sector 102
"['Security / Fire Alarm', 'Power Back-up', 'Feng Shui / Vaastu Compliant', 'Intercom Facility', 'Lift(s)', 'Maintenance Staff', 'No open drainage around', 'Bank Attached Property', 'Piped-gas', 'Visitor Parking', 'Swimming Pool', 'Park', 'Security Personnel', 'Natural Light', 'Internet/wi-fi connectivity', 'Shopping Centre', 'Fitness Centre / GYM', 'Rain Water Harvesting', 'Club house / Community Center']",sector 6
"['Security / Fire Alarm', 'Feng Shui / Vaastu Compliant', 'Private Garden / Terrace', 'Centrally Air Conditioned', 'Water purifier', 'High Ceiling Height', 'Maintenance Staff', 'False Ceiling Lighting', 'Water Storage', 'Separate entry for servant room', 'Recently Renovated', 'Piped-gas', 'Visitor Parking', 'Swimming Pool', 'Park', 'Security Personnel', 'Natural Light', 'Internet/wi-fi connectivity', 'Airy Rooms', 'Spacious Interiors', 'Fitness Centre / GYM', 'Waste Disposal', 'Rain Water Harvesting', 'Club house / Community Center']",sector 65
"['Power Back-up', 'Feng Shui / Vaastu Compliant', 'Intercom Facility', 'Lift(s)', 'Maintenance Staff', 'Recently Renovated', 'Piped-gas', 'Visitor Parking', 'Swimming Pool', 'Park', 'Natural Light', 'Airy Rooms', 'Low Density Society', 'Shopping Centre', 'Fitness Centre / GYM', 'Waste Disposal', 'Rain Water Harvesting', 'Club house / Community Center', 'Water softening plant']",sector 86
"['Security / Fire Alarm', 'Private Garden / Terrace', 'Lift(s)', 'Swimming Pool', 'Water Storage', 'Park', 'Visitor Parking', 'Security Personnel', 'Internet/wi-fi connectivity', 'Shopping Centre', 'Club house / Community Center']",sector 103
"['Security / Fire Alarm', 'Power Back-up', 'Feng Shui / Vaastu Compliant', 'Intercom Facility', 'Lift(s)', 'Water purifier', 'High Ceiling Height', 'Maintenance Staff', 'Water Storage', 'Separate entry for servant room', 'No open drainage around', 'Visitor Parking', 'Swimming Pool', 'Park', 'Natural Light', 'Internet/wi-fi connectivity', 'Airy Rooms', 'Low Density Society', 'Shopping Centre', 'Fitness Centre / GYM', 'Waste Disposal', 'Rain Water Harvesting', 'Club house / Community Center', 'Water softening plant']",sector 104
"['Feng Shui / Vaastu Compliant', 'Intercom Facility', 'Lift(s)', 'Maintenance Staff', 'Park']",sector 74
['Water Storage'],sector 43
"['Security / Fire Alarm', 'Power Back-up', 'Feng Shui / Vaastu Compliant', 'Intercom Facility', 'Lift(s)', 'Maintenance Staff', 'Water Storage', 'Visitor Parking', 'Park', 'Natural Light', 'Internet/wi-fi connectivity', 'Fitness Centre / GYM', 'Club house / Community Center']",sector 89
"['Lift(s)', 'Maintenance Staff', 'Park']",sector 36
"['Water purifier', 'Security / Fire Alarm', 'Power Back-up', 'Feng Shui / Vaastu Compliant', 'Private Garden / Terrace', 'Intercom Facility', 'Lift(s)', 'High Ceiling Height', 'Maintenance Staff', 'False Ceiling Lighting', 'Water Storage', 'No open drainage around', 'Bank Attached Property', 'Piped-gas', 'Internet/wi-fi connectivity', 'Recently Renovated', 'Visitor Parking', 'Swimming Pool', 'Park', 'Security Personnel', 'Natural Light', 'Airy Rooms', 'Spacious Interiors', 'Low Density Society', 'Waste Disposal', 'Rain Water Harvesting', 'Water softening plant', 'Shopping Centre', 'Fitness Centre / GYM', 'Club house / Community Center']",sector 85
"['Security / Fire Alarm', 'Feng Shui / Vaastu Compliant', 'Private Garden / Terrace', 'Intercom Facility', 'Lift(s)', 'Maintenance Staff', 'Water Storage', 'Piped-gas', 'Visitor Parking', 'Park', 'Security Personnel', 'Natural Light', 'Waste Disposal', 'Rain Water Harvesting']",sector 109
"['Power Back-up', 'Intercom Facility', 'Lift(s)', 'Swimming Pool', 'Park', 'Shopping Centre', 'Rain Water Harvesting']",sector 107
"['Security / Fire Alarm', 'Feng Shui / Vaastu Compliant', 'Intercom Facility', 'Lift(s)', 'Centrally Air Conditioned', 'High Ceiling Height', 'Maintenance Staff', 'False Ceiling Lighting', 'Water Storage', 'Separate entry for servant room', 'Piped-gas', 'Visitor Parking', 'Park', 'Internet/wi-fi connectivity', 'Airy Rooms', 'Shopping Centre', 'Fitness Centre / GYM', 'Waste Disposal', 'Rain Water Harvesting', 'Water softening plant']",sector 85
"['Feng Shui / Vaastu Compliant', 'Security / Fire Alarm', 'Intercom Facility', 'Lift(s)', 'Maintenance Staff', 'Water Storage', 'Park', 'Visitor Parking']",sector 26
['Lift(s)'],sector 65
"['Lift(s)', 'Park']",sector 68
"['Feng Shui / Vaastu Compliant', 'Lift(s)', 'Maintenance Staff', 'Water Storage', 'Park']",sector 52
"['Centrally Air Conditioned', 'Water purifier', 'Security / Fire Alarm', 'Power Back-up', 'Feng Shui / Vaastu Compliant', 'Private Garden / Terrace', 'Intercom Facility', 'Lift(s)', 'High Ceiling Height', 'Maintenance Staff', 'False Ceiling Lighting', 'Water Storage', 'Separate entry for servant room', 'No open drainage around', 'Bank Attached Property', 'Piped-gas', 'Internet/wi-fi connectivity', 'Recently Renovated', 'Visitor Parking', 'Swimming Pool', 'Park', 'Security Personnel', 'Natural Light', 'Airy Rooms', 'Spacious Interiors', 'Low Density Society', 'Waste Disposal', 'Rain Water Harvesting', 'Water softening plant', 'Shopping Centre', 'Fitness Centre / GYM', 'Club house / Community Center']",sector 53
"['Private Garden / Terrace', 'Maintenance Staff', 'Swimming Pool', 'Separate entry for servant room', 'No open drainage around', 'Park', 'Visitor Parking', 'Fitness Centre / GYM', 'Club house / Community Center']",sector 2
"['Feng Shui / Vaastu Compliant', 'Security / Fire Alarm', 'Intercom Facility', 'Lift(s)', 'Maintenance Staff', 'Water Storage', 'Park', 'Visitor Parking']",sector 48
"['Power Back-up', 'Intercom Facility', 'Lift(s)', 'Swimming Pool', 'Maintenance Staff', 'Park', 'Security Personnel', 'Internet/wi-fi connectivity', 'Shopping Centre', 'Fitness Centre / GYM', 'Club house / Community Center', 'Rain Water Harvesting']",sector 67a
"['Feng Shui / Vaastu Compliant', 'Water Storage', 'Visitor Parking']",sector 37c
['Visitor Parking'],sohna road
"['Centrally Air Conditioned', 'Security / Fire Alarm', 'Power Back-up', 'Feng Shui / Vaastu Compliant', 'Intercom Facility', 'Lift(s)', 'Maintenance Staff', 'Water Storage', 'No open drainage around', 'Bank Attached Property', 'Piped-gas', 'Internet/wi-fi connectivity', 'Visitor Parking', 'Swimming Pool', 'Park', 'Security Personnel', 'Natural Light', 'Airy Rooms', 'Low Density Society', 'Waste Disposal', 'Rain Water Harvesting', 'Water softening plant', 'Shopping Centre', 'Fitness Centre / GYM', 'Club house / Community Center']",sector 110
"['Water purifier', 'Centrally Air Conditioned', 'Security / Fire Alarm', 'Power Back-up', 'Feng Shui / Vaastu Compliant', 'Private Garden / Terrace', 'Intercom Facility', 'Lift(s)', 'High Ceiling Height', 'Maintenance Staff', 'False Ceiling Lighting', 'Water Storage', 'Separate entry for servant room', 'No open drainage around', 'Bank Attached Property', 'Piped-gas', 'Internet/wi-fi connectivity', 'Recently Renovated', 'Visitor Parking', 'Swimming Pool', 'Park', 'Security Personnel', 'Natural Light', 'Airy Rooms', 'Low Density Society', 'Waste Disposal', 'Rain Water Harvesting', 'Water softening plant', 'Shopping Centre', 'Fitness Centre / GYM', 'Club house / Community Center']",sector 99
"['Security / Fire Alarm', 'Feng Shui / Vaastu Compliant', 'Intercom Facility', 'Lift(s)', 'Centrally Air Conditioned', 'Maintenance Staff', 'Water Storage', 'Separate entry for servant room', 'Bank Attached Property', 'Visitor Parking', 'Swimming Pool', 'Park', 'Security Personnel', 'Natural Light', 'Shopping Centre', 'Fitness Centre / GYM', 'Club house / Community Center']",sector 107
"['Water purifier', 'Security / Fire Alarm', 'Power Back-up', 'Feng Shui / Vaastu Compliant', 'Private Garden / Terrace', 'Intercom Facility', 'Lift(s)', 'High Ceiling Height', 'Maintenance Staff', 'False Ceiling Lighting', 'Water Storage', 'No open drainage around', 'Bank Attached Property', 'Piped-gas', 'Internet/wi-fi connectivity', 'Recently Renovated', 'Visitor Parking', 'Swimming Pool', 'Park', 'Security Personnel', 'Natural Light', 'Airy Rooms', 'Spacious Interiors', 'Low Density Society', 'Waste Disposal', 'Rain Water Harvesting', 'Water softening plant', 'Shopping Centre', 'Fitness Centre / GYM', 'Club house / Community Center']",sector 43
"['Power Back-up', 'Feng Shui / Vaastu Compliant', 'Security / Fire Alarm', 'Intercom Facility', 'Lift(s)', 'Swimming Pool', 'Maintenance Staff', 'Water Storage', 'Park', 'Visitor Parking', 'Fitness Centre / GYM', 'Club house / Community Center']",sector 83
,sector 26
"['Power Back-up', 'Feng Shui / Vaastu Compliant', 'Intercom Facility', 'Lift(s)', 'Swimming Pool', 'Park', 'Shopping Centre', 'Fitness Centre / GYM', 'Club house / Community Center', 'Water softening plant']",sector 91
"['Centrally Air Conditioned', 'Water purifier', 'Security / Fire Alarm', 'Feng Shui / Vaastu Compliant', 'Private Garden / Terrace', 'High Ceiling Height', 'Maintenance Staff', 'False Ceiling Lighting', 'Water Storage', 'Separate entry for servant room', 'No open drainage around', 'Bank Attached Property', 'Piped-gas', 'Internet/wi-fi connectivity', 'Recently Renovated', 'Visitor Parking', 'Swimming Pool', 'Park', 'Security Personnel', 'Natural Light', 'Airy Rooms', 'Spacious Interiors', 'Low Density Society', 'Waste Disposal', 'Rain Water Harvesting', 'Fitness Centre / GYM', 'Club house / Community Center']",sector 102
"['Centrally Air Conditioned', 'Water purifier', 'Security / Fire Alarm', 'Power Back-up', 'Feng Shui / Vaastu Compliant', 'Private Garden / Terrace', 'Intercom Facility', 'Lift(s)', 'High Ceiling Height', 'Maintenance Staff', 'False Ceiling Lighting', 'Water Storage', 'Separate entry for servant room', 'No open drainage around', 'Bank Attached Property', 'Piped-gas', 'Internet/wi-fi connectivity', 'Recently Renovated', 'Visitor Parking', 'Swimming Pool', 'Park', 'Security Personnel', 'Natural Light', 'Airy Rooms', 'Spacious Interiors', 'Low Density Society', 'Waste Disposal', 'Rain Water Harvesting', 'Water softening plant', 'Shopping Centre', 'Fitness Centre / GYM', 'Club house / Community Center']",sector 22
"['Security / Fire Alarm', 'Feng Shui / Vaastu Compliant', 'Private Garden / Terrace', 'High Ceiling Height', 'Maintenance Staff', 'False Ceiling Lighting', 'Water Storage', 'Separate entry for servant room', 'No open drainage around', 'Recently Renovated', 'Visitor Parking', 'Security Personnel', 'Natural Light', 'Airy Rooms', 'Spacious Interiors', 'Low Density Society', 'Fitness Centre / GYM', 'Waste Disposal', 'Rain Water Harvesting', 'Club house / Community Center']",sector 72
"['Centrally Air Conditioned', 'Water purifier', 'Security / Fire Alarm', 'Power Back-up', 'Feng Shui / Vaastu Compliant', 'Private Garden / Terrace', 'Intercom Facility', 'Lift(s)', 'High Ceiling Height', 'Maintenance Staff', 'False Ceiling Lighting', 'Water Storage', 'Separate entry for servant room', 'No open drainage around', 'Bank Attached Property', 'Recently Renovated', 'Visitor Parking', 'Swimming Pool', 'Park', 'Security Personnel', 'Natural Light', 'Airy Rooms', 'Spacious Interiors', 'Low Density Society', 'Waste Disposal', 'Shopping Centre', 'Fitness Centre / GYM', 'Club house / Community Center']",sector 89
"['Feng Shui / Vaastu Compliant', 'Security / Fire Alarm', 'Intercom Facility', 'Lift(s)', 'Maintenance Staff', 'Water Storage', 'Park', 'Visitor Parking']",sector 7
"['Security / Fire Alarm', 'Power Back-up', 'Feng Shui / Vaastu Compliant', 'Intercom Facility', 'Lift(s)', 'Water purifier', 'Maintenance Staff', 'Water Storage', 'No open drainage around', 'Piped-gas', 'Visitor Parking', 'Swimming Pool', 'Park', 'Natural Light', 'Internet/wi-fi connectivity', 'Airy Rooms', 'Fitness Centre / GYM', 'Waste Disposal', 'Rain Water Harvesting', 'Club house / Community Center', 'Water softening plant']",sector 85
"['Water purifier', 'Centrally Air Conditioned', 'Security / Fire Alarm', 'Feng Shui / Vaastu Compliant', 'Private Garden / Terrace', 'Intercom Facility', 'Lift(s)', 'High Ceiling Height', 'Maintenance Staff', 'Water Storage', 'Separate entry for servant room', 'No open drainage around', 'Bank Attached Property', 'Piped-gas', 'Internet/wi-fi connectivity', 'Visitor Parking', 'Swimming Pool', 'Park', 'Security Personnel', 'Natural Light', 'Airy Rooms', 'Spacious Interiors', 'Low Density Society', 'Waste Disposal', 'Rain Water Harvesting', 'Water softening plant', 'Shopping Centre', 'Fitness Centre / GYM', 'Club house / Community Center']",sector 26
"['Feng Shui / Vaastu Compliant', 'Lift(s)', 'High Ceiling Height', 'Maintenance Staff', 'False Ceiling Lighting', 'Water Storage', 'Separate entry for servant room', 'No open drainage around', 'Visitor Parking', 'Security Personnel', 'Natural Light', 'Airy Rooms', 'Spacious Interiors', 'Fitness Centre / GYM', 'Waste Disposal']",sector 85
"['Centrally Air Conditioned', 'Water purifier', 'Security / Fire Alarm', 'Feng Shui / Vaastu Compliant', 'Private Garden / Terrace', 'Intercom Facility', 'Lift(s)', 'High Ceiling Height', 'Maintenance Staff', 'False Ceiling Lighting', 'Water Storage', 'Separate entry for servant room', 'No open drainage around', 'Bank Attached Property', 'Piped-gas', 'Internet/wi-fi connectivity', 'Recently Renovated', 'Visitor Parking', 'Swimming Pool', 'Park', 'Security Personnel', 'Natural Light', 'Airy Rooms', 'Low Density Society', 'Waste Disposal', 'Rain Water Harvesting', 'Water softening plant', 'Shopping Centre', 'Fitness Centre / GYM', 'Club house / Community Center']",sector 106
"['Park', 'Visitor Parking', 'Low Density Society']",sector 55
"['Security / Fire Alarm', 'Intercom Facility', 'Lift(s)', 'Maintenance Staff', 'Water Storage', 'No open drainage around', 'Bank Attached Property', 'Visitor Parking', 'Swimming Pool', 'Park', 'Security Personnel', 'Natural Light', 'Airy Rooms', 'Low Density Society', 'Shopping Centre', 'Fitness Centre / GYM', 'Waste Disposal', 'Rain Water Harvesting', 'Club house / Community Center', 'Water softening plant']",sector 103
"['Water purifier', 'Security / Fire Alarm', 'Power Back-up', 'Feng Shui / Vaastu Compliant', 'Private Garden / Terrace', 'Intercom Facility', 'Lift(s)', 'High Ceiling Height', 'Maintenance Staff', 'False Ceiling Lighting', 'Water Storage', 'Separate entry for servant room', 'No open drainage around', 'Bank Attached Property', 'Piped-gas', 'Internet/wi-fi connectivity', 'Recently Renovated', 'Visitor Parking', 'Swimming Pool', 'Park', 'Security Personnel', 'Natural Light', 'Airy Rooms', 'Spacious Interiors', 'Low Density Society', 'Waste Disposal', 'Rain Water Harvesting', 'Water softening plant', 'Shopping Centre', 'Fitness Centre / GYM', 'Club house / Community Center']",sohna road
"['Centrally Air Conditioned', 'Water purifier', 'Security / Fire Alarm', 'Feng Shui / Vaastu Compliant', 'Private Garden / Terrace', 'High Ceiling Height', 'Maintenance Staff', 'False Ceiling Lighting', 'Water Storage', 'Separate entry for servant room', 'No open drainage around', 'Bank Attached Property', 'Piped-gas', 'Internet/wi-fi connectivity', 'Recently Renovated', 'Visitor Parking', 'Swimming Pool', 'Park', 'Security Personnel', 'Natural Light', 'Airy Rooms', 'Spacious Interiors', 'Low Density Society', 'Waste Disposal', 'Rain Water Harvesting', 'Fitness Centre / GYM', 'Club house / Community Center']",sector 76
"['Feng Shui / Vaastu Compliant', 'Private Garden / Terrace', 'High Ceiling Height', 'False Ceiling Lighting', 'Water Storage', 'Separate entry for servant room', 'No open drainage around', 'Piped-gas', 'Visitor Parking', 'Park', 'Natural Light', 'Internet/wi-fi connectivity', 'Airy Rooms']",sector 65
"['Intercom Facility', 'Lift(s)', 'Maintenance Staff', 'Water Storage', 'Park']",sector 106
"['Centrally Air Conditioned', 'Water purifier', 'Security / Fire Alarm', 'Feng Shui / Vaastu Compliant', 'Private Garden / Terrace', 'Intercom Facility', 'Lift(s)', 'High Ceiling Height', 'Maintenance Staff', 'False Ceiling Lighting', 'Water Storage', 'Separate entry for servant room', 'No open drainage around', 'Piped-gas', 'Internet/wi-fi connectivity', 'Recently Renovated', 'Visitor Parking', 'Swimming Pool', 'Park', 'Natural Light', 'Airy Rooms', 'Spacious Interiors', 'Waste Disposal', 'Rain Water Harvesting', 'Water softening plant', 'Shopping Centre', 'Fitness Centre / GYM', 'Club house / Community Center']",sector 83
"['Security / Fire Alarm', 'Intercom Facility', 'Lift(s)', 'Maintenance Staff', 'No open drainage around', 'Piped-gas', 'Swimming Pool', 'Park', 'Security Personnel', 'Internet/wi-fi connectivity', 'Shopping Centre', 'Fitness Centre / GYM', 'Waste Disposal', 'Club house / Community Center']",sector 83
"['Feng Shui / Vaastu Compliant', 'Piped-gas']",sector 33
"['Intercom Facility', 'Lift(s)', 'Maintenance Staff', 'Park']",sector 84
"['Security / Fire Alarm', 'Power Back-up', 'Feng Shui / Vaastu Compliant', 'Private Garden / Terrace', 'Intercom Facility', 'Lift(s)', 'Maintenance Staff', 'No open drainage around', 'Bank Attached Property', 'Piped-gas', 'Visitor Parking', 'Swimming Pool', 'Park', 'Natural Light', 'Airy Rooms', 'Spacious Interiors', 'Low Density Society', 'Shopping Centre', 'Fitness Centre / GYM', 'Club house / Community Center']",sohna road
"['Centrally Air Conditioned', 'Water purifier', 'Security / Fire Alarm', 'Feng Shui / Vaastu Compliant', 'Private Garden / Terrace', 'Intercom Facility', 'Lift(s)', 'High Ceiling Height', 'Maintenance Staff', 'False Ceiling Lighting', 'Water Storage', 'Separate entry for servant room', 'No open drainage around', 'Bank Attached Property', 'Piped-gas', 'Internet/wi-fi connectivity', 'Recently Renovated', 'Visitor Parking', 'Swimming Pool', 'Park', 'Security Personnel', 'Natural Light', 'Airy Rooms', 'Spacious Interiors', 'Low Density Society', 'Waste Disposal', 'Rain Water Harvesting', 'Water softening plant', 'Shopping Centre', 'Fitness Centre / GYM', 'Club house / Community Center']",sector 110
"['Security / Fire Alarm', 'Feng Shui / Vaastu Compliant', 'Intercom Facility', 'Lift(s)', 'Maintenance Staff', 'Water Storage', 'Piped-gas', 'Visitor Parking', 'Swimming Pool', 'Park', 'Security Personnel', 'Internet/wi-fi connectivity', 'Shopping Centre', 'Fitness Centre / GYM', 'Rain Water Harvesting', 'Club house / Community Center', 'Water softening plant']",sector 38
"['Water Storage', 'Park', 'Waste Disposal']",sector 43
"['High Ceiling Height', 'Maintenance Staff', 'Swimming Pool', 'Separate entry for servant room', 'Fitness Centre / GYM', 'Club house / Community Center']",sector 13
"['Feng Shui / Vaastu Compliant', 'Security / Fire Alarm', 'Intercom Facility', 'Lift(s)', 'Maintenance Staff', 'Water Storage', 'Park', 'Visitor Parking']",sector 65
"['Feng Shui / Vaastu Compliant', 'Private Garden / Terrace', 'High Ceiling Height', 'Maintenance Staff', 'False Ceiling Lighting', 'Water Storage', 'Park', 'Visitor Parking', 'Low Density Society', 'Waste Disposal', 'Club house / Community Center', 'Rain Water Harvesting']",manesar
"['Feng Shui / Vaastu Compliant', 'Private Garden / Terrace', 'High Ceiling Height', 'Park', 'Visitor Parking', 'Natural Light', 'Spacious Interiors']",sector 79
"['Water Storage', 'Park']",sector 47
"['Security / Fire Alarm', 'Feng Shui / Vaastu Compliant', 'Intercom Facility', 'Lift(s)', 'Maintenance Staff', 'Water Storage', 'Visitor Parking', 'Swimming Pool', 'Park', 'Security Personnel', 'Internet/wi-fi connectivity', 'Shopping Centre', 'Fitness Centre / GYM', 'Rain Water Harvesting', 'Club house / Community Center']",sohna road
"['Private Garden / Terrace', 'Maintenance Staff', 'Park', 'Visitor Parking', 'Waste Disposal']",sohna road road
,sector 43
['Park'],gwal pahari
,sector 92
"['Water purifier', 'Security / Fire Alarm', 'Power Back-up', 'Feng Shui / Vaastu Compliant', 'Private Garden / Terrace', 'Intercom Facility', 'Lift(s)', 'High Ceiling Height', 'Maintenance Staff', 'False Ceiling Lighting', 'Water Storage', 'Separate entry for servant room', 'No open drainage around', 'Bank Attached Property', 'Piped-gas', 'Internet/wi-fi connectivity', 'Recently Renovated', 'Visitor Parking', 'Swimming Pool', 'Park', 'Security Personnel', 'Natural Light', 'Airy Rooms', 'Spacious Interiors', 'Low Density Society', 'Waste Disposal', 'Rain Water Harvesting', 'Water softening plant', 'Shopping Centre', 'Fitness Centre / GYM', 'Club house / Community Center']",sector 92
"['Feng Shui / Vaastu Compliant', 'Security / Fire Alarm', 'Intercom Facility', 'Lift(s)', 'Maintenance Staff', 'Water Storage', 'Park', 'Visitor Parking']",sector 43
"['Feng Shui / Vaastu Compliant', 'Security / Fire Alarm', 'Intercom Facility', 'Lift(s)', 'Maintenance Staff', 'Water Storage', 'Park', 'Visitor Parking']",sector 33
"['Feng Shui / Vaastu Compliant', 'Intercom Facility', 'Lift(s)', 'Maintenance Staff', 'Park']",sector 49
"['Water purifier', 'Security / Fire Alarm', 'Feng Shui / Vaastu Compliant', 'Private Garden / Terrace', 'Intercom Facility', 'Lift(s)', 'High Ceiling Height', 'Maintenance Staff', 'False Ceiling Lighting', 'Water Storage', 'Separate entry for servant room', 'No open drainage around', 'Bank Attached Property', 'Internet/wi-fi connectivity', 'Recently Renovated', 'Visitor Parking', 'Swimming Pool', 'Park', 'Security Personnel', 'Natural Light', 'Airy Rooms', 'Spacious Interiors', 'Low Density Society', 'Waste Disposal', 'Rain Water Harvesting', 'Water softening plant', 'Shopping Centre', 'Fitness Centre / GYM', 'Club house / Community Center']",sector 9a
"['Centrally Air Conditioned', 'Water purifier', 'Security / Fire Alarm', 'Power Back-up', 'Feng Shui / Vaastu Compliant', 'Private Garden / Terrace', 'Intercom Facility', 'Lift(s)', 'High Ceiling Height', 'Maintenance Staff', 'False Ceiling Lighting', 'Water Storage', 'Separate entry for servant room', 'No open drainage around', 'Bank Attached Property', 'Piped-gas', 'Internet/wi-fi connectivity', 'Recently Renovated', 'Visitor Parking', 'Swimming Pool', 'Park', 'Security Personnel', 'Natural Light', 'Airy Rooms', 'Spacious Interiors', 'Low Density Society', 'Waste Disposal', 'Rain Water Harvesting', 'Water softening plant', 'Shopping Centre', 'Fitness Centre / GYM', 'Club house / Community Center']",sector 17b
"['Intercom Facility', 'Lift(s)', 'High Ceiling Height', 'Maintenance Staff', 'Swimming Pool', 'Water Storage', 'Park', 'Piped-gas', 'Visitor Parking', 'Internet/wi-fi connectivity', 'Club house / Community Center']",sector 84
"['Security / Fire Alarm', 'Feng Shui / Vaastu Compliant', 'Private Garden / Terrace', 'Intercom Facility', 'Lift(s)', 'Water purifier', 'High Ceiling Height', 'Maintenance Staff', 'Water Storage', 'Visitor Parking', 'Swimming Pool', 'Park', 'Security Personnel', 'Natural Light', 'Internet/wi-fi connectivity', 'Airy Rooms', 'Spacious Interiors', 'Shopping Centre', 'Fitness Centre / GYM', 'Waste Disposal', 'Rain Water Harvesting', 'Club house / Community Center', 'Water softening plant']",sector 3
,sohna road
"['Feng Shui / Vaastu Compliant', 'Visitor Parking', 'Security Personnel', 'Internet/wi-fi connectivity']",sector 56
"['Security / Fire Alarm', 'Lift(s)', 'Maintenance Staff', 'Water Storage', 'Visitor Parking', 'Swimming Pool', 'Park', 'Natural Light', 'Internet/wi-fi connectivity', 'Airy Rooms', 'Spacious Interiors', 'Fitness Centre / GYM', 'Club house / Community Center']",sector 4
"['Centrally Air Conditioned', 'Water purifier', 'Security / Fire Alarm', 'Feng Shui / Vaastu Compliant', 'Private Garden / Terrace', 'Intercom Facility', 'Lift(s)', 'High Ceiling Height', 'Maintenance Staff', 'False Ceiling Lighting', 'Water Storage', 'Separate entry for servant room', 'No open drainage around', 'Bank Attached Property', 'Piped-gas', 'Internet/wi-fi connectivity', 'Recently Renovated', 'Visitor Parking', 'Swimming Pool', 'Park', 'Security Personnel', 'Natural Light', 'Airy Rooms', 'Spacious Interiors', 'Low Density Society', 'Waste Disposal', 'Rain Water Harvesting', 'Water softening plant', 'Shopping Centre', 'Fitness Centre / GYM', 'Club house / Community Center']",sector 88a
"['Feng Shui / Vaastu Compliant', 'Private Garden / Terrace', 'High Ceiling Height', 'Maintenance Staff', 'False Ceiling Lighting', 'Water Storage', 'Separate entry for servant room', 'No open drainage around', 'Visitor Parking', 'Park', 'Security Personnel', 'Low Density Society', 'Waste Disposal', 'Rain Water Harvesting']",sector 104
"['Feng Shui / Vaastu Compliant', 'Security / Fire Alarm', 'Intercom Facility', 'Lift(s)', 'Maintenance Staff', 'Water Storage', 'Park', 'Visitor Parking']",sector 102
,sector 7
,sector 52
"['Power Back-up', 'Lift(s)', 'Maintenance Staff', 'Park', 'Security Personnel']",sector 4
"['Security / Fire Alarm', 'Feng Shui / Vaastu Compliant', 'Private Garden / Terrace', 'Water purifier', 'High Ceiling Height', 'Maintenance Staff', 'Water Storage', 'Separate entry for servant room', 'No open drainage around', 'Recently Renovated', 'Visitor Parking', 'Swimming Pool', 'Park', 'Security Personnel', 'Natural Light', 'Internet/wi-fi connectivity', 'Airy Rooms', 'Spacious Interiors', 'Low Density Society', 'Fitness Centre / GYM', 'Waste Disposal', 'Rain Water Harvesting', 'Club house / Community Center']",sector 103
"['Security / Fire Alarm', 'Feng Shui / Vaastu Compliant', 'Intercom Facility', 'Lift(s)', 'Maintenance Staff', 'Water Storage', 'Visitor Parking', 'Swimming Pool', 'Park', 'Security Personnel', 'Internet/wi-fi connectivity', 'Fitness Centre / GYM', 'Waste Disposal', 'Rain Water Harvesting', 'Club house / Community Center']",sector 81
"['Water Storage', 'Visitor Parking', 'Waste Disposal', 'Rain Water Harvesting']",sector 3 phase 2
"['Centrally Air Conditioned', 'Water purifier', 'Security / Fire Alarm', 'Feng Shui / Vaastu Compliant', 'Private Garden / Terrace', 'Intercom Facility', 'Lift(s)', 'High Ceiling Height', 'Maintenance Staff', 'False Ceiling Lighting', 'Water Storage', 'Separate entry for servant room', 'No open drainage around', 'Bank Attached Property', 'Piped-gas', 'Internet/wi-fi connectivity', 'Visitor Parking', 'Swimming Pool', 'Park', 'Security Personnel', 'Natural Light', 'Airy Rooms', 'Spacious Interiors', 'Low Density Society', 'Waste Disposal', 'Rain Water Harvesting', 'Water softening plant', 'Shopping Centre', 'Fitness Centre / GYM', 'Club house / Community Center']",sector 103
"['Centrally Air Conditioned', 'Water purifier', 'Security / Fire Alarm', 'Feng Shui / Vaastu Compliant', 'Private Garden / Terrace', 'Intercom Facility', 'Lift(s)', 'High Ceiling Height', 'Maintenance Staff', 'False Ceiling Lighting', 'Water Storage', 'Separate entry for servant room', 'No open drainage around', 'Bank Attached Property', 'Piped-gas', 'Internet/wi-fi connectivity', 'Recently Renovated', 'Visitor Parking', 'Park', 'Security Personnel', 'Natural Light', 'Airy Rooms', 'Spacious Interiors', 'Low Density Society', 'Waste Disposal', 'Rain Water Harvesting', 'Water softening plant', 'Shopping Centre', 'Fitness Centre / GYM', 'Club house / Community Center']",sector 72
['Park'],sector 36
"['Feng Shui / Vaastu Compliant', 'Security / Fire Alarm', 'Intercom Facility', 'Lift(s)', 'Maintenance Staff', 'Water Storage', 'Park', 'Visitor Parking']",sector 86
"['Feng Shui / Vaastu Compliant', 'Piped-gas', 'Rain Water Harvesting']",sector 91
"['Intercom Facility', 'Lift(s)', 'Park']",sector 85
"['Intercom Facility', 'Lift(s)', 'Maintenance Staff']",sector 89
"['Security / Fire Alarm', 'Lift(s)', 'Maintenance Staff', 'False Ceiling Lighting', 'Water Storage', 'No open drainage around', 'Bank Attached Property', 'Visitor Parking', 'Swimming Pool', 'Park', 'Security Personnel', 'Natural Light', 'Airy Rooms', 'Spacious Interiors', 'Shopping Centre', 'Fitness Centre / GYM', 'Waste Disposal', 'Rain Water Harvesting', 'Club house / Community Center']",sector 86
"['Security / Fire Alarm', 'Feng Shui / Vaastu Compliant', 'Intercom Facility', 'Lift(s)', 'High Ceiling Height', 'Maintenance Staff', 'False Ceiling Lighting', 'Water Storage', 'Separate entry for servant room', 'No open drainage around', 'Visitor Parking', 'Swimming Pool', 'Park', 'Internet/wi-fi connectivity', 'Shopping Centre', 'Fitness Centre / GYM', 'Waste Disposal', 'Rain Water Harvesting', 'Club house / Community Center', 'Water softening plant']",sector 81
,sector 93
"['Feng Shui / Vaastu Compliant', 'Lift(s)', 'Swimming Pool', 'Maintenance Staff', 'Park', 'Security Personnel', 'Club house / Community Center', 'Rain Water Harvesting', 'Water softening plant']",sector 47
,sector 67
"['Intercom Facility', 'Lift(s)', 'Swimming Pool', 'Security Personnel', 'Maintenance Staff', 'Park', 'Club house / Community Center', 'Fitness Centre / GYM', 'Shopping Centre', 'Rain Water Harvesting']",sector 92
"['Centrally Air Conditioned', 'Water purifier', 'Security / Fire Alarm', 'Feng Shui / Vaastu Compliant', 'Intercom Facility', 'Lift(s)', 'High Ceiling Height', 'Maintenance Staff', 'False Ceiling Lighting', 'Water Storage', 'Separate entry for servant room', 'No open drainage around', 'Bank Attached Property', 'Piped-gas', 'Internet/wi-fi connectivity', 'Visitor Parking', 'Swimming Pool', 'Park', 'Security Personnel', 'Natural Light', 'Airy Rooms', 'Low Density Society', 'Waste Disposal', 'Rain Water Harvesting', 'Water softening plant', 'Shopping Centre', 'Fitness Centre / GYM', 'Club house / Community Center']",sohna road
"['Security / Fire Alarm', 'Feng Shui / Vaastu Compliant', 'Intercom Facility', 'Lift(s)', 'High Ceiling Height', 'Maintenance Staff', 'False Ceiling Lighting', 'Water Storage', 'No open drainage around', 'Visitor Parking', 'Swimming Pool', 'Park', 'Internet/wi-fi connectivity', 'Shopping Centre', 'Fitness Centre / GYM', 'Waste Disposal', 'Rain Water Harvesting', 'Club house / Community Center', 'Water softening plant']",sector 90
"['Intercom Facility', 'Lift(s)', 'Swimming Pool', 'Park', 'Piped-gas', 'Fitness Centre / GYM', 'Club house / Community Center']",sector 110
"['Feng Shui / Vaastu Compliant', 'Security / Fire Alarm', 'Intercom Facility', 'Lift(s)', 'Maintenance Staff', 'Water Storage', 'Park', 'Visitor Parking']",sector 54
"['Security / Fire Alarm', 'Power Back-up', 'Feng Shui / Vaastu Compliant', 'Intercom Facility', 'Lift(s)', 'High Ceiling Height', 'Maintenance Staff', 'False Ceiling Lighting', 'Water Storage', 'Separate entry for servant room', 'No open drainage around', 'Visitor Parking', 'Swimming Pool', 'Park', 'Internet/wi-fi connectivity', 'Fitness Centre / GYM', 'Rain Water Harvesting', 'Club house / Community Center', 'Water softening plant']",sector 79
,sector 69
,sohna road
"['Security / Fire Alarm', 'Feng Shui / Vaastu Compliant', 'Intercom Facility', 'Lift(s)', 'Maintenance Staff', 'Water Storage', 'Piped-gas', 'Visitor Parking', 'Swimming Pool', 'Park', 'Security Personnel', 'Internet/wi-fi connectivity', 'Shopping Centre', 'Fitness Centre / GYM', 'Rain Water Harvesting', 'Club house / Community Center', 'Water softening plant']",sector 82a
"['Security / Fire Alarm', 'Lift(s)', 'High Ceiling Height', 'Maintenance Staff', 'Water Storage', 'Visitor Parking', 'Natural Light', 'Airy Rooms', 'Spacious Interiors']",sector 88a
"['Centrally Air Conditioned', 'Water purifier', 'Security / Fire Alarm', 'Feng Shui / Vaastu Compliant', 'Private Garden / Terrace', 'High Ceiling Height', 'Maintenance Staff', 'False Ceiling Lighting', 'Water Storage', 'Separate entry for servant room', 'No open drainage around', 'Internet/wi-fi connectivity', 'Recently Renovated', 'Visitor Parking', 'Swimming Pool', 'Park', 'Security Personnel', 'Natural Light', 'Airy Rooms', 'Spacious Interiors', 'Low Density Society', 'Waste Disposal', 'Rain Water Harvesting', 'Fitness Centre / GYM', 'Club house / Community Center']",sector 95
"['Lift(s)', 'Maintenance Staff', 'Water Storage', 'Park', 'Visitor Parking']",sector 106
"['Feng Shui / Vaastu Compliant', 'Security / Fire Alarm', 'Intercom Facility', 'Lift(s)', 'Maintenance Staff', 'Water Storage', 'Park', 'Visitor Parking', 'Natural Light', 'Internet/wi-fi connectivity', 'Airy Rooms', 'Rain Water Harvesting']",sector 108
"['Security / Fire Alarm', 'Power Back-up', 'Lift(s)', 'High Ceiling Height', 'Maintenance Staff', 'False Ceiling Lighting', 'Water Storage', 'No open drainage around', 'Piped-gas', 'Visitor Parking', 'Park', 'Shopping Centre', 'Fitness Centre / GYM', 'Waste Disposal', 'Rain Water Harvesting']",sector 43
"['Intercom Facility', 'Lift(s)', 'Maintenance Staff', 'Swimming Pool', 'Park', 'Security Personnel', 'Internet/wi-fi connectivity', 'Shopping Centre', 'Fitness Centre / GYM', 'Club house / Community Center', 'Rain Water Harvesting']",sector 92
"['Power Back-up', 'Intercom Facility', 'Lift(s)', 'Swimming Pool', 'Park', 'Fitness Centre / GYM', 'Club house / Community Center']",sector 104
"['Feng Shui / Vaastu Compliant', 'Intercom Facility', 'Lift(s)', 'Maintenance Staff', 'Swimming Pool', 'Park', 'Security Personnel', 'Internet/wi-fi connectivity', 'Shopping Centre', 'Fitness Centre / GYM', 'Rain Water Harvesting', 'Club house / Community Center', 'Water softening plant']",sector 26
"['Security / Fire Alarm', 'Feng Shui / Vaastu Compliant', 'Intercom Facility', 'Lift(s)', 'Water purifier', 'Maintenance Staff', 'Water Storage', 'No open drainage around', 'Piped-gas', 'Visitor Parking', 'Swimming Pool', 'Park', 'Security Personnel', 'Natural Light', 'Internet/wi-fi connectivity', 'Airy Rooms', 'Shopping Centre', 'Fitness Centre / GYM', 'Waste Disposal', 'Club house / Community Center']",sector 109
"['Centrally Air Conditioned', 'Water purifier', 'Security / Fire Alarm', 'Feng Shui / Vaastu Compliant', 'Private Garden / Terrace', 'High Ceiling Height', 'Maintenance Staff', 'False Ceiling Lighting', 'Water Storage', 'Separate entry for servant room', 'No open drainage around', 'Piped-gas', 'Internet/wi-fi connectivity', 'Recently Renovated', 'Visitor Parking', 'Swimming Pool', 'Park', 'Security Personnel', 'Natural Light', 'Airy Rooms', 'Spacious Interiors', 'Low Density Society', 'Waste Disposal', 'Rain Water Harvesting', 'Fitness Centre / GYM', 'Club house / Community Center']",sector 10a
"['Feng Shui / Vaastu Compliant', 'Private Garden / Terrace', 'Water purifier', 'Park', 'Natural Light', 'Airy Rooms', 'Club house / Community Center']",sector 76
"['Water purifier', 'Security / Fire Alarm', 'Power Back-up', 'Feng Shui / Vaastu Compliant', 'Intercom Facility', 'Lift(s)', 'High Ceiling Height', 'Maintenance Staff', 'Water Storage', 'Separate entry for servant room', 'No open drainage around', 'Bank Attached Property', 'Piped-gas', 'Internet/wi-fi connectivity', 'Visitor Parking', 'Swimming Pool', 'Park', 'Security Personnel', 'Natural Light', 'Airy Rooms', 'Spacious Interiors', 'Low Density Society', 'Waste Disposal', 'Rain Water Harvesting', 'Water softening plant', 'Shopping Centre', 'Fitness Centre / GYM', 'Club house / Community Center']",sector 89
"['Intercom Facility', 'Lift(s)', 'Maintenance Staff', 'No open drainage around', 'Recently Renovated', 'Swimming Pool', 'Park', 'Security Personnel', 'Natural Light', 'Internet/wi-fi connectivity', 'Airy Rooms', 'Spacious Interiors', 'Low Density Society', 'Shopping Centre', 'Fitness Centre / GYM', 'Rain Water Harvesting', 'Club house / Community Center', 'Water softening plant']",sector 50
"['Security / Fire Alarm', 'Intercom Facility', 'Lift(s)', 'Maintenance Staff', 'Park', 'Visitor Parking']",sector 9a
"['Private Garden / Terrace', 'Water purifier', 'False Ceiling Lighting', 'Water Storage', 'Natural Light', 'Internet/wi-fi connectivity', 'Airy Rooms', 'Spacious Interiors', 'Fitness Centre / GYM', 'Waste Disposal', 'Rain Water Harvesting']",sector 4
,sector 48
"['Swimming Pool', 'Separate entry for servant room', 'Piped-gas', 'Security Personnel', 'Fitness Centre / GYM', 'Club house / Community Center']",sohna road
"['Centrally Air Conditioned', 'Water purifier', 'Security / Fire Alarm', 'Feng Shui / Vaastu Compliant', 'Private Garden / Terrace', 'Intercom Facility', 'Lift(s)', 'High Ceiling Height', 'Maintenance Staff', 'False Ceiling Lighting', 'Water Storage', 'Separate entry for servant room', 'No open drainage around', 'Bank Attached Property', 'Piped-gas', 'Internet/wi-fi connectivity', 'Recently Renovated', 'Visitor Parking', 'Swimming Pool', 'Park', 'Security Personnel', 'Natural Light', 'Airy Rooms', 'Spacious Interiors', 'Low Density Society', 'Waste Disposal', 'Rain Water Harvesting', 'Water softening plant', 'Shopping Centre', 'Fitness Centre / GYM', 'Club house / Community Center']",sector 83
,sector 26
"['Security / Fire Alarm', 'Feng Shui / Vaastu Compliant', 'Intercom Facility', 'Lift(s)', 'High Ceiling Height', 'Maintenance Staff', 'False Ceiling Lighting', 'Water Storage', 'Separate entry for servant room', 'No open drainage around', 'Piped-gas', 'Visitor Parking', 'Swimming Pool', 'Park', 'Security Personnel', 'Internet/wi-fi connectivity', 'Shopping Centre', 'Fitness Centre / GYM', 'Waste Disposal', 'Rain Water Harvesting', 'Club house / Community Center']",sector 109
,sector 41
"['Centrally Air Conditioned', 'Water purifier', 'Security / Fire Alarm', 'Feng Shui / Vaastu Compliant', 'Intercom Facility', 'Lift(s)', 'High Ceiling Height', 'Maintenance Staff', 'Water Storage', 'Separate entry for servant room', 'No open drainage around', 'Bank Attached Property', 'Piped-gas', 'Internet/wi-fi connectivity', 'Recently Renovated', 'Visitor Parking', 'Swimming Pool', 'Park', 'Security Personnel', 'Natural Light', 'Airy Rooms', 'Spacious Interiors', 'Low Density Society', 'Waste Disposal', 'Rain Water Harvesting', 'Water softening plant', 'Shopping Centre', 'Fitness Centre / GYM', 'Club house / Community Center']",sector 103
"['Security / Fire Alarm', 'Feng Shui / Vaastu Compliant', 'Intercom Facility', 'Lift(s)', 'Water purifier', 'Maintenance Staff', 'Water Storage', 'Separate entry for servant room', 'No open drainage around', 'Visitor Parking', 'Swimming Pool', 'Park', 'Security Personnel', 'Natural Light', 'Airy Rooms', 'Low Density Society', 'Shopping Centre', 'Fitness Centre / GYM', 'Rain Water Harvesting', 'Club house / Community Center', 'Water softening plant']",sector 69
"['Feng Shui / Vaastu Compliant', 'Security / Fire Alarm', 'Intercom Facility', 'Lift(s)', 'Maintenance Staff', 'Water Storage', 'Park', 'Visitor Parking']",sector 7
"['Feng Shui / Vaastu Compliant', 'Security / Fire Alarm', 'Intercom Facility', 'Lift(s)', 'Maintenance Staff', 'Water Storage', 'Park', 'Visitor Parking']",sector 84
"['Water purifier', 'Security / Fire Alarm', 'Feng Shui / Vaastu Compliant', 'Intercom Facility', 'Lift(s)', 'High Ceiling Height', 'Maintenance Staff', 'False Ceiling Lighting', 'Water Storage', 'No open drainage around', 'Piped-gas', 'Internet/wi-fi connectivity', 'Recently Renovated', 'Visitor Parking', 'Swimming Pool', 'Park', 'Natural Light', 'Airy Rooms', 'Spacious Interiors', 'Low Density Society', 'Waste Disposal', 'Rain Water Harvesting', 'Water softening plant', 'Shopping Centre', 'Fitness Centre / GYM', 'Club house / Community Center']",sector 70
"['Centrally Air Conditioned', 'Water purifier', 'Security / Fire Alarm', 'Power Back-up', 'Feng Shui / Vaastu Compliant', 'Private Garden / Terrace', 'Intercom Facility', 'Lift(s)', 'High Ceiling Height', 'Maintenance Staff', 'Water Storage', 'Separate entry for servant room', 'No open drainage around', 'Piped-gas', 'Internet/wi-fi connectivity', 'Recently Renovated', 'Visitor Parking', 'Swimming Pool', 'Park', 'Security Personnel', 'Natural Light', 'Airy Rooms', 'Low Density Society', 'Waste Disposal', 'Rain Water Harvesting', 'Water softening plant', 'Fitness Centre / GYM', 'Club house / Community Center']",sector 11
"['Intercom Facility', 'Lift(s)', 'Park', 'Fitness Centre / GYM']",sector 82
"['Feng Shui / Vaastu Compliant', 'High Ceiling Height', 'False Ceiling Lighting', 'Water Storage', 'Park', 'Piped-gas', 'Fitness Centre / GYM', 'Waste Disposal', 'Rain Water Harvesting']",sector 81
"['Security / Fire Alarm', 'Power Back-up', 'Feng Shui / Vaastu Compliant', 'Intercom Facility', 'Lift(s)', 'High Ceiling Height', 'Maintenance Staff', 'Water Storage', 'No open drainage around', 'Visitor Parking', 'Swimming Pool', 'Park', 'Security Personnel', 'Natural Light', 'Internet/wi-fi connectivity', 'Airy Rooms', 'Shopping Centre', 'Fitness Centre / GYM', 'Waste Disposal', 'Rain Water Harvesting', 'Club house / Community Center', 'Water softening plant']",sector 65
"['Lift(s)', 'Maintenance Staff', 'Water Storage', 'Park', 'Visitor Parking']",sector 40
"['Water purifier', 'Security / Fire Alarm', 'Power Back-up', 'Feng Shui / Vaastu Compliant', 'Private Garden / Terrace', 'Intercom Facility', 'Lift(s)', 'High Ceiling Height', 'Maintenance Staff', 'False Ceiling Lighting', 'Water Storage', 'Separate entry for servant room', 'No open drainage around', 'Internet/wi-fi connectivity', 'Recently Renovated', 'Visitor Parking', 'Swimming Pool', 'Park', 'Security Personnel', 'Natural Light', 'Airy Rooms', 'Spacious Interiors', 'Low Density Society', 'Waste Disposal', 'Rain Water Harvesting', 'Water softening plant', 'Shopping Centre', 'Fitness Centre / GYM', 'Club house / Community Center']",sector 26
"['Feng Shui / Vaastu Compliant', 'Private Garden / Terrace', 'High Ceiling Height', 'Maintenance Staff', 'Water Storage', 'Bank Attached Property', 'Visitor Parking', 'Park', 'Security Personnel', 'Low Density Society', 'Fitness Centre / GYM', 'Waste Disposal', 'Rain Water Harvesting']",sector 89
"['Feng Shui / Vaastu Compliant', 'Security / Fire Alarm', 'Intercom Facility', 'Lift(s)', 'Maintenance Staff', 'Swimming Pool', 'Water Storage', 'Park', 'Shopping Centre', 'Fitness Centre / GYM', 'Club house / Community Center', 'Rain Water Harvesting']",sector 103
"['Feng Shui / Vaastu Compliant', 'Private Garden / Terrace', 'High Ceiling Height', 'Maintenance Staff', 'False Ceiling Lighting', 'Water Storage', 'Park', 'Visitor Parking', 'Internet/wi-fi connectivity', 'Waste Disposal', 'Rain Water Harvesting']",sector 57
"['Power Back-up', 'Feng Shui / Vaastu Compliant', 'Intercom Facility', 'Lift(s)', 'Maintenance Staff', 'Swimming Pool', 'Park', 'Security Personnel', 'Internet/wi-fi connectivity', 'Fitness Centre / GYM', 'Rain Water Harvesting', 'Club house / Community Center', 'Water softening plant']",sector 89
"['Lift(s)', 'Swimming Pool', 'Park', 'Shopping Centre', 'Fitness Centre / GYM', 'Club house / Community Center', 'Rain Water Harvesting']",sector 50
"['Security / Fire Alarm', 'Power Back-up', 'Feng Shui / Vaastu Compliant', 'Private Garden / Terrace', 'Intercom Facility', 'Lift(s)', 'High Ceiling Height', 'Maintenance Staff', 'False Ceiling Lighting', 'Water Storage', 'Separate entry for servant room', 'No open drainage around', 'Piped-gas', 'Internet/wi-fi connectivity', 'Recently Renovated', 'Visitor Parking', 'Swimming Pool', 'Park', 'Security Personnel', 'Natural Light', 'Airy Rooms', 'Spacious Interiors', 'Low Density Society', 'Waste Disposal', 'Rain Water Harvesting', 'Water softening plant', 'Shopping Centre', 'Fitness Centre / GYM', 'Club house / Community Center']",sector 49
"['Feng Shui / Vaastu Compliant', 'Park', 'Rain Water Harvesting']",sector 95
"['Security / Fire Alarm', 'Feng Shui / Vaastu Compliant', 'Intercom Facility', 'Lift(s)', 'High Ceiling Height', 'Maintenance Staff', 'False Ceiling Lighting', 'Water Storage', 'Separate entry for servant room', 'No open drainage around', 'Visitor Parking', 'Swimming Pool', 'Internet/wi-fi connectivity', 'Fitness Centre / GYM', 'Waste Disposal', 'Rain Water Harvesting', 'Club house / Community Center', 'Water softening plant']",sector 103
"['Water purifier', 'Security / Fire Alarm', 'Feng Shui / Vaastu Compliant', 'Private Garden / Terrace', 'Intercom Facility', 'Lift(s)', 'High Ceiling Height', 'Maintenance Staff', 'False Ceiling Lighting', 'Water Storage', 'Separate entry for servant room', 'No open drainage around', 'Bank Attached Property', 'Internet/wi-fi connectivity', 'Recently Renovated', 'Visitor Parking', 'Swimming Pool', 'Park', 'Security Personnel', 'Natural Light', 'Airy Rooms', 'Spacious Interiors', 'Low Density Society', 'Waste Disposal', 'Rain Water Harvesting', 'Water softening plant', 'Shopping Centre', 'Fitness Centre / GYM', 'Club house / Community Center']",sector 89
"['Feng Shui / Vaastu Compliant', 'Security / Fire Alarm', 'Intercom Facility', 'Lift(s)', 'Maintenance Staff', 'Water Storage', 'Park', 'Visitor Parking']",sector 4
,sector 103
,sector 56
,sector 92
"['Power Back-up', 'Feng Shui / Vaastu Compliant', 'Intercom Facility', 'Lift(s)', 'Maintenance Staff', 'Piped-gas', 'Visitor Parking', 'Swimming Pool', 'Park', 'Natural Light', 'Airy Rooms', 'Low Density Society', 'Shopping Centre', 'Fitness Centre / GYM', 'Waste Disposal', 'Rain Water Harvesting', 'Club house / Community Center']",sector 112
"['Private Garden / Terrace', 'Park', 'Waste Disposal']",sector 81
"['Feng Shui / Vaastu Compliant', 'Lift(s)', 'Intercom Facility', 'Water purifier', 'Swimming Pool', 'Security Personnel', 'Maintenance Staff', 'Park', 'Visitor Parking', 'Water Storage', 'Piped-gas', 'Club house / Community Center', 'Fitness Centre / GYM', 'Water softening plant', 'Shopping Centre', 'Rain Water Harvesting']",sector 79
"['Swimming Pool', 'Fitness Centre / GYM', 'Water softening plant']",sector 36
"['Intercom Facility', 'Lift(s)', 'Maintenance Staff', 'Park']",sector 83
"['Feng Shui / Vaastu Compliant', 'Private Garden / Terrace', 'Maintenance Staff', 'Water Storage', 'Park', 'Visitor Parking', 'Waste Disposal', 'Rain Water Harvesting']",sector 92
"['Security / Fire Alarm', 'Power Back-up', 'Feng Shui / Vaastu Compliant', 'Intercom Facility', 'Lift(s)', 'Maintenance Staff', 'False Ceiling Lighting', 'Water Storage', 'Piped-gas', 'Visitor Parking', 'Swimming Pool', 'Park', 'Security Personnel', 'Internet/wi-fi connectivity', 'Shopping Centre', 'Fitness Centre / GYM', 'Rain Water Harvesting', 'Club house / Community Center', 'Water softening plant']",sector 76
"['Power Back-up', 'Feng Shui / Vaastu Compliant', 'Intercom Facility', 'Lift(s)', 'High Ceiling Height', 'Maintenance Staff', 'Water Storage', 'No open drainage around', 'Recently Renovated', 'Bank Attached Property', 'Piped-gas', 'Visitor Parking', 'Swimming Pool', 'Park', 'Security Personnel', 'Natural Light', 'Internet/wi-fi connectivity', 'Shopping Centre', 'Fitness Centre / GYM', 'Waste Disposal', 'Rain Water Harvesting', 'Club house / Community Center']",sector 86
,sector 70a
"['Lift(s)', 'Park']",sector 3
"['Feng Shui / Vaastu Compliant', 'Maintenance Staff', 'Park', 'Rain Water Harvesting']",sector 70a
,sector 14
"['Centrally Air Conditioned', 'Water purifier', 'Security / Fire Alarm', 'Feng Shui / Vaastu Compliant', 'Intercom Facility', 'Lift(s)', 'High Ceiling Height', 'Maintenance Staff', 'False Ceiling Lighting', 'Water Storage', 'No open drainage around', 'Bank Attached Property', 'Piped-gas', 'Internet/wi-fi connectivity', 'Visitor Parking', 'Swimming Pool', 'Park', 'Security Personnel', 'Natural Light', 'Airy Rooms', 'Low Density Society', 'Waste Disposal', 'Rain Water Harvesting', 'Water softening plant', 'Shopping Centre', 'Fitness Centre / GYM', 'Club house / Community Center']",sector 109
"['Feng Shui / Vaastu Compliant', 'Security / Fire Alarm', 'Intercom Facility', 'Lift(s)', 'Maintenance Staff', 'Water Storage', 'Park', 'Visitor Parking']",sector 37d
"['Security / Fire Alarm', 'Intercom Facility', 'Lift(s)', 'Maintenance Staff', 'Water Storage', 'Park', 'Visitor Parking', 'Security Personnel', 'Shopping Centre', 'Club house / Community Center']",sector 58
"['Feng Shui / Vaastu Compliant', 'Intercom Facility', 'Lift(s)', 'Maintenance Staff', 'Swimming Pool', 'Park', 'Security Personnel', 'Internet/wi-fi connectivity', 'Fitness Centre / GYM', 'Club house / Community Center', 'Rain Water Harvesting', 'Water softening plant']",sector 102
,sector 79
"['Centrally Air Conditioned', 'Security / Fire Alarm', 'Feng Shui / Vaastu Compliant', 'Private Garden / Terrace', 'Intercom Facility', 'Lift(s)', 'High Ceiling Height', 'Maintenance Staff', 'Water Storage', 'Separate entry for servant room', 'No open drainage around', 'Bank Attached Property', 'Piped-gas', 'Internet/wi-fi connectivity', 'Visitor Parking', 'Swimming Pool', 'Park', 'Security Personnel', 'Natural Light', 'Airy Rooms', 'Low Density Society', 'Waste Disposal', 'Rain Water Harvesting', 'Water softening plant', 'Shopping Centre', 'Fitness Centre / GYM', 'Club house / Community Center']",sector 56
"['Centrally Air Conditioned', 'Water purifier', 'Security / Fire Alarm', 'Feng Shui / Vaastu Compliant', 'Private Garden / Terrace', 'Intercom Facility', 'Lift(s)', 'High Ceiling Height', 'Maintenance Staff', 'False Ceiling Lighting', 'Water Storage', 'Separate entry for servant room', 'No open drainage around', 'Bank Attached Property', 'Piped-gas', 'Internet/wi-fi connectivity', 'Recently Renovated', 'Visitor Parking', 'Swimming Pool', 'Park', 'Security Personnel', 'Natural Light', 'Airy Rooms', 'Spacious Interiors', 'Low Density Society', 'Waste Disposal', 'Rain Water Harvesting', 'Water softening plant', 'Shopping Centre', 'Fitness Centre / GYM', 'Club house / Community Center']",sohna road
"['Water Storage', 'Park', 'Bank Attached Property', 'Waste Disposal', 'Rain Water Harvesting']",sector 7
"['Feng Shui / Vaastu Compliant', 'Private Garden / Terrace', 'Centrally Air Conditioned', 'High Ceiling Height', 'Maintenance Staff', 'Water Storage', 'Separate entry for servant room', 'No open drainage around', 'Visitor Parking', 'Swimming Pool', 'Park', 'Security Personnel', 'Natural Light', 'Airy Rooms', 'Spacious Interiors', 'Fitness Centre / GYM', 'Waste Disposal', 'Rain Water Harvesting', 'Club house / Community Center']",sector 108
"['Centrally Air Conditioned', 'Water purifier', 'Security / Fire Alarm', 'Feng Shui / Vaastu Compliant', 'Private Garden / Terrace', 'Intercom Facility', 'Lift(s)', 'High Ceiling Height', 'Maintenance Staff', 'False Ceiling Lighting', 'Water Storage', 'Separate entry for servant room', 'No open drainage around', 'Bank Attached Property', 'Piped-gas', 'Internet/wi-fi connectivity', 'Recently Renovated', 'Visitor Parking', 'Swimming Pool', 'Park', 'Security Personnel', 'Natural Light', 'Airy Rooms', 'Spacious Interiors', 'Low Density Society', 'Waste Disposal', 'Rain Water Harvesting', 'Water softening plant', 'Shopping Centre', 'Fitness Centre / GYM', 'Club house / Community Center']",sector 108
"['Centrally Air Conditioned', 'Water purifier', 'Security / Fire Alarm', 'Feng Shui / Vaastu Compliant', 'Private Garden / Terrace', 'Intercom Facility', 'Lift(s)', 'High Ceiling Height', 'Maintenance Staff', 'False Ceiling Lighting', 'Separate entry for servant room', 'No open drainage around', 'Bank Attached Property', 'Piped-gas', 'Internet/wi-fi connectivity', 'Recently Renovated', 'Visitor Parking', 'Park', 'Security Personnel', 'Natural Light', 'Airy Rooms', 'Spacious Interiors', 'Low Density Society', 'Waste Disposal', 'Rain Water Harvesting', 'Water softening plant', 'Shopping Centre', 'Fitness Centre / GYM', 'Club house / Community Center']",sector 2
,sector 70a
"['Intercom Facility', 'Lift(s)', 'Swimming Pool', 'Park', 'Shopping Centre', 'Fitness Centre / GYM', 'Club house / Community Center']",sector 90
"['Power Back-up', 'Feng Shui / Vaastu Compliant', 'Intercom Facility', 'Lift(s)', 'High Ceiling Height', 'Maintenance Staff', 'False Ceiling Lighting', 'Water Storage', 'Separate entry for servant room', 'No open drainage around', 'Visitor Parking', 'Swimming Pool', 'Park', 'Internet/wi-fi connectivity', 'Shopping Centre', 'Fitness Centre / GYM', 'Rain Water Harvesting', 'Club house / Community Center', 'Water softening plant']",sector 108
"['Water Storage', 'Park', 'Piped-gas', 'Visitor Parking', 'Club house / Community Center']",sector 37d
"['Feng Shui / Vaastu Compliant', 'Private Garden / Terrace', 'Maintenance Staff', 'Water Storage', 'Park', 'Visitor Parking', 'Waste Disposal', 'Rain Water Harvesting']",sector 26
"['Security / Fire Alarm', 'Power Back-up', 'Feng Shui / Vaastu Compliant', 'Intercom Facility', 'Lift(s)', 'Maintenance Staff', 'Water Storage', 'No open drainage around', 'Visitor Parking', 'Park', 'Security Personnel', 'Natural Light', 'Airy Rooms', 'Shopping Centre', 'Fitness Centre / GYM', 'Rain Water Harvesting', 'Club house / Community Center']",sector 85
['Water Storage'],sector 99a
,sector 12
"['Piped-gas', 'Internet/wi-fi connectivity']",sector 72
"['Security / Fire Alarm', 'Intercom Facility', 'Lift(s)', 'Maintenance Staff', 'Water Storage', 'Park', 'Visitor Parking']",sector 99a
"['Private Garden / Terrace', 'Water Storage', 'Waste Disposal']",sector 109
"['Feng Shui / Vaastu Compliant', 'Security / Fire Alarm', 'Intercom Facility', 'Lift(s)', 'Maintenance Staff', 'Water Storage', 'Park', 'Visitor Parking']",sector 113
"['Piped-gas', 'Rain Water Harvesting']",sector 49
"['Security / Fire Alarm', 'Feng Shui / Vaastu Compliant', 'Intercom Facility', 'Lift(s)', 'High Ceiling Height', 'Maintenance Staff', 'Water Storage', 'No open drainage around', 'Piped-gas', 'Visitor Parking', 'Swimming Pool', 'Park', 'Security Personnel', 'Internet/wi-fi connectivity', 'Airy Rooms', 'Spacious Interiors', 'Shopping Centre', 'Fitness Centre / GYM', 'Waste Disposal', 'Rain Water Harvesting', 'Club house / Community Center', 'Water softening plant']",sector 79
"['Security / Fire Alarm', 'Intercom Facility', 'Lift(s)', 'Maintenance Staff', 'Water Storage', 'Park', 'Visitor Parking']",sector 48
"['Security / Fire Alarm', 'Power Back-up', 'Feng Shui / Vaastu Compliant', 'Intercom Facility', 'Lift(s)', 'Maintenance Staff', 'Water Storage', 'Piped-gas', 'Visitor Parking', 'Swimming Pool', 'Park', 'Security Personnel', 'Shopping Centre', 'Fitness Centre / GYM', 'Rain Water Harvesting', 'Club house / Community Center']",sector 37c
,sector 25
"['Security / Fire Alarm', 'Lift(s)', 'Maintenance Staff', 'Water Storage', 'Park', 'Visitor Parking']",sector 26
"['Security / Fire Alarm', 'Feng Shui / Vaastu Compliant', 'Intercom Facility', 'Lift(s)', 'High Ceiling Height', 'Maintenance Staff', 'False Ceiling Lighting', 'Water Storage', 'Separate entry for servant room', 'No open drainage around', 'Piped-gas', 'Visitor Parking', 'Swimming Pool', 'Park', 'Security Personnel', 'Internet/wi-fi connectivity', 'Shopping Centre', 'Fitness Centre / GYM', 'Waste Disposal', 'Rain Water Harvesting', 'Club house / Community Center', 'Water softening plant']",sector 102
"['Swimming Pool', 'Fitness Centre / GYM']",sector 109
"['Feng Shui / Vaastu Compliant', 'Security / Fire Alarm', 'Intercom Facility', 'Lift(s)', 'Maintenance Staff', 'Water Storage', 'Park', 'Visitor Parking']",sector 56
"['Private Garden / Terrace', 'No open drainage around', 'Natural Light', 'Airy Rooms']",sector 67a
"['Security / Fire Alarm', 'Feng Shui / Vaastu Compliant', 'Private Garden / Terrace', 'Water purifier', 'Maintenance Staff', 'False Ceiling Lighting', 'Water Storage', 'Separate entry for servant room', 'No open drainage around', 'Recently Renovated', 'Visitor Parking', 'Swimming Pool', 'Park', 'Natural Light', 'Airy Rooms', 'Low Density Society', 'Fitness Centre / GYM', 'Waste Disposal', 'Rain Water Harvesting', 'Club house / Community Center']",sector 86
"['Security / Fire Alarm', 'Lift(s)', 'Maintenance Staff', 'Swimming Pool', 'Water Storage', 'Park', 'Visitor Parking', 'Security Personnel', 'Fitness Centre / GYM']",sector 67
"['Centrally Air Conditioned', 'Water purifier', 'Security / Fire Alarm', 'Power Back-up', 'Feng Shui / Vaastu Compliant', 'Private Garden / Terrace', 'Intercom Facility', 'Lift(s)', 'High Ceiling Height', 'Maintenance Staff', 'False Ceiling Lighting', 'Water Storage', 'Separate entry for servant room', 'No open drainage around', 'Bank Attached Property', 'Piped-gas', 'Internet/wi-fi connectivity', 'Recently Renovated', 'Visitor Parking', 'Swimming Pool', 'Park', 'Security Personnel', 'Natural Light', 'Airy Rooms', 'Spacious Interiors', 'Low Density Society', 'Waste Disposal', 'Rain Water Harvesting', 'Water softening plant', 'Shopping Centre', 'Fitness Centre / GYM', 'Club house / Community Center']",sector 83
"['Feng Shui / Vaastu Compliant', 'Water Storage', 'Park']",sector 2
['Maintenance Staff'],sector 90
"['Centrally Air Conditioned', 'Water purifier', 'Security / Fire Alarm', 'Feng Shui / Vaastu Compliant', 'Private Garden / Terrace', 'Intercom Facility', 'Lift(s)', 'High Ceiling Height', 'Maintenance Staff', 'False Ceiling Lighting', 'Water Storage', 'Separate entry for servant room', 'No open drainage around', 'Piped-gas', 'Internet/wi-fi connectivity', 'Recently Renovated', 'Visitor Parking', 'Swimming Pool', 'Park', 'Security Personnel', 'Natural Light', 'Airy Rooms', 'Spacious Interiors', 'Low Density Society', 'Waste Disposal', 'Rain Water Harvesting', 'Water softening plant', 'Shopping Centre', 'Fitness Centre / GYM', 'Club house / Community Center']",sector 65
,sector 50
"['Intercom Facility', 'Lift(s)', 'Maintenance Staff', 'Swimming Pool', 'Park', 'Piped-gas', 'Security Personnel', 'Internet/wi-fi connectivity', 'Shopping Centre', 'Fitness Centre / GYM', 'Club house / Community Center', 'Rain Water Harvesting']",sector 50
,sector 92
"['Security / Fire Alarm', 'Lift(s)', 'High Ceiling Height', 'Maintenance Staff', 'Water Storage', 'No open drainage around', 'Visitor Parking', 'Park', 'Security Personnel', 'Natural Light', 'Internet/wi-fi connectivity', 'Airy Rooms', 'Spacious Interiors', 'Waste Disposal', 'Rain Water Harvesting', 'Club house / Community Center']",sector 47
"['Feng Shui / Vaastu Compliant', 'Intercom Facility', 'Lift(s)', 'Swimming Pool', 'Park', 'Security Personnel', 'Fitness Centre / GYM', 'Club house / Community Center', 'Rain Water Harvesting']",sector 7
"['Intercom Facility', 'Lift(s)', 'Maintenance Staff', 'Park']",sector 31
"['Power Back-up', 'Private Garden / Terrace', 'Lift(s)', 'Separate entry for servant room', 'No open drainage around', 'Swimming Pool', 'Park', 'Security Personnel', 'Natural Light', 'Airy Rooms', 'Spacious Interiors', 'Low Density Society', 'Shopping Centre', 'Fitness Centre / GYM', 'Waste Disposal', 'Rain Water Harvesting', 'Club house / Community Center', 'Water softening plant']",sector 26
"['Lift(s)', 'Shopping Centre', 'Fitness Centre / GYM', 'Club house / Community Center']",sector 61
"['Water purifier', 'Security / Fire Alarm', 'Power Back-up', 'Feng Shui / Vaastu Compliant', 'Private Garden / Terrace', 'Intercom Facility', 'Lift(s)', 'High Ceiling Height', 'Maintenance Staff', 'False Ceiling Lighting', 'Water Storage', 'Separate entry for servant room', 'No open drainage around', 'Bank Attached Property', 'Piped-gas', 'Internet/wi-fi connectivity', 'Recently Renovated', 'Visitor Parking', 'Swimming Pool', 'Park', 'Security Personnel', 'Natural Light', 'Airy Rooms', 'Spacious Interiors', 'Low Density Society', 'Waste Disposal', 'Rain Water Harvesting', 'Water softening plant', 'Shopping Centre', 'Fitness Centre / GYM', 'Club house / Community Center']",sector 70a
"['Feng Shui / Vaastu Compliant', 'Security / Fire Alarm', 'Intercom Facility', 'Lift(s)', 'Maintenance Staff', 'Water Storage', 'Park', 'Visitor Parking']",sector 65
,sector 25
,sector 78
,sector 103
"['Intercom Facility', 'Lift(s)', 'Maintenance Staff', 'Water Storage', 'Park', 'Visitor Parking']",sector 109
"['Feng Shui / Vaastu Compliant', 'Private Garden / Terrace', 'Water purifier', 'Maintenance Staff', 'False Ceiling Lighting', 'Water Storage', 'No open drainage around', 'Bank Attached Property', 'Visitor Parking', 'Park', 'Security Personnel', 'Natural Light', 'Internet/wi-fi connectivity', 'Airy Rooms', 'Spacious Interiors', 'Low Density Society', 'Waste Disposal']",sector 3 phase 3 extension
"['Feng Shui / Vaastu Compliant', 'Security / Fire Alarm', 'Intercom Facility', 'Lift(s)', 'Maintenance Staff', 'Water Storage', 'Park', 'Visitor Parking']",sector 15
"['Centrally Air Conditioned', 'Water purifier', 'Security / Fire Alarm', 'Feng Shui / Vaastu Compliant', 'Private Garden / Terrace', 'High Ceiling Height', 'Maintenance Staff', 'False Ceiling Lighting', 'Water Storage', 'Separate entry for servant room', 'No open drainage around', 'Piped-gas', 'Internet/wi-fi connectivity', 'Visitor Parking', 'Swimming Pool', 'Park', 'Security Personnel', 'Natural Light', 'Airy Rooms', 'Spacious Interiors', 'Low Density Society', 'Waste Disposal', 'Rain Water Harvesting', 'Fitness Centre / GYM', 'Club house / Community Center']",sector 110
"['Lift(s)', 'Piped-gas', 'Internet/wi-fi connectivity', 'Park', 'Maintenance Staff', 'Visitor Parking', 'Swimming Pool', 'Security Personnel', 'Fitness Centre / GYM']",sector 47
"['Security / Fire Alarm', 'Intercom Facility', 'Lift(s)', 'Maintenance Staff', 'Water Storage', 'Park', 'Visitor Parking', 'Natural Light']",sector 104
"['Power Back-up', 'Feng Shui / Vaastu Compliant', 'Intercom Facility', 'Lift(s)', 'Maintenance Staff', 'Piped-gas', 'Visitor Parking', 'Swimming Pool', 'Park', 'Security Personnel', 'Natural Light', 'Airy Rooms', 'Low Density Society', 'Shopping Centre', 'Fitness Centre / GYM', 'Waste Disposal', 'Rain Water Harvesting', 'Club house / Community Center']",sector 79
"['Security / Fire Alarm', 'Power Back-up', 'Feng Shui / Vaastu Compliant', 'Intercom Facility', 'Lift(s)', 'High Ceiling Height', 'Maintenance Staff', 'Water Storage', 'Separate entry for servant room', 'No open drainage around', 'Bank Attached Property', 'Visitor Parking', 'Swimming Pool', 'Park', 'Security Personnel', 'Internet/wi-fi connectivity', 'Low Density Society', 'Shopping Centre', 'Fitness Centre / GYM', 'Waste Disposal', 'Rain Water Harvesting', 'Club house / Community Center', 'Water softening plant']",sector 93
"['Security / Fire Alarm', 'Intercom Facility', 'Lift(s)', 'Centrally Air Conditioned', 'Water purifier', 'High Ceiling Height', 'Maintenance Staff', 'Piped-gas', 'Visitor Parking', 'Swimming Pool', 'Park', 'Security Personnel', 'Internet/wi-fi connectivity', 'Spacious Interiors', 'Fitness Centre / GYM', 'Waste Disposal', 'Club house / Community Center']",sector 83
"['Power Back-up', 'Lift(s)', 'Swimming Pool', 'Park', 'Shopping Centre', 'Fitness Centre / GYM', 'Club house / Community Center', 'Rain Water Harvesting']",sector 67
"['Feng Shui / Vaastu Compliant', 'Security / Fire Alarm', 'Intercom Facility', 'Lift(s)', 'Maintenance Staff', 'Water Storage', 'Park', 'Visitor Parking']",sector 26
"['Centrally Air Conditioned', 'Water purifier', 'Security / Fire Alarm', 'Feng Shui / Vaastu Compliant', 'Intercom Facility', 'Lift(s)', 'High Ceiling Height', 'Maintenance Staff', 'Water Storage', 'Separate entry for servant room', 'No open drainage around', 'Bank Attached Property', 'Piped-gas', 'Internet/wi-fi connectivity', 'Recently Renovated', 'Visitor Parking', 'Swimming Pool', 'Park', 'Security Personnel', 'Natural Light', 'Airy Rooms', 'Low Density Society', 'Waste Disposal', 'Rain Water Harvesting', 'Water softening plant', 'Shopping Centre', 'Fitness Centre / GYM', 'Club house / Community Center']",sector 102
"['Security / Fire Alarm', 'Maintenance Staff', 'Water Storage', 'Park', 'Visitor Parking']",sector 71
"['Lift(s)', 'Park']",sector 41
"['Centrally Air Conditioned', 'Water purifier', 'Security / Fire Alarm', 'Feng Shui / Vaastu Compliant', 'Private Garden / Terrace', 'Intercom Facility', 'Lift(s)', 'High Ceiling Height', 'Maintenance Staff', 'False Ceiling Lighting', 'Water Storage', 'Separate entry for servant room', 'No open drainage around', 'Piped-gas', 'Internet/wi-fi connectivity', 'Recently Renovated', 'Visitor Parking', 'Swimming Pool', 'Park', 'Security Personnel', 'Natural Light', 'Airy Rooms', 'Low Density Society', 'Waste Disposal', 'Rain Water Harvesting', 'Water softening plant', 'Shopping Centre', 'Fitness Centre / GYM', 'Club house / Community Center']",sector 37d
"['Security / Fire Alarm', 'Feng Shui / Vaastu Compliant', 'Intercom Facility', 'Lift(s)', 'Maintenance Staff', 'Water Storage', 'Separate entry for servant room', 'Visitor Parking', 'Swimming Pool', 'Park', 'Natural Light', 'Airy Rooms', 'Shopping Centre', 'Fitness Centre / GYM', 'Club house / Community Center', 'Water softening plant']",sector 90
"['Feng Shui / Vaastu Compliant', 'Security / Fire Alarm', 'Intercom Facility', 'Lift(s)', 'Maintenance Staff', 'Water Storage', 'Park', 'Visitor Parking']",sector 77
"['Security / Fire Alarm', 'Feng Shui / Vaastu Compliant', 'Intercom Facility', 'Lift(s)', 'High Ceiling Height', 'Maintenance Staff', 'False Ceiling Lighting', 'Water Storage', 'No open drainage around', 'Bank Attached Property', 'Piped-gas', 'Internet/wi-fi connectivity', 'Recently Renovated', 'Visitor Parking', 'Park', 'Security Personnel', 'Natural Light', 'Airy Rooms', 'Spacious Interiors', 'Low Density Society', 'Waste Disposal', 'Rain Water Harvesting', 'Water softening plant', 'Shopping Centre', 'Club house / Community Center']",sector 2
"['Security / Fire Alarm', 'Feng Shui / Vaastu Compliant', 'Private Garden / Terrace', 'Intercom Facility', 'Lift(s)', 'Water purifier', 'Maintenance Staff', 'Piped-gas', 'Visitor Parking', 'Swimming Pool', 'Park', 'Security Personnel', 'Internet/wi-fi connectivity', 'Shopping Centre', 'Fitness Centre / GYM', 'Waste Disposal', 'Rain Water Harvesting', 'Club house / Community Center', 'Water softening plant']",sector 68
"['Security / Fire Alarm', 'Feng Shui / Vaastu Compliant', 'Intercom Facility', 'Lift(s)', 'Centrally Air Conditioned', 'High Ceiling Height', 'Maintenance Staff', 'Water Storage', 'Separate entry for servant room', 'No open drainage around', 'Bank Attached Property', 'Visitor Parking', 'Swimming Pool', 'Park', 'Natural Light', 'Internet/wi-fi connectivity', 'Airy Rooms', 'Low Density Society', 'Shopping Centre', 'Fitness Centre / GYM', 'Waste Disposal', 'Rain Water Harvesting', 'Club house / Community Center', 'Water softening plant']",sector 54
"['Security / Fire Alarm', 'Feng Shui / Vaastu Compliant', 'Private Garden / Terrace', 'Water purifier', 'High Ceiling Height', 'Maintenance Staff', 'False Ceiling Lighting', 'Water Storage', 'Separate entry for servant room', 'No open drainage around', 'Recently Renovated', 'Piped-gas', 'Visitor Parking', 'Security Personnel', 'Airy Rooms', 'Spacious Interiors', 'Low Density Society', 'Waste Disposal']",sector 111
"['Security / Fire Alarm', 'Feng Shui / Vaastu Compliant', 'Intercom Facility', 'Lift(s)', 'Maintenance Staff', 'Water Storage', 'Visitor Parking', 'Swimming Pool', 'Park', 'Security Personnel', 'Natural Light', 'Airy Rooms', 'Spacious Interiors', 'Shopping Centre', 'Fitness Centre / GYM', 'Waste Disposal', 'Club house / Community Center']",sector 76
"['Security / Fire Alarm', 'Intercom Facility', 'Lift(s)', 'Maintenance Staff', 'Water Storage', 'No open drainage around', 'Visitor Parking', 'Swimming Pool', 'Park', 'Security Personnel', 'Natural Light', 'Airy Rooms', 'Spacious Interiors', 'Low Density Society', 'Shopping Centre', 'Fitness Centre / GYM', 'Rain Water Harvesting', 'Club house / Community Center']",sector 79
"['Centrally Air Conditioned', 'Water purifier', 'Security / Fire Alarm', 'Power Back-up', 'Feng Shui / Vaastu Compliant', 'Private Garden / Terrace', 'Intercom Facility', 'Lift(s)', 'High Ceiling Height', 'Maintenance Staff', 'False Ceiling Lighting', 'Water Storage', 'Separate entry for servant room', 'No open drainage around', 'Bank Attached Property', 'Piped-gas', 'Internet/wi-fi connectivity', 'Recently Renovated', 'Visitor Parking', 'Swimming Pool', 'Park', 'Security Personnel', 'Natural Light', 'Airy Rooms', 'Spacious Interiors', 'Low Density Society', 'Waste Disposal', 'Rain Water Harvesting', 'Water softening plant', 'Shopping Centre', 'Fitness Centre / GYM', 'Club house / Community Center']",sector 28
"['Power Back-up', 'Intercom Facility', 'Lift(s)', 'Swimming Pool', 'Park', 'Fitness Centre / GYM', 'Club house / Community Center', 'Rain Water Harvesting']",sector 92
,sohna road
"['Feng Shui / Vaastu Compliant', 'Security / Fire Alarm', 'Intercom Facility', 'Lift(s)', 'Maintenance Staff', 'Water Storage', 'Park', 'Visitor Parking']",sector 36
,sector 67a
"['Security / Fire Alarm', 'Power Back-up', 'Feng Shui / Vaastu Compliant', 'Intercom Facility', 'Lift(s)', 'Maintenance Staff', 'Water Storage', 'Separate entry for servant room', 'Piped-gas', 'Visitor Parking', 'Swimming Pool', 'Park', 'Internet/wi-fi connectivity', 'Shopping Centre', 'Fitness Centre / GYM', 'Club house / Community Center', 'Water softening plant']",sector 85
,sector 48
"['Security / Fire Alarm', 'Intercom Facility', 'Lift(s)', 'Maintenance Staff', 'Swimming Pool', 'Water Storage', 'Park', 'Visitor Parking', 'Internet/wi-fi connectivity', 'Shopping Centre', 'Fitness Centre / GYM', 'Club house / Community Center']",sector 69
"['Feng Shui / Vaastu Compliant', 'Security / Fire Alarm', 'Intercom Facility', 'Lift(s)', 'Maintenance Staff', 'Water Storage', 'Park', 'Visitor Parking']",sector 99a
,sohna road
"['Centrally Air Conditioned', 'Water purifier', 'Security / Fire Alarm', 'Feng Shui / Vaastu Compliant', 'Intercom Facility', 'Lift(s)', 'High Ceiling Height', 'Maintenance Staff', 'False Ceiling Lighting', 'Water Storage', 'Separate entry for servant room', 'No open drainage around', 'Bank Attached Property', 'Piped-gas', 'Internet/wi-fi connectivity', 'Visitor Parking', 'Swimming Pool', 'Park', 'Security Personnel', 'Natural Light', 'Airy Rooms', 'Low Density Society', 'Waste Disposal', 'Rain Water Harvesting', 'Water softening plant', 'Shopping Centre', 'Fitness Centre / GYM', 'Club house / Community Center']",sector 102
"['Security / Fire Alarm', 'Power Back-up', 'Intercom Facility', 'Lift(s)', 'High Ceiling Height', 'Maintenance Staff', 'Water Storage', 'Separate entry for servant room', 'Visitor Parking', 'Swimming Pool', 'Park', 'Internet/wi-fi connectivity', 'Shopping Centre', 'Fitness Centre / GYM', 'Waste Disposal', 'Rain Water Harvesting', 'Club house / Community Center', 'Water softening plant']",sector 112
"['Centrally Air Conditioned', 'Security / Fire Alarm', 'Private Garden / Terrace', 'Intercom Facility', 'Lift(s)', 'Maintenance Staff', 'False Ceiling Lighting', 'Water Storage', 'No open drainage around', 'Bank Attached Property', 'Piped-gas', 'Internet/wi-fi connectivity', 'Visitor Parking', 'Swimming Pool', 'Park', 'Security Personnel', 'Natural Light', 'Airy Rooms', 'Spacious Interiors', 'Low Density Society', 'Waste Disposal', 'Rain Water Harvesting', 'Water softening plant', 'Shopping Centre', 'Fitness Centre / GYM', 'Club house / Community Center']",sector 48
"['Centrally Air Conditioned', 'Water purifier', 'Security / Fire Alarm', 'Feng Shui / Vaastu Compliant', 'Private Garden / Terrace', 'Intercom Facility', 'Lift(s)', 'High Ceiling Height', 'Maintenance Staff', 'False Ceiling Lighting', 'Water Storage', 'Separate entry for servant room', 'No open drainage around', 'Bank Attached Property', 'Piped-gas', 'Internet/wi-fi connectivity', 'Recently Renovated', 'Visitor Parking', 'Swimming Pool', 'Park', 'Security Personnel', 'Natural Light', 'Airy Rooms', 'Spacious Interiors', 'Low Density Society', 'Waste Disposal', 'Rain Water Harvesting', 'Water softening plant', 'Shopping Centre', 'Fitness Centre / GYM', 'Club house / Community Center']",sector 86
"['Feng Shui / Vaastu Compliant', 'Security / Fire Alarm', 'Intercom Facility', 'Lift(s)', 'Maintenance Staff', 'Water Storage', 'Park', 'Visitor Parking']",sector 88a
"['Centrally Air Conditioned', 'Water purifier', 'Security / Fire Alarm', 'Feng Shui / Vaastu Compliant', 'Private Garden / Terrace', 'Intercom Facility', 'Lift(s)', 'High Ceiling Height', 'Maintenance Staff', 'False Ceiling Lighting', 'Water Storage', 'Separate entry for servant room', 'No open drainage around', 'Piped-gas', 'Internet/wi-fi connectivity', 'Recently Renovated', 'Visitor Parking', 'Swimming Pool', 'Park', 'Security Personnel', 'Natural Light', 'Airy Rooms', 'Spacious Interiors', 'Low Density Society', 'Waste Disposal', 'Rain Water Harvesting', 'Water softening plant', 'Shopping Centre', 'Fitness Centre / GYM', 'Club house / Community Center']",sector 108
"['Security / Fire Alarm', 'Feng Shui / Vaastu Compliant', 'Intercom Facility', 'Lift(s)', 'High Ceiling Height', 'Maintenance Staff', 'Water Storage', 'No open drainage around', 'Visitor Parking', 'Swimming Pool', 'Park', 'Natural Light', 'Airy Rooms', 'Spacious Interiors', 'Low Density Society', 'Shopping Centre', 'Fitness Centre / GYM', 'Waste Disposal', 'Rain Water Harvesting', 'Club house / Community Center', 'Water softening plant']",sector 111
,sector 79
"['Security / Fire Alarm', 'Intercom Facility', 'Lift(s)', 'Maintenance Staff', 'Water Storage', 'Piped-gas', 'Visitor Parking', 'Swimming Pool', 'Park', 'Security Personnel', 'Fitness Centre / GYM', 'Rain Water Harvesting', 'Club house / Community Center']",sector 109
"['Centrally Air Conditioned', 'Water purifier', 'Security / Fire Alarm', 'Feng Shui / Vaastu Compliant', 'Private Garden / Terrace', 'High Ceiling Height', 'Maintenance Staff', 'False Ceiling Lighting', 'Water Storage', 'Separate entry for servant room', 'No open drainage around', 'Internet/wi-fi connectivity', 'Recently Renovated', 'Visitor Parking', 'Swimming Pool', 'Park', 'Security Personnel', 'Natural Light', 'Airy Rooms', 'Spacious Interiors', 'Low Density Society', 'Waste Disposal', 'Rain Water Harvesting', 'Fitness Centre / GYM', 'Club house / Community Center']",sector 63a
"['Water purifier', 'Security / Fire Alarm', 'Power Back-up', 'Feng Shui / Vaastu Compliant', 'Intercom Facility', 'Lift(s)', 'High Ceiling Height', 'Maintenance Staff', 'Water Storage', 'Separate entry for servant room', 'No open drainage around', 'Bank Attached Property', 'Piped-gas', 'Internet/wi-fi connectivity', 'Visitor Parking', 'Swimming Pool', 'Park', 'Security Personnel', 'Natural Light', 'Airy Rooms', 'Spacious Interiors', 'Low Density Society', 'Waste Disposal', 'Rain Water Harvesting', 'Water softening plant', 'Shopping Centre', 'Fitness Centre / GYM', 'Club house / Community Center']",sector 65
"['Water purifier', 'Security / Fire Alarm', 'Power Back-up', 'Feng Shui / Vaastu Compliant', 'Private Garden / Terrace', 'Intercom Facility', 'Lift(s)', 'Maintenance Staff', 'Water Storage', 'No open drainage around', 'Piped-gas', 'Internet/wi-fi connectivity', 'Recently Renovated', 'Visitor Parking', 'Swimming Pool', 'Park', 'Security Personnel', 'Natural Light', 'Airy Rooms', 'Spacious Interiors', 'Waste Disposal', 'Rain Water Harvesting', 'Water softening plant', 'Shopping Centre', 'Fitness Centre / GYM', 'Club house / Community Center']",sector 109
,sector 65
"['Security / Fire Alarm', 'Feng Shui / Vaastu Compliant', 'Intercom Facility', 'Lift(s)', 'High Ceiling Height', 'Maintenance Staff', 'Water Storage', 'No open drainage around', 'Piped-gas', 'Internet/wi-fi connectivity', 'Recently Renovated', 'Visitor Parking', 'Swimming Pool', 'Park', 'Security Personnel', 'Natural Light', 'Airy Rooms', 'Spacious Interiors', 'Low Density Society', 'Waste Disposal', 'Rain Water Harvesting', 'Water softening plant', 'Shopping Centre', 'Fitness Centre / GYM', 'Club house / Community Center']",sector 102
"['Power Back-up', 'Intercom Facility', 'Lift(s)', 'Swimming Pool', 'Park', 'Piped-gas', 'Internet/wi-fi connectivity', 'Fitness Centre / GYM', 'Club house / Community Center', 'Rain Water Harvesting']",sector 104
"['Feng Shui / Vaastu Compliant', 'Private Garden / Terrace', 'Maintenance Staff', 'Water Storage', 'Park', 'Visitor Parking', 'Waste Disposal', 'Rain Water Harvesting']",sector 92
"['Feng Shui / Vaastu Compliant', 'Security / Fire Alarm', 'Intercom Facility', 'Lift(s)', 'Maintenance Staff', 'Water Storage', 'Park', 'Visitor Parking']",sector 9a
"['Intercom Facility', 'Lift(s)', 'Park', 'Fitness Centre / GYM', 'Rain Water Harvesting']",sector 3
"['Feng Shui / Vaastu Compliant', 'Intercom Facility', 'Lift(s)', 'Swimming Pool', 'Park', 'Piped-gas', 'Fitness Centre / GYM', 'Club house / Community Center']",sector 13
"['Private Garden / Terrace', 'Lift(s)', 'Maintenance Staff', 'No open drainage around', 'Visitor Parking', 'Swimming Pool', 'Park', 'Natural Light', 'Airy Rooms', 'Low Density Society', 'Fitness Centre / GYM', 'Rain Water Harvesting', 'Club house / Community Center']",sohna road
"['Feng Shui / Vaastu Compliant', 'Security / Fire Alarm', 'Intercom Facility', 'Lift(s)', 'Maintenance Staff', 'Water Storage', 'Park', 'Visitor Parking']",sector 69
"['Centrally Air Conditioned', 'Water purifier', 'Security / Fire Alarm', 'Feng Shui / Vaastu Compliant', 'Private Garden / Terrace', 'Intercom Facility', 'Lift(s)', 'High Ceiling Height', 'Maintenance Staff', 'False Ceiling Lighting', 'Water Storage', 'Separate entry for servant room', 'No open drainage around', 'Bank Attached Property', 'Piped-gas', 'Internet/wi-fi connectivity', 'Recently Renovated', 'Visitor Parking', 'Swimming Pool', 'Park', 'Security Personnel', 'Natural Light', 'Airy Rooms', 'Spacious Interiors', 'Low Density Society', 'Waste Disposal', 'Rain Water Harvesting', 'Water softening plant', 'Shopping Centre', 'Fitness Centre / GYM', 'Club house / Community Center']",sector 79
,sector 70
"['Centrally Air Conditioned', 'Water purifier', 'Security / Fire Alarm', 'Feng Shui / Vaastu Compliant', 'Intercom Facility', 'Lift(s)', 'High Ceiling Height', 'Maintenance Staff', 'False Ceiling Lighting', 'Water Storage', 'Separate entry for servant room', 'No open drainage around', 'Piped-gas', 'Internet/wi-fi connectivity', 'Recently Renovated', 'Visitor Parking', 'Swimming Pool', 'Park', 'Natural Light', 'Airy Rooms', 'Spacious Interiors', 'Waste Disposal', 'Rain Water Harvesting', 'Water softening plant', 'Shopping Centre', 'Fitness Centre / GYM', 'Club house / Community Center']",sector 43
"['Feng Shui / Vaastu Compliant', 'Security / Fire Alarm', 'Intercom Facility', 'Lift(s)', 'Maintenance Staff', 'Water Storage', 'Park', 'Visitor Parking']",sector 69
"['High Ceiling Height', 'Water Storage', 'Park', 'Visitor Parking']",sector 69
"['Maintenance Staff', 'Water Storage', 'No open drainage around', 'Visitor Parking', 'Security Personnel']",sector 81
"['Centrally Air Conditioned', 'Water purifier', 'Security / Fire Alarm', 'Power Back-up', 'Feng Shui / Vaastu Compliant', 'Private Garden / Terrace', 'Intercom Facility', 'Lift(s)', 'High Ceiling Height', 'Maintenance Staff', 'False Ceiling Lighting', 'Water Storage', 'Separate entry for servant room', 'No open drainage around', 'Bank Attached Property', 'Piped-gas', 'Internet/wi-fi connectivity', 'Recently Renovated', 'Visitor Parking', 'Swimming Pool', 'Park', 'Security Personnel', 'Natural Light', 'Airy Rooms', 'Spacious Interiors', 'Low Density Society', 'Waste Disposal', 'Rain Water Harvesting', 'Water softening plant', 'Shopping Centre', 'Fitness Centre / GYM', 'Club house / Community Center']",sector 49
"['Security / Fire Alarm', 'Power Back-up', 'Intercom Facility', 'Lift(s)', 'High Ceiling Height', 'Maintenance Staff', 'False Ceiling Lighting', 'Water Storage', 'Separate entry for servant room', 'Piped-gas', 'Visitor Parking', 'Swimming Pool', 'Park', 'Internet/wi-fi connectivity', 'Shopping Centre', 'Fitness Centre / GYM', 'Waste Disposal', 'Rain Water Harvesting', 'Club house / Community Center']",sector 92
"['Private Garden / Terrace', 'Maintenance Staff', 'False Ceiling Lighting', 'Water Storage', 'Park', 'Visitor Parking', 'Security Personnel', 'Low Density Society', 'Waste Disposal']",sohna road
"['Security / Fire Alarm', 'Intercom Facility', 'Lift(s)', 'High Ceiling Height', 'Maintenance Staff', 'Water Storage', 'Separate entry for servant room', 'Bank Attached Property', 'Visitor Parking', 'Swimming Pool', 'Park', 'Security Personnel', 'Natural Light', 'Airy Rooms', 'Shopping Centre', 'Fitness Centre / GYM', 'Club house / Community Center']",sector 37d
"['Security / Fire Alarm', 'Power Back-up', 'Feng Shui / Vaastu Compliant', 'Intercom Facility', 'Lift(s)', 'High Ceiling Height', 'Maintenance Staff', 'False Ceiling Lighting', 'Water Storage', 'Separate entry for servant room', 'No open drainage around', 'Visitor Parking', 'Swimming Pool', 'Park', 'Security Personnel', 'Internet/wi-fi connectivity', 'Fitness Centre / GYM', 'Waste Disposal', 'Rain Water Harvesting', 'Club house / Community Center', 'Water softening plant']",sector 65
"['Centrally Air Conditioned', 'Water purifier', 'Power Back-up', 'Feng Shui / Vaastu Compliant', 'Private Garden / Terrace', 'Intercom Facility', 'Lift(s)', 'Maintenance Staff', 'Separate entry for servant room', 'No open drainage around', 'Piped-gas', 'Internet/wi-fi connectivity', 'Swimming Pool', 'Park', 'Security Personnel', 'Natural Light', 'Airy Rooms', 'Spacious Interiors', 'Low Density Society', 'Waste Disposal', 'Rain Water Harvesting', 'Water softening plant', 'Shopping Centre', 'Fitness Centre / GYM', 'Club house / Community Center']",sector 102
,sector 22
,sector 49
"['Feng Shui / Vaastu Compliant', 'Security / Fire Alarm', 'Intercom Facility', 'Lift(s)', 'Maintenance Staff', 'Water Storage', 'Park', 'Visitor Parking']",sector 65
"['Centrally Air Conditioned', 'Water purifier', 'Security / Fire Alarm', 'Feng Shui / Vaastu Compliant', 'Private Garden / Terrace', 'Intercom Facility', 'Lift(s)', 'High Ceiling Height', 'Maintenance Staff', 'False Ceiling Lighting', 'Water Storage', 'Separate entry for servant room', 'No open drainage around', 'Bank Attached Property', 'Piped-gas', 'Internet/wi-fi connectivity', 'Recently Renovated', 'Visitor Parking', 'Swimming Pool', 'Park', 'Security Personnel', 'Natural Light', 'Airy Rooms', 'Spacious Interiors', 'Low Density Society', 'Waste Disposal', 'Rain Water Harvesting', 'Water softening plant', 'Shopping Centre', 'Fitness Centre / GYM', 'Club house / Community Center']",sector 61
,sector 63
"['Feng Shui / Vaastu Compliant', 'Private Garden / Terrace', 'Water Storage', 'Park', 'Visitor Parking', 'Waste Disposal']",sector 81
"['Lift(s)', 'Maintenance Staff']",sector 92
"['Feng Shui / Vaastu Compliant', 'Security / Fire Alarm', 'Intercom Facility', 'Lift(s)', 'Maintenance Staff', 'Water Storage', 'Park', 'Visitor Parking']",sector 106
"['Private Garden / Terrace', 'Water Storage', 'No open drainage around', 'Recently Renovated', 'Natural Light', 'Airy Rooms', 'Spacious Interiors']",sector 108
,sohna road
"['Private Garden / Terrace', 'Maintenance Staff', 'Piped-gas', 'Visitor Parking', 'Airy Rooms', 'Club house / Community Center']",sector 54
"['Security / Fire Alarm', 'Power Back-up', 'Feng Shui / Vaastu Compliant', 'Intercom Facility', 'Lift(s)', 'High Ceiling Height', 'Maintenance Staff', 'Water Storage', 'No open drainage around', 'Visitor Parking', 'Swimming Pool', 'Park', 'Security Personnel', 'Natural Light', 'Airy Rooms', 'Spacious Interiors', 'Low Density Society', 'Shopping Centre', 'Fitness Centre / GYM', 'Waste Disposal', 'Rain Water Harvesting', 'Club house / Community Center', 'Water softening plant']",sohna road
,sector 102
,sector 37d
"['Feng Shui / Vaastu Compliant', 'Private Garden / Terrace', 'High Ceiling Height', 'False Ceiling Lighting', 'Separate entry for servant room', 'Recently Renovated', 'Natural Light', 'Airy Rooms', 'Spacious Interiors']",sector 67a
"['Private Garden / Terrace', 'High Ceiling Height', 'Water Storage', 'Park', 'Visitor Parking', 'Natural Light', 'Internet/wi-fi connectivity', 'Fitness Centre / GYM', 'Waste Disposal']",sector 33
"['Intercom Facility', 'Lift(s)', 'Park']",sector 105
"['Security / Fire Alarm', 'Power Back-up', 'Feng Shui / Vaastu Compliant', 'Intercom Facility', 'Lift(s)', 'High Ceiling Height', 'Maintenance Staff', 'Water Storage', 'Separate entry for servant room', 'Bank Attached Property', 'Visitor Parking', 'Swimming Pool', 'Park', 'Security Personnel', 'Internet/wi-fi connectivity', 'Low Density Society', 'Shopping Centre', 'Fitness Centre / GYM', 'Rain Water Harvesting', 'Club house / Community Center', 'Water softening plant']",sector 24
"['Lift(s)', 'Maintenance Staff', 'Park', 'Visitor Parking']",sector 22
"['Intercom Facility', 'Lift(s)', 'Swimming Pool', 'Separate entry for servant room', 'No open drainage around', 'Park', 'Natural Light', 'Airy Rooms', 'Spacious Interiors', 'Low Density Society', 'Fitness Centre / GYM', 'Club house / Community Center']",sector 106
"['Security / Fire Alarm', 'Feng Shui / Vaastu Compliant', 'High Ceiling Height', 'Maintenance Staff', 'False Ceiling Lighting', 'Water Storage', 'Separate entry for servant room', 'No open drainage around', 'Visitor Parking', 'Swimming Pool', 'Park', 'Security Personnel', 'Internet/wi-fi connectivity', 'Airy Rooms', 'Spacious Interiors', 'Low Density Society', 'Fitness Centre / GYM', 'Club house / Community Center']",sector 56
"['Feng Shui / Vaastu Compliant', 'Security / Fire Alarm', 'Intercom Facility', 'Lift(s)', 'Maintenance Staff', 'Water Storage', 'Park', 'Visitor Parking']",sector 92
"['Centrally Air Conditioned', 'Water purifier', 'Security / Fire Alarm', 'Feng Shui / Vaastu Compliant', 'Private Garden / Terrace', 'Intercom Facility', 'Lift(s)', 'High Ceiling Height', 'Maintenance Staff', 'False Ceiling Lighting', 'Water Storage', 'Separate entry for servant room', 'No open drainage around', 'Bank Attached Property', 'Piped-gas', 'Internet/wi-fi connectivity', 'Recently Renovated', 'Visitor Parking', 'Swimming Pool', 'Park', 'Security Personnel', 'Natural Light', 'Airy Rooms', 'Spacious Interiors', 'Low Density Society', 'Waste Disposal', 'Rain Water Harvesting', 'Water softening plant', 'Shopping Centre', 'Fitness Centre / GYM', 'Club house / Community Center']",sector 104
"['Security / Fire Alarm', 'Feng Shui / Vaastu Compliant', 'Intercom Facility', 'Lift(s)', 'Water purifier', 'Maintenance Staff', 'Water Storage', 'No open drainage around', 'Piped-gas', 'Visitor Parking', 'Swimming Pool', 'Park', 'Security Personnel', 'Natural Light', 'Internet/wi-fi connectivity', 'Airy Rooms', 'Spacious Interiors', 'Shopping Centre', 'Fitness Centre / GYM', 'Waste Disposal', 'Rain Water Harvesting', 'Club house / Community Center', 'Water softening plant']",sector 108
"['Feng Shui / Vaastu Compliant', 'Lift(s)', 'Swimming Pool', 'Maintenance Staff', 'Park', 'Piped-gas', 'Security Personnel', 'Shopping Centre', 'Fitness Centre / GYM', 'Club house / Community Center', 'Rain Water Harvesting']",sector 92
"['Feng Shui / Vaastu Compliant', 'Security / Fire Alarm', 'Intercom Facility', 'Lift(s)', 'Maintenance Staff', 'Water Storage', 'Park', 'Visitor Parking']",sector 28
,sector 92
"['Water purifier', 'Security / Fire Alarm', 'Feng Shui / Vaastu Compliant', 'Private Garden / Terrace', 'Intercom Facility', 'Lift(s)', 'High Ceiling Height', 'Maintenance Staff', 'Water Storage', 'Separate entry for servant room', 'No open drainage around', 'Bank Attached Property', 'Piped-gas', 'Internet/wi-fi connectivity', 'Visitor Parking', 'Swimming Pool', 'Park', 'Security Personnel', 'Natural Light', 'Airy Rooms', 'Spacious Interiors', 'Low Density Society', 'Waste Disposal', 'Rain Water Harvesting', 'Water softening plant', 'Shopping Centre', 'Fitness Centre / GYM', 'Club house / Community Center']",sector 91
"['Feng Shui / Vaastu Compliant', 'Security / Fire Alarm', 'Intercom Facility', 'Lift(s)', 'Maintenance Staff', 'Water Storage', 'Park', 'Visitor Parking']",sector 109
"['Feng Shui / Vaastu Compliant', 'Security / Fire Alarm', 'Intercom Facility', 'Lift(s)', 'Maintenance Staff', 'Water Storage', 'Park', 'Visitor Parking']",sector 17
"['Power Back-up', 'Intercom Facility', 'Lift(s)', 'High Ceiling Height', 'Maintenance Staff', 'False Ceiling Lighting', 'Water Storage', 'Separate entry for servant room', 'No open drainage around', 'Piped-gas', 'Swimming Pool', 'Park', 'Security Personnel', 'Internet/wi-fi connectivity', 'Shopping Centre', 'Fitness Centre / GYM', 'Waste Disposal', 'Club house / Community Center', 'Water softening plant']",sector 37c
"['Private Garden / Terrace', 'Water purifier', 'High Ceiling Height', 'Maintenance Staff', 'False Ceiling Lighting', 'Water Storage', 'Separate entry for servant room', 'No open drainage around', 'Visitor Parking', 'Swimming Pool', 'Park', 'Security Personnel', 'Natural Light', 'Airy Rooms', 'Spacious Interiors', 'Low Density Society', 'Fitness Centre / GYM', 'Waste Disposal', 'Club house / Community Center']",sector 49
,sector 61
,sector 88a
"['Security / Fire Alarm', 'Power Back-up', 'Feng Shui / Vaastu Compliant', 'Intercom Facility', 'Lift(s)', 'High Ceiling Height', 'Maintenance Staff', 'False Ceiling Lighting', 'Water Storage', 'Separate entry for servant room', 'No open drainage around', 'Swimming Pool', 'Park', 'Security Personnel', 'Internet/wi-fi connectivity', 'Shopping Centre', 'Fitness Centre / GYM', 'Waste Disposal', 'Rain Water Harvesting', 'Club house / Community Center', 'Water softening plant']",sector 105
"['Security / Fire Alarm', 'Feng Shui / Vaastu Compliant', 'Lift(s)', 'Maintenance Staff', 'No open drainage around', 'Visitor Parking', 'Swimming Pool', 'Park', 'Natural Light', 'Internet/wi-fi connectivity', 'Airy Rooms', 'Fitness Centre / GYM', 'Rain Water Harvesting', 'Club house / Community Center']",sector 104
"['Power Back-up', 'Feng Shui / Vaastu Compliant', 'Lift(s)', 'Piped-gas', 'Club house / Community Center', 'Rain Water Harvesting']",sector 69
"['Security / Fire Alarm', 'Feng Shui / Vaastu Compliant', 'Intercom Facility', 'Lift(s)', 'High Ceiling Height', 'Maintenance Staff', 'Water Storage', 'Separate entry for servant room', 'Piped-gas', 'Visitor Parking', 'Swimming Pool', 'Park', 'Natural Light', 'Airy Rooms', 'Shopping Centre', 'Fitness Centre / GYM', 'Rain Water Harvesting', 'Club house / Community Center']",sector 28
,sector 37d
,sector 103
,sector 88b
"['Power Back-up', 'Lift(s)', 'Maintenance Staff', 'Park', 'Visitor Parking', 'Fitness Centre / GYM']",sector 33
,sector 92
"['Feng Shui / Vaastu Compliant', 'Maintenance Staff', 'No open drainage around', 'Natural Light', 'Spacious Interiors']",sector 52
"['Security / Fire Alarm', 'Intercom Facility', 'Lift(s)', 'Maintenance Staff', 'Water Storage', 'Park', 'Visitor Parking']",sector 104
"['Security / Fire Alarm', 'Power Back-up', 'Feng Shui / Vaastu Compliant', 'Intercom Facility', 'Lift(s)', 'Maintenance Staff', 'False Ceiling Lighting', 'Water Storage', 'No open drainage around', 'Recently Renovated', 'Visitor Parking', 'Swimming Pool', 'Park', 'Security Personnel', 'Natural Light', 'Airy Rooms', 'Spacious Interiors', 'Shopping Centre', 'Fitness Centre / GYM', 'Rain Water Harvesting', 'Club house / Community Center']",sector 70a
"['Power Back-up', 'Feng Shui / Vaastu Compliant', 'Intercom Facility', 'Lift(s)', 'Swimming Pool', 'Maintenance Staff', 'Park', 'Security Personnel', 'Internet/wi-fi connectivity', 'Fitness Centre / GYM', 'Club house / Community Center', 'Rain Water Harvesting']",sector 92
"['Centrally Air Conditioned', 'Water purifier', 'Security / Fire Alarm', 'Feng Shui / Vaastu Compliant', 'Private Garden / Terrace', 'Intercom Facility', 'Lift(s)', 'High Ceiling Height', 'Maintenance Staff', 'False Ceiling Lighting', 'Water Storage', 'Separate entry for servant room', 'No open drainage around', 'Bank Attached Property', 'Piped-gas', 'Internet/wi-fi connectivity', 'Recently Renovated', 'Visitor Parking', 'Swimming Pool', 'Park', 'Security Personnel', 'Natural Light', 'Airy Rooms', 'Spacious Interiors', 'Low Density Society', 'Waste Disposal', 'Rain Water Harvesting', 'Water softening plant', 'Shopping Centre', 'Fitness Centre / GYM', 'Club house / Community Center']",sector 82
"['Feng Shui / Vaastu Compliant', 'Security / Fire Alarm', 'Intercom Facility', 'Lift(s)', 'Maintenance Staff', 'Water Storage', 'Park', 'Visitor Parking']",sector 2
"['Intercom Facility', 'Lift(s)', 'Swimming Pool', 'Park', 'Security Personnel', 'Natural Light', 'Airy Rooms', 'Fitness Centre / GYM', 'Club house / Community Center', 'Water softening plant']",sector 62
"['Feng Shui / Vaastu Compliant', 'Private Garden / Terrace', 'Intercom Facility', 'Lift(s)', 'High Ceiling Height', 'False Ceiling Lighting', 'Separate entry for servant room', 'No open drainage around', 'Recently Renovated', 'Piped-gas', 'Swimming Pool', 'Park', 'Natural Light', 'Internet/wi-fi connectivity', 'Airy Rooms', 'Spacious Interiors', 'Low Density Society', 'Shopping Centre', 'Fitness Centre / GYM', 'Waste Disposal', 'Rain Water Harvesting', 'Club house / Community Center', 'Water softening plant']",sector 102
"['Security / Fire Alarm', 'Feng Shui / Vaastu Compliant', 'Intercom Facility', 'Lift(s)', 'Maintenance Staff', 'Water Storage', 'Piped-gas', 'Visitor Parking', 'Swimming Pool', 'Park', 'Security Personnel', 'Shopping Centre', 'Fitness Centre / GYM', 'Rain Water Harvesting', 'Club house / Community Center', 'Water softening plant']",sector 85
"['Security / Fire Alarm', 'Power Back-up', 'Feng Shui / Vaastu Compliant', 'Intercom Facility', 'Lift(s)', 'High Ceiling Height', 'Maintenance Staff', 'Water Storage', 'Separate entry for servant room', 'No open drainage around', 'Piped-gas', 'Visitor Parking', 'Swimming Pool', 'Park', 'Security Personnel', 'Internet/wi-fi connectivity', 'Shopping Centre', 'Fitness Centre / GYM', 'Waste Disposal', 'Rain Water Harvesting', 'Club house / Community Center', 'Water softening plant']",sector 109
"['Security / Fire Alarm', 'Power Back-up', 'Feng Shui / Vaastu Compliant', 'Intercom Facility', 'Lift(s)', 'High Ceiling Height', 'Maintenance Staff', 'Water Storage', 'Separate entry for servant room', 'No open drainage around', 'Visitor Parking', 'Swimming Pool', 'Park', 'Internet/wi-fi connectivity', 'Fitness Centre / GYM', 'Rain Water Harvesting', 'Club house / Community Center', 'Water softening plant']",sector 90
"['Lift(s)', 'Swimming Pool', 'Park', 'Visitor Parking', 'Security Personnel', 'Internet/wi-fi connectivity', 'Shopping Centre', 'Fitness Centre / GYM', 'Club house / Community Center']",sohna road
"['Centrally Air Conditioned', 'Water purifier', 'Security / Fire Alarm', 'Feng Shui / Vaastu Compliant', 'Private Garden / Terrace', 'High Ceiling Height', 'Maintenance Staff', 'False Ceiling Lighting', 'Water Storage', 'Separate entry for servant room', 'No open drainage around', 'Internet/wi-fi connectivity', 'Recently Renovated', 'Visitor Parking', 'Swimming Pool', 'Park', 'Security Personnel', 'Natural Light', 'Airy Rooms', 'Spacious Interiors', 'Low Density Society', 'Waste Disposal', 'Rain Water Harvesting', 'Fitness Centre / GYM', 'Club house / Community Center']",sector 12
"['Centrally Air Conditioned', 'Water purifier', 'Security / Fire Alarm', 'Feng Shui / Vaastu Compliant', 'Intercom Facility', 'Lift(s)', 'High Ceiling Height', 'Maintenance Staff', 'False Ceiling Lighting', 'Water Storage', 'Separate entry for servant room', 'No open drainage around', 'Bank Attached Property', 'Piped-gas', 'Internet/wi-fi connectivity', 'Visitor Parking', 'Swimming Pool', 'Park', 'Security Personnel', 'Natural Light', 'Airy Rooms', 'Low Density Society', 'Waste Disposal', 'Rain Water Harvesting', 'Water softening plant', 'Shopping Centre', 'Fitness Centre / GYM', 'Club house / Community Center']",sector 92
,sector 4
"['Power Back-up', 'Feng Shui / Vaastu Compliant', 'Intercom Facility', 'Lift(s)', 'Maintenance Staff', 'Piped-gas', 'Visitor Parking', 'Swimming Pool', 'Park', 'Natural Light', 'Airy Rooms', 'Low Density Society', 'Shopping Centre', 'Fitness Centre / GYM', 'Waste Disposal', 'Rain Water Harvesting', 'Club house / Community Center', 'Water softening plant']",sector 33
"['Intercom Facility', 'Lift(s)', 'High Ceiling Height', 'Maintenance Staff', 'False Ceiling Lighting', 'Park', 'Visitor Parking']",sector 89
"['Feng Shui / Vaastu Compliant', 'Private Garden / Terrace', 'Maintenance Staff', 'Water Storage', 'Park', 'Visitor Parking', 'Waste Disposal', 'Rain Water Harvesting']",sector 85
"['Security / Fire Alarm', 'Intercom Facility', 'Lift(s)', 'High Ceiling Height', 'Maintenance Staff', 'Water Storage', 'No open drainage around', 'Bank Attached Property', 'Piped-gas', 'Visitor Parking', 'Swimming Pool', 'Park', 'Security Personnel', 'Internet/wi-fi connectivity', 'Low Density Society', 'Shopping Centre', 'Fitness Centre / GYM', 'Waste Disposal', 'Rain Water Harvesting', 'Club house / Community Center']",sector 48
,sector 4
"['Feng Shui / Vaastu Compliant', 'Security / Fire Alarm', 'Intercom Facility', 'Lift(s)', 'Maintenance Staff', 'Water Storage', 'Park', 'Visitor Parking']",sector 67
"['Security / Fire Alarm', 'Intercom Facility', 'Lift(s)', 'Maintenance Staff', 'Water Storage', 'Park', 'Recently Renovated', 'Visitor Parking', 'Internet/wi-fi connectivity', 'Airy Rooms', 'Spacious Interiors']",sector 82
"['Visitor Parking', 'Waste Disposal']",sector 50
,sohna road
"['Centrally Air Conditioned', 'Water purifier', 'Security / Fire Alarm', 'Feng Shui / Vaastu Compliant', 'Private Garden / Terrace', 'Intercom Facility', 'Lift(s)', 'High Ceiling Height', 'Maintenance Staff', 'False Ceiling Lighting', 'Water Storage', 'No open drainage around', 'Bank Attached Property', 'Piped-gas', 'Internet/wi-fi connectivity', 'Recently Renovated', 'Visitor Parking', 'Swimming Pool', 'Park', 'Security Personnel', 'Natural Light', 'Airy Rooms', 'Spacious Interiors', 'Low Density Society', 'Waste Disposal', 'Rain Water Harvesting', 'Water softening plant', 'Shopping Centre', 'Fitness Centre / GYM', 'Club house / Community Center']",sector 67a
"['Feng Shui / Vaastu Compliant', 'Security / Fire Alarm', 'Intercom Facility', 'Lift(s)', 'Maintenance Staff', 'Water Storage', 'Park', 'Visitor Parking']",sector 37d
"['Lift(s)', 'Park', 'Shopping Centre']",sector 67
"['Private Garden / Terrace', 'High Ceiling Height', 'Security Personnel', 'Internet/wi-fi connectivity']",sohna road
,sohna road
"['Feng Shui / Vaastu Compliant', 'Security / Fire Alarm', 'Intercom Facility', 'Lift(s)', 'Maintenance Staff', 'Water Storage', 'Park', 'Visitor Parking']",sector 48
"['Security / Fire Alarm', 'Feng Shui / Vaastu Compliant', 'Intercom Facility', 'Lift(s)', 'Maintenance Staff', 'Water Storage', 'Piped-gas', 'Visitor Parking', 'Swimming Pool', 'Park', 'Security Personnel', 'Shopping Centre', 'Fitness Centre / GYM', 'Waste Disposal', 'Rain Water Harvesting', 'Club house / Community Center', 'Water softening plant']",sector 50
"['Water purifier', 'Centrally Air Conditioned', 'Security / Fire Alarm', 'Power Back-up', 'Feng Shui / Vaastu Compliant', 'Private Garden / Terrace', 'Intercom Facility', 'High Ceiling Height', 'Maintenance Staff', 'False Ceiling Lighting', 'Water Storage', 'Separate entry for servant room', 'No open drainage around', 'Piped-gas', 'Internet/wi-fi connectivity', 'Recently Renovated', 'Visitor Parking', 'Swimming Pool', 'Park', 'Security Personnel', 'Spacious Interiors', 'Waste Disposal', 'Rain Water Harvesting', 'Water softening plant', 'Shopping Centre', 'Fitness Centre / GYM', 'Club house / Community Center']",sector 48
"['Power Back-up', 'Lift(s)', 'Swimming Pool', 'Park', 'Shopping Centre', 'Fitness Centre / GYM', 'Club house / Community Center', 'Rain Water Harvesting']",sector 66
"['Security / Fire Alarm', 'Lift(s)', 'Maintenance Staff', 'Separate entry for servant room', 'No open drainage around', 'Visitor Parking', 'Swimming Pool', 'Park', 'Security Personnel', 'Natural Light', 'Airy Rooms', 'Shopping Centre', 'Fitness Centre / GYM', 'Club house / Community Center']",sector 2
"['Power Back-up', 'Intercom Facility', 'Lift(s)', 'High Ceiling Height', 'Maintenance Staff', 'False Ceiling Lighting', 'Water Storage', 'Separate entry for servant room', 'No open drainage around', 'Visitor Parking', 'Swimming Pool', 'Park', 'Internet/wi-fi connectivity', 'Shopping Centre', 'Fitness Centre / GYM', 'Waste Disposal', 'Club house / Community Center', 'Water softening plant']",sector 92
,sector 45
"['Centrally Air Conditioned', 'Water purifier', 'Security / Fire Alarm', 'Feng Shui / Vaastu Compliant', 'Private Garden / Terrace', 'Intercom Facility', 'Lift(s)', 'High Ceiling Height', 'Maintenance Staff', 'False Ceiling Lighting', 'Water Storage', 'Separate entry for servant room', 'No open drainage around', 'Bank Attached Property', 'Piped-gas', 'Internet/wi-fi connectivity', 'Recently Renovated', 'Visitor Parking', 'Swimming Pool', 'Park', 'Security Personnel', 'Natural Light', 'Airy Rooms', 'Spacious Interiors', 'Low Density Society', 'Waste Disposal', 'Rain Water Harvesting', 'Water softening plant', 'Shopping Centre', 'Fitness Centre / GYM', 'Club house / Community Center']",sohna road
"['Water purifier', 'Centrally Air Conditioned', 'Security / Fire Alarm', 'Power Back-up', 'Feng Shui / Vaastu Compliant', 'Private Garden / Terrace', 'Intercom Facility', 'Lift(s)', 'High Ceiling Height', 'Maintenance Staff', 'False Ceiling Lighting', 'Water Storage', 'Separate entry for servant room', 'No open drainage around', 'Bank Attached Property', 'Piped-gas', 'Internet/wi-fi connectivity', 'Recently Renovated', 'Visitor Parking', 'Swimming Pool', 'Park', 'Security Personnel', 'Natural Light', 'Airy Rooms', 'Spacious Interiors', 'Low Density Society', 'Waste Disposal', 'Rain Water Harvesting', 'Water softening plant', 'Shopping Centre', 'Fitness Centre / GYM', 'Club house / Community Center']",sector 95
,sector 77
"['Intercom Facility', 'Lift(s)', 'Swimming Pool', 'Park', 'Piped-gas', 'Fitness Centre / GYM', 'Club house / Community Center']",sector 70a
"['Security / Fire Alarm', 'Feng Shui / Vaastu Compliant', 'Intercom Facility', 'Lift(s)', 'High Ceiling Height', 'Maintenance Staff', 'False Ceiling Lighting', 'Water Storage', 'Separate entry for servant room', 'No open drainage around', 'Piped-gas', 'Visitor Parking', 'Swimming Pool', 'Park', 'Security Personnel', 'Internet/wi-fi connectivity', 'Shopping Centre', 'Fitness Centre / GYM', 'Waste Disposal', 'Rain Water Harvesting', 'Club house / Community Center', 'Water softening plant']",sector 28
"['Centrally Air Conditioned', 'Water purifier', 'Security / Fire Alarm', 'Feng Shui / Vaastu Compliant', 'Private Garden / Terrace', 'Intercom Facility', 'Lift(s)', 'High Ceiling Height', 'Maintenance Staff', 'False Ceiling Lighting', 'Water Storage', 'Separate entry for servant room', 'No open drainage around', 'Bank Attached Property', 'Piped-gas', 'Internet/wi-fi connectivity', 'Recently Renovated', 'Visitor Parking', 'Swimming Pool', 'Park', 'Security Personnel', 'Natural Light', 'Airy Rooms', 'Spacious Interiors', 'Low Density Society', 'Waste Disposal', 'Rain Water Harvesting', 'Water softening plant', 'Shopping Centre', 'Fitness Centre / GYM', 'Club house / Community Center']",sector 9
"['Security Personnel', 'Internet/wi-fi connectivity']",sector 65
"['Security / Fire Alarm', 'Feng Shui / Vaastu Compliant', 'Intercom Facility', 'Lift(s)', 'High Ceiling Height', 'Maintenance Staff', 'False Ceiling Lighting', 'Water Storage', 'No open drainage around', 'Bank Attached Property', 'Recently Renovated', 'Piped-gas', 'Visitor Parking', 'Park', 'Security Personnel', 'Natural Light', 'Internet/wi-fi connectivity', 'Low Density Society', 'Shopping Centre', 'Waste Disposal', 'Rain Water Harvesting', 'Water softening plant']",sector 105
"['Security / Fire Alarm', 'Feng Shui / Vaastu Compliant', 'Private Garden / Terrace', 'Intercom Facility', 'Lift(s)', 'Centrally Air Conditioned', 'Water purifier', 'Maintenance Staff', 'Water Storage', 'Piped-gas', 'Visitor Parking', 'Park', 'Natural Light', 'Internet/wi-fi connectivity', 'Airy Rooms', 'Spacious Interiors']",sector 37d
"['Water purifier', 'Security / Fire Alarm', 'Feng Shui / Vaastu Compliant', 'Intercom Facility', 'Lift(s)', 'High Ceiling Height', 'Maintenance Staff', 'False Ceiling Lighting', 'Water Storage', 'Separate entry for servant room', 'No open drainage around', 'Bank Attached Property', 'Piped-gas', 'Internet/wi-fi connectivity', 'Recently Renovated', 'Visitor Parking', 'Swimming Pool', 'Park', 'Security Personnel', 'Natural Light', 'Airy Rooms', 'Spacious Interiors', 'Low Density Society', 'Waste Disposal', 'Rain Water Harvesting', 'Water softening plant', 'Shopping Centre', 'Fitness Centre / GYM', 'Club house / Community Center']",sector 37d
"['Security / Fire Alarm', 'Feng Shui / Vaastu Compliant', 'Intercom Facility', 'Lift(s)', 'Maintenance Staff', 'Water Storage', 'Visitor Parking', 'Swimming Pool', 'Park', 'Shopping Centre', 'Fitness Centre / GYM', 'Club house / Community Center', 'Water softening plant']",sector 109
"['Intercom Facility', 'Lift(s)', 'Maintenance Staff', 'Swimming Pool', 'Park', 'Security Personnel', 'Shopping Centre', 'Fitness Centre / GYM', 'Club house / Community Center', 'Rain Water Harvesting']",sector 70a
"['Security / Fire Alarm', 'Intercom Facility', 'Lift(s)', 'Maintenance Staff', 'Water Storage', 'Park', 'Visitor Parking']",sector 40
"['Intercom Facility', 'Lift(s)', 'Park']",sohna road road
"['Security / Fire Alarm', 'Feng Shui / Vaastu Compliant', 'Intercom Facility', 'Lift(s)', 'Maintenance Staff', 'Water Storage', 'Separate entry for servant room', 'No open drainage around', 'Recently Renovated', 'Visitor Parking', 'Swimming Pool', 'Park', 'Security Personnel', 'Natural Light', 'Airy Rooms', 'Internet/wi-fi connectivity', 'Spacious Interiors', 'Low Density Society', 'Shopping Centre', 'Fitness Centre / GYM', 'Waste Disposal', 'Club house / Community Center']",sector 50
"['Feng Shui / Vaastu Compliant', 'Security / Fire Alarm', 'Intercom Facility', 'Lift(s)', 'Maintenance Staff', 'Water Storage', 'Park', 'Visitor Parking', 'Shopping Centre', 'Waste Disposal', 'Rain Water Harvesting']",sector 102
"['Maintenance Staff', 'Water Storage', 'Visitor Parking', 'Rain Water Harvesting']",sector 68
"['Power Back-up', 'Intercom Facility', 'Lift(s)', 'High Ceiling Height', 'Maintenance Staff', 'Separate entry for servant room', 'No open drainage around', 'Swimming Pool', 'Park', 'Security Personnel', 'Shopping Centre', 'Fitness Centre / GYM', 'Waste Disposal', 'Rain Water Harvesting', 'Club house / Community Center', 'Water softening plant']",sector 53
"['Power Back-up', 'Feng Shui / Vaastu Compliant', 'Intercom Facility', 'Lift(s)', 'Maintenance Staff', 'Piped-gas', 'Visitor Parking', 'Swimming Pool', 'Park', 'Security Personnel', 'Natural Light', 'Airy Rooms', 'Low Density Society', 'Shopping Centre', 'Fitness Centre / GYM', 'Waste Disposal', 'Rain Water Harvesting', 'Club house / Community Center']",sector 106
"['Power Back-up', 'Security / Fire Alarm', 'Intercom Facility', 'Lift(s)', 'Swimming Pool', 'Maintenance Staff', 'Water Storage', 'Park', 'Visitor Parking', 'Fitness Centre / GYM', 'Club house / Community Center', 'Water softening plant']",sector 81
,sector 90
,sector 83
"['Feng Shui / Vaastu Compliant', 'Security / Fire Alarm', 'Intercom Facility', 'Lift(s)', 'Maintenance Staff', 'Water Storage', 'Park', 'Visitor Parking']",sohna road
"['Maintenance Staff', 'Swimming Pool', 'Water Storage', 'Separate entry for servant room', 'Park', 'Visitor Parking', 'Security Personnel', 'Fitness Centre / GYM', 'Club house / Community Center']",sector 70a
,sohna road
"['Security / Fire Alarm', 'Feng Shui / Vaastu Compliant', 'Intercom Facility', 'Lift(s)', 'High Ceiling Height', 'Maintenance Staff', 'False Ceiling Lighting', 'Water Storage', 'Separate entry for servant room', 'No open drainage around', 'Piped-gas', 'Visitor Parking', 'Swimming Pool', 'Park', 'Internet/wi-fi connectivity', 'Shopping Centre', 'Fitness Centre / GYM', 'Waste Disposal', 'Rain Water Harvesting', 'Water softening plant']",sector 62
"['Power Back-up', 'Security / Fire Alarm', 'Lift(s)', 'Maintenance Staff', 'Water Storage', 'Park', 'Visitor Parking', 'Shopping Centre']",sector 12
"['Security / Fire Alarm', 'Feng Shui / Vaastu Compliant', 'Private Garden / Terrace', 'Intercom Facility', 'Lift(s)', 'Maintenance Staff', 'Water Storage', 'Separate entry for servant room', 'Piped-gas', 'Visitor Parking', 'Park', 'Security Personnel', 'Natural Light']",sector 48
"['Security / Fire Alarm', 'High Ceiling Height', 'Maintenance Staff', 'No open drainage around', 'Park', 'Bank Attached Property', 'Visitor Parking', 'Natural Light', 'Airy Rooms', 'Low Density Society', 'Club house / Community Center']",sector 65
,sector 90
,sector 67
,sector 13
"['Security / Fire Alarm', 'Power Back-up', 'Intercom Facility', 'Lift(s)', 'High Ceiling Height', 'Maintenance Staff', 'Water Storage', 'No open drainage around', 'Recently Renovated', 'Bank Attached Property', 'Piped-gas', 'Visitor Parking', 'Swimming Pool', 'Park', 'Security Personnel', 'Natural Light', 'Airy Rooms', 'Spacious Interiors', 'Low Density Society', 'Shopping Centre', 'Fitness Centre / GYM', 'Waste Disposal', 'Rain Water Harvesting', 'Club house / Community Center']",sohna road
"['Security / Fire Alarm', 'Feng Shui / Vaastu Compliant', 'Intercom Facility', 'Lift(s)', 'Maintenance Staff', 'Water Storage', 'Visitor Parking', 'Swimming Pool', 'Park', 'Security Personnel', 'Natural Light', 'Airy Rooms', 'Spacious Interiors', 'Low Density Society', 'Shopping Centre', 'Fitness Centre / GYM', 'Club house / Community Center']",sohna road
"['Centrally Air Conditioned', 'Water purifier', 'Security / Fire Alarm', 'Power Back-up', 'Feng Shui / Vaastu Compliant', 'Private Garden / Terrace', 'Intercom Facility', 'Lift(s)', 'High Ceiling Height', 'Maintenance Staff', 'False Ceiling Lighting', 'Water Storage', 'Separate entry for servant room', 'No open drainage around', 'Piped-gas', 'Internet/wi-fi connectivity', 'Recently Renovated', 'Visitor Parking', 'Swimming Pool', 'Park', 'Security Personnel', 'Natural Light', 'Airy Rooms', 'Spacious Interiors', 'Waste Disposal', 'Rain Water Harvesting', 'Water softening plant', 'Shopping Centre', 'Fitness Centre / GYM', 'Club house / Community Center']",sector 69
['Park'],sector 77
"['Security / Fire Alarm', 'Feng Shui / Vaastu Compliant', 'Private Garden / Terrace', 'Intercom Facility', 'Lift(s)', 'Maintenance Staff', 'Water Storage', 'Separate entry for servant room', 'Recently Renovated', 'Piped-gas', 'Visitor Parking', 'Park', 'Security Personnel', 'Natural Light', 'Spacious Interiors']",sector 82a
"['Water purifier', 'Security / Fire Alarm', 'Feng Shui / Vaastu Compliant', 'Private Garden / Terrace', 'Intercom Facility', 'Lift(s)', 'Maintenance Staff', 'False Ceiling Lighting', 'Water Storage', 'Separate entry for servant room', 'No open drainage around', 'Bank Attached Property', 'Piped-gas', 'Internet/wi-fi connectivity', 'Recently Renovated', 'Visitor Parking', 'Swimming Pool', 'Park', 'Security Personnel', 'Natural Light', 'Airy Rooms', 'Spacious Interiors', 'Low Density Society', 'Waste Disposal', 'Rain Water Harvesting', 'Water softening plant', 'Shopping Centre', 'Fitness Centre / GYM', 'Club house / Community Center']",sector 48
['Maintenance Staff'],sector 95
"['Security / Fire Alarm', 'Feng Shui / Vaastu Compliant', 'Intercom Facility', 'Lift(s)', 'Water purifier', 'High Ceiling Height', 'Maintenance Staff', 'Water Storage', 'No open drainage around', 'Piped-gas', 'Visitor Parking', 'Swimming Pool', 'Park', 'Security Personnel', 'Natural Light', 'Internet/wi-fi connectivity', 'Airy Rooms', 'Spacious Interiors', 'Fitness Centre / GYM', 'Waste Disposal', 'Rain Water Harvesting', 'Club house / Community Center', 'Water softening plant']",sector 78
"['Feng Shui / Vaastu Compliant', 'Security / Fire Alarm', 'Lift(s)', 'Maintenance Staff', 'Park', 'Visitor Parking']",sector 30
,sector 37c
"['Security / Fire Alarm', 'Feng Shui / Vaastu Compliant', 'Water purifier', 'High Ceiling Height', 'Maintenance Staff', 'False Ceiling Lighting', 'Water Storage', 'Separate entry for servant room', 'No open drainage around', 'Recently Renovated', 'Piped-gas', 'Visitor Parking', 'Swimming Pool', 'Park', 'Security Personnel', 'Natural Light', 'Internet/wi-fi connectivity', 'Airy Rooms', 'Spacious Interiors', 'Low Density Society', 'Fitness Centre / GYM', 'Waste Disposal', 'Rain Water Harvesting', 'Club house / Community Center']",sector 109
"['Private Garden / Terrace', 'Maintenance Staff', 'Security Personnel']",sector 59
"['Feng Shui / Vaastu Compliant', 'Private Garden / Terrace', 'Water Storage', 'Separate entry for servant room', 'Visitor Parking', 'Security Personnel', 'Internet/wi-fi connectivity', 'Low Density Society', 'Rain Water Harvesting']",sector 37c
"['Power Back-up', 'Feng Shui / Vaastu Compliant', 'Intercom Facility', 'Lift(s)', 'Maintenance Staff', 'Piped-gas', 'Swimming Pool', 'Park', 'Security Personnel', 'Shopping Centre', 'Fitness Centre / GYM', 'Rain Water Harvesting', 'Club house / Community Center']",sector 85
"['Lift(s)', 'Swimming Pool', 'Park', 'Visitor Parking', 'Fitness Centre / GYM', 'Club house / Community Center']",sector 99a
,sector 109
"['Water purifier', 'Centrally Air Conditioned', 'Security / Fire Alarm', 'Power Back-up', 'Feng Shui / Vaastu Compliant', 'Private Garden / Terrace', 'Intercom Facility', 'Lift(s)', 'High Ceiling Height', 'Maintenance Staff', 'False Ceiling Lighting', 'Water Storage', 'Separate entry for servant room', 'No open drainage around', 'Bank Attached Property', 'Piped-gas', 'Internet/wi-fi connectivity', 'Recently Renovated', 'Visitor Parking', 'Swimming Pool', 'Park', 'Security Personnel', 'Natural Light', 'Airy Rooms', 'Spacious Interiors', 'Low Density Society', 'Waste Disposal', 'Rain Water Harvesting', 'Water softening plant', 'Shopping Centre', 'Fitness Centre / GYM', 'Club house / Community Center']",sector 37c
"['Security / Fire Alarm', 'Power Back-up', 'Feng Shui / Vaastu Compliant', 'Intercom Facility', 'Lift(s)', 'Maintenance Staff', 'Water Storage', 'No open drainage around', 'Piped-gas', 'Visitor Parking', 'Swimming Pool', 'Park', 'Security Personnel', 'Natural Light', 'Airy Rooms', 'Spacious Interiors', 'Fitness Centre / GYM', 'Waste Disposal', 'Club house / Community Center']",sector 14
"['Feng Shui / Vaastu Compliant', 'Private Garden / Terrace', 'High Ceiling Height', 'Maintenance Staff', 'Water Storage', 'Separate entry for servant room', 'Bank Attached Property', 'Visitor Parking', 'Swimming Pool', 'Park', 'Security Personnel', 'Internet/wi-fi connectivity', 'Fitness Centre / GYM', 'Waste Disposal', 'Rain Water Harvesting', 'Club house / Community Center']",sector 68
"['Security / Fire Alarm', 'Feng Shui / Vaastu Compliant', 'Private Garden / Terrace', 'Centrally Air Conditioned', 'High Ceiling Height', 'Maintenance Staff', 'False Ceiling Lighting', 'Water Storage', 'Separate entry for servant room', 'No open drainage around', 'Piped-gas', 'Visitor Parking', 'Swimming Pool', 'Park', 'Security Personnel', 'Natural Light', 'Airy Rooms', 'Spacious Interiors', 'Fitness Centre / GYM', 'Waste Disposal', 'Rain Water Harvesting', 'Club house / Community Center']",sector 95
,sector 76
"['Security / Fire Alarm', 'Intercom Facility', 'Lift(s)', 'Maintenance Staff', 'Water Storage', 'Park', 'Visitor Parking', 'Security Personnel', 'Shopping Centre', 'Fitness Centre / GYM', 'Club house / Community Center', 'Rain Water Harvesting']",sector 104
,sector 48
"['Power Back-up', 'Security / Fire Alarm', 'Intercom Facility', 'Lift(s)', 'Swimming Pool', 'Maintenance Staff', 'Water Storage', 'Park', 'Security Personnel', 'Shopping Centre', 'Club house / Community Center', 'Rain Water Harvesting']",sector 13
"['Security / Fire Alarm', 'Power Back-up', 'Feng Shui / Vaastu Compliant', 'Intercom Facility', 'Lift(s)', 'High Ceiling Height', 'Maintenance Staff', 'False Ceiling Lighting', 'Water Storage', 'Separate entry for servant room', 'No open drainage around', 'Piped-gas', 'Visitor Parking', 'Swimming Pool', 'Park', 'Internet/wi-fi connectivity', 'Shopping Centre', 'Fitness Centre / GYM', 'Waste Disposal', 'Rain Water Harvesting', 'Club house / Community Center', 'Water softening plant']",sector 46
,sector 102
"['Centrally Air Conditioned', 'Security / Fire Alarm', 'Power Back-up', 'Feng Shui / Vaastu Compliant', 'Private Garden / Terrace', 'Intercom Facility', 'Lift(s)', 'High Ceiling Height', 'Maintenance Staff', 'False Ceiling Lighting', 'Water Storage', 'Separate entry for servant room', 'No open drainage around', 'Bank Attached Property', 'Piped-gas', 'Internet/wi-fi connectivity', 'Recently Renovated', 'Visitor Parking', 'Swimming Pool', 'Park', 'Security Personnel', 'Natural Light', 'Airy Rooms', 'Spacious Interiors', 'Low Density Society', 'Waste Disposal', 'Rain Water Harvesting', 'Water softening plant', 'Shopping Centre', 'Fitness Centre / GYM', 'Club house / Community Center']",sector 39
"['Security / Fire Alarm', 'Power Back-up', 'Lift(s)', 'High Ceiling Height', 'Maintenance Staff', 'False Ceiling Lighting', 'Water Storage', 'Separate entry for servant room', 'No open drainage around', 'Piped-gas', 'Visitor Parking', 'Swimming Pool', 'Park', 'Internet/wi-fi connectivity', 'Shopping Centre', 'Fitness Centre / GYM', 'Waste Disposal', 'Rain Water Harvesting', 'Club house / Community Center', 'Water softening plant']",sector 95
,sector 102
"['Centrally Air Conditioned', 'Water purifier', 'Security / Fire Alarm', 'Feng Shui / Vaastu Compliant', 'Private Garden / Terrace', 'Intercom Facility', 'Lift(s)', 'High Ceiling Height', 'Maintenance Staff', 'False Ceiling Lighting', 'Water Storage', 'Separate entry for servant room', 'No open drainage around', 'Bank Attached Property', 'Piped-gas', 'Internet/wi-fi connectivity', 'Recently Renovated', 'Visitor Parking', 'Swimming Pool', 'Park', 'Security Personnel', 'Natural Light', 'Airy Rooms', 'Spacious Interiors', 'Low Density Society', 'Waste Disposal', 'Rain Water Harvesting', 'Water softening plant', 'Shopping Centre', 'Fitness Centre / GYM', 'Club house / Community Center']",sector 81
"['Security / Fire Alarm', 'Feng Shui / Vaastu Compliant', 'Private Garden / Terrace', 'Centrally Air Conditioned', 'Water purifier', 'High Ceiling Height', 'Maintenance Staff', 'False Ceiling Lighting', 'Water Storage', 'Separate entry for servant room', 'Recently Renovated', 'Piped-gas', 'Visitor Parking', 'Swimming Pool', 'Park', 'Security Personnel', 'Natural Light', 'Internet/wi-fi connectivity', 'Airy Rooms', 'Spacious Interiors', 'Fitness Centre / GYM', 'Waste Disposal', 'Rain Water Harvesting', 'Club house / Community Center']",sector 84
"['Centrally Air Conditioned', 'Water purifier', 'Security / Fire Alarm', 'Feng Shui / Vaastu Compliant', 'Intercom Facility', 'Lift(s)', 'Maintenance Staff', 'False Ceiling Lighting', 'Water Storage', 'Separate entry for servant room', 'No open drainage around', 'Bank Attached Property', 'Internet/wi-fi connectivity', 'Recently Renovated', 'Visitor Parking', 'Swimming Pool', 'Park', 'Security Personnel', 'Natural Light', 'Airy Rooms', 'Spacious Interiors', 'Low Density Society', 'Waste Disposal', 'Rain Water Harvesting', 'Water softening plant', 'Shopping Centre', 'Fitness Centre / GYM', 'Club house / Community Center']",sector 92
"['Security / Fire Alarm', 'Feng Shui / Vaastu Compliant', 'Intercom Facility', 'Lift(s)', 'High Ceiling Height', 'Maintenance Staff', 'False Ceiling Lighting', 'Water Storage', 'Separate entry for servant room', 'No open drainage around', 'Piped-gas', 'Visitor Parking', 'Swimming Pool', 'Park', 'Security Personnel', 'Internet/wi-fi connectivity', 'Shopping Centre', 'Fitness Centre / GYM', 'Waste Disposal', 'Rain Water Harvesting', 'Club house / Community Center', 'Water softening plant']",sector 81
"['Security / Fire Alarm', 'Intercom Facility', 'Lift(s)', 'Maintenance Staff', 'Water Storage', 'Park', 'Visitor Parking']",sector 86
"['Feng Shui / Vaastu Compliant', 'Private Garden / Terrace', 'Maintenance Staff', 'Water Storage', 'Park', 'Visitor Parking', 'Waste Disposal', 'Rain Water Harvesting']",sector 88a
,sector 61
"['Private Garden / Terrace', 'Water purifier', 'Maintenance Staff', 'Park', 'Bank Attached Property', 'Visitor Parking', 'Natural Light', 'Airy Rooms', 'Rain Water Harvesting']",sector 81
"['Power Back-up', 'Feng Shui / Vaastu Compliant', 'Intercom Facility', 'Lift(s)', 'High Ceiling Height', 'Maintenance Staff', 'False Ceiling Lighting', 'Water Storage', 'Separate entry for servant room', 'No open drainage around', 'Piped-gas', 'Visitor Parking', 'Swimming Pool', 'Park', 'Internet/wi-fi connectivity', 'Shopping Centre', 'Fitness Centre / GYM', 'Waste Disposal', 'Rain Water Harvesting', 'Club house / Community Center', 'Water softening plant']",sector 54
"['Feng Shui / Vaastu Compliant', 'Security / Fire Alarm', 'Intercom Facility', 'Lift(s)', 'Maintenance Staff', 'Swimming Pool', 'Water Storage', 'Park', 'Visitor Parking', 'Security Personnel', 'Fitness Centre / GYM', 'Club house / Community Center']",sector 104
"['Security / Fire Alarm', 'Feng Shui / Vaastu Compliant', 'Intercom Facility', 'Lift(s)', 'Maintenance Staff', 'Water Storage', 'Swimming Pool', 'Park', 'Internet/wi-fi connectivity', 'Shopping Centre', 'Fitness Centre / GYM', 'Rain Water Harvesting', 'Club house / Community Center']",sector 31
"['Intercom Facility', 'Lift(s)', 'High Ceiling Height', 'Maintenance Staff', 'False Ceiling Lighting', 'Water Storage', 'Separate entry for servant room', 'No open drainage around', 'Swimming Pool', 'Park', 'Security Personnel', 'Internet/wi-fi connectivity', 'Fitness Centre / GYM', 'Waste Disposal', 'Rain Water Harvesting', 'Club house / Community Center']",sector 2
"['Power Back-up', 'Intercom Facility', 'Lift(s)', 'Swimming Pool', 'Park', 'Piped-gas', 'Internet/wi-fi connectivity', 'Fitness Centre / GYM', 'Club house / Community Center']",sector 102
"['Security / Fire Alarm', 'Feng Shui / Vaastu Compliant', 'Intercom Facility', 'Lift(s)', 'High Ceiling Height', 'Maintenance Staff', 'False Ceiling Lighting', 'Water Storage', 'Piped-gas', 'Visitor Parking', 'Swimming Pool', 'Park', 'Security Personnel', 'Natural Light', 'Airy Rooms', 'Shopping Centre', 'Fitness Centre / GYM', 'Rain Water Harvesting', 'Club house / Community Center', 'Water softening plant']",sector 33
"['Security / Fire Alarm', 'Feng Shui / Vaastu Compliant', 'Intercom Facility', 'Lift(s)', 'High Ceiling Height', 'Maintenance Staff', 'False Ceiling Lighting', 'Water Storage', 'Separate entry for servant room', 'No open drainage around', 'Swimming Pool', 'Park', 'Security Personnel', 'Internet/wi-fi connectivity', 'Shopping Centre', 'Fitness Centre / GYM', 'Waste Disposal', 'Rain Water Harvesting', 'Club house / Community Center', 'Water softening plant']",sector 4
"['Feng Shui / Vaastu Compliant', 'Security / Fire Alarm', 'Intercom Facility', 'Lift(s)', 'Maintenance Staff', 'Park', 'Visitor Parking']",sector 108
"['Power Back-up', 'Intercom Facility', 'Lift(s)', 'High Ceiling Height', 'Maintenance Staff', 'Separate entry for servant room', 'No open drainage around', 'Bank Attached Property', 'Swimming Pool', 'Park', 'Security Personnel', 'Natural Light', 'Airy Rooms', 'Low Density Society', 'Shopping Centre', 'Fitness Centre / GYM', 'Waste Disposal', 'Club house / Community Center', 'Water softening plant']",sector 25
"['Feng Shui / Vaastu Compliant', 'Security / Fire Alarm', 'Intercom Facility', 'Lift(s)', 'Maintenance Staff', 'Water Storage', 'Park', 'Visitor Parking']",sector 112
,sector 11
"['Intercom Facility', 'Lift(s)', 'No open drainage around', 'Bank Attached Property', 'Swimming Pool', 'Park', 'Security Personnel', 'Low Density Society', 'Shopping Centre', 'Fitness Centre / GYM', 'Waste Disposal', 'Rain Water Harvesting', 'Club house / Community Center', 'Water softening plant']",sector 68
"['Water purifier', 'Security / Fire Alarm', 'Power Back-up', 'Feng Shui / Vaastu Compliant', 'Intercom Facility', 'Lift(s)', 'High Ceiling Height', 'Maintenance Staff', 'Water Storage', 'Separate entry for servant room', 'No open drainage around', 'Bank Attached Property', 'Piped-gas', 'Internet/wi-fi connectivity', 'Visitor Parking', 'Park', 'Security Personnel', 'Natural Light', 'Airy Rooms', 'Spacious Interiors', 'Low Density Society', 'Waste Disposal', 'Rain Water Harvesting', 'Water softening plant', 'Shopping Centre']",sector 83
"['Intercom Facility', 'Lift(s)', 'Maintenance Staff', 'Park', 'Natural Light']",sector 24
"['Feng Shui / Vaastu Compliant', 'Water Storage', 'Visitor Parking', 'Natural Light', 'Airy Rooms', 'Spacious Interiors']",sector 56
,sector 22
,sector 63a
"['Water purifier', 'No open drainage around', 'Bank Attached Property', 'Security Personnel', 'Low Density Society', 'Shopping Centre', 'Fitness Centre / GYM', 'Rain Water Harvesting']",sector 90
,sohna road
,sector 86
,sector 71
,sohna road
"['Water purifier', 'Security / Fire Alarm', 'Power Back-up', 'Feng Shui / Vaastu Compliant', 'Intercom Facility', 'Lift(s)', 'Maintenance Staff', 'Water Storage', 'Separate entry for servant room', 'No open drainage around', 'Piped-gas', 'Internet/wi-fi connectivity', 'Recently Renovated', 'Visitor Parking', 'Swimming Pool', 'Park', 'Security Personnel', 'Natural Light', 'Airy Rooms', 'Waste Disposal', 'Rain Water Harvesting', 'Water softening plant', 'Shopping Centre', 'Fitness Centre / GYM', 'Club house / Community Center']",sohna road
"['Security / Fire Alarm', 'Intercom Facility', 'Lift(s)', 'Park', 'Visitor Parking']",sector 102
"['Intercom Facility', 'Lift(s)', 'Maintenance Staff']",sector 88a
['Park'],sector 3
,sector 108
"['Feng Shui / Vaastu Compliant', 'Intercom Facility', 'Lift(s)', 'Maintenance Staff', 'Park']",sector 113
"['Intercom Facility', 'Lift(s)', 'Swimming Pool', 'Park', 'Piped-gas', 'Shopping Centre', 'Fitness Centre / GYM', 'Club house / Community Center', 'Rain Water Harvesting']",sector 84
"['Centrally Air Conditioned', 'Water purifier', 'Security / Fire Alarm', 'Feng Shui / Vaastu Compliant', 'Intercom Facility', 'Lift(s)', 'High Ceiling Height', 'Maintenance Staff', 'False Ceiling Lighting', 'Water Storage', 'Separate entry for servant room', 'No open drainage around', 'Piped-gas', 'Internet/wi-fi connectivity', 'Recently Renovated', 'Visitor Parking', 'Swimming Pool', 'Park', 'Natural Light', 'Airy Rooms', 'Spacious Interiors', 'Waste Disposal', 'Rain Water Harvesting', 'Water softening plant', 'Shopping Centre', 'Fitness Centre / GYM', 'Club house / Community Center']",sector 43
"['Water Storage', 'Park', 'Rain Water Harvesting']",sector 92
"['Centrally Air Conditioned', 'Water purifier', 'Security / Fire Alarm', 'Power Back-up', 'Feng Shui / Vaastu Compliant', 'Private Garden / Terrace', 'Intercom Facility', 'Lift(s)', 'High Ceiling Height', 'Maintenance Staff', 'False Ceiling Lighting', 'Water Storage', 'Separate entry for servant room', 'No open drainage around', 'Bank Attached Property', 'Piped-gas', 'Internet/wi-fi connectivity', 'Recently Renovated', 'Visitor Parking', 'Swimming Pool', 'Park', 'Natural Light', 'Airy Rooms', 'Spacious Interiors', 'Low Density Society', 'Waste Disposal', 'Rain Water Harvesting', 'Water softening plant', 'Shopping Centre', 'Fitness Centre / GYM', 'Club house / Community Center']",sector 56
,sector 113
"['Feng Shui / Vaastu Compliant', 'Security / Fire Alarm', 'Intercom Facility', 'Lift(s)', 'Maintenance Staff', 'Water Storage', 'Park', 'Visitor Parking']",sector 7
"['Security / Fire Alarm', 'Feng Shui / Vaastu Compliant', 'Intercom Facility', 'Lift(s)', 'Maintenance Staff', 'Water Storage', 'Piped-gas', 'Visitor Parking', 'Swimming Pool', 'Park', 'Internet/wi-fi connectivity', 'Fitness Centre / GYM', 'Club house / Community Center']",gwal pahari
,sector 89
,sector 89
,sector 107
,sector 63
"['Feng Shui / Vaastu Compliant', 'Security / Fire Alarm', 'Intercom Facility', 'Lift(s)', 'Maintenance Staff', 'Water Storage', 'Park', 'Visitor Parking']",sector 108
"['Feng Shui / Vaastu Compliant', 'Security / Fire Alarm', 'Intercom Facility', 'Lift(s)', 'Maintenance Staff', 'Water Storage', 'Park', 'Visitor Parking']",sector 103
,sector 83
"['Centrally Air Conditioned', 'Water purifier', 'Security / Fire Alarm', 'Power Back-up', 'Feng Shui / Vaastu Compliant', 'Private Garden / Terrace', 'Intercom Facility', 'Lift(s)', 'High Ceiling Height', 'Maintenance Staff', 'False Ceiling Lighting', 'Water Storage', 'Separate entry for servant room', 'No open drainage around', 'Bank Attached Property', 'Piped-gas', 'Internet/wi-fi connectivity', 'Recently Renovated', 'Visitor Parking', 'Swimming Pool', 'Park', 'Security Personnel', 'Natural Light', 'Airy Rooms', 'Spacious Interiors', 'Low Density Society', 'Waste Disposal', 'Rain Water Harvesting', 'Water softening plant', 'Shopping Centre', 'Fitness Centre / GYM', 'Club house / Community Center']",sector 9a
"['Security / Fire Alarm', 'Feng Shui / Vaastu Compliant', 'Intercom Facility', 'Lift(s)', 'High Ceiling Height', 'Maintenance Staff', 'Water Storage', 'No open drainage around', 'Bank Attached Property', 'Visitor Parking', 'Swimming Pool', 'Park', 'Low Density Society', 'Shopping Centre', 'Fitness Centre / GYM', 'Waste Disposal', 'Club house / Community Center', 'Water softening plant']",sector 92
,sector 68
"['Intercom Facility', 'Lift(s)', 'Feng Shui / Vaastu Compliant', 'Swimming Pool', 'Park', 'Piped-gas', 'Internet/wi-fi connectivity', 'Club house / Community Center', 'Fitness Centre / GYM', 'Rain Water Harvesting']",sector 43
"['Feng Shui / Vaastu Compliant', 'Security / Fire Alarm', 'Intercom Facility', 'Lift(s)', 'Maintenance Staff', 'Water Storage', 'Park', 'Visitor Parking']",sector 107
"['Lift(s)', 'Swimming Pool', 'Park', 'Fitness Centre / GYM', 'Club house / Community Center']",sector 84
"['Security / Fire Alarm', 'Power Back-up', 'Feng Shui / Vaastu Compliant', 'Intercom Facility', 'Lift(s)', 'High Ceiling Height', 'Maintenance Staff', 'False Ceiling Lighting', 'Water Storage', 'No open drainage around', 'Piped-gas', 'Visitor Parking', 'Swimming Pool', 'Park', 'Security Personnel', 'Internet/wi-fi connectivity', 'Shopping Centre', 'Fitness Centre / GYM', 'Waste Disposal', 'Rain Water Harvesting', 'Club house / Community Center', 'Water softening plant']",sector 37d
"['Intercom Facility', 'Lift(s)', 'Park']",sector 68
"['Security / Fire Alarm', 'Intercom Facility', 'Lift(s)', 'Maintenance Staff', 'Water Storage', 'Visitor Parking', 'Swimming Pool', 'Park', 'Security Personnel', 'Shopping Centre', 'Fitness Centre / GYM', 'Waste Disposal', 'Rain Water Harvesting', 'Club house / Community Center']",sector 69
['Maintenance Staff'],sector 33
,sector 2
"['Security / Fire Alarm', 'Intercom Facility', 'Lift(s)', 'High Ceiling Height', 'Maintenance Staff', 'Water Storage', 'Piped-gas', 'Visitor Parking', 'Swimming Pool', 'Park', 'Security Personnel', 'Natural Light', 'Internet/wi-fi connectivity', 'Airy Rooms', 'Shopping Centre', 'Fitness Centre / GYM', 'Rain Water Harvesting', 'Club house / Community Center', 'Water softening plant']",sector 92
"['Centrally Air Conditioned', 'Security / Fire Alarm', 'Feng Shui / Vaastu Compliant', 'Private Garden / Terrace', 'Intercom Facility', 'Lift(s)', 'High Ceiling Height', 'Maintenance Staff', 'False Ceiling Lighting', 'Water Storage', 'Separate entry for servant room', 'No open drainage around', 'Bank Attached Property', 'Piped-gas', 'Internet/wi-fi connectivity', 'Recently Renovated', 'Visitor Parking', 'Swimming Pool', 'Park', 'Security Personnel', 'Natural Light', 'Airy Rooms', 'Low Density Society', 'Waste Disposal', 'Rain Water Harvesting', 'Water softening plant', 'Shopping Centre', 'Fitness Centre / GYM', 'Club house / Community Center']",sector 99a
"['Feng Shui / Vaastu Compliant', 'Lift(s)', 'Maintenance Staff', 'Swimming Pool', 'Park', 'Piped-gas', 'Security Personnel', 'Shopping Centre', 'Fitness Centre / GYM', 'Club house / Community Center', 'Rain Water Harvesting']",sector 13
"['Security / Fire Alarm', 'Lift(s)', 'Maintenance Staff', 'Water Storage', 'Park', 'Visitor Parking']",manesar
"['Security / Fire Alarm', 'Private Garden / Terrace', 'Lift(s)', 'Maintenance Staff', 'Swimming Pool', 'Water Storage', 'Park', 'Visitor Parking', 'Security Personnel', 'Fitness Centre / GYM', 'Club house / Community Center']",sector 86
"['Centrally Air Conditioned', 'Water purifier', 'Security / Fire Alarm', 'Feng Shui / Vaastu Compliant', 'Intercom Facility', 'Lift(s)', 'High Ceiling Height', 'Maintenance Staff', 'False Ceiling Lighting', 'Water Storage', 'Separate entry for servant room', 'No open drainage around', 'Piped-gas', 'Internet/wi-fi connectivity', 'Recently Renovated', 'Visitor Parking', 'Swimming Pool', 'Park', 'Natural Light', 'Airy Rooms', 'Spacious Interiors', 'Waste Disposal', 'Rain Water Harvesting', 'Water softening plant', 'Shopping Centre', 'Fitness Centre / GYM', 'Club house / Community Center']",sector 66
"['Water purifier', 'Security / Fire Alarm', 'Feng Shui / Vaastu Compliant', 'Private Garden / Terrace', 'Intercom Facility', 'Lift(s)', 'High Ceiling Height', 'Maintenance Staff', 'False Ceiling Lighting', 'Water Storage', 'Separate entry for servant room', 'No open drainage around', 'Bank Attached Property', 'Piped-gas', 'Internet/wi-fi connectivity', 'Recently Renovated', 'Visitor Parking', 'Swimming Pool', 'Park', 'Security Personnel', 'Natural Light', 'Airy Rooms', 'Spacious Interiors', 'Low Density Society', 'Waste Disposal', 'Rain Water Harvesting', 'Water softening plant', 'Shopping Centre', 'Fitness Centre / GYM', 'Club house / Community Center']",sector 113
"['Security / Fire Alarm', 'Power Back-up', 'Feng Shui / Vaastu Compliant', 'Intercom Facility', 'Lift(s)', 'Water purifier', 'High Ceiling Height', 'Maintenance Staff', 'Water Storage', 'Separate entry for servant room', 'No open drainage around', 'Visitor Parking', 'Swimming Pool', 'Park', 'Natural Light', 'Internet/wi-fi connectivity', 'Airy Rooms', 'Low Density Society', 'Fitness Centre / GYM', 'Waste Disposal', 'Rain Water Harvesting', 'Club house / Community Center', 'Water softening plant']",sector 7
"['Feng Shui / Vaastu Compliant', 'Security / Fire Alarm', 'Intercom Facility', 'Maintenance Staff', 'Water Storage', 'Park', 'Visitor Parking']",sector 81
"['Lift(s)', 'Swimming Pool', 'Park', 'Visitor Parking', 'Security Personnel', 'Shopping Centre', 'Fitness Centre / GYM', 'Club house / Community Center']",sector 85
,sector 69
,sector 67
"['Centrally Air Conditioned', 'Water purifier', 'Security / Fire Alarm', 'Power Back-up', 'Feng Shui / Vaastu Compliant', 'Private Garden / Terrace', 'Intercom Facility', 'Lift(s)', 'High Ceiling Height', 'Maintenance Staff', 'False Ceiling Lighting', 'Water Storage', 'Separate entry for servant room', 'No open drainage around', 'Bank Attached Property', 'Piped-gas', 'Internet/wi-fi connectivity', 'Recently Renovated', 'Visitor Parking', 'Swimming Pool', 'Park', 'Security Personnel', 'Natural Light', 'Airy Rooms', 'Spacious Interiors', 'Low Density Society', 'Waste Disposal', 'Rain Water Harvesting', 'Water softening plant', 'Shopping Centre', 'Fitness Centre / GYM', 'Club house / Community Center']",sector 39
,sector 68
,sector 86
"['Security / Fire Alarm', 'Intercom Facility', 'Lift(s)', 'Water Storage', 'Park', 'Visitor Parking']",sector 69
,sector 63
"['Security / Fire Alarm', 'Feng Shui / Vaastu Compliant', 'Intercom Facility', 'Lift(s)', 'Maintenance Staff', 'Water Storage', 'Separate entry for servant room', 'Piped-gas', 'Visitor Parking', 'Swimming Pool', 'Park', 'Security Personnel', 'Internet/wi-fi connectivity', 'Shopping Centre', 'Fitness Centre / GYM', 'Rain Water Harvesting', 'Club house / Community Center']",sector 84
"['Security / Fire Alarm', 'Lift(s)', 'Maintenance Staff', 'Water Storage', 'No open drainage around', 'Park', 'Security Personnel', 'Shopping Centre', 'Fitness Centre / GYM', 'Club house / Community Center']",sector 107
"['Power Back-up', 'Feng Shui / Vaastu Compliant', 'Private Garden / Terrace', 'Intercom Facility', 'Lift(s)', 'High Ceiling Height', 'Maintenance Staff', 'Water Storage', 'Separate entry for servant room', 'No open drainage around', 'Bank Attached Property', 'Piped-gas', 'Visitor Parking', 'Swimming Pool', 'Park', 'Security Personnel', 'Natural Light', 'Internet/wi-fi connectivity', 'Low Density Society', 'Shopping Centre', 'Fitness Centre / GYM', 'Rain Water Harvesting', 'Club house / Community Center', 'Water softening plant']",sector 69
"['Security / Fire Alarm', 'Power Back-up', 'Lift(s)', 'Maintenance Staff', 'Water Storage', 'Recently Renovated', 'Visitor Parking', 'Swimming Pool', 'Park', 'Security Personnel', 'Natural Light', 'Airy Rooms', 'Shopping Centre', 'Fitness Centre / GYM', 'Waste Disposal', 'Rain Water Harvesting', 'Club house / Community Center', 'Water softening plant']",sohna road
"['Feng Shui / Vaastu Compliant', 'Intercom Facility', 'Lift(s)', 'Maintenance Staff', 'Swimming Pool', 'Park', 'Piped-gas', 'Security Personnel', 'Internet/wi-fi connectivity', 'Fitness Centre / GYM', 'Club house / Community Center', 'Rain Water Harvesting']",sector 61
"['Security / Fire Alarm', 'Feng Shui / Vaastu Compliant', 'Intercom Facility', 'Lift(s)', 'High Ceiling Height', 'Maintenance Staff', 'False Ceiling Lighting', 'Water Storage', 'No open drainage around', 'Bank Attached Property', 'Piped-gas', 'Internet/wi-fi connectivity', 'Recently Renovated', 'Visitor Parking', 'Park', 'Security Personnel', 'Natural Light', 'Airy Rooms', 'Spacious Interiors', 'Low Density Society', 'Waste Disposal', 'Rain Water Harvesting', 'Water softening plant', 'Fitness Centre / GYM', 'Club house / Community Center']",sector 48
"['Security / Fire Alarm', 'Feng Shui / Vaastu Compliant', 'Intercom Facility', 'Lift(s)', 'High Ceiling Height', 'Maintenance Staff', 'False Ceiling Lighting', 'Water Storage', 'Separate entry for servant room', 'No open drainage around', 'Visitor Parking', 'Swimming Pool', 'Park', 'Internet/wi-fi connectivity', 'Fitness Centre / GYM', 'Waste Disposal', 'Rain Water Harvesting', 'Club house / Community Center', 'Water softening plant']",manesar
"['Feng Shui / Vaastu Compliant', 'Security / Fire Alarm', 'Intercom Facility', 'Lift(s)', 'Maintenance Staff', 'Water Storage', 'Park', 'Visitor Parking']",sector 52
"['Security / Fire Alarm', 'Intercom Facility', 'Lift(s)', 'Maintenance Staff', 'Swimming Pool', 'Park', 'Security Personnel', 'Internet/wi-fi connectivity', 'Fitness Centre / GYM', 'Club house / Community Center', 'Rain Water Harvesting', 'Water softening plant']",sector 61
"['Security / Fire Alarm', 'Power Back-up', 'Intercom Facility', 'Lift(s)', 'High Ceiling Height', 'Maintenance Staff', 'Water Storage', 'Separate entry for servant room', 'Visitor Parking', 'Swimming Pool', 'Park', 'Shopping Centre', 'Fitness Centre / GYM', 'Club house / Community Center']",sector 93
"['Security / Fire Alarm', 'Feng Shui / Vaastu Compliant', 'Intercom Facility', 'Lift(s)', 'Maintenance Staff', 'Water Storage', 'Separate entry for servant room', 'No open drainage around', 'Piped-gas', 'Visitor Parking', 'Swimming Pool', 'Park', 'Security Personnel', 'Internet/wi-fi connectivity', 'Low Density Society', 'Shopping Centre', 'Fitness Centre / GYM', 'Rain Water Harvesting', 'Club house / Community Center']",gwal pahari
,sector 63a
"['Security / Fire Alarm', 'Feng Shui / Vaastu Compliant', 'Intercom Facility', 'Lift(s)', 'Water purifier', 'High Ceiling Height', 'Maintenance Staff', 'False Ceiling Lighting', 'Water Storage', 'Separate entry for servant room', 'Visitor Parking', 'Swimming Pool', 'Park', 'Security Personnel', 'Natural Light', 'Internet/wi-fi connectivity', 'Airy Rooms', 'Spacious Interiors', 'Low Density Society', 'Shopping Centre', 'Fitness Centre / GYM', 'Waste Disposal', 'Rain Water Harvesting', 'Club house / Community Center']",sector 50
,sector 84
"['Feng Shui / Vaastu Compliant', 'Security / Fire Alarm', 'Intercom Facility', 'Lift(s)', 'Maintenance Staff', 'Water Storage', 'Park', 'Visitor Parking']",sector 72
,sector 106
,sector 108
"['Centrally Air Conditioned', 'Water purifier', 'Security / Fire Alarm', 'Feng Shui / Vaastu Compliant', 'Private Garden / Terrace', 'Intercom Facility', 'Lift(s)', 'High Ceiling Height', 'Maintenance Staff', 'False Ceiling Lighting', 'Water Storage', 'Separate entry for servant room', 'No open drainage around', 'Piped-gas', 'Internet/wi-fi connectivity', 'Recently Renovated', 'Visitor Parking', 'Swimming Pool', 'Park', 'Security Personnel', 'Natural Light', 'Airy Rooms', 'Spacious Interiors', 'Low Density Society', 'Waste Disposal', 'Rain Water Harvesting', 'Water softening plant', 'Shopping Centre', 'Fitness Centre / GYM', 'Club house / Community Center']",sector 4
,sector 82a
"['Power Back-up', 'Security / Fire Alarm', 'Lift(s)', 'Maintenance Staff', 'Water Storage', 'Park', 'Visitor Parking', 'Security Personnel', 'Shopping Centre', 'Club house / Community Center']",sector 79
"['Centrally Air Conditioned', 'Water purifier', 'Security / Fire Alarm', 'Feng Shui / Vaastu Compliant', 'Private Garden / Terrace', 'Intercom Facility', 'Lift(s)', 'High Ceiling Height', 'Maintenance Staff', 'False Ceiling Lighting', 'Water Storage', 'Separate entry for servant room', 'No open drainage around', 'Bank Attached Property', 'Piped-gas', 'Internet/wi-fi connectivity', 'Recently Renovated', 'Visitor Parking', 'Swimming Pool', 'Park', 'Security Personnel', 'Natural Light', 'Airy Rooms', 'Spacious Interiors', 'Low Density Society', 'Waste Disposal', 'Rain Water Harvesting', 'Water softening plant', 'Shopping Centre', 'Fitness Centre / GYM', 'Club house / Community Center']",sector 68
"['Security / Fire Alarm', 'Feng Shui / Vaastu Compliant', 'Private Garden / Terrace', 'Intercom Facility', 'Lift(s)', 'Maintenance Staff', 'Water Storage', 'Separate entry for servant room', 'Piped-gas', 'Visitor Parking', 'Swimming Pool', 'Park', 'Security Personnel', 'Natural Light', 'Airy Rooms', 'Low Density Society', 'Shopping Centre', 'Fitness Centre / GYM', 'Waste Disposal', 'Rain Water Harvesting', 'Club house / Community Center', 'Water softening plant']",sector 53
"['Water purifier', 'Centrally Air Conditioned', 'Security / Fire Alarm', 'Feng Shui / Vaastu Compliant', 'Intercom Facility', 'Lift(s)', 'High Ceiling Height', 'Maintenance Staff', 'Water Storage', 'Separate entry for servant room', 'No open drainage around', 'Bank Attached Property', 'Piped-gas', 'Internet/wi-fi connectivity', 'Recently Renovated', 'Visitor Parking', 'Swimming Pool', 'Park', 'Security Personnel', 'Natural Light', 'Airy Rooms', 'Spacious Interiors', 'Low Density Society', 'Waste Disposal', 'Rain Water Harvesting', 'Water softening plant', 'Shopping Centre', 'Fitness Centre / GYM', 'Club house / Community Center']",sector 91
"['Lift(s)', 'Swimming Pool', 'Park', 'Shopping Centre', 'Fitness Centre / GYM', 'Club house / Community Center']",sector 107
"['Security / Fire Alarm', 'Lift(s)', 'Swimming Pool', 'Maintenance Staff', 'Water Storage', 'Park', 'Fitness Centre / GYM', 'Club house / Community Center']",sector 48
"['Security / Fire Alarm', 'Feng Shui / Vaastu Compliant', 'Intercom Facility', 'Lift(s)', 'Maintenance Staff', 'Water Storage', 'Separate entry for servant room', 'No open drainage around', 'Visitor Parking', 'Swimming Pool', 'Park', 'Security Personnel', 'Internet/wi-fi connectivity', 'Shopping Centre', 'Fitness Centre / GYM', 'Waste Disposal', 'Rain Water Harvesting', 'Club house / Community Center', 'Water softening plant']",sector 12
"['Feng Shui / Vaastu Compliant', 'Private Garden / Terrace', 'Maintenance Staff', 'Water Storage', 'Park', 'Visitor Parking', 'Waste Disposal']",sector 52
"['Feng Shui / Vaastu Compliant', 'Private Garden / Terrace', 'Water purifier', 'Centrally Air Conditioned', 'High Ceiling Height', 'Maintenance Staff', 'Water Storage', 'Separate entry for servant room', 'Visitor Parking', 'Swimming Pool', 'Park', 'Natural Light', 'Spacious Interiors', 'Low Density Society', 'Fitness Centre / GYM', 'Waste Disposal', 'Club house / Community Center']",sector 56
['Lift(s)'],sector 109
"['Centrally Air Conditioned', 'Security / Fire Alarm', 'Feng Shui / Vaastu Compliant', 'Intercom Facility', 'Lift(s)', 'High Ceiling Height', 'Maintenance Staff', 'False Ceiling Lighting', 'Water Storage', 'Separate entry for servant room', 'No open drainage around', 'Bank Attached Property', 'Piped-gas', 'Visitor Parking', 'Swimming Pool', 'Park', 'Security Personnel', 'Natural Light', 'Airy Rooms', 'Spacious Interiors', 'Low Density Society', 'Waste Disposal', 'Rain Water Harvesting', 'Water softening plant', 'Shopping Centre', 'Fitness Centre / GYM', 'Club house / Community Center']",sector 4
"['Power Back-up', 'Intercom Facility', 'Lift(s)', 'Maintenance Staff', 'Park', 'Natural Light', 'Airy Rooms', 'Fitness Centre / GYM', 'Waste Disposal']",sector 103
"['Centrally Air Conditioned', 'Water purifier', 'Security / Fire Alarm', 'Feng Shui / Vaastu Compliant', 'Private Garden / Terrace', 'Intercom Facility', 'Lift(s)', 'High Ceiling Height', 'Maintenance Staff', 'False Ceiling Lighting', 'Water Storage', 'Separate entry for servant room', 'No open drainage around', 'Bank Attached Property', 'Piped-gas', 'Internet/wi-fi connectivity', 'Recently Renovated', 'Visitor Parking', 'Swimming Pool', 'Park', 'Security Personnel', 'Natural Light', 'Airy Rooms', 'Spacious Interiors', 'Low Density Society', 'Waste Disposal', 'Rain Water Harvesting', 'Water softening plant', 'Shopping Centre', 'Fitness Centre / GYM', 'Club house / Community Center']",sector 7
,sector 109
"['Security / Fire Alarm', 'Intercom Facility', 'Lift(s)', 'Maintenance Staff', 'Water Storage', 'Park', 'Visitor Parking']",sector 102
"['Centrally Air Conditioned', 'Water purifier', 'Security / Fire Alarm', 'Power Back-up', 'Feng Shui / Vaastu Compliant', 'Private Garden / Terrace', 'Intercom Facility', 'Lift(s)', 'High Ceiling Height', 'Maintenance Staff', 'False Ceiling Lighting', 'Water Storage', 'Separate entry for servant room', 'No open drainage around', 'Bank Attached Property', 'Piped-gas', 'Internet/wi-fi connectivity', 'Recently Renovated', 'Visitor Parking', 'Swimming Pool', 'Park', 'Security Personnel', 'Natural Light', 'Airy Rooms', 'Spacious Interiors', 'Low Density Society', 'Waste Disposal', 'Rain Water Harvesting', 'Water softening plant', 'Shopping Centre', 'Fitness Centre / GYM', 'Club house / Community Center']",sector 111
"['Centrally Air Conditioned', 'Water purifier', 'Security / Fire Alarm', 'Feng Shui / Vaastu Compliant', 'Private Garden / Terrace', 'Intercom Facility', 'Lift(s)', 'High Ceiling Height', 'Maintenance Staff', 'Water Storage', 'Separate entry for servant room', 'No open drainage around', 'Bank Attached Property', 'Piped-gas', 'Internet/wi-fi connectivity', 'Recently Renovated', 'Visitor Parking', 'Swimming Pool', 'Park', 'Security Personnel', 'Natural Light', 'Airy Rooms', 'Low Density Society', 'Waste Disposal', 'Rain Water Harvesting', 'Water softening plant', 'Shopping Centre', 'Fitness Centre / GYM', 'Club house / Community Center']",sector 2
"['Security / Fire Alarm', 'Feng Shui / Vaastu Compliant', 'Intercom Facility', 'Lift(s)', 'Maintenance Staff', 'Water Storage', 'Separate entry for servant room', 'No open drainage around', 'Bank Attached Property', 'Visitor Parking', 'Swimming Pool', 'Park', 'Security Personnel', 'Low Density Society', 'Shopping Centre', 'Fitness Centre / GYM', 'Waste Disposal', 'Rain Water Harvesting', 'Club house / Community Center', 'Water softening plant']",sector 68
"['Maintenance Staff', 'Water Storage', 'Visitor Parking', 'Waste Disposal']",sector 69
"['Feng Shui / Vaastu Compliant', 'Private Garden / Terrace', 'Water Storage', 'Recently Renovated', 'Visitor Parking', 'Internet/wi-fi connectivity', 'Fitness Centre / GYM', 'Waste Disposal']",sector 67a
"['Feng Shui / Vaastu Compliant', 'Lift(s)', 'Maintenance Staff', 'Park', 'Visitor Parking', 'Security Personnel']",sector 92
,sector 54
,sector 37d
"['High Ceiling Height', 'Water Storage', 'No open drainage around', 'Visitor Parking', 'Security Personnel', 'Natural Light', 'Airy Rooms', 'Club house / Community Center', 'Rain Water Harvesting']",sector 37c
"['Centrally Air Conditioned', 'Water purifier', 'Security / Fire Alarm', 'Feng Shui / Vaastu Compliant', 'Intercom Facility', 'Lift(s)', 'High Ceiling Height', 'Maintenance Staff', 'False Ceiling Lighting', 'Water Storage', 'Separate entry for servant room', 'No open drainage around', 'Piped-gas', 'Internet/wi-fi connectivity', 'Recently Renovated', 'Visitor Parking', 'Swimming Pool', 'Park', 'Natural Light', 'Airy Rooms', 'Spacious Interiors', 'Waste Disposal', 'Rain Water Harvesting', 'Water softening plant', 'Shopping Centre', 'Fitness Centre / GYM', 'Club house / Community Center']",sector 50
,sector 99a
"['Security / Fire Alarm', 'Intercom Facility', 'Lift(s)', 'Maintenance Staff', 'Water Storage', 'Park']",sector 103
"['Power Back-up', 'Feng Shui / Vaastu Compliant', 'Intercom Facility', 'Lift(s)', 'Swimming Pool', 'Maintenance Staff', 'Park', 'Visitor Parking', 'Security Personnel', 'Fitness Centre / GYM', 'Club house / Community Center', 'Rain Water Harvesting']",sector 67
,sector 107
,sector 49
"['Security / Fire Alarm', 'Feng Shui / Vaastu Compliant', 'Private Garden / Terrace', 'Water purifier', 'High Ceiling Height', 'Maintenance Staff', 'False Ceiling Lighting', 'Water Storage', 'Separate entry for servant room', 'Visitor Parking', 'Park', 'Security Personnel', 'Natural Light', 'Airy Rooms', 'Spacious Interiors', 'Fitness Centre / GYM']",sohna road
"['Water purifier', 'Waste Disposal']",sector 70a
,sector 37d
"['Feng Shui / Vaastu Compliant', 'Security / Fire Alarm', 'Intercom Facility', 'Lift(s)', 'Maintenance Staff', 'Water Storage', 'Park', 'Visitor Parking']",sector 49
"['Security / Fire Alarm', 'Intercom Facility', 'Lift(s)', 'Maintenance Staff']",sector 82
"['Feng Shui / Vaastu Compliant', 'Intercom Facility', 'Lift(s)', 'Maintenance Staff', 'Swimming Pool', 'Park', 'Security Personnel', 'Internet/wi-fi connectivity', 'Shopping Centre', 'Fitness Centre / GYM', 'Club house / Community Center', 'Rain Water Harvesting']",sector 99a
"['Internet/wi-fi connectivity', 'Water Storage']",sector 111
"['Feng Shui / Vaastu Compliant', 'Private Garden / Terrace', 'High Ceiling Height', 'Maintenance Staff', 'False Ceiling Lighting', 'Water Storage', 'Bank Attached Property', 'Visitor Parking', 'Park', 'Security Personnel', 'Airy Rooms', 'Spacious Interiors', 'Low Density Society']",sector 57
"['Feng Shui / Vaastu Compliant', 'Private Garden / Terrace', 'Maintenance Staff', 'Water Storage', 'Park', 'Visitor Parking', 'Waste Disposal']",sector 103
,sector 43
"['Security / Fire Alarm', 'Feng Shui / Vaastu Compliant', 'Private Garden / Terrace', 'Centrally Air Conditioned', 'High Ceiling Height', 'Maintenance Staff', 'False Ceiling Lighting', 'Water Storage', 'Separate entry for servant room', 'No open drainage around', 'Visitor Parking', 'Swimming Pool', 'Park', 'Security Personnel', 'Natural Light', 'Airy Rooms', 'Spacious Interiors', 'Low Density Society', 'Waste Disposal', 'Rain Water Harvesting', 'Club house / Community Center']",sector 9a
"['Private Garden / Terrace', 'High Ceiling Height', 'Maintenance Staff', 'Separate entry for servant room', 'No open drainage around', 'Park', 'Visitor Parking', 'Security Personnel', 'Natural Light', 'Airy Rooms', 'Spacious Interiors']",sector 69
"['Water Storage', 'Recently Renovated', 'Visitor Parking', 'Natural Light', 'Internet/wi-fi connectivity', 'Airy Rooms', 'Spacious Interiors', 'Waste Disposal']",sector 37c
"['Security / Fire Alarm', 'Intercom Facility', 'Lift(s)', 'High Ceiling Height', 'Maintenance Staff', 'Water Storage', 'No open drainage around', 'Visitor Parking', 'Swimming Pool', 'Park', 'Security Personnel', 'Natural Light', 'Airy Rooms', 'Shopping Centre', 'Fitness Centre / GYM', 'Waste Disposal', 'Club house / Community Center', 'Water softening plant']",sector 69
"['Feng Shui / Vaastu Compliant', 'Security / Fire Alarm', 'Lift(s)', 'Maintenance Staff', 'Water Storage', 'Park', 'Visitor Parking']",sector 65
"['Feng Shui / Vaastu Compliant', 'Security / Fire Alarm', 'Intercom Facility', 'Lift(s)', 'Maintenance Staff', 'Water Storage', 'Park', 'Visitor Parking']",sector 92
"['Swimming Pool', 'Piped-gas', 'Security Personnel', 'Internet/wi-fi connectivity', 'Fitness Centre / GYM', 'Club house / Community Center', 'Rain Water Harvesting']",sector 109
"['Security / Fire Alarm', 'Power Back-up', 'Feng Shui / Vaastu Compliant', 'Intercom Facility', 'Lift(s)', 'Maintenance Staff', 'Water Storage', 'Bank Attached Property', 'Piped-gas', 'Visitor Parking', 'Swimming Pool', 'Park', 'Natural Light', 'Airy Rooms', 'Low Density Society', 'Shopping Centre', 'Fitness Centre / GYM', 'Waste Disposal', 'Rain Water Harvesting', 'Club house / Community Center']",sector 89
"['Feng Shui / Vaastu Compliant', 'Security / Fire Alarm', 'Intercom Facility', 'Lift(s)', 'Maintenance Staff', 'Swimming Pool', 'Water Storage', 'Park', 'Visitor Parking', 'Fitness Centre / GYM', 'Club house / Community Center']",sector 74
"['Centrally Air Conditioned', 'Water purifier', 'Security / Fire Alarm', 'Feng Shui / Vaastu Compliant', 'Private Garden / Terrace', 'Intercom Facility', 'Lift(s)', 'High Ceiling Height', 'Maintenance Staff', 'False Ceiling Lighting', 'Water Storage', 'Separate entry for servant room', 'No open drainage around', 'Bank Attached Property', 'Piped-gas', 'Internet/wi-fi connectivity', 'Recently Renovated', 'Visitor Parking', 'Swimming Pool', 'Park', 'Security Personnel', 'Natural Light', 'Airy Rooms', 'Spacious Interiors', 'Low Density Society', 'Waste Disposal', 'Rain Water Harvesting', 'Water softening plant', 'Shopping Centre', 'Fitness Centre / GYM', 'Club house / Community Center']",sector 28
"['Security / Fire Alarm', 'Feng Shui / Vaastu Compliant', 'Intercom Facility', 'Lift(s)', 'Maintenance Staff', 'Water Storage', 'Piped-gas', 'Visitor Parking', 'Swimming Pool', 'Park', 'Internet/wi-fi connectivity', 'Shopping Centre', 'Fitness Centre / GYM', 'Club house / Community Center', 'Water softening plant']",sector 85
"['Security / Fire Alarm', 'Power Back-up', 'Feng Shui / Vaastu Compliant', 'Intercom Facility', 'Lift(s)', 'High Ceiling Height', 'Maintenance Staff', 'Water Storage', 'No open drainage around', 'Bank Attached Property', 'Visitor Parking', 'Swimming Pool', 'Park', 'Natural Light', 'Airy Rooms', 'Low Density Society', 'Shopping Centre', 'Fitness Centre / GYM', 'Waste Disposal', 'Rain Water Harvesting', 'Club house / Community Center', 'Water softening plant']",sector 90
"['Security / Fire Alarm', 'Feng Shui / Vaastu Compliant', 'Intercom Facility', 'Lift(s)', 'Maintenance Staff', 'Water Storage', 'Separate entry for servant room', 'Piped-gas', 'Visitor Parking', 'Swimming Pool', 'Park', 'Shopping Centre', 'Fitness Centre / GYM', 'Club house / Community Center', 'Water softening plant']",sector 33
"['Centrally Air Conditioned', 'Water purifier', 'Security / Fire Alarm', 'Feng Shui / Vaastu Compliant', 'Private Garden / Terrace', 'Intercom Facility', 'Lift(s)', 'High Ceiling Height', 'Maintenance Staff', 'False Ceiling Lighting', 'Water Storage', 'Separate entry for servant room', 'No open drainage around', 'Bank Attached Property', 'Piped-gas', 'Internet/wi-fi connectivity', 'Recently Renovated', 'Visitor Parking', 'Swimming Pool', 'Park', 'Security Personnel', 'Natural Light', 'Airy Rooms', 'Spacious Interiors', 'Low Density Society', 'Waste Disposal', 'Rain Water Harvesting', 'Water softening plant', 'Shopping Centre', 'Fitness Centre / GYM', 'Club house / Community Center']",sector 37d
"['Intercom Facility', 'Lift(s)', 'Swimming Pool', 'Park', 'Shopping Centre', 'Fitness Centre / GYM', 'Waste Disposal', 'Club house / Community Center']",sector 63a
"['Feng Shui / Vaastu Compliant', 'Maintenance Staff', 'Water Storage', 'Separate entry for servant room', 'No open drainage around', 'Visitor Parking', 'Swimming Pool', 'Park', 'Security Personnel', 'Low Density Society', 'Fitness Centre / GYM', 'Waste Disposal', 'Rain Water Harvesting', 'Club house / Community Center']",sector 49
"['No open drainage around', 'Natural Light', 'Airy Rooms', 'Low Density Society', 'Waste Disposal']",sector 109
"['Feng Shui / Vaastu Compliant', 'Lift(s)', 'Swimming Pool', 'Maintenance Staff', 'Park', 'Visitor Parking', 'Security Personnel', 'Club house / Community Center', 'Rain Water Harvesting']",sector 85
,sector 108
"['Security / Fire Alarm', 'Power Back-up', 'Intercom Facility', 'Lift(s)', 'High Ceiling Height', 'Maintenance Staff', 'Water Storage', 'No open drainage around', 'Piped-gas', 'Visitor Parking', 'Swimming Pool', 'Park', 'Internet/wi-fi connectivity', 'Fitness Centre / GYM', 'Club house / Community Center', 'Water softening plant']",sector 70a
"['Park', 'Visitor Parking', 'Club house / Community Center']",sohna road
"['Feng Shui / Vaastu Compliant', 'Piped-gas']",sector 6
"['Security / Fire Alarm', 'Feng Shui / Vaastu Compliant', 'Intercom Facility', 'Lift(s)', 'Maintenance Staff', 'Water Storage', 'Separate entry for servant room', 'No open drainage around', 'Bank Attached Property', 'Visitor Parking', 'Swimming Pool', 'Park', 'Security Personnel', 'Low Density Society', 'Shopping Centre', 'Fitness Centre / GYM', 'Waste Disposal', 'Rain Water Harvesting', 'Club house / Community Center', 'Water softening plant']",sector 106
"['Feng Shui / Vaastu Compliant', 'Security / Fire Alarm', 'Intercom Facility', 'Lift(s)', 'Maintenance Staff', 'Water Storage', 'Park', 'Visitor Parking']",sector 92
"['Intercom Facility', 'Lift(s)', 'Maintenance Staff', 'Park']",sector 84
"['Security / Fire Alarm', 'Lift(s)', 'Maintenance Staff', 'Water Storage', 'Park', 'Shopping Centre']",sector 86
"['Centrally Air Conditioned', 'Water purifier', 'Security / Fire Alarm', 'Feng Shui / Vaastu Compliant', 'Intercom Facility', 'Lift(s)', 'High Ceiling Height', 'Maintenance Staff', 'Water Storage', 'Separate entry for servant room', 'No open drainage around', 'Piped-gas', 'Internet/wi-fi connectivity', 'Recently Renovated', 'Visitor Parking', 'Swimming Pool', 'Park', 'Security Personnel', 'Natural Light', 'Airy Rooms', 'Spacious Interiors', 'Waste Disposal', 'Rain Water Harvesting', 'Water softening plant', 'Shopping Centre', 'Fitness Centre / GYM', 'Club house / Community Center']",sector 103
"['Water purifier', 'Security / Fire Alarm', 'Power Back-up', 'Feng Shui / Vaastu Compliant', 'Private Garden / Terrace', 'Intercom Facility', 'Lift(s)', 'High Ceiling Height', 'Maintenance Staff', 'False Ceiling Lighting', 'Water Storage', 'Separate entry for servant room', 'No open drainage around', 'Bank Attached Property', 'Piped-gas', 'Visitor Parking', 'Swimming Pool', 'Park', 'Security Personnel', 'Natural Light', 'Airy Rooms', 'Spacious Interiors', 'Low Density Society', 'Waste Disposal', 'Rain Water Harvesting', 'Water softening plant', 'Shopping Centre', 'Fitness Centre / GYM', 'Club house / Community Center']",sector 38
"['Centrally Air Conditioned', 'Water purifier', 'Security / Fire Alarm', 'Power Back-up', 'Feng Shui / Vaastu Compliant', 'Private Garden / Terrace', 'Intercom Facility', 'Lift(s)', 'High Ceiling Height', 'Maintenance Staff', 'False Ceiling Lighting', 'Water Storage', 'Separate entry for servant room', 'No open drainage around', 'Bank Attached Property', 'Piped-gas', 'Internet/wi-fi connectivity', 'Recently Renovated', 'Visitor Parking', 'Swimming Pool', 'Park', 'Security Personnel', 'Natural Light', 'Airy Rooms', 'Low Density Society', 'Waste Disposal', 'Rain Water Harvesting', 'Water softening plant', 'Shopping Centre', 'Fitness Centre / GYM', 'Club house / Community Center']",sector 8
"['Water purifier', 'Security / Fire Alarm', 'Feng Shui / Vaastu Compliant', 'Intercom Facility', 'Lift(s)', 'High Ceiling Height', 'Maintenance Staff', 'Water Storage', 'No open drainage around', 'Bank Attached Property', 'Piped-gas', 'Internet/wi-fi connectivity', 'Visitor Parking', 'Swimming Pool', 'Park', 'Security Personnel', 'Natural Light', 'Airy Rooms', 'Spacious Interiors', 'Low Density Society', 'Waste Disposal', 'Rain Water Harvesting', 'Water softening plant', 'Shopping Centre', 'Fitness Centre / GYM', 'Club house / Community Center']",sector 109
"['Feng Shui / Vaastu Compliant', 'Security / Fire Alarm', 'Lift(s)', 'Maintenance Staff', 'Water Storage', 'Park', 'Visitor Parking']",dwarka expressway
"['Security / Fire Alarm', 'Feng Shui / Vaastu Compliant', 'Intercom Facility', 'Lift(s)', 'Water purifier', 'High Ceiling Height', 'Maintenance Staff', 'Water Storage', 'Separate entry for servant room', 'No open drainage around', 'Visitor Parking', 'Swimming Pool', 'Park', 'Security Personnel', 'Natural Light', 'Internet/wi-fi connectivity', 'Airy Rooms', 'Low Density Society', 'Shopping Centre', 'Fitness Centre / GYM', 'Waste Disposal', 'Rain Water Harvesting', 'Club house / Community Center', 'Water softening plant']",sector 9
"['Lift(s)', 'Swimming Pool', 'Park', 'Fitness Centre / GYM', 'Club house / Community Center']",sector 90
"['Feng Shui / Vaastu Compliant', 'Maintenance Staff', 'Park', 'Visitor Parking', 'Rain Water Harvesting']",sector 49
"['Feng Shui / Vaastu Compliant', 'Maintenance Staff', 'Water Storage', 'Park', 'Piped-gas', 'Visitor Parking']",sector 102
"['Feng Shui / Vaastu Compliant', 'Security / Fire Alarm', 'Intercom Facility', 'Lift(s)', 'Maintenance Staff', 'Water Storage', 'Park', 'Visitor Parking']",sector 12
"['Intercom Facility', 'Lift(s)', 'Maintenance Staff', 'Park']",sector 79
,sector 2
"['Lift(s)', 'High Ceiling Height', 'Maintenance Staff', 'Swimming Pool', 'Park', 'Visitor Parking', 'Internet/wi-fi connectivity', 'Shopping Centre', 'Fitness Centre / GYM', 'Rain Water Harvesting']",sector 102
"['Feng Shui / Vaastu Compliant', 'Private Garden / Terrace', 'Centrally Air Conditioned', 'Water purifier', 'High Ceiling Height', 'Water Storage', 'Piped-gas', 'Visitor Parking', 'Internet/wi-fi connectivity', 'Fitness Centre / GYM', 'Waste Disposal', 'Rain Water Harvesting', 'Club house / Community Center']",sector 76
"['Security / Fire Alarm', 'Power Back-up', 'Feng Shui / Vaastu Compliant', 'Intercom Facility', 'Lift(s)', 'High Ceiling Height', 'Maintenance Staff', 'False Ceiling Lighting', 'Water Storage', 'Separate entry for servant room', 'No open drainage around', 'Visitor Parking', 'Swimming Pool', 'Park', 'Internet/wi-fi connectivity', 'Fitness Centre / GYM', 'Waste Disposal', 'Rain Water Harvesting', 'Club house / Community Center', 'Water softening plant']",sector 26
"['High Ceiling Height', 'False Ceiling Lighting', 'Security Personnel', 'Natural Light', 'Airy Rooms', 'Spacious Interiors', 'Low Density Society', 'Shopping Centre']",sector 43
,sector 107
"['Power Back-up', 'Security / Fire Alarm', 'Intercom Facility', 'Lift(s)', 'Swimming Pool', 'Maintenance Staff', 'Water Storage', 'Park', 'Fitness Centre / GYM', 'Club house / Community Center', 'Rain Water Harvesting']",sector 92
"['Water purifier', 'Security / Fire Alarm', 'Feng Shui / Vaastu Compliant', 'Private Garden / Terrace', 'Intercom Facility', 'Lift(s)', 'High Ceiling Height', 'Maintenance Staff', 'Water Storage', 'Separate entry for servant room', 'No open drainage around', 'Bank Attached Property', 'Piped-gas', 'Internet/wi-fi connectivity', 'Visitor Parking', 'Swimming Pool', 'Park', 'Security Personnel', 'Natural Light', 'Airy Rooms', 'Low Density Society', 'Waste Disposal', 'Rain Water Harvesting', 'Water softening plant', 'Shopping Centre', 'Fitness Centre / GYM', 'Club house / Community Center']",sector 112
,sector 92
,sector 47
"['Security / Fire Alarm', 'Intercom Facility', 'Lift(s)', 'Maintenance Staff', 'Water Storage', 'Visitor Parking', 'Swimming Pool', 'Park', 'Security Personnel', 'Shopping Centre', 'Fitness Centre / GYM', 'Club house / Community Center', 'Water softening plant']",sector 57
"['Security / Fire Alarm', 'Feng Shui / Vaastu Compliant', 'Intercom Facility', 'Lift(s)', 'High Ceiling Height', 'Maintenance Staff', 'False Ceiling Lighting', 'Water Storage', 'Separate entry for servant room', 'No open drainage around', 'Bank Attached Property', 'Piped-gas', 'Visitor Parking', 'Swimming Pool', 'Park', 'Security Personnel', 'Natural Light', 'Airy Rooms', 'Shopping Centre', 'Fitness Centre / GYM', 'Rain Water Harvesting', 'Club house / Community Center', 'Water softening plant']",sector 45
"['Maintenance Staff', 'Water Storage', 'Waste Disposal']",sector 24
"['Security / Fire Alarm', 'Lift(s)', 'Maintenance Staff', 'Water Storage', 'Recently Renovated', 'Visitor Parking', 'Swimming Pool', 'Park', 'Security Personnel', 'Natural Light', 'Airy Rooms', 'Shopping Centre', 'Fitness Centre / GYM', 'Waste Disposal', 'Rain Water Harvesting', 'Club house / Community Center', 'Water softening plant']",sector 51
,sector 76
"['Lift(s)', 'Water Storage']",sector 72
"['High Ceiling Height', 'Maintenance Staff', 'Water Storage', 'Visitor Parking', 'Waste Disposal', 'Rain Water Harvesting']",sohna road
,sector 112
"['Centrally Air Conditioned', 'Water purifier', 'Security / Fire Alarm', 'Feng Shui / Vaastu Compliant', 'Private Garden / Terrace', 'Intercom Facility', 'Lift(s)', 'High Ceiling Height', 'Maintenance Staff', 'False Ceiling Lighting', 'Water Storage', 'Separate entry for servant room', 'No open drainage around', 'Bank Attached Property', 'Piped-gas', 'Internet/wi-fi connectivity', 'Recently Renovated', 'Visitor Parking', 'Swimming Pool', 'Park', 'Security Personnel', 'Natural Light', 'Airy Rooms', 'Spacious Interiors', 'Low Density Society', 'Waste Disposal', 'Rain Water Harvesting', 'Water softening plant', 'Shopping Centre', 'Fitness Centre / GYM', 'Club house / Community Center']",sector 86
"['Security / Fire Alarm', 'Power Back-up', 'Feng Shui / Vaastu Compliant', 'Intercom Facility', 'Lift(s)', 'High Ceiling Height', 'Maintenance Staff', 'False Ceiling Lighting', 'Water Storage', 'No open drainage around', 'Piped-gas', 'Visitor Parking', 'Swimming Pool', 'Park', 'Internet/wi-fi connectivity', 'Shopping Centre', 'Fitness Centre / GYM', 'Rain Water Harvesting', 'Club house / Community Center', 'Water softening plant']",sector 89
"['Water purifier', 'Security / Fire Alarm', 'Power Back-up', 'Feng Shui / Vaastu Compliant', 'Private Garden / Terrace', 'Intercom Facility', 'Lift(s)', 'High Ceiling Height', 'Maintenance Staff', 'Water Storage', 'Separate entry for servant room', 'No open drainage around', 'Internet/wi-fi connectivity', 'Visitor Parking', 'Swimming Pool', 'Park', 'Security Personnel', 'Natural Light', 'Airy Rooms', 'Spacious Interiors', 'Rain Water Harvesting', 'Water softening plant', 'Shopping Centre', 'Fitness Centre / GYM', 'Club house / Community Center']",sector 99a
"['Security / Fire Alarm', 'False Ceiling Lighting', 'Water Storage', 'No open drainage around', 'Natural Light', 'Internet/wi-fi connectivity', 'Airy Rooms', 'Spacious Interiors']",sector 113
,sector 85
"['Centrally Air Conditioned', 'Water purifier', 'Security / Fire Alarm', 'Feng Shui / Vaastu Compliant', 'Private Garden / Terrace', 'Intercom Facility', 'Lift(s)', 'High Ceiling Height', 'Maintenance Staff', 'False Ceiling Lighting', 'Water Storage', 'Separate entry for servant room', 'No open drainage around', 'Bank Attached Property', 'Piped-gas', 'Internet/wi-fi connectivity', 'Recently Renovated', 'Visitor Parking', 'Swimming Pool', 'Park', 'Security Personnel', 'Natural Light', 'Airy Rooms', 'Spacious Interiors', 'Low Density Society', 'Waste Disposal', 'Rain Water Harvesting', 'Water softening plant', 'Shopping Centre', 'Fitness Centre / GYM', 'Club house / Community Center']",sector 7
"['Feng Shui / Vaastu Compliant', 'Private Garden / Terrace', 'Maintenance Staff', 'Water Storage', 'Park', 'Visitor Parking', 'Waste Disposal', 'Rain Water Harvesting']",sector 24
"['Security / Fire Alarm', 'Feng Shui / Vaastu Compliant', 'Intercom Facility', 'Lift(s)', 'High Ceiling Height', 'Maintenance Staff', 'False Ceiling Lighting', 'Water Storage', 'Piped-gas', 'Visitor Parking', 'Swimming Pool', 'Park', 'Security Personnel', 'Natural Light', 'Airy Rooms', 'Shopping Centre', 'Fitness Centre / GYM', 'Rain Water Harvesting', 'Club house / Community Center', 'Water softening plant']",sector 56
,sohna road
"['Lift(s)', 'Maintenance Staff', 'Park', 'Piped-gas', 'Security Personnel', 'Shopping Centre', 'Waste Disposal', 'Rain Water Harvesting']",sector 7
,sector 2
"['Security / Fire Alarm', 'Power Back-up', 'Feng Shui / Vaastu Compliant', 'Intercom Facility', 'Lift(s)', 'High Ceiling Height', 'Maintenance Staff', 'Water Storage', 'Separate entry for servant room', 'No open drainage around', 'Visitor Parking', 'Swimming Pool', 'Park', 'Security Personnel', 'Natural Light', 'Airy Rooms', 'Shopping Centre', 'Fitness Centre / GYM', 'Waste Disposal', 'Rain Water Harvesting', 'Club house / Community Center']",sector 78
"['Centrally Air Conditioned', 'Water purifier', 'Security / Fire Alarm', 'Power Back-up', 'Feng Shui / Vaastu Compliant', 'Private Garden / Terrace', 'Intercom Facility', 'Lift(s)', 'High Ceiling Height', 'Maintenance Staff', 'False Ceiling Lighting', 'Water Storage', 'Separate entry for servant room', 'No open drainage around', 'Bank Attached Property', 'Piped-gas', 'Internet/wi-fi connectivity', 'Recently Renovated', 'Visitor Parking', 'Swimming Pool', 'Park', 'Security Personnel', 'Natural Light', 'Airy Rooms', 'Spacious Interiors', 'Low Density Society', 'Waste Disposal', 'Rain Water Harvesting', 'Water softening plant', 'Shopping Centre', 'Fitness Centre / GYM', 'Club house / Community Center']",sector 66
,sector 50
,sector 9a
"['Centrally Air Conditioned', 'Water purifier', 'Security / Fire Alarm', 'Feng Shui / Vaastu Compliant', 'Private Garden / Terrace', 'Intercom Facility', 'Lift(s)', 'High Ceiling Height', 'Maintenance Staff', 'False Ceiling Lighting', 'Water Storage', 'Separate entry for servant room', 'No open drainage around', 'Bank Attached Property', 'Piped-gas', 'Internet/wi-fi connectivity', 'Recently Renovated', 'Visitor Parking', 'Park', 'Security Personnel', 'Natural Light', 'Airy Rooms', 'Spacious Interiors', 'Low Density Society', 'Waste Disposal', 'Rain Water Harvesting', 'Water softening plant', 'Shopping Centre', 'Fitness Centre / GYM', 'Club house / Community Center']",sector 68
,sector 11
"['Centrally Air Conditioned', 'Water purifier', 'Security / Fire Alarm', 'Power Back-up', 'Feng Shui / Vaastu Compliant', 'Private Garden / Terrace', 'Intercom Facility', 'Lift(s)', 'High Ceiling Height', 'Maintenance Staff', 'False Ceiling Lighting', 'Water Storage', 'Separate entry for servant room', 'No open drainage around', 'Bank Attached Property', 'Piped-gas', 'Internet/wi-fi connectivity', 'Recently Renovated', 'Visitor Parking', 'Swimming Pool', 'Park', 'Security Personnel', 'Natural Light', 'Airy Rooms', 'Spacious Interiors', 'Low Density Society', 'Waste Disposal', 'Rain Water Harvesting', 'Water softening plant', 'Shopping Centre', 'Fitness Centre / GYM', 'Club house / Community Center']",sector 33
,sector 66
"['Private Garden / Terrace', 'Swimming Pool', 'Water Storage', 'Park', 'Visitor Parking']",sector 84
"['Power Back-up', 'Intercom Facility', 'Lift(s)', 'Water purifier', 'Centrally Air Conditioned', 'Maintenance Staff', 'No open drainage around', 'Piped-gas', 'Swimming Pool', 'Security Personnel', 'Natural Light', 'Spacious Interiors', 'Fitness Centre / GYM', 'Waste Disposal', 'Rain Water Harvesting', 'Club house / Community Center', 'Water softening plant']",sector 4
"['Intercom Facility', 'Lift(s)', 'Water Storage']",sector 13
"['Feng Shui / Vaastu Compliant', 'Private Garden / Terrace', 'Maintenance Staff', 'Water Storage', 'Park', 'Visitor Parking', 'Waste Disposal', 'Rain Water Harvesting']",sector 113
"['Security / Fire Alarm', 'Intercom Facility', 'Lift(s)', 'Maintenance Staff', 'Swimming Pool', 'Water Storage', 'Park', 'Visitor Parking', 'Security Personnel', 'Fitness Centre / GYM', 'Club house / Community Center', 'Rain Water Harvesting']",sector 85
"['Centrally Air Conditioned', 'Water purifier', 'Security / Fire Alarm', 'Power Back-up', 'Feng Shui / Vaastu Compliant', 'Intercom Facility', 'Lift(s)', 'High Ceiling Height', 'Maintenance Staff', 'Water Storage', 'Separate entry for servant room', 'No open drainage around', 'Piped-gas', 'Internet/wi-fi connectivity', 'Recently Renovated', 'Visitor Parking', 'Swimming Pool', 'Park', 'Security Personnel', 'Natural Light', 'Airy Rooms', 'Spacious Interiors', 'Low Density Society', 'Waste Disposal', 'Rain Water Harvesting', 'Water softening plant', 'Shopping Centre', 'Fitness Centre / GYM', 'Club house / Community Center']",sector 58
"['Feng Shui / Vaastu Compliant', 'Intercom Facility', 'Lift(s)', 'High Ceiling Height', 'Maintenance Staff', 'Piped-gas', 'Visitor Parking', 'Swimming Pool', 'Park', 'Natural Light', 'Airy Rooms', 'Low Density Society', 'Shopping Centre', 'Fitness Centre / GYM', 'Waste Disposal', 'Rain Water Harvesting', 'Club house / Community Center']",sector 65
"['Security / Fire Alarm', 'Intercom Facility', 'Lift(s)']",sohna road
"['Feng Shui / Vaastu Compliant', 'Security / Fire Alarm', 'Intercom Facility', 'Lift(s)', 'Maintenance Staff', 'Water Storage', 'Park', 'Visitor Parking', 'Fitness Centre / GYM', 'Club house / Community Center']",sector 65
"['Security / Fire Alarm', 'Feng Shui / Vaastu Compliant', 'Private Garden / Terrace', 'Water purifier', 'High Ceiling Height', 'Maintenance Staff', 'Water Storage', 'Separate entry for servant room', 'No open drainage around', 'Visitor Parking', 'Swimming Pool', 'Park', 'Security Personnel', 'Natural Light', 'Airy Rooms', 'Spacious Interiors', 'Low Density Society', 'Fitness Centre / GYM', 'Waste Disposal', 'Rain Water Harvesting', 'Club house / Community Center']",sector 89
"['Security / Fire Alarm', 'Feng Shui / Vaastu Compliant', 'Intercom Facility', 'Lift(s)', 'Water purifier', 'Maintenance Staff', 'Water Storage', 'Piped-gas', 'Visitor Parking', 'Swimming Pool', 'Park', 'Fitness Centre / GYM', 'Rain Water Harvesting', 'Club house / Community Center']",sector 70a
"['Water purifier', 'Security / Fire Alarm', 'Power Back-up', 'Feng Shui / Vaastu Compliant', 'Private Garden / Terrace', 'Intercom Facility', 'Lift(s)', 'High Ceiling Height', 'Maintenance Staff', 'False Ceiling Lighting', 'Water Storage', 'Separate entry for servant room', 'Piped-gas', 'Internet/wi-fi connectivity', 'Visitor Parking', 'Swimming Pool', 'Park', 'Security Personnel', 'Natural Light', 'Waste Disposal', 'Rain Water Harvesting', 'Water softening plant', 'Shopping Centre', 'Fitness Centre / GYM', 'Club house / Community Center']",sector 37c
"['Centrally Air Conditioned', 'Water purifier', 'Security / Fire Alarm', 'Feng Shui / Vaastu Compliant', 'Private Garden / Terrace', 'High Ceiling Height', 'Maintenance Staff', 'False Ceiling Lighting', 'Water Storage', 'Separate entry for servant room', 'No open drainage around', 'Bank Attached Property', 'Piped-gas', 'Internet/wi-fi connectivity', 'Recently Renovated', 'Visitor Parking', 'Swimming Pool', 'Park', 'Security Personnel', 'Natural Light', 'Airy Rooms', 'Spacious Interiors', 'Low Density Society', 'Waste Disposal', 'Rain Water Harvesting', 'Fitness Centre / GYM', 'Club house / Community Center']",sector 89
"['Feng Shui / Vaastu Compliant', 'Security / Fire Alarm', 'Lift(s)', 'Maintenance Staff', 'Water Storage', 'Park', 'Visitor Parking']",sohna road
"['Security / Fire Alarm', 'Power Back-up', 'Intercom Facility', 'Lift(s)', 'Maintenance Staff', 'Water Storage', 'Piped-gas', 'Visitor Parking', 'Swimming Pool', 'Park', 'Shopping Centre', 'Fitness Centre / GYM', 'Club house / Community Center']",sector 83
"['Intercom Facility', 'Lift(s)', 'Maintenance Staff', 'Swimming Pool', 'Park', 'Visitor Parking', 'Security Personnel', 'Fitness Centre / GYM', 'Club house / Community Center']",sector 104
"['Security / Fire Alarm', 'Power Back-up', 'Intercom Facility', 'Lift(s)', 'Centrally Air Conditioned', 'Maintenance Staff', 'Water Storage', 'Separate entry for servant room', 'No open drainage around', 'Piped-gas', 'Visitor Parking', 'Swimming Pool', 'Park', 'Security Personnel', 'Natural Light', 'Airy Rooms', 'Spacious Interiors', 'Low Density Society', 'Fitness Centre / GYM', 'Waste Disposal', 'Rain Water Harvesting', 'Club house / Community Center']",sector 65
"['Feng Shui / Vaastu Compliant', 'Private Garden / Terrace', 'Maintenance Staff', 'Park', 'Visitor Parking']",sector 108
"['Feng Shui / Vaastu Compliant', 'Security / Fire Alarm', 'Intercom Facility', 'Lift(s)', 'Maintenance Staff', 'Swimming Pool', 'Water Storage', 'Park', 'Visitor Parking', 'Shopping Centre', 'Fitness Centre / GYM', 'Club house / Community Center']",sohna road
"['High Ceiling Height', 'False Ceiling Lighting', 'No open drainage around', 'Park', 'Natural Light', 'Airy Rooms', 'Spacious Interiors', 'Low Density Society']",sector 70a
"['Feng Shui / Vaastu Compliant', 'Security / Fire Alarm', 'Intercom Facility', 'Lift(s)', 'Maintenance Staff', 'Water Storage', 'Park', 'Visitor Parking']",sector 71
"['Lift(s)', 'Park', 'Maintenance Staff', 'Visitor Parking', 'Swimming Pool', 'Security Personnel', 'Natural Light', 'Fitness Centre / GYM']",sector 71
"['Feng Shui / Vaastu Compliant', 'Lift(s)', 'Maintenance Staff', 'Swimming Pool', 'Park', 'Visitor Parking', 'Security Personnel', 'Fitness Centre / GYM']",sector 102
"['Security / Fire Alarm', 'Lift(s)', 'Park', 'Visitor Parking']",sector 67a
"['Feng Shui / Vaastu Compliant', 'Security / Fire Alarm', 'Intercom Facility', 'Lift(s)', 'Maintenance Staff', 'Water Storage', 'Park', 'Visitor Parking']",sector 66
"['Feng Shui / Vaastu Compliant', 'Private Garden / Terrace', 'High Ceiling Height', 'Maintenance Staff', 'False Ceiling Lighting', 'Water Storage', 'Separate entry for servant room', 'No open drainage around', 'Bank Attached Property', 'Piped-gas', 'Visitor Parking', 'Swimming Pool', 'Park', 'Security Personnel', 'Internet/wi-fi connectivity', 'Low Density Society', 'Fitness Centre / GYM', 'Waste Disposal', 'Rain Water Harvesting', 'Club house / Community Center']",sector 56
,sector 65
"['Security / Fire Alarm', 'Intercom Facility', 'Lift(s)', 'Maintenance Staff', 'Water Storage', 'Park', 'Visitor Parking']",sector 99a
"['Feng Shui / Vaastu Compliant', 'Intercom Facility', 'Lift(s)', 'Maintenance Staff', 'Swimming Pool', 'Park', 'Security Personnel', 'Fitness Centre / GYM', 'Club house / Community Center', 'Rain Water Harvesting']",sector 90
"['Intercom Facility', 'Lift(s)', 'Maintenance Staff', 'Water Storage', 'Park', 'Visitor Parking', 'Security Personnel', 'Natural Light', 'Airy Rooms', 'Shopping Centre', 'Waste Disposal']",sector 33
"['Feng Shui / Vaastu Compliant', 'Private Garden / Terrace', 'High Ceiling Height', 'Maintenance Staff', 'False Ceiling Lighting', 'Water Storage', 'Separate entry for servant room', 'No open drainage around', 'Visitor Parking', 'Park', 'Security Personnel', 'Low Density Society', 'Waste Disposal', 'Rain Water Harvesting', 'Club house / Community Center']",sohna road
"['Security / Fire Alarm', 'Private Garden / Terrace', 'Intercom Facility', 'Lift(s)', 'Maintenance Staff', 'Water Storage', 'Visitor Parking', 'Swimming Pool', 'Park', 'Security Personnel', 'Natural Light', 'Airy Rooms', 'Shopping Centre', 'Fitness Centre / GYM', 'Club house / Community Center', 'Water softening plant']",sector 85
"['Security / Fire Alarm', 'Feng Shui / Vaastu Compliant', 'Intercom Facility', 'Lift(s)', 'Water purifier', 'High Ceiling Height', 'Maintenance Staff', 'False Ceiling Lighting', 'Water Storage', 'Recently Renovated', 'Piped-gas', 'Visitor Parking', 'Swimming Pool', 'Park', 'Natural Light', 'Internet/wi-fi connectivity', 'Airy Rooms', 'Spacious Interiors', 'Shopping Centre', 'Fitness Centre / GYM', 'Club house / Community Center', 'Water softening plant']",sector 36a
,sector 78
"['Security / Fire Alarm', 'Feng Shui / Vaastu Compliant', 'Intercom Facility', 'Lift(s)', 'Water purifier', 'Maintenance Staff', 'Water Storage', 'Separate entry for servant room', 'No open drainage around', 'Piped-gas', 'Visitor Parking', 'Swimming Pool', 'Park', 'Security Personnel', 'Natural Light', 'Internet/wi-fi connectivity', 'Spacious Interiors', 'Shopping Centre', 'Fitness Centre / GYM', 'Waste Disposal', 'Rain Water Harvesting', 'Club house / Community Center', 'Water softening plant']",sector 48
"['Intercom Facility', 'Lift(s)', 'Swimming Pool', 'Park', 'Shopping Centre', 'Fitness Centre / GYM', 'Club house / Community Center']",sector 13
,sector 49
"['Centrally Air Conditioned', 'Water purifier', 'Security / Fire Alarm', 'Feng Shui / Vaastu Compliant', 'Intercom Facility', 'Lift(s)', 'Maintenance Staff', 'False Ceiling Lighting', 'Water Storage', 'No open drainage around', 'Bank Attached Property', 'Piped-gas', 'Visitor Parking', 'Swimming Pool', 'Park', 'Natural Light', 'Airy Rooms', 'Spacious Interiors', 'Low Density Society', 'Waste Disposal', 'Rain Water Harvesting', 'Water softening plant', 'Shopping Centre', 'Fitness Centre / GYM', 'Club house / Community Center']",sector 90
['Private Garden / Terrace'],sector 6
"['Water Storage', 'Park', 'Piped-gas']",sector 109
"['Lift(s)', 'Park', 'Piped-gas', 'Security Personnel', 'Internet/wi-fi connectivity', 'Shopping Centre', 'Club house / Community Center']",sector 102
"['Power Back-up', 'Intercom Facility', 'Lift(s)', 'Swimming Pool', 'Park', 'Shopping Centre', 'Fitness Centre / GYM', 'Club house / Community Center']",sector 79
"['Security / Fire Alarm', 'Power Back-up', 'Feng Shui / Vaastu Compliant', 'Intercom Facility', 'Lift(s)', 'Maintenance Staff', 'Water Storage', 'Visitor Parking', 'Swimming Pool', 'Park', 'Fitness Centre / GYM', 'Rain Water Harvesting', 'Club house / Community Center']",sector 113
"['Security / Fire Alarm', 'Power Back-up', 'Intercom Facility', 'Lift(s)', 'Water purifier', 'Maintenance Staff', 'Water Storage', 'Separate entry for servant room', 'No open drainage around', 'Piped-gas', 'Visitor Parking', 'Swimming Pool', 'Park', 'Security Personnel', 'Natural Light', 'Internet/wi-fi connectivity', 'Airy Rooms', 'Spacious Interiors', 'Low Density Society', 'Shopping Centre', 'Fitness Centre / GYM', 'Waste Disposal', 'Rain Water Harvesting', 'Club house / Community Center']",sector 84
"['Feng Shui / Vaastu Compliant', 'Security / Fire Alarm', 'Intercom Facility', 'Lift(s)', 'Maintenance Staff', 'Water Storage', 'Park', 'Visitor Parking']",sector 85
"['Private Garden / Terrace', 'Maintenance Staff', 'Separate entry for servant room', 'Park', 'Visitor Parking']",sector 108
"['Centrally Air Conditioned', 'Water purifier', 'Security / Fire Alarm', 'Power Back-up', 'Feng Shui / Vaastu Compliant', 'Private Garden / Terrace', 'Intercom Facility', 'Lift(s)', 'High Ceiling Height', 'Maintenance Staff', 'False Ceiling Lighting', 'Water Storage', 'Separate entry for servant room', 'No open drainage around', 'Bank Attached Property', 'Piped-gas', 'Internet/wi-fi connectivity', 'Recently Renovated', 'Visitor Parking', 'Swimming Pool', 'Park', 'Security Personnel', 'Natural Light', 'Airy Rooms', 'Spacious Interiors', 'Low Density Society', 'Waste Disposal', 'Rain Water Harvesting', 'Water softening plant', 'Shopping Centre', 'Fitness Centre / GYM', 'Club house / Community Center']",sector 2
"['Private Garden / Terrace', 'Maintenance Staff', 'False Ceiling Lighting', 'Water Storage', 'Separate entry for servant room', 'No open drainage around', 'Visitor Parking', 'Swimming Pool', 'Park', 'Natural Light', 'Internet/wi-fi connectivity', 'Airy Rooms', 'Spacious Interiors', 'Low Density Society', 'Fitness Centre / GYM', 'Waste Disposal', 'Rain Water Harvesting']",sector 43
"['Security / Fire Alarm', 'Feng Shui / Vaastu Compliant', 'Intercom Facility', 'Lift(s)', 'Maintenance Staff', 'Water Storage', 'Separate entry for servant room', 'No open drainage around', 'Visitor Parking', 'Swimming Pool', 'Park', 'Security Personnel', 'Natural Light', 'Airy Rooms', 'Spacious Interiors', 'Shopping Centre', 'Fitness Centre / GYM', 'Waste Disposal', 'Rain Water Harvesting', 'Club house / Community Center']",sector 90
"['Centrally Air Conditioned', 'Water purifier', 'Security / Fire Alarm', 'Feng Shui / Vaastu Compliant', 'Intercom Facility', 'Lift(s)', 'High Ceiling Height', 'Maintenance Staff', 'False Ceiling Lighting', 'Water Storage', 'No open drainage around', 'Bank Attached Property', 'Piped-gas', 'Internet/wi-fi connectivity', 'Visitor Parking', 'Swimming Pool', 'Park', 'Security Personnel', 'Natural Light', 'Airy Rooms', 'Low Density Society', 'Waste Disposal', 'Rain Water Harvesting', 'Water softening plant', 'Shopping Centre', 'Fitness Centre / GYM', 'Club house / Community Center']",sector 111
"['Power Back-up', 'Intercom Facility', 'Lift(s)', 'Swimming Pool', 'No open drainage around', 'Park', 'Shopping Centre', 'Fitness Centre / GYM', 'Club house / Community Center', 'Waste Disposal', 'Rain Water Harvesting', 'Water softening plant']",sector 7
"['Feng Shui / Vaastu Compliant', 'Security / Fire Alarm', 'Intercom Facility', 'Lift(s)', 'Maintenance Staff', 'Swimming Pool', 'Park', 'Visitor Parking', 'Shopping Centre', 'Fitness Centre / GYM', 'Club house / Community Center']",sohna road
"['Security / Fire Alarm', 'Intercom Facility', 'Lift(s)', 'Maintenance Staff', 'Water Storage', 'Visitor Parking', 'Swimming Pool', 'Park', 'Security Personnel', 'Internet/wi-fi connectivity', 'Shopping Centre', 'Fitness Centre / GYM', 'Rain Water Harvesting', 'Club house / Community Center', 'Water softening plant']",sector 67
"['Security / Fire Alarm', 'Power Back-up', 'Feng Shui / Vaastu Compliant', 'Lift(s)', 'High Ceiling Height', 'Maintenance Staff', 'Water Storage', 'Separate entry for servant room', 'No open drainage around', 'Bank Attached Property', 'Visitor Parking', 'Swimming Pool', 'Park', 'Airy Rooms', 'Spacious Interiors', 'Shopping Centre', 'Fitness Centre / GYM', 'Waste Disposal', 'Rain Water Harvesting', 'Club house / Community Center', 'Water softening plant']",sector 81
"['Power Back-up', 'Intercom Facility', 'Swimming Pool', 'Maintenance Staff', 'Park', 'Security Personnel', 'Internet/wi-fi connectivity', 'Fitness Centre / GYM', 'Club house / Community Center', 'Rain Water Harvesting']",sector 5
"['Centrally Air Conditioned', 'Security / Fire Alarm', 'Feng Shui / Vaastu Compliant', 'Intercom Facility', 'Lift(s)', 'High Ceiling Height', 'Maintenance Staff', 'Water Storage', 'No open drainage around', 'Bank Attached Property', 'Piped-gas', 'Visitor Parking', 'Swimming Pool', 'Park', 'Security Personnel', 'Natural Light', 'Airy Rooms', 'Spacious Interiors', 'Low Density Society', 'Waste Disposal', 'Rain Water Harvesting', 'Water softening plant', 'Shopping Centre', 'Fitness Centre / GYM', 'Club house / Community Center']",sector 89
"['Water purifier', 'Centrally Air Conditioned', 'Security / Fire Alarm', 'Feng Shui / Vaastu Compliant', 'Intercom Facility', 'Lift(s)', 'High Ceiling Height', 'Maintenance Staff', 'False Ceiling Lighting', 'Water Storage', 'Separate entry for servant room', 'No open drainage around', 'Piped-gas', 'Internet/wi-fi connectivity', 'Visitor Parking', 'Swimming Pool', 'Park', 'Security Personnel', 'Natural Light', 'Airy Rooms', 'Spacious Interiors', 'Waste Disposal', 'Rain Water Harvesting', 'Water softening plant', 'Shopping Centre', 'Fitness Centre / GYM', 'Club house / Community Center']",sector 3
"['Security / Fire Alarm', 'Power Back-up', 'Feng Shui / Vaastu Compliant', 'Lift(s)', 'Maintenance Staff', 'Water Storage', 'Visitor Parking', 'Swimming Pool', 'Park', 'Natural Light', 'Internet/wi-fi connectivity', 'Airy Rooms', 'Shopping Centre', 'Fitness Centre / GYM', 'Rain Water Harvesting']",sector 67
"['Security / Fire Alarm', 'Feng Shui / Vaastu Compliant', 'Intercom Facility', 'Lift(s)', 'High Ceiling Height', 'Maintenance Staff', 'False Ceiling Lighting', 'Water Storage', 'Separate entry for servant room', 'No open drainage around', 'Bank Attached Property', 'Piped-gas', 'Internet/wi-fi connectivity', 'Visitor Parking', 'Swimming Pool', 'Park', 'Security Personnel', 'Natural Light', 'Airy Rooms', 'Spacious Interiors', 'Low Density Society', 'Waste Disposal', 'Water softening plant', 'Shopping Centre', 'Fitness Centre / GYM', 'Club house / Community Center']",sector 83
"['Centrally Air Conditioned', 'Security / Fire Alarm', 'Feng Shui / Vaastu Compliant', 'Intercom Facility', 'Lift(s)', 'High Ceiling Height', 'Maintenance Staff', 'False Ceiling Lighting', 'Water Storage', 'Separate entry for servant room', 'No open drainage around', 'Piped-gas', 'Internet/wi-fi connectivity', 'Recently Renovated', 'Visitor Parking', 'Swimming Pool', 'Park', 'Natural Light', 'Airy Rooms', 'Spacious Interiors', 'Low Density Society', 'Waste Disposal', 'Rain Water Harvesting', 'Water softening plant', 'Shopping Centre', 'Fitness Centre / GYM', 'Club house / Community Center']",sector 33
"['Maintenance Staff', 'Water Storage', 'Fitness Centre / GYM', 'Waste Disposal']",sector 107
"['Centrally Air Conditioned', 'Water purifier', 'Security / Fire Alarm', 'Feng Shui / Vaastu Compliant', 'Private Garden / Terrace', 'Intercom Facility', 'Lift(s)', 'High Ceiling Height', 'Maintenance Staff', 'False Ceiling Lighting', 'Water Storage', 'Separate entry for servant room', 'No open drainage around', 'Piped-gas', 'Internet/wi-fi connectivity', 'Recently Renovated', 'Visitor Parking', 'Swimming Pool', 'Park', 'Security Personnel', 'Natural Light', 'Airy Rooms', 'Spacious Interiors', 'Low Density Society', 'Waste Disposal', 'Rain Water Harvesting', 'Water softening plant', 'Shopping Centre', 'Fitness Centre / GYM', 'Club house / Community Center']",sector 83
"['Feng Shui / Vaastu Compliant', 'Rain Water Harvesting']",sector 65
"['Power Back-up', 'Feng Shui / Vaastu Compliant', 'Intercom Facility', 'Lift(s)', 'High Ceiling Height', 'Maintenance Staff', 'Water Storage', 'Separate entry for servant room', 'No open drainage around', 'Visitor Parking', 'Swimming Pool', 'Park', 'Natural Light', 'Shopping Centre', 'Fitness Centre / GYM', 'Waste Disposal', 'Rain Water Harvesting', 'Club house / Community Center', 'Water softening plant']",sohna road
"['Centrally Air Conditioned', 'Water purifier', 'Security / Fire Alarm', 'Feng Shui / Vaastu Compliant', 'Private Garden / Terrace', 'High Ceiling Height', 'Maintenance Staff', 'False Ceiling Lighting', 'Water Storage', 'Separate entry for servant room', 'No open drainage around', 'Bank Attached Property', 'Piped-gas', 'Recently Renovated', 'Visitor Parking', 'Swimming Pool', 'Park', 'Security Personnel', 'Natural Light', 'Airy Rooms', 'Spacious Interiors', 'Low Density Society', 'Waste Disposal', 'Rain Water Harvesting', 'Fitness Centre / GYM', 'Club house / Community Center']",sector 102
"['Intercom Facility', 'Lift(s)', 'Maintenance Staff', 'Swimming Pool', 'Park', 'Security Personnel', 'Shopping Centre', 'Fitness Centre / GYM', 'Club house / Community Center', 'Rain Water Harvesting']",new sector 2
"['Intercom Facility', 'Lift(s)', 'Maintenance Staff', 'Water Storage', 'Visitor Parking', 'Swimming Pool', 'Park', 'Security Personnel', 'Natural Light', 'Airy Rooms', 'Low Density Society', 'Shopping Centre', 'Fitness Centre / GYM', 'Club house / Community Center', 'Water softening plant']",sector 43
"['Security / Fire Alarm', 'Lift(s)', 'Maintenance Staff', 'Water Storage', 'Park', 'Visitor Parking']",sector 67
,sector 85
"['Intercom Facility', 'Lift(s)', 'Swimming Pool', 'Park', 'Fitness Centre / GYM', 'Club house / Community Center', 'Rain Water Harvesting']",sector 99a
"['Centrally Air Conditioned', 'Water purifier', 'Security / Fire Alarm', 'Power Back-up', 'Feng Shui / Vaastu Compliant', 'Private Garden / Terrace', 'Intercom Facility', 'Lift(s)', 'High Ceiling Height', 'Maintenance Staff', 'False Ceiling Lighting', 'Water Storage', 'Separate entry for servant room', 'No open drainage around', 'Bank Attached Property', 'Piped-gas', 'Internet/wi-fi connectivity', 'Recently Renovated', 'Visitor Parking', 'Swimming Pool', 'Park', 'Security Personnel', 'Natural Light', 'Airy Rooms', 'Spacious Interiors', 'Low Density Society', 'Waste Disposal', 'Rain Water Harvesting', 'Water softening plant', 'Shopping Centre', 'Fitness Centre / GYM', 'Club house / Community Center']",sector 26
,sector 71
"['Feng Shui / Vaastu Compliant', 'Private Garden / Terrace', 'Maintenance Staff', 'False Ceiling Lighting', 'Water Storage', 'No open drainage around', 'Piped-gas', 'Visitor Parking', 'Swimming Pool', 'Park', 'Natural Light', 'Internet/wi-fi connectivity', 'Airy Rooms', 'Spacious Interiors', 'Low Density Society', 'Fitness Centre / GYM', 'Waste Disposal', 'Rain Water Harvesting', 'Club house / Community Center']",sector 48
"['Water purifier', 'Security / Fire Alarm', 'Power Back-up', 'Feng Shui / Vaastu Compliant', 'Private Garden / Terrace', 'Intercom Facility', 'Lift(s)', 'High Ceiling Height', 'Maintenance Staff', 'Water Storage', 'Separate entry for servant room', 'Internet/wi-fi connectivity', 'Recently Renovated', 'Visitor Parking', 'Swimming Pool', 'Park', 'Security Personnel', 'Natural Light', 'Airy Rooms', 'Spacious Interiors', 'Low Density Society', 'Waste Disposal', 'Rain Water Harvesting', 'Water softening plant', 'Shopping Centre', 'Fitness Centre / GYM', 'Club house / Community Center']",sector 25
,sector 82a
"['Intercom Facility', 'Lift(s)', 'Swimming Pool', 'Park', 'Shopping Centre', 'Fitness Centre / GYM', 'Club house / Community Center', 'Rain Water Harvesting']",sector 24
"['Feng Shui / Vaastu Compliant', 'Maintenance Staff', 'Water Storage', 'Park', 'Visitor Parking', 'Waste Disposal', 'Rain Water Harvesting']",sector 2
"['Private Garden / Terrace', 'High Ceiling Height', 'Maintenance Staff', 'Water Storage', 'Park', 'Visitor Parking', 'Security Personnel', 'Low Density Society', 'Waste Disposal', 'Rain Water Harvesting']",sector 22
"['Water purifier', 'Centrally Air Conditioned', 'Security / Fire Alarm', 'Power Back-up', 'Feng Shui / Vaastu Compliant', 'Private Garden / Terrace', 'Intercom Facility', 'Lift(s)', 'High Ceiling Height', 'Maintenance Staff', 'False Ceiling Lighting', 'Water Storage', 'Separate entry for servant room', 'No open drainage around', 'Bank Attached Property', 'Piped-gas', 'Internet/wi-fi connectivity', 'Recently Renovated', 'Visitor Parking', 'Swimming Pool', 'Park', 'Security Personnel', 'Natural Light', 'Airy Rooms', 'Spacious Interiors', 'Low Density Society', 'Waste Disposal', 'Rain Water Harvesting', 'Water softening plant', 'Shopping Centre', 'Fitness Centre / GYM', 'Club house / Community Center']",sector 45
"['Park', 'Visitor Parking']",sector 65
"['Centrally Air Conditioned', 'Water purifier', 'Security / Fire Alarm', 'Feng Shui / Vaastu Compliant', 'Private Garden / Terrace', 'Intercom Facility', 'Lift(s)', 'High Ceiling Height', 'Maintenance Staff', 'False Ceiling Lighting', 'Water Storage', 'Separate entry for servant room', 'No open drainage around', 'Bank Attached Property', 'Piped-gas', 'Internet/wi-fi connectivity', 'Recently Renovated', 'Visitor Parking', 'Swimming Pool', 'Park', 'Security Personnel', 'Natural Light', 'Airy Rooms', 'Spacious Interiors', 'Low Density Society', 'Waste Disposal', 'Rain Water Harvesting', 'Water softening plant', 'Shopping Centre', 'Fitness Centre / GYM', 'Club house / Community Center']",sector 45
"['Security / Fire Alarm', 'Feng Shui / Vaastu Compliant', 'Intercom Facility', 'Lift(s)', 'Maintenance Staff', 'Water Storage', 'Piped-gas', 'Visitor Parking', 'Swimming Pool', 'Park', 'Security Personnel', 'Internet/wi-fi connectivity', 'Shopping Centre', 'Fitness Centre / GYM', 'Waste Disposal', 'Rain Water Harvesting', 'Club house / Community Center', 'Water softening plant']",sector 69
,sector 103
"['Centrally Air Conditioned', 'Security / Fire Alarm', 'Power Back-up', 'Feng Shui / Vaastu Compliant', 'Intercom Facility', 'Lift(s)', 'High Ceiling Height', 'Maintenance Staff', 'False Ceiling Lighting', 'Water Storage', 'Separate entry for servant room', 'No open drainage around', 'Bank Attached Property', 'Piped-gas', 'Internet/wi-fi connectivity', 'Recently Renovated', 'Visitor Parking', 'Swimming Pool', 'Park', 'Security Personnel', 'Natural Light', 'Airy Rooms', 'Spacious Interiors', 'Low Density Society', 'Waste Disposal', 'Rain Water Harvesting', 'Water softening plant', 'Shopping Centre', 'Fitness Centre / GYM', 'Club house / Community Center']",sohna road
"['Centrally Air Conditioned', 'Water purifier', 'Security / Fire Alarm', 'Power Back-up', 'Feng Shui / Vaastu Compliant', 'Private Garden / Terrace', 'Intercom Facility', 'Lift(s)', 'High Ceiling Height', 'Maintenance Staff', 'Water Storage', 'Separate entry for servant room', 'No open drainage around', 'Bank Attached Property', 'Piped-gas', 'Internet/wi-fi connectivity', 'Recently Renovated', 'Visitor Parking', 'Swimming Pool', 'Park', 'Security Personnel', 'Natural Light', 'Airy Rooms', 'Spacious Interiors', 'Low Density Society', 'Waste Disposal', 'Rain Water Harvesting', 'Water softening plant', 'Shopping Centre', 'Fitness Centre / GYM', 'Club house / Community Center']",sector 51
,sector 102
"['Water Storage', 'Waste Disposal']",sector 2
"['Security / Fire Alarm', 'Lift(s)', 'Maintenance Staff', 'Park']",sector 37c
"['Security / Fire Alarm', 'Feng Shui / Vaastu Compliant', 'Intercom Facility', 'Lift(s)', 'Maintenance Staff', 'Water Storage', 'Separate entry for servant room', 'No open drainage around', 'Visitor Parking', 'Swimming Pool', 'Park', 'Security Personnel', 'Internet/wi-fi connectivity', 'Shopping Centre', 'Fitness Centre / GYM', 'Waste Disposal', 'Rain Water Harvesting', 'Club house / Community Center', 'Water softening plant']",sector 83
"['Feng Shui / Vaastu Compliant', 'Private Garden / Terrace', 'Water Storage']",sector 104
,sector 82
"['Security / Fire Alarm', 'Feng Shui / Vaastu Compliant', 'Intercom Facility', 'Lift(s)', 'Water purifier', 'High Ceiling Height', 'Maintenance Staff', 'Water Storage', 'Visitor Parking', 'Swimming Pool', 'Park', 'Natural Light', 'Internet/wi-fi connectivity', 'Shopping Centre', 'Fitness Centre / GYM', 'Club house / Community Center']",sector 26
"['Power Back-up', 'Intercom Facility', 'Lift(s)', 'Swimming Pool', 'Park', 'Piped-gas', 'Shopping Centre', 'Fitness Centre / GYM', 'Club house / Community Center']",sector 109
"['Feng Shui / Vaastu Compliant', 'Intercom Facility', 'Lift(s)', 'Maintenance Staff', 'Water Storage', 'Park', 'Visitor Parking']",sector 56
"['Maintenance Staff', 'Water Storage', 'Park', 'Visitor Parking', 'Waste Disposal']",sector 89
"['Security / Fire Alarm', 'Intercom Facility', 'Lift(s)', 'Maintenance Staff', 'Water Storage', 'Separate entry for servant room', 'Park', 'Piped-gas', 'Visitor Parking', 'Waste Disposal']",sector 107
,sohna road road
,sector 99a
"['Power Back-up', 'Feng Shui / Vaastu Compliant', 'Intercom Facility', 'Lift(s)', 'Maintenance Staff', 'Piped-gas', 'Swimming Pool', 'Park', 'Security Personnel', 'Internet/wi-fi connectivity', 'Fitness Centre / GYM', 'Rain Water Harvesting', 'Club house / Community Center', 'Water softening plant']",sector 66
,sector 81
,sohna road
"['Security / Fire Alarm', 'Power Back-up', 'Feng Shui / Vaastu Compliant', 'Intercom Facility', 'Lift(s)', 'Maintenance Staff', 'Water Storage', 'Visitor Parking', 'Swimming Pool', 'Park', 'Natural Light', 'Internet/wi-fi connectivity', 'Airy Rooms', 'Shopping Centre', 'Fitness Centre / GYM', 'Rain Water Harvesting', 'Club house / Community Center', 'Water softening plant']",sector 37d
"['Private Garden / Terrace', 'Water Storage', 'Park', 'Visitor Parking']",sector 50
"['Feng Shui / Vaastu Compliant', 'Security / Fire Alarm', 'Intercom Facility', 'Lift(s)', 'Maintenance Staff', 'Park', 'Visitor Parking']",sector 104
"['Security / Fire Alarm', 'Power Back-up', 'Feng Shui / Vaastu Compliant', 'Intercom Facility', 'Lift(s)', 'High Ceiling Height', 'Maintenance Staff', 'Water Storage', 'Separate entry for servant room', 'No open drainage around', 'Piped-gas', 'Internet/wi-fi connectivity', 'Visitor Parking', 'Swimming Pool', 'Park', 'Security Personnel', 'Natural Light', 'Airy Rooms', 'Spacious Interiors', 'Low Density Society', 'Waste Disposal', 'Rain Water Harvesting', 'Shopping Centre', 'Fitness Centre / GYM', 'Club house / Community Center']",sector 78
"['Power Back-up', 'Intercom Facility', 'Lift(s)', 'Water purifier', 'Swimming Pool', 'Maintenance Staff', 'Park', 'Piped-gas', 'Security Personnel', 'Internet/wi-fi connectivity', 'Fitness Centre / GYM', 'Club house / Community Center']",sector 83
"['Feng Shui / Vaastu Compliant', 'Security / Fire Alarm', 'Intercom Facility', 'Maintenance Staff', 'Water Storage', 'Park', 'Visitor Parking']",sector 60
"['Feng Shui / Vaastu Compliant', 'Intercom Facility', 'Lift(s)', 'Water purifier', 'High Ceiling Height', 'False Ceiling Lighting', 'No open drainage around', 'Recently Renovated', 'Piped-gas', 'Swimming Pool', 'Park', 'Security Personnel', 'Natural Light', 'Internet/wi-fi connectivity', 'Airy Rooms', 'Spacious Interiors', 'Low Density Society', 'Shopping Centre', 'Fitness Centre / GYM', 'Waste Disposal', 'Rain Water Harvesting', 'Club house / Community Center', 'Water softening plant']",sector 11
"['Intercom Facility', 'Lift(s)', 'Maintenance Staff', 'Swimming Pool', 'Security Personnel', 'Fitness Centre / GYM', 'Club house / Community Center', 'Rain Water Harvesting']",sector 49
"['Lift(s)', 'Maintenance Staff', 'Recently Renovated', 'Security Personnel']",sector 113
"['Feng Shui / Vaastu Compliant', 'Security / Fire Alarm', 'Intercom Facility', 'Lift(s)', 'Maintenance Staff', 'Water Storage', 'Park', 'Visitor Parking']",sector 74
"['Centrally Air Conditioned', 'Water purifier', 'Security / Fire Alarm', 'Power Back-up', 'Feng Shui / Vaastu Compliant', 'Private Garden / Terrace', 'Intercom Facility', 'Lift(s)', 'High Ceiling Height', 'Maintenance Staff', 'False Ceiling Lighting', 'Water Storage', 'Separate entry for servant room', 'No open drainage around', 'Bank Attached Property', 'Internet/wi-fi connectivity', 'Recently Renovated', 'Visitor Parking', 'Swimming Pool', 'Park', 'Security Personnel', 'Natural Light', 'Airy Rooms', 'Spacious Interiors', 'Low Density Society', 'Waste Disposal', 'Rain Water Harvesting', 'Water softening plant', 'Shopping Centre', 'Fitness Centre / GYM', 'Club house / Community Center']",sector 36a
"['Lift(s)', 'Feng Shui / Vaastu Compliant', 'Intercom Facility', 'Security / Fire Alarm', 'Swimming Pool', 'Park', 'Visitor Parking', 'Maintenance Staff', 'Water Storage', 'Piped-gas', 'Security Personnel', 'Club house / Community Center', 'Fitness Centre / GYM']",sector 65
,sector 68
"['Intercom Facility', 'Lift(s)', 'Swimming Pool', 'Park', 'Internet/wi-fi connectivity', 'Fitness Centre / GYM', 'Club house / Community Center']",sector 68
,sector 92
"['Security / Fire Alarm', 'Power Back-up', 'Feng Shui / Vaastu Compliant', 'Intercom Facility', 'Lift(s)', 'High Ceiling Height', 'Maintenance Staff', 'No open drainage around', 'Piped-gas', 'Visitor Parking', 'Park', 'Security Personnel', 'Natural Light', 'Internet/wi-fi connectivity', 'Airy Rooms', 'Spacious Interiors', 'Low Density Society', 'Shopping Centre', 'Fitness Centre / GYM', 'Waste Disposal', 'Rain Water Harvesting', 'Club house / Community Center', 'Water softening plant']",sector 85
,sector 79
"['Centrally Air Conditioned', 'Water purifier', 'Security / Fire Alarm', 'Power Back-up', 'Feng Shui / Vaastu Compliant', 'Private Garden / Terrace', 'Intercom Facility', 'Lift(s)', 'High Ceiling Height', 'Maintenance Staff', 'False Ceiling Lighting', 'Water Storage', 'Separate entry for servant room', 'No open drainage around', 'Bank Attached Property', 'Piped-gas', 'Internet/wi-fi connectivity', 'Recently Renovated', 'Visitor Parking', 'Swimming Pool', 'Park', 'Security Personnel', 'Natural Light', 'Airy Rooms', 'Spacious Interiors', 'Low Density Society', 'Waste Disposal', 'Rain Water Harvesting', 'Water softening plant', 'Shopping Centre', 'Fitness Centre / GYM', 'Club house / Community Center']",sector 104
"['Security / Fire Alarm', 'Feng Shui / Vaastu Compliant', 'Intercom Facility', 'Lift(s)', 'High Ceiling Height', 'Maintenance Staff', 'Water Storage', 'No open drainage around', 'Piped-gas', 'Visitor Parking', 'Swimming Pool', 'Park', 'Security Personnel', 'Natural Light', 'Internet/wi-fi connectivity', 'Airy Rooms', 'Spacious Interiors', 'Low Density Society', 'Shopping Centre', 'Fitness Centre / GYM', 'Waste Disposal', 'Club house / Community Center', 'Water softening plant']",sector 113
"['Security / Fire Alarm', 'Intercom Facility', 'Lift(s)', 'Maintenance Staff', 'Water Storage', 'Swimming Pool', 'Park', 'Security Personnel', 'Natural Light', 'Internet/wi-fi connectivity', 'Shopping Centre', 'Fitness Centre / GYM', 'Waste Disposal', 'Rain Water Harvesting', 'Club house / Community Center', 'Water softening plant']",sector 74
"['Water purifier', 'Security / Fire Alarm', 'Feng Shui / Vaastu Compliant', 'Private Garden / Terrace', 'Intercom Facility', 'Lift(s)', 'High Ceiling Height', 'Maintenance Staff', 'False Ceiling Lighting', 'Water Storage', 'Separate entry for servant room', 'No open drainage around', 'Bank Attached Property', 'Piped-gas', 'Internet/wi-fi connectivity', 'Recently Renovated', 'Visitor Parking', 'Swimming Pool', 'Park', 'Security Personnel', 'Natural Light', 'Airy Rooms', 'Low Density Society', 'Waste Disposal', 'Rain Water Harvesting', 'Water softening plant', 'Shopping Centre', 'Fitness Centre / GYM', 'Club house / Community Center']",sector 70a
,sector 102
['Water Storage'],sector 79
"['Centrally Air Conditioned', 'Water purifier', 'Security / Fire Alarm', 'Power Back-up', 'Feng Shui / Vaastu Compliant', 'Private Garden / Terrace', 'Intercom Facility', 'Lift(s)', 'High Ceiling Height', 'Maintenance Staff', 'False Ceiling Lighting', 'Water Storage', 'Separate entry for servant room', 'No open drainage around', 'Bank Attached Property', 'Piped-gas', 'Internet/wi-fi connectivity', 'Recently Renovated', 'Visitor Parking', 'Swimming Pool', 'Park', 'Security Personnel', 'Natural Light', 'Airy Rooms', 'Low Density Society', 'Waste Disposal', 'Rain Water Harvesting', 'Water softening plant', 'Shopping Centre', 'Fitness Centre / GYM', 'Club house / Community Center']",sector 57
"['Lift(s)', 'Centrally Air Conditioned', 'Swimming Pool', 'Security Personnel', 'Maintenance Staff', 'Park', 'Visitor Parking', 'Piped-gas', 'Fitness Centre / GYM']",sector 90
"['Power Back-up', 'Lift(s)', 'High Ceiling Height', 'Swimming Pool', 'Maintenance Staff', 'Park', 'Visitor Parking', 'Internet/wi-fi connectivity', 'Fitness Centre / GYM', 'Club house / Community Center', 'Water softening plant']",sector 3
"['Feng Shui / Vaastu Compliant', 'Private Garden / Terrace', 'Maintenance Staff', 'False Ceiling Lighting', 'Water Storage', 'Separate entry for servant room', 'Visitor Parking', 'Swimming Pool', 'Park', 'Security Personnel', 'Fitness Centre / GYM', 'Waste Disposal', 'Rain Water Harvesting']",sector 109
"['Feng Shui / Vaastu Compliant', 'Private Garden / Terrace', 'Water purifier', 'High Ceiling Height', 'Maintenance Staff', 'Water Storage', 'Separate entry for servant room', 'No open drainage around', 'Bank Attached Property', 'Piped-gas', 'Visitor Parking', 'Swimming Pool', 'Park', 'Security Personnel', 'Natural Light', 'Airy Rooms', 'Low Density Society', 'Fitness Centre / GYM', 'Waste Disposal', 'Rain Water Harvesting', 'Club house / Community Center']",sector 83
"['Feng Shui / Vaastu Compliant', 'Security / Fire Alarm', 'Intercom Facility', 'Lift(s)', 'Maintenance Staff', 'Water Storage', 'Park', 'Visitor Parking']",sector 109
"['Security / Fire Alarm', 'Power Back-up', 'Feng Shui / Vaastu Compliant', 'Intercom Facility', 'Lift(s)', 'High Ceiling Height', 'Maintenance Staff', 'False Ceiling Lighting', 'Water Storage', 'Separate entry for servant room', 'No open drainage around', 'Piped-gas', 'Visitor Parking', 'Swimming Pool', 'Park', 'Security Personnel', 'Internet/wi-fi connectivity', 'Shopping Centre', 'Fitness Centre / GYM', 'Waste Disposal', 'Rain Water Harvesting', 'Water softening plant']",sector 108
"['Feng Shui / Vaastu Compliant', 'Security / Fire Alarm', 'Intercom Facility', 'Lift(s)', 'Maintenance Staff', 'Water Storage', 'Park', 'Visitor Parking']",sector 66
"['Private Garden / Terrace', 'Maintenance Staff', 'Visitor Parking']",sector 102
"['Security / Fire Alarm', 'Feng Shui / Vaastu Compliant', 'Intercom Facility', 'Lift(s)', 'High Ceiling Height', 'Maintenance Staff', 'False Ceiling Lighting', 'Water Storage', 'Separate entry for servant room', 'No open drainage around', 'Visitor Parking', 'Swimming Pool', 'Park', 'Internet/wi-fi connectivity', 'Shopping Centre', 'Fitness Centre / GYM', 'Waste Disposal', 'Rain Water Harvesting', 'Club house / Community Center', 'Water softening plant']",sector 95
"['Centrally Air Conditioned', 'Water purifier', 'Security / Fire Alarm', 'Power Back-up', 'Feng Shui / Vaastu Compliant', 'Private Garden / Terrace', 'Intercom Facility', 'Lift(s)', 'High Ceiling Height', 'Maintenance Staff', 'False Ceiling Lighting', 'Water Storage', 'Separate entry for servant room', 'No open drainage around', 'Bank Attached Property', 'Piped-gas', 'Internet/wi-fi connectivity', 'Recently Renovated', 'Visitor Parking', 'Swimming Pool', 'Park', 'Security Personnel', 'Natural Light', 'Airy Rooms', 'Spacious Interiors', 'Low Density Society', 'Waste Disposal', 'Rain Water Harvesting', 'Water softening plant', 'Shopping Centre', 'Fitness Centre / GYM', 'Club house / Community Center']",sohna road
"['Security / Fire Alarm', 'Intercom Facility', 'Lift(s)', 'Maintenance Staff', 'Water Storage', 'Park', 'Visitor Parking']",sector 85
,sohna road
"['Security / Fire Alarm', 'Lift(s)', 'Maintenance Staff', 'Water Storage', 'Visitor Parking', 'Internet/wi-fi connectivity']",sohna road
"['Power Back-up', 'Intercom Facility', 'Lift(s)', 'High Ceiling Height', 'Separate entry for servant room', 'Swimming Pool', 'Park', 'Shopping Centre', 'Fitness Centre / GYM', 'Waste Disposal', 'Rain Water Harvesting', 'Club house / Community Center', 'Water softening plant']",sector 39
"['Security / Fire Alarm', 'Intercom Facility', 'Lift(s)', 'Maintenance Staff', 'Separate entry for servant room', 'No open drainage around', 'Piped-gas', 'Visitor Parking', 'Swimming Pool', 'Park', 'Security Personnel', 'Natural Light', 'Airy Rooms', 'Shopping Centre', 'Fitness Centre / GYM', 'Waste Disposal', 'Club house / Community Center']",sector 71
"['Centrally Air Conditioned', 'Water purifier', 'Security / Fire Alarm', 'Feng Shui / Vaastu Compliant', 'Private Garden / Terrace', 'Intercom Facility', 'Lift(s)', 'High Ceiling Height', 'Maintenance Staff', 'False Ceiling Lighting', 'Water Storage', 'Separate entry for servant room', 'No open drainage around', 'Bank Attached Property', 'Piped-gas', 'Internet/wi-fi connectivity', 'Recently Renovated', 'Visitor Parking', 'Swimming Pool', 'Park', 'Security Personnel', 'Natural Light', 'Airy Rooms', 'Spacious Interiors', 'Low Density Society', 'Waste Disposal', 'Rain Water Harvesting', 'Water softening plant', 'Shopping Centre', 'Fitness Centre / GYM', 'Club house / Community Center']",sector 48
"['Intercom Facility', 'Security / Fire Alarm', 'Private Garden / Terrace', 'Park', 'Maintenance Staff', 'Visitor Parking', 'Water Storage', 'Piped-gas', 'Swimming Pool', 'Security Personnel', 'Natural Light', 'High Ceiling Height', 'Club house / Community Center', 'Fitness Centre / GYM', 'Water softening plant', 'Rain Water Harvesting', 'Shopping Centre']",sector 79
"['Security / Fire Alarm', 'Power Back-up', 'Feng Shui / Vaastu Compliant', 'Intercom Facility', 'Lift(s)', 'False Ceiling Lighting', 'Water Storage', 'Visitor Parking', 'Park', 'Shopping Centre', 'Fitness Centre / GYM', 'Rain Water Harvesting', 'Water softening plant']",sector 81
"['Centrally Air Conditioned', 'Water purifier', 'Security / Fire Alarm', 'Power Back-up', 'Feng Shui / Vaastu Compliant', 'Private Garden / Terrace', 'Intercom Facility', 'Lift(s)', 'High Ceiling Height', 'Maintenance Staff', 'False Ceiling Lighting', 'Water Storage', 'Separate entry for servant room', 'No open drainage around', 'Bank Attached Property', 'Piped-gas', 'Internet/wi-fi connectivity', 'Recently Renovated', 'Visitor Parking', 'Swimming Pool', 'Park', 'Security Personnel', 'Natural Light', 'Airy Rooms', 'Spacious Interiors', 'Low Density Society', 'Waste Disposal', 'Rain Water Harvesting', 'Water softening plant', 'Shopping Centre', 'Fitness Centre / GYM', 'Club house / Community Center']",sector 81
"['Security / Fire Alarm', 'Feng Shui / Vaastu Compliant', 'Private Garden / Terrace', 'Intercom Facility', 'Lift(s)', 'Centrally Air Conditioned', 'Water purifier', 'High Ceiling Height', 'Maintenance Staff', 'False Ceiling Lighting', 'Water Storage', 'Bank Attached Property', 'Recently Renovated', 'Piped-gas', 'Visitor Parking', 'Park', 'Security Personnel', 'Natural Light', 'Internet/wi-fi connectivity', 'Airy Rooms', 'Spacious Interiors', 'Rain Water Harvesting']",sector 108
"['Feng Shui / Vaastu Compliant', 'Security / Fire Alarm', 'Intercom Facility', 'Lift(s)', 'Maintenance Staff', 'Water Storage', 'Park', 'Visitor Parking']",sector 85
"['Feng Shui / Vaastu Compliant', 'Private Garden / Terrace', 'High Ceiling Height', 'Maintenance Staff', 'False Ceiling Lighting', 'Water Storage', 'Separate entry for servant room', 'No open drainage around', 'Visitor Parking', 'Security Personnel', 'Internet/wi-fi connectivity', 'Low Density Society', 'Fitness Centre / GYM', 'Waste Disposal', 'Rain Water Harvesting']",sector 63a
"['Centrally Air Conditioned', 'Water purifier', 'Security / Fire Alarm', 'Intercom Facility', 'Lift(s)', 'High Ceiling Height', 'Maintenance Staff', 'False Ceiling Lighting', 'Water Storage', 'No open drainage around', 'Bank Attached Property', 'Piped-gas', 'Internet/wi-fi connectivity', 'Visitor Parking', 'Swimming Pool', 'Park', 'Security Personnel', 'Natural Light', 'Airy Rooms', 'Low Density Society', 'Waste Disposal', 'Rain Water Harvesting', 'Water softening plant', 'Shopping Centre', 'Fitness Centre / GYM', 'Club house / Community Center']",sector 84
"['Feng Shui / Vaastu Compliant', 'Security / Fire Alarm', 'Intercom Facility', 'Lift(s)', 'Maintenance Staff', 'Water Storage', 'Park', 'Visitor Parking']",sector 85
"['Feng Shui / Vaastu Compliant', 'Private Garden / Terrace', 'High Ceiling Height', 'Maintenance Staff', 'False Ceiling Lighting', 'Water Storage', 'No open drainage around', 'Visitor Parking', 'Park', 'Security Personnel', 'Low Density Society', 'Waste Disposal', 'Rain Water Harvesting']",sector 70
"['Private Garden / Terrace', 'Intercom Facility', 'Lift(s)', 'Maintenance Staff', 'False Ceiling Lighting', 'Water Storage', 'No open drainage around', 'Visitor Parking', 'Swimming Pool', 'Park', 'Natural Light', 'Internet/wi-fi connectivity', 'Airy Rooms', 'Shopping Centre', 'Fitness Centre / GYM', 'Rain Water Harvesting', 'Club house / Community Center']",sector 95
"['Power Back-up', 'Intercom Facility', 'Lift(s)', 'Maintenance Staff', 'Park', 'Natural Light', 'Airy Rooms', 'Fitness Centre / GYM', 'Waste Disposal']",sector 39
"['Security / Fire Alarm', 'Intercom Facility', 'Lift(s)', 'Maintenance Staff', 'Water Storage', 'No open drainage around', 'Visitor Parking', 'Swimming Pool', 'Park', 'Security Personnel', 'Natural Light', 'Internet/wi-fi connectivity', 'Airy Rooms', 'Low Density Society', 'Shopping Centre', 'Fitness Centre / GYM', 'Waste Disposal', 'Rain Water Harvesting', 'Club house / Community Center', 'Water softening plant']",sector 102
"['Lift(s)', 'Maintenance Staff', 'Park', 'Piped-gas', 'Security Personnel']",sector 104
"['Lift(s)', 'Maintenance Staff', 'Swimming Pool', 'Park', 'Piped-gas', 'Security Personnel', 'Fitness Centre / GYM', 'Club house / Community Center', 'Rain Water Harvesting']",sector 70a
,sector 67
,sector 63a
"['Security / Fire Alarm', 'Feng Shui / Vaastu Compliant', 'Lift(s)', 'Water purifier', 'High Ceiling Height', 'Maintenance Staff', 'False Ceiling Lighting', 'Water Storage', 'No open drainage around', 'Bank Attached Property', 'Piped-gas', 'Visitor Parking', 'Park', 'Security Personnel', 'Natural Light', 'Internet/wi-fi connectivity', 'Airy Rooms', 'Spacious Interiors', 'Low Density Society', 'Fitness Centre / GYM', 'Waste Disposal', 'Rain Water Harvesting', 'Club house / Community Center', 'Water softening plant']",sector 103
"['Lift(s)', 'Swimming Pool', 'Park']",sector 81
"['Intercom Facility', 'Lift(s)', 'Swimming Pool', 'Park', 'Fitness Centre / GYM', 'Club house / Community Center', 'Rain Water Harvesting']",sector 33
"['Feng Shui / Vaastu Compliant', 'Security / Fire Alarm', 'Intercom Facility', 'Lift(s)', 'Maintenance Staff', 'Water Storage', 'Park', 'Visitor Parking']",sector 81
"['Centrally Air Conditioned', 'Water purifier', 'Security / Fire Alarm', 'Power Back-up', 'Feng Shui / Vaastu Compliant', 'Private Garden / Terrace', 'Intercom Facility', 'Lift(s)', 'High Ceiling Height', 'Maintenance Staff', 'False Ceiling Lighting', 'Water Storage', 'Separate entry for servant room', 'No open drainage around', 'Bank Attached Property', 'Piped-gas', 'Internet/wi-fi connectivity', 'Recently Renovated', 'Visitor Parking', 'Swimming Pool', 'Park', 'Security Personnel', 'Natural Light', 'Airy Rooms', 'Spacious Interiors', 'Low Density Society', 'Waste Disposal', 'Rain Water Harvesting', 'Water softening plant', 'Shopping Centre', 'Fitness Centre / GYM', 'Club house / Community Center']",sector 49
"['Feng Shui / Vaastu Compliant', 'Private Garden / Terrace', 'High Ceiling Height', 'Maintenance Staff', 'False Ceiling Lighting', 'Water Storage', 'Park', 'Security Personnel', 'Low Density Society', 'Club house / Community Center']",sector 109
"['Intercom Facility', 'Lift(s)', 'Maintenance Staff', 'Swimming Pool', 'Park', 'Security Personnel', 'Internet/wi-fi connectivity', 'Fitness Centre / GYM', 'Club house / Community Center', 'Rain Water Harvesting']",sector 69
"['Security / Fire Alarm', 'Feng Shui / Vaastu Compliant', 'Intercom Facility', 'Lift(s)', 'Centrally Air Conditioned', 'Water purifier', 'High Ceiling Height', 'Maintenance Staff', 'False Ceiling Lighting', 'Water Storage', 'No open drainage around', 'Piped-gas', 'Visitor Parking', 'Swimming Pool', 'Park', 'Airy Rooms', 'Spacious Interiors', 'Fitness Centre / GYM', 'Club house / Community Center', 'Water softening plant']",sector 37d
"['Feng Shui / Vaastu Compliant', 'Private Garden / Terrace', 'High Ceiling Height', 'False Ceiling Lighting', 'Water Storage', 'Separate entry for servant room', 'No open drainage around', 'Visitor Parking', 'Security Personnel', 'Natural Light', 'Internet/wi-fi connectivity', 'Airy Rooms', 'Spacious Interiors', 'Low Density Society', 'Waste Disposal', 'Rain Water Harvesting']",sector 70
,sector 37d
"['Security / Fire Alarm', 'Intercom Facility', 'Lift(s)', 'Maintenance Staff', 'Swimming Pool', 'Water Storage', 'Park', 'Visitor Parking', 'Shopping Centre', 'Fitness Centre / GYM', 'Club house / Community Center']",sector 70a
"['Power Back-up', 'Feng Shui / Vaastu Compliant', 'Lift(s)', 'Piped-gas', 'Club house / Community Center', 'Rain Water Harvesting']",sohna road
,sector 21
,sector 66
"['Security / Fire Alarm', 'Feng Shui / Vaastu Compliant', 'Intercom Facility', 'Lift(s)', 'Water purifier', 'Maintenance Staff', 'Water Storage', 'No open drainage around', 'Recently Renovated', 'Piped-gas', 'Visitor Parking', 'Swimming Pool', 'Park', 'Security Personnel', 'Natural Light', 'Airy Rooms', 'Spacious Interiors', 'Low Density Society', 'Shopping Centre', 'Fitness Centre / GYM', 'Waste Disposal', 'Club house / Community Center', 'Water softening plant']",sector 91
"['Feng Shui / Vaastu Compliant', 'High Ceiling Height', 'False Ceiling Lighting', 'Water Storage', 'No open drainage around', 'Park', 'Natural Light', 'Airy Rooms', 'Rain Water Harvesting']",sector 70a
"['Feng Shui / Vaastu Compliant', 'Security / Fire Alarm', 'Lift(s)', 'Maintenance Staff', 'Water Storage', 'Park', 'Visitor Parking']",sector 106
"['Power Back-up', 'Lift(s)', 'High Ceiling Height', 'Maintenance Staff', 'False Ceiling Lighting', 'Separate entry for servant room', 'No open drainage around', 'Visitor Parking', 'Swimming Pool', 'Park', 'Internet/wi-fi connectivity', 'Fitness Centre / GYM', 'Club house / Community Center']",sector 65
"['Intercom Facility', 'Lift(s)', 'False Ceiling Lighting', 'Swimming Pool', 'Water Storage', 'Separate entry for servant room', 'No open drainage around', 'Park', 'Shopping Centre', 'Fitness Centre / GYM', 'Club house / Community Center', 'Rain Water Harvesting']",sector 33
"['Centrally Air Conditioned', 'Water purifier', 'Security / Fire Alarm', 'Power Back-up', 'Feng Shui / Vaastu Compliant', 'Private Garden / Terrace', 'Intercom Facility', 'Lift(s)', 'High Ceiling Height', 'Maintenance Staff', 'False Ceiling Lighting', 'Water Storage', 'Separate entry for servant room', 'No open drainage around', 'Piped-gas', 'Internet/wi-fi connectivity', 'Recently Renovated', 'Visitor Parking', 'Swimming Pool', 'Park', 'Security Personnel', 'Natural Light', 'Airy Rooms', 'Spacious Interiors', 'Waste Disposal', 'Rain Water Harvesting', 'Water softening plant', 'Shopping Centre', 'Fitness Centre / GYM', 'Club house / Community Center']",sector 49
,sector 79
"['Security / Fire Alarm', 'Lift(s)', 'Water Storage']",sector 77
"['Feng Shui / Vaastu Compliant', 'Private Garden / Terrace', 'High Ceiling Height', 'Maintenance Staff', 'False Ceiling Lighting', 'Water Storage', 'Park', 'Piped-gas', 'Visitor Parking', 'Waste Disposal', 'Rain Water Harvesting']",sector 104
"['Security / Fire Alarm', 'Feng Shui / Vaastu Compliant', 'Private Garden / Terrace', 'Intercom Facility', 'Lift(s)', 'High Ceiling Height', 'Maintenance Staff', 'Water Storage', 'No open drainage around', 'Visitor Parking', 'Swimming Pool', 'Park', 'Security Personnel', 'Natural Light', 'Internet/wi-fi connectivity', 'Airy Rooms', 'Spacious Interiors', 'Low Density Society', 'Shopping Centre', 'Fitness Centre / GYM', 'Rain Water Harvesting', 'Club house / Community Center']",sector 103
['Water Storage'],sector 83
"['Security / Fire Alarm', 'Power Back-up', 'Intercom Facility', 'Lift(s)', 'High Ceiling Height', 'Maintenance Staff', 'Visitor Parking', 'Swimming Pool', 'Internet/wi-fi connectivity', 'Shopping Centre', 'Fitness Centre / GYM', 'Waste Disposal', 'Club house / Community Center']",sector 81
"['Security / Fire Alarm', 'Intercom Facility', 'Lift(s)', 'Maintenance Staff', 'Water Storage', 'Park', 'Visitor Parking']",sector 56
"['Feng Shui / Vaastu Compliant', 'Security / Fire Alarm', 'Intercom Facility', 'Lift(s)', 'Maintenance Staff', 'Water Storage', 'Park', 'Visitor Parking']",sector 24
"['Centrally Air Conditioned', 'Water purifier', 'Security / Fire Alarm', 'Feng Shui / Vaastu Compliant', 'Private Garden / Terrace', 'Intercom Facility', 'Lift(s)', 'High Ceiling Height', 'Maintenance Staff', 'False Ceiling Lighting', 'Water Storage', 'Separate entry for servant room', 'No open drainage around', 'Piped-gas', 'Internet/wi-fi connectivity', 'Recently Renovated', 'Visitor Parking', 'Swimming Pool', 'Park', 'Security Personnel', 'Natural Light', 'Airy Rooms', 'Spacious Interiors', 'Low Density Society', 'Waste Disposal', 'Rain Water Harvesting', 'Water softening plant', 'Shopping Centre', 'Fitness Centre / GYM', 'Club house / Community Center']",sector 53
,sector 69
"['Security / Fire Alarm', 'Feng Shui / Vaastu Compliant', 'Intercom Facility', 'Lift(s)', 'Maintenance Staff', 'Water Storage', 'Visitor Parking', 'Swimming Pool', 'Park', 'Internet/wi-fi connectivity', 'Fitness Centre / GYM', 'Rain Water Harvesting', 'Club house / Community Center']",sector 48
"['Security / Fire Alarm', 'Power Back-up', 'Feng Shui / Vaastu Compliant', 'Intercom Facility', 'Lift(s)', 'High Ceiling Height', 'Maintenance Staff', 'Water Storage', 'Separate entry for servant room', 'Visitor Parking', 'Swimming Pool', 'Park', 'Security Personnel', 'Shopping Centre', 'Fitness Centre / GYM', 'Club house / Community Center', 'Water softening plant']",sector 37d
"['Swimming Pool', 'Water Storage', 'Park', 'Club house / Community Center']",sector 37d
"['Feng Shui / Vaastu Compliant', 'Private Garden / Terrace', 'High Ceiling Height', 'Water Storage', 'No open drainage around', 'Park', 'Visitor Parking', 'Natural Light', 'Airy Rooms', 'Low Density Society']",sector 67
"['Feng Shui / Vaastu Compliant', 'Lift(s)', 'Maintenance Staff', 'Swimming Pool', 'Park', 'Visitor Parking', 'Shopping Centre', 'Fitness Centre / GYM', 'Club house / Community Center']",sector 86
"['Power Back-up', 'Intercom Facility', 'Lift(s)', 'Swimming Pool', 'Maintenance Staff', 'Park', 'Security Personnel', 'Internet/wi-fi connectivity', 'Shopping Centre', 'Fitness Centre / GYM', 'Club house / Community Center']",sector 28
"['Security / Fire Alarm', 'Power Back-up', 'Feng Shui / Vaastu Compliant', 'Intercom Facility', 'Lift(s)', 'Maintenance Staff', 'Water Storage', 'Separate entry for servant room', 'Recently Renovated', 'Bank Attached Property', 'Piped-gas', 'Visitor Parking', 'Park', 'Security Personnel', 'Natural Light', 'Internet/wi-fi connectivity', 'Waste Disposal', 'Rain Water Harvesting']",sector 90
"['Feng Shui / Vaastu Compliant', 'Private Garden / Terrace', 'Maintenance Staff', 'Water Storage', 'Park', 'Visitor Parking', 'Rain Water Harvesting']",sector 82a
"['Feng Shui / Vaastu Compliant', 'Private Garden / Terrace', 'High Ceiling Height', 'Maintenance Staff', 'Water Storage', 'Visitor Parking', 'Swimming Pool', 'Park', 'Security Personnel', 'Low Density Society', 'Fitness Centre / GYM', 'Waste Disposal', 'Rain Water Harvesting', 'Club house / Community Center']",sector 39
"['Feng Shui / Vaastu Compliant', 'Intercom Facility', 'Lift(s)', 'Maintenance Staff', 'Swimming Pool', 'Park', 'Piped-gas', 'Security Personnel', 'Shopping Centre', 'Fitness Centre / GYM', 'Club house / Community Center', 'Rain Water Harvesting']",sector 33
"['Water Storage', 'Visitor Parking']",sector 2
"['Centrally Air Conditioned', 'Water purifier', 'Security / Fire Alarm', 'Power Back-up', 'Feng Shui / Vaastu Compliant', 'Intercom Facility', 'Lift(s)', 'Maintenance Staff', 'Water Storage', 'Separate entry for servant room', 'No open drainage around', 'Piped-gas', 'Internet/wi-fi connectivity', 'Recently Renovated', 'Visitor Parking', 'Swimming Pool', 'Park', 'Security Personnel', 'Natural Light', 'Airy Rooms', 'Low Density Society', 'Waste Disposal', 'Rain Water Harvesting', 'Water softening plant', 'Shopping Centre', 'Fitness Centre / GYM', 'Club house / Community Center']",sector 70
"['Security / Fire Alarm', 'Feng Shui / Vaastu Compliant', 'Intercom Facility', 'Lift(s)', 'Water purifier', 'Maintenance Staff', 'Visitor Parking', 'Swimming Pool', 'Park', 'Internet/wi-fi connectivity', 'Fitness Centre / GYM', 'Rain Water Harvesting', 'Club house / Community Center']",sohna road
"['Intercom Facility', 'Lift(s)', 'Maintenance Staff', 'Water Storage', 'Park', 'Visitor Parking']",sohna road
"['Security / Fire Alarm', 'Feng Shui / Vaastu Compliant', 'Intercom Facility', 'Lift(s)', 'High Ceiling Height', 'Maintenance Staff', 'Water Storage', 'No open drainage around', 'Piped-gas', 'Visitor Parking', 'Swimming Pool', 'Park', 'Security Personnel', 'Natural Light', 'Internet/wi-fi connectivity', 'Airy Rooms', 'Shopping Centre', 'Fitness Centre / GYM', 'Waste Disposal', 'Rain Water Harvesting', 'Club house / Community Center', 'Water softening plant']",sector 23
"['Feng Shui / Vaastu Compliant', 'High Ceiling Height', 'Water Storage', 'Visitor Parking']",sector 79
"['Feng Shui / Vaastu Compliant', 'Private Garden / Terrace', 'High Ceiling Height', 'Maintenance Staff', 'False Ceiling Lighting', 'Water Storage', 'Visitor Parking', 'Swimming Pool', 'Park', 'Security Personnel', 'Fitness Centre / GYM', 'Waste Disposal', 'Rain Water Harvesting', 'Club house / Community Center']",sector 39
"['Feng Shui / Vaastu Compliant', 'Security / Fire Alarm', 'Private Garden / Terrace', 'Maintenance Staff', 'Water Storage', 'Park', 'Visitor Parking', 'Shopping Centre', 'Fitness Centre / GYM', 'Waste Disposal']",sector 107
,sector 67a
"['Security / Fire Alarm', 'Intercom Facility', 'Lift(s)', 'Maintenance Staff', 'Water Storage', 'Piped-gas', 'Visitor Parking', 'Swimming Pool', 'Park', 'Security Personnel', 'Natural Light', 'Airy Rooms', 'Low Density Society', 'Fitness Centre / GYM', 'Rain Water Harvesting', 'Club house / Community Center']",sector 25
"['Security / Fire Alarm', 'Lift(s)', 'Maintenance Staff', 'Water Storage', 'Park', 'Visitor Parking']",sector 65
"['Feng Shui / Vaastu Compliant', 'Intercom Facility', 'Lift(s)', 'Maintenance Staff', 'Park']",sector 91
"['Security / Fire Alarm', 'Feng Shui / Vaastu Compliant', 'Intercom Facility', 'Lift(s)', 'High Ceiling Height', 'Maintenance Staff', 'False Ceiling Lighting', 'Water Storage', 'Piped-gas', 'Visitor Parking', 'Swimming Pool', 'Park', 'Security Personnel', 'Internet/wi-fi connectivity', 'Shopping Centre', 'Fitness Centre / GYM', 'Rain Water Harvesting', 'Club house / Community Center', 'Water softening plant']",sector 37c
"['Security / Fire Alarm', 'Intercom Facility', 'Lift(s)', 'Maintenance Staff', 'Park', 'Piped-gas', 'Visitor Parking']",sector 67
"['Feng Shui / Vaastu Compliant', 'Security / Fire Alarm', 'Lift(s)', 'Maintenance Staff', 'Water Storage', 'Park', 'Visitor Parking']",sector 104
"['Feng Shui / Vaastu Compliant', 'Security / Fire Alarm', 'Intercom Facility', 'Lift(s)', 'Maintenance Staff', 'Water Storage', 'Park', 'Visitor Parking']",sector 81
,sector 11
"['Security / Fire Alarm', 'Power Back-up', 'Feng Shui / Vaastu Compliant', 'Intercom Facility', 'Lift(s)', 'Maintenance Staff', 'False Ceiling Lighting', 'Water Storage', 'Separate entry for servant room', 'No open drainage around', 'Bank Attached Property', 'Piped-gas', 'Visitor Parking', 'Swimming Pool', 'Park', 'Security Personnel', 'Natural Light', 'Airy Rooms', 'Low Density Society', 'Shopping Centre', 'Fitness Centre / GYM', 'Waste Disposal', 'Rain Water Harvesting', 'Club house / Community Center']",sector 102
"['Security / Fire Alarm', 'Power Back-up', 'Feng Shui / Vaastu Compliant', 'Intercom Facility', 'Lift(s)', 'High Ceiling Height', 'Maintenance Staff', 'False Ceiling Lighting', 'Water Storage', 'Separate entry for servant room', 'No open drainage around', 'Visitor Parking', 'Swimming Pool', 'Park', 'Natural Light', 'Internet/wi-fi connectivity', 'Shopping Centre', 'Fitness Centre / GYM', 'Waste Disposal', 'Rain Water Harvesting', 'Club house / Community Center', 'Water softening plant']",sector 90
"['Feng Shui / Vaastu Compliant', 'Security / Fire Alarm', 'Private Garden / Terrace', 'Maintenance Staff', 'Water Storage', 'Recently Renovated', 'Visitor Parking', 'Low Density Society', 'Waste Disposal', 'Rain Water Harvesting']",sector 56
,sector 83
"['Private Garden / Terrace', 'Waste Disposal']",sector 70
,sector 52
"['Feng Shui / Vaastu Compliant', 'Security / Fire Alarm', 'Intercom Facility', 'Lift(s)', 'Maintenance Staff', 'Water Storage', 'Park', 'Visitor Parking']",sector 11
"['Security / Fire Alarm', 'Feng Shui / Vaastu Compliant', 'Private Garden / Terrace', 'Water purifier', 'High Ceiling Height', 'Maintenance Staff', 'False Ceiling Lighting', 'Water Storage', 'Separate entry for servant room', 'No open drainage around', 'Bank Attached Property', 'Visitor Parking', 'Swimming Pool', 'Park', 'Security Personnel', 'Natural Light', 'Internet/wi-fi connectivity', 'Airy Rooms', 'Spacious Interiors', 'Low Density Society', 'Fitness Centre / GYM', 'Waste Disposal', 'Rain Water Harvesting', 'Club house / Community Center']",sector 86
"['Security / Fire Alarm', 'Power Back-up', 'Feng Shui / Vaastu Compliant', 'Intercom Facility', 'Lift(s)', 'Maintenance Staff', 'Water Storage', 'Separate entry for servant room', 'No open drainage around', 'Piped-gas', 'Visitor Parking', 'Swimming Pool', 'Park', 'Security Personnel', 'Natural Light', 'Airy Rooms', 'Shopping Centre', 'Fitness Centre / GYM', 'Waste Disposal', 'Rain Water Harvesting', 'Club house / Community Center', 'Water softening plant']",sector 50
"['Centrally Air Conditioned', 'Water purifier', 'Security / Fire Alarm', 'Feng Shui / Vaastu Compliant', 'Private Garden / Terrace', 'Intercom Facility', 'Lift(s)', 'High Ceiling Height', 'Maintenance Staff', 'False Ceiling Lighting', 'Water Storage', 'Separate entry for servant room', 'No open drainage around', 'Bank Attached Property', 'Piped-gas', 'Internet/wi-fi connectivity', 'Recently Renovated', 'Visitor Parking', 'Swimming Pool', 'Park', 'Security Personnel', 'Natural Light', 'Airy Rooms', 'Spacious Interiors', 'Low Density Society', 'Waste Disposal', 'Rain Water Harvesting', 'Water softening plant', 'Shopping Centre', 'Fitness Centre / GYM', 'Club house / Community Center']",sector 71
"['Security / Fire Alarm', 'Feng Shui / Vaastu Compliant', 'Intercom Facility', 'Lift(s)', 'Maintenance Staff', 'Water Storage', 'No open drainage around', 'Visitor Parking', 'Park', 'Natural Light', 'Airy Rooms', 'Shopping Centre', 'Waste Disposal', 'Rain Water Harvesting', 'Club house / Community Center']",sector 82
"['Feng Shui / Vaastu Compliant', 'Intercom Facility', 'Lift(s)', 'Maintenance Staff', 'Park', 'Bank Attached Property', 'Visitor Parking', 'Natural Light', 'Airy Rooms', 'Shopping Centre']",sector 86
,sector 49
"['Feng Shui / Vaastu Compliant', 'Security / Fire Alarm', 'Intercom Facility', 'Lift(s)', 'Maintenance Staff', 'Water Storage', 'Park', 'Visitor Parking']",sector 65
"['Intercom Facility', 'Lift(s)', 'Swimming Pool', 'Park', 'Shopping Centre', 'Fitness Centre / GYM', 'Club house / Community Center', 'Rain Water Harvesting']",sector 85
"['Maintenance Staff', 'Water Storage', 'Visitor Parking', 'Waste Disposal', 'Rain Water Harvesting']",sohna road
"['Feng Shui / Vaastu Compliant', 'Security / Fire Alarm', 'Intercom Facility', 'Lift(s)', 'Maintenance Staff', 'Water Storage', 'Park', 'Visitor Parking']",sohna road
"['Security / Fire Alarm', 'Intercom Facility', 'Lift(s)', 'Centrally Air Conditioned', 'High Ceiling Height', 'Maintenance Staff', 'Separate entry for servant room', 'Visitor Parking', 'Swimming Pool', 'Park', 'Spacious Interiors', 'Shopping Centre', 'Fitness Centre / GYM', 'Waste Disposal', 'Club house / Community Center']",sector 48
"['Centrally Air Conditioned', 'Water purifier', 'Security / Fire Alarm', 'Feng Shui / Vaastu Compliant', 'Private Garden / Terrace', 'Intercom Facility', 'Lift(s)', 'High Ceiling Height', 'Maintenance Staff', 'False Ceiling Lighting', 'Water Storage', 'Separate entry for servant room', 'No open drainage around', 'Bank Attached Property', 'Piped-gas', 'Internet/wi-fi connectivity', 'Recently Renovated', 'Visitor Parking', 'Swimming Pool', 'Park', 'Security Personnel', 'Natural Light', 'Airy Rooms', 'Spacious Interiors', 'Waste Disposal', 'Rain Water Harvesting', 'Water softening plant', 'Shopping Centre', 'Fitness Centre / GYM', 'Club house / Community Center']",sector 61
,sector 93
"['Centrally Air Conditioned', 'Water purifier', 'Security / Fire Alarm', 'Feng Shui / Vaastu Compliant', 'Private Garden / Terrace', 'Intercom Facility', 'Lift(s)', 'False Ceiling Lighting', 'Separate entry for servant room', 'No open drainage around', 'Bank Attached Property', 'Piped-gas', 'Internet/wi-fi connectivity', 'Recently Renovated', 'Visitor Parking', 'Swimming Pool', 'Airy Rooms', 'Spacious Interiors', 'Low Density Society', 'Waste Disposal', 'Rain Water Harvesting', 'Water softening plant', 'Shopping Centre', 'Fitness Centre / GYM', 'Club house / Community Center']",sector 58
"['Security / Fire Alarm', 'Intercom Facility', 'Lift(s)', 'Maintenance Staff', 'Water Storage', 'Park', 'Visitor Parking']",sector 33
"['Feng Shui / Vaastu Compliant', 'Maintenance Staff', 'Water Storage', 'Park', 'Visitor Parking', 'Waste Disposal', 'Rain Water Harvesting']",sector 110
"['Security / Fire Alarm', 'Lift(s)', 'Swimming Pool', 'Water Storage', 'Park']",sector 50
,sector 4
"['Water Storage', 'Park', 'Visitor Parking', 'Natural Light', 'Airy Rooms', 'Waste Disposal']",sector 60
"['Feng Shui / Vaastu Compliant', 'Security / Fire Alarm', 'Intercom Facility', 'Lift(s)', 'Maintenance Staff', 'Water Storage', 'Park', 'Visitor Parking']",sector 89
"['Water purifier', 'Security / Fire Alarm', 'Power Back-up', 'Feng Shui / Vaastu Compliant', 'Private Garden / Terrace', 'Intercom Facility', 'Lift(s)', 'High Ceiling Height', 'Maintenance Staff', 'False Ceiling Lighting', 'Water Storage', 'Separate entry for servant room', 'No open drainage around', 'Bank Attached Property', 'Internet/wi-fi connectivity', 'Recently Renovated', 'Visitor Parking', 'Swimming Pool', 'Park', 'Security Personnel', 'Natural Light', 'Airy Rooms', 'Spacious Interiors', 'Low Density Society', 'Waste Disposal', 'Rain Water Harvesting', 'Water softening plant', 'Shopping Centre', 'Fitness Centre / GYM', 'Club house / Community Center']",sector 109
"['Centrally Air Conditioned', 'Water purifier', 'Security / Fire Alarm', 'Feng Shui / Vaastu Compliant', 'Intercom Facility', 'Lift(s)', 'High Ceiling Height', 'Maintenance Staff', 'False Ceiling Lighting', 'Water Storage', 'No open drainage around', 'Bank Attached Property', 'Piped-gas', 'Internet/wi-fi connectivity', 'Visitor Parking', 'Swimming Pool', 'Park', 'Security Personnel', 'Natural Light', 'Airy Rooms', 'Low Density Society', 'Waste Disposal', 'Rain Water Harvesting', 'Water softening plant', 'Shopping Centre', 'Fitness Centre / GYM', 'Club house / Community Center']",sector 113
"['Security / Fire Alarm', 'Feng Shui / Vaastu Compliant', 'Intercom Facility', 'Lift(s)', 'Maintenance Staff', 'Water Storage', 'Visitor Parking', 'Swimming Pool', 'Park', 'Security Personnel', 'Internet/wi-fi connectivity', 'Shopping Centre', 'Fitness Centre / GYM', 'Rain Water Harvesting', 'Club house / Community Center']",sector 70
"['Feng Shui / Vaastu Compliant', 'Intercom Facility', 'Lift(s)', 'Maintenance Staff', 'Water Storage', 'Park', 'Visitor Parking']",sector 37c
"['Security / Fire Alarm', 'Lift(s)', 'Swimming Pool', 'Park', 'Fitness Centre / GYM']",sector 15
,sector 28
"['Security / Fire Alarm', 'Power Back-up', 'Intercom Facility', 'Lift(s)', 'Centrally Air Conditioned', 'Maintenance Staff', 'Water Storage', 'Separate entry for servant room', 'No open drainage around', 'Recently Renovated', 'Bank Attached Property', 'Visitor Parking', 'Swimming Pool', 'Park', 'Security Personnel', 'Airy Rooms', 'Low Density Society', 'Shopping Centre', 'Fitness Centre / GYM', 'Waste Disposal', 'Rain Water Harvesting', 'Club house / Community Center', 'Water softening plant']",sector 57
"['Feng Shui / Vaastu Compliant', 'High Ceiling Height', 'Maintenance Staff', 'False Ceiling Lighting', 'Water Storage', 'Separate entry for servant room', 'No open drainage around', 'Park', 'Visitor Parking', 'Security Personnel', 'Low Density Society', 'Rain Water Harvesting']",sohna road
,sector 112
"['Security / Fire Alarm', 'Power Back-up', 'Feng Shui / Vaastu Compliant', 'Intercom Facility', 'Lift(s)', 'High Ceiling Height', 'Maintenance Staff', 'False Ceiling Lighting', 'Water Storage', 'Separate entry for servant room', 'No open drainage around', 'Piped-gas', 'Visitor Parking', 'Swimming Pool', 'Park', 'Internet/wi-fi connectivity', 'Shopping Centre', 'Fitness Centre / GYM', 'Waste Disposal', 'Rain Water Harvesting', 'Club house / Community Center', 'Water softening plant']",sector 57
"['Security / Fire Alarm', 'Power Back-up', 'Feng Shui / Vaastu Compliant', 'Intercom Facility', 'Lift(s)', 'Maintenance Staff', 'Water Storage', 'Separate entry for servant room', 'No open drainage around', 'Piped-gas', 'Visitor Parking', 'Swimming Pool', 'Park', 'Security Personnel', 'Shopping Centre', 'Fitness Centre / GYM', 'Waste Disposal', 'Rain Water Harvesting', 'Club house / Community Center', 'Water softening plant']",sector 108
,sector 95
"['Security / Fire Alarm', 'Power Back-up', 'Feng Shui / Vaastu Compliant', 'Intercom Facility', 'Lift(s)', 'High Ceiling Height', 'Maintenance Staff', 'Water Storage', 'No open drainage around', 'Bank Attached Property', 'Swimming Pool', 'Park', 'Security Personnel', 'Natural Light', 'Airy Rooms', 'Spacious Interiors', 'Low Density Society', 'Shopping Centre', 'Fitness Centre / GYM', 'Rain Water Harvesting', 'Club house / Community Center', 'Water softening plant']",sohna road
,sector 110
"['Security / Fire Alarm', 'Feng Shui / Vaastu Compliant', 'Private Garden / Terrace', 'Water purifier', 'High Ceiling Height', 'Maintenance Staff', 'Water Storage', 'Separate entry for servant room', 'No open drainage around', 'Recently Renovated', 'Piped-gas', 'Visitor Parking', 'Swimming Pool', 'Park', 'Security Personnel', 'Natural Light', 'Internet/wi-fi connectivity', 'Spacious Interiors', 'Fitness Centre / GYM', 'Waste Disposal', 'Rain Water Harvesting', 'Club house / Community Center']",sector 50
"['Centrally Air Conditioned', 'Security / Fire Alarm', 'Power Back-up', 'Feng Shui / Vaastu Compliant', 'Intercom Facility', 'Lift(s)', 'High Ceiling Height', 'Maintenance Staff', 'False Ceiling Lighting', 'Water Storage', 'Separate entry for servant room', 'No open drainage around', 'Bank Attached Property', 'Piped-gas', 'Internet/wi-fi connectivity', 'Recently Renovated', 'Visitor Parking', 'Swimming Pool', 'Park', 'Security Personnel', 'Natural Light', 'Airy Rooms', 'Spacious Interiors', 'Low Density Society', 'Waste Disposal', 'Rain Water Harvesting', 'Water softening plant', 'Shopping Centre', 'Fitness Centre / GYM', 'Club house / Community Center']",sector 102
"['Water purifier', 'Security / Fire Alarm', 'Power Back-up', 'Feng Shui / Vaastu Compliant', 'Private Garden / Terrace', 'Intercom Facility', 'Lift(s)', 'High Ceiling Height', 'Maintenance Staff', 'False Ceiling Lighting', 'Water Storage', 'Separate entry for servant room', 'No open drainage around', 'Internet/wi-fi connectivity', 'Recently Renovated', 'Visitor Parking', 'Swimming Pool', 'Park', 'Security Personnel', 'Natural Light', 'Airy Rooms', 'Spacious Interiors', 'Low Density Society', 'Waste Disposal', 'Rain Water Harvesting', 'Water softening plant', 'Shopping Centre', 'Fitness Centre / GYM', 'Club house / Community Center']",sector 2
"['Intercom Facility', 'Lift(s)', 'Maintenance Staff', 'Park', 'Visitor Parking']",sector 85
,sohna road
"['Security / Fire Alarm', 'Maintenance Staff', 'Water Storage', 'Piped-gas', 'Visitor Parking', 'Swimming Pool', 'Park', 'Security Personnel', 'Natural Light', 'Airy Rooms', 'Spacious Interiors', 'Fitness Centre / GYM', 'Waste Disposal', 'Rain Water Harvesting', 'Club house / Community Center']",sector 51
"['Power Back-up', 'Feng Shui / Vaastu Compliant', 'Intercom Facility', 'Lift(s)', 'Maintenance Staff', 'Visitor Parking', 'Swimming Pool', 'Park', 'Security Personnel', 'Shopping Centre', 'Fitness Centre / GYM', 'Rain Water Harvesting', 'Club house / Community Center']",sector 104
"['Water purifier', 'Centrally Air Conditioned', 'Security / Fire Alarm', 'Power Back-up', 'Feng Shui / Vaastu Compliant', 'Private Garden / Terrace', 'Intercom Facility', 'Lift(s)', 'High Ceiling Height', 'Maintenance Staff', 'False Ceiling Lighting', 'Water Storage', 'Separate entry for servant room', 'Piped-gas', 'Internet/wi-fi connectivity', 'Recently Renovated', 'Visitor Parking', 'Swimming Pool', 'Park', 'Natural Light', 'Airy Rooms', 'Spacious Interiors', 'Waste Disposal', 'Rain Water Harvesting', 'Water softening plant', 'Shopping Centre', 'Fitness Centre / GYM', 'Club house / Community Center']",sector 9
"['Intercom Facility', 'Lift(s)', 'Maintenance Staff', 'Park']",sector 84
"['Centrally Air Conditioned', 'Water purifier', 'Security / Fire Alarm', 'Feng Shui / Vaastu Compliant', 'Private Garden / Terrace', 'Intercom Facility', 'Lift(s)', 'High Ceiling Height', 'Maintenance Staff', 'False Ceiling Lighting', 'Water Storage', 'Separate entry for servant room', 'No open drainage around', 'Bank Attached Property', 'Piped-gas', 'Internet/wi-fi connectivity', 'Recently Renovated', 'Visitor Parking', 'Swimming Pool', 'Park', 'Security Personnel', 'Natural Light', 'Airy Rooms', 'Spacious Interiors', 'Low Density Society', 'Waste Disposal', 'Rain Water Harvesting', 'Water softening plant', 'Shopping Centre', 'Fitness Centre / GYM', 'Club house / Community Center']",sohna road
,sector 108
"['Centrally Air Conditioned', 'Water purifier', 'Security / Fire Alarm', 'Power Back-up', 'Feng Shui / Vaastu Compliant', 'Private Garden / Terrace', 'Intercom Facility', 'Lift(s)', 'High Ceiling Height', 'Maintenance Staff', 'False Ceiling Lighting', 'Water Storage', 'Separate entry for servant room', 'No open drainage around', 'Bank Attached Property', 'Piped-gas', 'Internet/wi-fi connectivity', 'Recently Renovated', 'Visitor Parking', 'Swimming Pool', 'Park', 'Security Personnel', 'Natural Light', 'Airy Rooms', 'Spacious Interiors', 'Low Density Society', 'Waste Disposal', 'Rain Water Harvesting', 'Water softening plant', 'Shopping Centre', 'Fitness Centre / GYM', 'Club house / Community Center']",sohna road
"['Centrally Air Conditioned', 'Water purifier', 'Security / Fire Alarm', 'Feng Shui / Vaastu Compliant', 'Private Garden / Terrace', 'Intercom Facility', 'Lift(s)', 'High Ceiling Height', 'Maintenance Staff', 'False Ceiling Lighting', 'Water Storage', 'Separate entry for servant room', 'No open drainage around', 'Bank Attached Property', 'Piped-gas', 'Internet/wi-fi connectivity', 'Recently Renovated', 'Visitor Parking', 'Swimming Pool', 'Park', 'Security Personnel', 'Natural Light', 'Airy Rooms', 'Spacious Interiors', 'Low Density Society', 'Waste Disposal', 'Rain Water Harvesting', 'Water softening plant', 'Shopping Centre', 'Fitness Centre / GYM', 'Club house / Community Center']",sector 50
"['Power Back-up', 'Intercom Facility', 'Lift(s)', 'High Ceiling Height', 'Maintenance Staff', 'False Ceiling Lighting', 'Separate entry for servant room', 'Swimming Pool', 'Park', 'Security Personnel', 'Internet/wi-fi connectivity', 'Shopping Centre', 'Fitness Centre / GYM', 'Club house / Community Center', 'Water softening plant']",sector 99a
,sector 33
"['Feng Shui / Vaastu Compliant', 'Private Garden / Terrace', 'Maintenance Staff', 'Water Storage', 'Park', 'Visitor Parking', 'Waste Disposal', 'Rain Water Harvesting']",sector 99
,sector 37c
"['Centrally Air Conditioned', 'Water purifier', 'Security / Fire Alarm', 'Feng Shui / Vaastu Compliant', 'Private Garden / Terrace', 'Intercom Facility', 'Lift(s)', 'High Ceiling Height', 'Maintenance Staff', 'False Ceiling Lighting', 'Water Storage', 'Separate entry for servant room', 'No open drainage around', 'Piped-gas', 'Internet/wi-fi connectivity', 'Recently Renovated', 'Visitor Parking', 'Swimming Pool', 'Park', 'Security Personnel', 'Natural Light', 'Airy Rooms', 'Spacious Interiors', 'Waste Disposal', 'Rain Water Harvesting', 'Water softening plant', 'Shopping Centre', 'Fitness Centre / GYM', 'Club house / Community Center']",sector 72
"['Feng Shui / Vaastu Compliant', 'Security / Fire Alarm', 'Maintenance Staff', 'Water Storage', 'Visitor Parking']",sector 6
"['Feng Shui / Vaastu Compliant', 'Security / Fire Alarm', 'Intercom Facility', 'Lift(s)', 'Maintenance Staff', 'Water Storage', 'Park', 'Visitor Parking']",sohna road
"['Centrally Air Conditioned', 'Water purifier', 'Security / Fire Alarm', 'Power Back-up', 'Feng Shui / Vaastu Compliant', 'Private Garden / Terrace', 'Intercom Facility', 'Lift(s)', 'High Ceiling Height', 'Maintenance Staff', 'Water Storage', 'No open drainage around', 'Piped-gas', 'Internet/wi-fi connectivity', 'Recently Renovated', 'Visitor Parking', 'Swimming Pool', 'Park', 'Security Personnel', 'Natural Light', 'Airy Rooms', 'Spacious Interiors', 'Low Density Society', 'Waste Disposal', 'Rain Water Harvesting', 'Shopping Centre', 'Fitness Centre / GYM', 'Club house / Community Center']",sector 52
"['Intercom Facility', 'Lift(s)', 'Feng Shui / Vaastu Compliant', 'Piped-gas', 'Security Personnel', 'Maintenance Staff', 'Internet/wi-fi connectivity', 'Swimming Pool', 'Park', 'Club house / Community Center', 'Fitness Centre / GYM', 'Water softening plant', 'Shopping Centre', 'Rain Water Harvesting']",sector 43
"['Water Storage', 'Park', 'Visitor Parking', 'Waste Disposal', 'Rain Water Harvesting']",dwarka expressway
,sector 88a
"['Security / Fire Alarm', 'Power Back-up', 'Feng Shui / Vaastu Compliant', 'Intercom Facility', 'Lift(s)', 'High Ceiling Height', 'Maintenance Staff', 'False Ceiling Lighting', 'Water Storage', 'Separate entry for servant room', 'No open drainage around', 'Visitor Parking', 'Swimming Pool', 'Park', 'Internet/wi-fi connectivity', 'Fitness Centre / GYM', 'Waste Disposal', 'Rain Water Harvesting', 'Club house / Community Center', 'Water softening plant']",sector 91
,sector 112
"['Security / Fire Alarm', 'Intercom Facility', 'Lift(s)', 'Maintenance Staff', 'No open drainage around', 'Recently Renovated', 'Visitor Parking', 'Park', 'Security Personnel', 'Natural Light', 'Airy Rooms', 'Spacious Interiors', 'Waste Disposal', 'Rain Water Harvesting']",sector 54
"['Feng Shui / Vaastu Compliant', 'Intercom Facility', 'Lift(s)', 'Park']",sector 37d
"['Intercom Facility', 'Lift(s)', 'Swimming Pool', 'Separate entry for servant room', 'No open drainage around', 'Park', 'Piped-gas', 'Fitness Centre / GYM', 'Club house / Community Center']",sector 107
,sector 107
"['Centrally Air Conditioned', 'Water purifier', 'Security / Fire Alarm', 'Feng Shui / Vaastu Compliant', 'Private Garden / Terrace', 'Intercom Facility', 'Lift(s)', 'High Ceiling Height', 'Maintenance Staff', 'False Ceiling Lighting', 'Water Storage', 'Separate entry for servant room', 'No open drainage around', 'Bank Attached Property', 'Piped-gas', 'Internet/wi-fi connectivity', 'Recently Renovated', 'Visitor Parking', 'Swimming Pool', 'Park', 'Security Personnel', 'Natural Light', 'Airy Rooms', 'Low Density Society', 'Waste Disposal', 'Rain Water Harvesting', 'Water softening plant', 'Shopping Centre', 'Fitness Centre / GYM', 'Club house / Community Center']",sector 89
,sector 36
"['Park', 'Fitness Centre / GYM']",sector 79
"['Security / Fire Alarm', 'Power Back-up', 'Feng Shui / Vaastu Compliant', 'Intercom Facility', 'Lift(s)', 'High Ceiling Height', 'Maintenance Staff', 'False Ceiling Lighting', 'Water Storage', 'Separate entry for servant room', 'No open drainage around', 'Swimming Pool', 'Park', 'Internet/wi-fi connectivity', 'Fitness Centre / GYM', 'Waste Disposal', 'Rain Water Harvesting', 'Club house / Community Center', 'Water softening plant']",sector 56
"['Power Back-up', 'Lift(s)', 'Swimming Pool', 'Fitness Centre / GYM', 'Club house / Community Center', 'Water softening plant']",sector 113
"['Lift(s)', 'Swimming Pool', 'Park', 'Visitor Parking', 'Security Personnel', 'Shopping Centre', 'Fitness Centre / GYM', 'Club house / Community Center']",sector 109
"['Feng Shui / Vaastu Compliant', 'Security / Fire Alarm', 'Intercom Facility', 'Lift(s)', 'Maintenance Staff', 'Water Storage', 'Park', 'Visitor Parking']",sector 92
"['Security / Fire Alarm', 'Feng Shui / Vaastu Compliant', 'Intercom Facility', 'Lift(s)', 'Maintenance Staff', 'False Ceiling Lighting', 'Water Storage', 'Separate entry for servant room', 'No open drainage around', 'Piped-gas', 'Visitor Parking', 'Swimming Pool', 'Park', 'Internet/wi-fi connectivity', 'Shopping Centre', 'Fitness Centre / GYM', 'Waste Disposal', 'Rain Water Harvesting', 'Club house / Community Center', 'Water softening plant']",sohna road
"['Security / Fire Alarm', 'Power Back-up', 'Feng Shui / Vaastu Compliant', 'Intercom Facility', 'Lift(s)', 'Maintenance Staff', 'Water Storage', 'Visitor Parking', 'Swimming Pool', 'Park', 'Security Personnel', 'Shopping Centre', 'Fitness Centre / GYM', 'Waste Disposal', 'Rain Water Harvesting', 'Club house / Community Center', 'Water softening plant']",sector 46
"['Power Back-up', 'Intercom Facility', 'Lift(s)', 'Maintenance Staff', 'Park', 'Natural Light', 'Airy Rooms', 'Fitness Centre / GYM', 'Waste Disposal']",sector 81
"['Intercom Facility', 'Lift(s)', 'Maintenance Staff', 'Park', 'Visitor Parking']",sector 86
"['Feng Shui / Vaastu Compliant', 'Security / Fire Alarm', 'Water purifier', 'False Ceiling Lighting', 'Water Storage', 'Piped-gas', 'Visitor Parking', 'Internet/wi-fi connectivity', 'Spacious Interiors']",sector 54
"['Feng Shui / Vaastu Compliant', 'Private Garden / Terrace', 'High Ceiling Height', 'Maintenance Staff', 'False Ceiling Lighting', 'Water Storage', 'Separate entry for servant room', 'No open drainage around', 'Bank Attached Property', 'Piped-gas', 'Visitor Parking', 'Swimming Pool', 'Park', 'Security Personnel', 'Internet/wi-fi connectivity', 'Low Density Society', 'Fitness Centre / GYM', 'Waste Disposal', 'Rain Water Harvesting', 'Club house / Community Center']",sector 25
"['Power Back-up', 'Intercom Facility', 'Lift(s)', 'Swimming Pool', 'Internet/wi-fi connectivity', 'Fitness Centre / GYM', 'Club house / Community Center']",sector 43
"['Feng Shui / Vaastu Compliant', 'Private Garden / Terrace', 'Water purifier', 'High Ceiling Height', 'Maintenance Staff', 'False Ceiling Lighting', 'Water Storage', 'Separate entry for servant room', 'No open drainage around', 'Bank Attached Property', 'Visitor Parking', 'Swimming Pool', 'Security Personnel', 'Natural Light', 'Internet/wi-fi connectivity', 'Airy Rooms', 'Spacious Interiors', 'Low Density Society', 'Fitness Centre / GYM', 'Waste Disposal', 'Rain Water Harvesting', 'Club house / Community Center']",sector 7
"['Feng Shui / Vaastu Compliant', 'Security / Fire Alarm', 'Intercom Facility', 'Lift(s)', 'Maintenance Staff', 'Water Storage', 'Park', 'Visitor Parking']",sector 56
"['Feng Shui / Vaastu Compliant', 'Intercom Facility', 'Lift(s)', 'Maintenance Staff', 'Swimming Pool', 'Park', 'Piped-gas', 'Security Personnel', 'Shopping Centre', 'Fitness Centre / GYM', 'Club house / Community Center', 'Rain Water Harvesting']",sector 109
"['Feng Shui / Vaastu Compliant', 'Private Garden / Terrace', 'Maintenance Staff', 'Water Storage', 'No open drainage around', 'Park', 'Visitor Parking', 'Natural Light', 'Spacious Interiors', 'Low Density Society', 'Waste Disposal', 'Rain Water Harvesting']",sector 89
"['Intercom Facility', 'Lift(s)', 'Maintenance Staff', 'Visitor Parking']",sector 30
"['Security / Fire Alarm', 'Power Back-up', 'Feng Shui / Vaastu Compliant', 'Intercom Facility', 'Lift(s)', 'High Ceiling Height', 'Maintenance Staff', 'Water Storage', 'No open drainage around', 'Recently Renovated', 'Bank Attached Property', 'Visitor Parking', 'Swimming Pool', 'Park', 'Natural Light', 'Internet/wi-fi connectivity', 'Shopping Centre', 'Fitness Centre / GYM', 'Waste Disposal', 'Rain Water Harvesting', 'Club house / Community Center']",sector 65
"['Lift(s)', 'Water Storage', 'Separate entry for servant room', 'No open drainage around', 'Bank Attached Property', 'Piped-gas', 'Swimming Pool', 'Park', 'Security Personnel', 'Shopping Centre', 'Fitness Centre / GYM', 'Waste Disposal', 'Rain Water Harvesting', 'Club house / Community Center']",sector 50
"['Security / Fire Alarm', 'Intercom Facility', 'Lift(s)', 'Maintenance Staff', 'Water Storage', 'Park', 'Visitor Parking']",sector 82
"['Lift(s)', 'Swimming Pool', 'Park', 'Security Personnel']",sector 85
"['Security / Fire Alarm', 'Intercom Facility', 'Lift(s)', 'Park']",sector 102
"['Security / Fire Alarm', 'Power Back-up', 'Feng Shui / Vaastu Compliant', 'Intercom Facility', 'Lift(s)', 'Water purifier', 'High Ceiling Height', 'Maintenance Staff', 'Water Storage', 'Separate entry for servant room', 'No open drainage around', 'Visitor Parking', 'Swimming Pool', 'Park', 'Natural Light', 'Internet/wi-fi connectivity', 'Airy Rooms', 'Low Density Society', 'Fitness Centre / GYM', 'Waste Disposal', 'Rain Water Harvesting', 'Club house / Community Center', 'Water softening plant']",sector 113
"['Lift(s)', 'Park']",sector 72
"['Centrally Air Conditioned', 'Security / Fire Alarm', 'Feng Shui / Vaastu Compliant', 'Intercom Facility', 'Lift(s)', 'High Ceiling Height', 'Maintenance Staff', 'Water Storage', 'No open drainage around', 'Bank Attached Property', 'Piped-gas', 'Visitor Parking', 'Swimming Pool', 'Park', 'Security Personnel', 'Natural Light', 'Airy Rooms', 'Spacious Interiors', 'Low Density Society', 'Waste Disposal', 'Rain Water Harvesting', 'Water softening plant', 'Shopping Centre', 'Fitness Centre / GYM', 'Club house / Community Center']",sector 37d
"['Lift(s)', 'Swimming Pool', 'Fitness Centre / GYM', 'Club house / Community Center', 'Water softening plant']",sector 102
"['Security / Fire Alarm', 'Intercom Facility', 'Lift(s)', 'Maintenance Staff', 'Water Storage', 'Separate entry for servant room', 'No open drainage around', 'Bank Attached Property', 'Visitor Parking', 'Swimming Pool', 'Park', 'Security Personnel', 'Natural Light', 'Airy Rooms', 'Shopping Centre', 'Fitness Centre / GYM', 'Waste Disposal', 'Rain Water Harvesting', 'Club house / Community Center']",sector 86
"['Security / Fire Alarm', 'Private Garden / Terrace', 'False Ceiling Lighting', 'Water Storage', 'Separate entry for servant room', 'No open drainage around', 'Bank Attached Property', 'Natural Light', 'Airy Rooms', 'Spacious Interiors', 'Low Density Society', 'Waste Disposal']",manesar
"['Security / Fire Alarm', 'Feng Shui / Vaastu Compliant', 'Private Garden / Terrace', 'Water purifier', 'Centrally Air Conditioned', 'Maintenance Staff', 'Water Storage', 'Separate entry for servant room', 'Recently Renovated', 'Visitor Parking', 'Swimming Pool', 'Park', 'Security Personnel', 'Natural Light', 'Internet/wi-fi connectivity', 'Airy Rooms', 'Spacious Interiors', 'Low Density Society', 'Fitness Centre / GYM', 'Waste Disposal', 'Rain Water Harvesting', 'Club house / Community Center']",sector 81
"['Security / Fire Alarm', 'Lift(s)', 'Maintenance Staff', 'Swimming Pool', 'Water Storage', 'Park', 'Visitor Parking', 'Fitness Centre / GYM', 'Club house / Community Center', 'Rain Water Harvesting']",sector 90
['Water Storage'],sector 104
"['Security / Fire Alarm', 'Intercom Facility', 'Lift(s)', 'High Ceiling Height', 'Maintenance Staff', 'Water Storage', 'No open drainage around', 'Piped-gas', 'Visitor Parking', 'Park', 'Security Personnel', 'Natural Light', 'Airy Rooms', 'Internet/wi-fi connectivity', 'Spacious Interiors', 'Low Density Society', 'Shopping Centre', 'Waste Disposal', 'Rain Water Harvesting', 'Club house / Community Center', 'Water softening plant']",sector 68
"['Centrally Air Conditioned', 'Water purifier', 'Security / Fire Alarm', 'Feng Shui / Vaastu Compliant', 'Private Garden / Terrace', 'Intercom Facility', 'Lift(s)', 'High Ceiling Height', 'Maintenance Staff', 'False Ceiling Lighting', 'Water Storage', 'Separate entry for servant room', 'No open drainage around', 'Bank Attached Property', 'Piped-gas', 'Internet/wi-fi connectivity', 'Recently Renovated', 'Visitor Parking', 'Swimming Pool', 'Park', 'Security Personnel', 'Natural Light', 'Airy Rooms', 'Spacious Interiors', 'Low Density Society', 'Waste Disposal', 'Rain Water Harvesting', 'Water softening plant', 'Shopping Centre', 'Fitness Centre / GYM', 'Club house / Community Center']",sector 81
"['Security / Fire Alarm', 'Feng Shui / Vaastu Compliant', 'Private Garden / Terrace', 'Water purifier', 'High Ceiling Height', 'Maintenance Staff', 'Water Storage', 'Separate entry for servant room', 'No open drainage around', 'Recently Renovated', 'Visitor Parking', 'Swimming Pool', 'Park', 'Security Personnel', 'Natural Light', 'Airy Rooms', 'Spacious Interiors', 'Low Density Society', 'Fitness Centre / GYM', 'Waste Disposal', 'Rain Water Harvesting', 'Club house / Community Center']",sector 70
"['Water purifier', 'Security / Fire Alarm', 'Power Back-up', 'Feng Shui / Vaastu Compliant', 'Private Garden / Terrace', 'Intercom Facility', 'Lift(s)', 'High Ceiling Height', 'Maintenance Staff', 'False Ceiling Lighting', 'Water Storage', 'Separate entry for servant room', 'No open drainage around', 'Bank Attached Property', 'Internet/wi-fi connectivity', 'Recently Renovated', 'Visitor Parking', 'Swimming Pool', 'Park', 'Security Personnel', 'Natural Light', 'Airy Rooms', 'Spacious Interiors', 'Low Density Society', 'Waste Disposal', 'Rain Water Harvesting', 'Water softening plant', 'Shopping Centre', 'Fitness Centre / GYM', 'Club house / Community Center']",sector 69
"['Feng Shui / Vaastu Compliant', 'Private Garden / Terrace', 'High Ceiling Height', 'Maintenance Staff', 'False Ceiling Lighting', 'Water Storage', 'No open drainage around', 'Recently Renovated', 'Visitor Parking', 'Park', 'Security Personnel', 'Natural Light', 'Airy Rooms', 'Spacious Interiors', 'Low Density Society', 'Fitness Centre / GYM', 'Waste Disposal', 'Rain Water Harvesting', 'Club house / Community Center']",sector 9
"['Intercom Facility', 'Lift(s)', 'Maintenance Staff', 'Swimming Pool', 'Security Personnel', 'Natural Light', 'Airy Rooms', 'Spacious Interiors', 'Shopping Centre', 'Fitness Centre / GYM', 'Rain Water Harvesting', 'Club house / Community Center', 'Water softening plant']",sector 85
"['Security / Fire Alarm', 'Power Back-up', 'Feng Shui / Vaastu Compliant', 'Intercom Facility', 'Lift(s)', 'Maintenance Staff', 'Water Storage', 'Separate entry for servant room', 'No open drainage around', 'Bank Attached Property', 'Piped-gas', 'Internet/wi-fi connectivity', 'Visitor Parking', 'Swimming Pool', 'Park', 'Security Personnel', 'Natural Light', 'Airy Rooms', 'Low Density Society', 'Waste Disposal', 'Rain Water Harvesting', 'Water softening plant', 'Shopping Centre', 'Fitness Centre / GYM', 'Club house / Community Center']",sector 4
,sohna road
,sector 79
"['Power Back-up', 'Lift(s)', 'Park', 'Shopping Centre']",sohna road
"['Intercom Facility', 'Lift(s)', 'Maintenance Staff']",sector 54
"['Feng Shui / Vaastu Compliant', 'Security / Fire Alarm', 'Intercom Facility', 'Lift(s)', 'Swimming Pool', 'Maintenance Staff', 'Water Storage', 'Park', 'Security Personnel', 'Club house / Community Center', 'Rain Water Harvesting']",sector 59
"['Feng Shui / Vaastu Compliant', 'Security / Fire Alarm', 'Intercom Facility', 'Lift(s)', 'Maintenance Staff', 'Water Storage', 'Park', 'Visitor Parking']",sector 69
"['Feng Shui / Vaastu Compliant', 'Private Garden / Terrace', 'High Ceiling Height', 'Maintenance Staff', 'False Ceiling Lighting', 'Water Storage', 'Separate entry for servant room', 'No open drainage around', 'Bank Attached Property', 'Visitor Parking', 'Park', 'Security Personnel', 'Natural Light', 'Airy Rooms', 'Spacious Interiors', 'Low Density Society', 'Rain Water Harvesting', 'Club house / Community Center']",sector 33
"['Centrally Air Conditioned', 'Water purifier', 'Security / Fire Alarm', 'Feng Shui / Vaastu Compliant', 'Private Garden / Terrace', 'Intercom Facility', 'Lift(s)', 'High Ceiling Height', 'Maintenance Staff', 'False Ceiling Lighting', 'Water Storage', 'Separate entry for servant room', 'No open drainage around', 'Bank Attached Property', 'Piped-gas', 'Internet/wi-fi connectivity', 'Recently Renovated', 'Visitor Parking', 'Swimming Pool', 'Park', 'Security Personnel', 'Natural Light', 'Spacious Interiors', 'Low Density Society', 'Waste Disposal', 'Rain Water Harvesting', 'Water softening plant', 'Shopping Centre', 'Fitness Centre / GYM', 'Club house / Community Center']",sector 3
,sector 92
"['Lift(s)', 'Maintenance Staff', 'Water Storage', 'Separate entry for servant room', 'No open drainage around', 'Visitor Parking', 'Swimming Pool', 'Park', 'Security Personnel', 'Natural Light', 'Airy Rooms', 'Shopping Centre', 'Fitness Centre / GYM', 'Waste Disposal', 'Club house / Community Center']",sector 86
"['No open drainage around', 'Natural Light', 'Airy Rooms', 'Spacious Interiors', 'Waste Disposal']",sector 3 phase 2
,sector 73
,sector 25
"['Centrally Air Conditioned', 'Water purifier', 'Security / Fire Alarm', 'Power Back-up', 'Feng Shui / Vaastu Compliant', 'Private Garden / Terrace', 'Intercom Facility', 'Lift(s)', 'High Ceiling Height', 'Maintenance Staff', 'False Ceiling Lighting', 'Water Storage', 'Separate entry for servant room', 'No open drainage around', 'Bank Attached Property', 'Piped-gas', 'Internet/wi-fi connectivity', 'Recently Renovated', 'Visitor Parking', 'Swimming Pool', 'Park', 'Security Personnel', 'Natural Light', 'Airy Rooms', 'Spacious Interiors', 'Low Density Society', 'Waste Disposal', 'Rain Water Harvesting', 'Water softening plant', 'Shopping Centre', 'Fitness Centre / GYM', 'Club house / Community Center']",sector 50
"['Security / Fire Alarm', 'Feng Shui / Vaastu Compliant', 'Intercom Facility', 'Lift(s)', 'High Ceiling Height', 'Maintenance Staff', 'False Ceiling Lighting', 'Water Storage', 'Separate entry for servant room', 'Piped-gas', 'Visitor Parking', 'Swimming Pool', 'Park', 'Security Personnel', 'Internet/wi-fi connectivity', 'Shopping Centre', 'Fitness Centre / GYM', 'Rain Water Harvesting', 'Club house / Community Center', 'Water softening plant']",sector 22
"['Centrally Air Conditioned', 'Water purifier', 'Security / Fire Alarm', 'Feng Shui / Vaastu Compliant', 'Private Garden / Terrace', 'Intercom Facility', 'Lift(s)', 'High Ceiling Height', 'Maintenance Staff', 'False Ceiling Lighting', 'Water Storage', 'Separate entry for servant room', 'No open drainage around', 'Bank Attached Property', 'Piped-gas', 'Internet/wi-fi connectivity', 'Recently Renovated', 'Visitor Parking', 'Swimming Pool', 'Park', 'Security Personnel', 'Natural Light', 'Airy Rooms', 'Spacious Interiors', 'Low Density Society', 'Waste Disposal', 'Rain Water Harvesting', 'Water softening plant', 'Shopping Centre', 'Fitness Centre / GYM', 'Club house / Community Center']",sector 12
"['High Ceiling Height', 'Maintenance Staff', 'Water Storage']",sector 70a
,sector 46
"['Centrally Air Conditioned', 'Security / Fire Alarm', 'Power Back-up', 'Feng Shui / Vaastu Compliant', 'Intercom Facility', 'Lift(s)', 'High Ceiling Height', 'Maintenance Staff', 'False Ceiling Lighting', 'Water Storage', 'Separate entry for servant room', 'No open drainage around', 'Piped-gas', 'Internet/wi-fi connectivity', 'Recently Renovated', 'Visitor Parking', 'Swimming Pool', 'Park', 'Security Personnel', 'Natural Light', 'Airy Rooms', 'Spacious Interiors', 'Low Density Society', 'Waste Disposal', 'Rain Water Harvesting', 'Water softening plant', 'Shopping Centre', 'Fitness Centre / GYM', 'Club house / Community Center']",sector 77
['Water Storage'],sector 37d
"['Feng Shui / Vaastu Compliant', 'Security / Fire Alarm', 'Intercom Facility', 'Lift(s)', 'Maintenance Staff', 'Water Storage', 'Park', 'Visitor Parking']",sector 57
,sector 43
"['Centrally Air Conditioned', 'Water purifier', 'Security / Fire Alarm', 'Feng Shui / Vaastu Compliant', 'Private Garden / Terrace', 'Intercom Facility', 'Lift(s)', 'High Ceiling Height', 'Maintenance Staff', 'False Ceiling Lighting', 'Water Storage', 'Separate entry for servant room', 'No open drainage around', 'Bank Attached Property', 'Piped-gas', 'Internet/wi-fi connectivity', 'Recently Renovated', 'Visitor Parking', 'Swimming Pool', 'Park', 'Security Personnel', 'Natural Light', 'Airy Rooms', 'Spacious Interiors', 'Low Density Society', 'Waste Disposal', 'Rain Water Harvesting', 'Water softening plant', 'Shopping Centre', 'Fitness Centre / GYM', 'Club house / Community Center']",sector 68
"['Feng Shui / Vaastu Compliant', 'Lift(s)', 'Maintenance Staff', 'Swimming Pool', 'Park', 'Visitor Parking', 'Security Personnel', 'Internet/wi-fi connectivity', 'Fitness Centre / GYM']",sector 78
"['Power Back-up', 'Feng Shui / Vaastu Compliant', 'Security / Fire Alarm', 'Intercom Facility', 'Lift(s)', 'Swimming Pool', 'Maintenance Staff', 'Fitness Centre / GYM', 'Club house / Community Center', 'Water softening plant']",sector 54
"['Lift(s)', 'Park', 'Fitness Centre / GYM', 'Club house / Community Center']",sector 33
"['Centrally Air Conditioned', 'Water purifier', 'Security / Fire Alarm', 'Power Back-up', 'Feng Shui / Vaastu Compliant', 'Intercom Facility', 'Lift(s)', 'High Ceiling Height', 'Maintenance Staff', 'False Ceiling Lighting', 'Water Storage', 'Separate entry for servant room', 'No open drainage around', 'Bank Attached Property', 'Piped-gas', 'Internet/wi-fi connectivity', 'Recently Renovated', 'Visitor Parking', 'Swimming Pool', 'Park', 'Natural Light', 'Airy Rooms', 'Spacious Interiors', 'Low Density Society', 'Waste Disposal', 'Rain Water Harvesting', 'Water softening plant', 'Shopping Centre', 'Fitness Centre / GYM', 'Club house / Community Center']",sohna road
['Visitor Parking'],sector 82
"['Security / Fire Alarm', 'Feng Shui / Vaastu Compliant', 'Intercom Facility', 'Lift(s)', 'Water purifier', 'Maintenance Staff', 'Water Storage', 'Separate entry for servant room', 'No open drainage around', 'Piped-gas', 'Visitor Parking', 'Swimming Pool', 'Park', 'Natural Light', 'Airy Rooms', 'Low Density Society', 'Shopping Centre', 'Fitness Centre / GYM', 'Waste Disposal', 'Rain Water Harvesting', 'Club house / Community Center']",sector 85
"['Security / Fire Alarm', 'Feng Shui / Vaastu Compliant', 'Intercom Facility', 'Lift(s)', 'Maintenance Staff', 'Water Storage', 'Visitor Parking', 'Swimming Pool', 'Park', 'Security Personnel', 'Low Density Society', 'Shopping Centre', 'Fitness Centre / GYM', 'Rain Water Harvesting', 'Club house / Community Center', 'Water softening plant']",sector 77
,sector 67
"['Intercom Facility', 'Lift(s)', 'Park']",sector 110
,sector 56
"['Feng Shui / Vaastu Compliant', 'Private Garden / Terrace', 'Maintenance Staff', 'Water Storage', 'Park', 'Visitor Parking', 'Club house / Community Center']",sector 43
"['Water Storage', 'Park']",sector 90
"['Centrally Air Conditioned', 'Water purifier', 'Security / Fire Alarm', 'Feng Shui / Vaastu Compliant', 'Intercom Facility', 'Lift(s)', 'High Ceiling Height', 'Maintenance Staff', 'False Ceiling Lighting', 'Water Storage', 'Separate entry for servant room', 'Bank Attached Property', 'Internet/wi-fi connectivity', 'Visitor Parking', 'Swimming Pool', 'Park', 'Security Personnel', 'Natural Light', 'Airy Rooms', 'Spacious Interiors', 'Waste Disposal', 'Rain Water Harvesting', 'Water softening plant', 'Shopping Centre', 'Fitness Centre / GYM', 'Club house / Community Center']",sector 37c
"['Maintenance Staff', 'Water Storage', 'Park', 'Piped-gas', 'Visitor Parking', 'Security Personnel', 'Natural Light', 'Airy Rooms', 'Spacious Interiors', 'Shopping Centre', 'Fitness Centre / GYM']",sector 57
"['Centrally Air Conditioned', 'Water purifier', 'Security / Fire Alarm', 'Feng Shui / Vaastu Compliant', 'Private Garden / Terrace', 'Intercom Facility', 'Lift(s)', 'High Ceiling Height', 'Maintenance Staff', 'False Ceiling Lighting', 'Water Storage', 'Separate entry for servant room', 'No open drainage around', 'Bank Attached Property', 'Piped-gas', 'Internet/wi-fi connectivity', 'Recently Renovated', 'Visitor Parking', 'Swimming Pool', 'Park', 'Security Personnel', 'Natural Light', 'Airy Rooms', 'Spacious Interiors', 'Low Density Society', 'Waste Disposal', 'Rain Water Harvesting', 'Water softening plant', 'Shopping Centre', 'Fitness Centre / GYM', 'Club house / Community Center']",sector 81
"['Feng Shui / Vaastu Compliant', 'Security / Fire Alarm', 'Intercom Facility', 'Lift(s)', 'High Ceiling Height', 'Maintenance Staff', 'Water Storage', 'Separate entry for servant room', 'Park', 'Piped-gas', 'Visitor Parking', 'Internet/wi-fi connectivity']",sector 49
"['Centrally Air Conditioned', 'Water purifier', 'Security / Fire Alarm', 'Power Back-up', 'Feng Shui / Vaastu Compliant', 'Private Garden / Terrace', 'Intercom Facility', 'Lift(s)', 'High Ceiling Height', 'Maintenance Staff', 'False Ceiling Lighting', 'Water Storage', 'Separate entry for servant room', 'No open drainage around', 'Bank Attached Property', 'Internet/wi-fi connectivity', 'Recently Renovated', 'Visitor Parking', 'Swimming Pool', 'Park', 'Security Personnel', 'Natural Light', 'Airy Rooms', 'Spacious Interiors', 'Low Density Society', 'Waste Disposal', 'Rain Water Harvesting', 'Water softening plant', 'Shopping Centre', 'Fitness Centre / GYM', 'Club house / Community Center']",sector 85
"['Feng Shui / Vaastu Compliant', 'Intercom Facility', 'Lift(s)', 'Maintenance Staff', 'Swimming Pool', 'Park', 'Security Personnel', 'Internet/wi-fi connectivity', 'Fitness Centre / GYM', 'Club house / Community Center']",sector 99
"['Intercom Facility', 'Lift(s)', 'Maintenance Staff', 'Water Storage', 'No open drainage around', 'Recently Renovated', 'Visitor Parking', 'Swimming Pool', 'Park', 'Security Personnel', 'Natural Light', 'Internet/wi-fi connectivity', 'Airy Rooms', 'Spacious Interiors', 'Shopping Centre', 'Fitness Centre / GYM', 'Waste Disposal', 'Rain Water Harvesting', 'Club house / Community Center', 'Water softening plant']",sector 67
"['Power Back-up', 'Feng Shui / Vaastu Compliant', 'Lift(s)', 'Swimming Pool', 'Maintenance Staff', 'Park', 'Visitor Parking', 'Fitness Centre / GYM', 'Club house / Community Center']",sector 25
"['Security / Fire Alarm', 'Feng Shui / Vaastu Compliant', 'Intercom Facility', 'Lift(s)', 'High Ceiling Height', 'Maintenance Staff', 'False Ceiling Lighting', 'Water Storage', 'Separate entry for servant room', 'No open drainage around', 'Piped-gas', 'Visitor Parking', 'Swimming Pool', 'Park', 'Security Personnel', 'Internet/wi-fi connectivity', 'Shopping Centre', 'Fitness Centre / GYM', 'Rain Water Harvesting', 'Club house / Community Center', 'Water softening plant']",sector 103
,sector 33
"['Security / Fire Alarm', 'Power Back-up', 'Feng Shui / Vaastu Compliant', 'Intercom Facility', 'Lift(s)', 'Maintenance Staff', 'Water Storage', 'Separate entry for servant room', 'Recently Renovated', 'Piped-gas', 'Visitor Parking', 'Park', 'Security Personnel', 'Natural Light', 'Waste Disposal']",sector 79
,sector 89
"['Intercom Facility', 'Lift(s)', 'Park', 'Visitor Parking']",sector 36a
"['Intercom Facility', 'Lift(s)', 'Swimming Pool', 'Park', 'Shopping Centre', 'Fitness Centre / GYM', 'Club house / Community Center', 'Rain Water Harvesting']",sector 53
"['Lift(s)', 'High Ceiling Height', 'False Ceiling Lighting', 'Water Storage', 'Natural Light', 'Airy Rooms', 'Spacious Interiors']",sector 27
"['Security / Fire Alarm', 'Feng Shui / Vaastu Compliant', 'Intercom Facility', 'Lift(s)', 'High Ceiling Height', 'Maintenance Staff', 'False Ceiling Lighting', 'Water Storage', 'Separate entry for servant room', 'Piped-gas', 'Visitor Parking', 'Swimming Pool', 'Park', 'Internet/wi-fi connectivity', 'Shopping Centre', 'Fitness Centre / GYM', 'Waste Disposal', 'Rain Water Harvesting', 'Water softening plant']",sector 70
"['Centrally Air Conditioned', 'Water purifier', 'Security / Fire Alarm', 'Feng Shui / Vaastu Compliant', 'Private Garden / Terrace', 'Intercom Facility', 'Lift(s)', 'High Ceiling Height', 'Maintenance Staff', 'False Ceiling Lighting', 'Water Storage', 'Separate entry for servant room', 'No open drainage around', 'Bank Attached Property', 'Piped-gas', 'Recently Renovated', 'Visitor Parking', 'Swimming Pool', 'Park', 'Security Personnel', 'Natural Light', 'Airy Rooms', 'Spacious Interiors', 'Low Density Society', 'Waste Disposal', 'Rain Water Harvesting', 'Water softening plant', 'Shopping Centre', 'Fitness Centre / GYM', 'Club house / Community Center']",sector 33
"['Centrally Air Conditioned', 'Water purifier', 'Security / Fire Alarm', 'Power Back-up', 'Feng Shui / Vaastu Compliant', 'Private Garden / Terrace', 'Intercom Facility', 'Lift(s)', 'High Ceiling Height', 'Maintenance Staff', 'False Ceiling Lighting', 'Water Storage', 'Separate entry for servant room', 'No open drainage around', 'Bank Attached Property', 'Internet/wi-fi connectivity', 'Recently Renovated', 'Visitor Parking', 'Swimming Pool', 'Park', 'Security Personnel', 'Natural Light', 'Airy Rooms', 'Spacious Interiors', 'Low Density Society', 'Waste Disposal', 'Rain Water Harvesting', 'Water softening plant', 'Shopping Centre', 'Fitness Centre / GYM', 'Club house / Community Center']",sector 61
"['Centrally Air Conditioned', 'Water purifier', 'Security / Fire Alarm', 'Feng Shui / Vaastu Compliant', 'Intercom Facility', 'Lift(s)', 'High Ceiling Height', 'Maintenance Staff', 'False Ceiling Lighting', 'Water Storage', 'No open drainage around', 'Bank Attached Property', 'Piped-gas', 'Internet/wi-fi connectivity', 'Recently Renovated', 'Visitor Parking', 'Swimming Pool', 'Park', 'Security Personnel', 'Natural Light', 'Airy Rooms', 'Spacious Interiors', 'Low Density Society', 'Waste Disposal', 'Rain Water Harvesting', 'Water softening plant', 'Shopping Centre', 'Fitness Centre / GYM', 'Club house / Community Center']",sector 71
"['Feng Shui / Vaastu Compliant', 'Security / Fire Alarm', 'Lift(s)', 'Maintenance Staff', 'Water Storage', 'Park', 'Visitor Parking']",sector 86
,sector 26
,sector 37d
"['Feng Shui / Vaastu Compliant', 'Security / Fire Alarm', 'Intercom Facility', 'Lift(s)', 'Maintenance Staff', 'Swimming Pool', 'Water Storage', 'Park', 'Visitor Parking', 'Fitness Centre / GYM', 'Club house / Community Center']",sector 33
"['Maintenance Staff', 'Separate entry for servant room', 'Bank Attached Property', 'Visitor Parking', 'Internet/wi-fi connectivity']",sector 69
"['Centrally Air Conditioned', 'Water purifier', 'Security / Fire Alarm', 'Power Back-up', 'Feng Shui / Vaastu Compliant', 'Private Garden / Terrace', 'Intercom Facility', 'Lift(s)', 'High Ceiling Height', 'Maintenance Staff', 'False Ceiling Lighting', 'Water Storage', 'Separate entry for servant room', 'No open drainage around', 'Bank Attached Property', 'Piped-gas', 'Internet/wi-fi connectivity', 'Recently Renovated', 'Visitor Parking', 'Swimming Pool', 'Park', 'Security Personnel', 'Natural Light', 'Airy Rooms', 'Spacious Interiors', 'Low Density Society', 'Waste Disposal', 'Rain Water Harvesting', 'Water softening plant', 'Shopping Centre', 'Fitness Centre / GYM', 'Club house / Community Center']",sector 104
"['Feng Shui / Vaastu Compliant', 'Security / Fire Alarm', 'Intercom Facility', 'Lift(s)', 'Maintenance Staff', 'Water Storage', 'Park', 'Visitor Parking']",sector 70a
"['Security / Fire Alarm', 'Power Back-up', 'Feng Shui / Vaastu Compliant', 'Intercom Facility', 'Lift(s)', 'Maintenance Staff', 'Water Storage', 'Bank Attached Property', 'Piped-gas', 'Visitor Parking', 'Swimming Pool', 'Park', 'Natural Light', 'Airy Rooms', 'Low Density Society', 'Shopping Centre', 'Fitness Centre / GYM', 'Waste Disposal', 'Rain Water Harvesting', 'Club house / Community Center']",sector 82
"['Feng Shui / Vaastu Compliant', 'Security / Fire Alarm', 'Intercom Facility', 'Lift(s)', 'Maintenance Staff', 'Water Storage', 'Park', 'Visitor Parking']",sector 92
"['Security / Fire Alarm', 'Feng Shui / Vaastu Compliant', 'Intercom Facility', 'Lift(s)', 'High Ceiling Height', 'Maintenance Staff', 'Water Storage', 'No open drainage around', 'Bank Attached Property', 'Visitor Parking', 'Swimming Pool', 'Park', 'Security Personnel', 'Airy Rooms', 'Spacious Interiors', 'Low Density Society', 'Shopping Centre', 'Fitness Centre / GYM', 'Waste Disposal', 'Rain Water Harvesting', 'Club house / Community Center']",sector 81
"['Feng Shui / Vaastu Compliant', 'Security / Fire Alarm', 'Intercom Facility', 'Lift(s)', 'Maintenance Staff', 'Water Storage', 'Park', 'Visitor Parking']",sector 107
,sector 81
,sector 38
"['Feng Shui / Vaastu Compliant', 'Private Garden / Terrace', 'Maintenance Staff', 'Water Storage', 'Park', 'Visitor Parking', 'Rain Water Harvesting']",sector 111
"['Feng Shui / Vaastu Compliant', 'Private Garden / Terrace', 'Maintenance Staff', 'Water Storage', 'Park', 'Visitor Parking', 'Waste Disposal', 'Rain Water Harvesting']",sector 49
"['Feng Shui / Vaastu Compliant', 'Security / Fire Alarm', 'Intercom Facility', 'Lift(s)', 'Maintenance Staff', 'Water Storage', 'Park', 'Visitor Parking']",sohna road
"['Security / Fire Alarm', 'Power Back-up', 'Feng Shui / Vaastu Compliant', 'Intercom Facility', 'Lift(s)', 'High Ceiling Height', 'Maintenance Staff', 'False Ceiling Lighting', 'Water Storage', 'Separate entry for servant room', 'No open drainage around', 'Bank Attached Property', 'Piped-gas', 'Internet/wi-fi connectivity', 'Visitor Parking', 'Swimming Pool', 'Park', 'Security Personnel', 'Natural Light', 'Airy Rooms', 'Spacious Interiors', 'Low Density Society', 'Waste Disposal', 'Rain Water Harvesting', 'Water softening plant', 'Shopping Centre', 'Fitness Centre / GYM', 'Club house / Community Center']",sector 57
"['Feng Shui / Vaastu Compliant', 'Private Garden / Terrace', 'Maintenance Staff', 'Water Storage', 'Separate entry for servant room', 'No open drainage around', 'Park', 'Visitor Parking', 'Low Density Society', 'Waste Disposal', 'Rain Water Harvesting']",sector 24
"['Feng Shui / Vaastu Compliant', 'Security / Fire Alarm', 'Intercom Facility', 'Lift(s)', 'Maintenance Staff', 'Park', 'Visitor Parking']",sector 102
"['Security / Fire Alarm', 'Power Back-up', 'Feng Shui / Vaastu Compliant', 'Intercom Facility', 'Lift(s)', 'High Ceiling Height', 'Maintenance Staff', 'False Ceiling Lighting', 'Water Storage', 'Separate entry for servant room', 'No open drainage around', 'Visitor Parking', 'Swimming Pool', 'Park', 'Internet/wi-fi connectivity', 'Fitness Centre / GYM', 'Rain Water Harvesting', 'Club house / Community Center', 'Water softening plant']",sector 37c
"['Feng Shui / Vaastu Compliant', 'Security / Fire Alarm', 'Intercom Facility', 'Lift(s)', 'Maintenance Staff', 'Swimming Pool', 'Water Storage', 'Park', 'Visitor Parking', 'Shopping Centre', 'Fitness Centre / GYM', 'Rain Water Harvesting']",sector 70
"['Security / Fire Alarm', 'Feng Shui / Vaastu Compliant', 'Lift(s)', 'Maintenance Staff', 'Water Storage', 'Separate entry for servant room', 'Recently Renovated', 'Visitor Parking', 'Swimming Pool', 'Park', 'Natural Light', 'Internet/wi-fi connectivity', 'Airy Rooms', 'Spacious Interiors', 'Low Density Society', 'Fitness Centre / GYM', 'Rain Water Harvesting', 'Club house / Community Center']",sector 112
,sector 113
"['Security / Fire Alarm', 'Intercom Facility', 'Maintenance Staff', 'Park', 'Visitor Parking', 'Security Personnel', 'Rain Water Harvesting']",sector 70a
"['Water purifier', 'Security / Fire Alarm', 'Power Back-up', 'Feng Shui / Vaastu Compliant', 'Private Garden / Terrace', 'Intercom Facility', 'Lift(s)', 'High Ceiling Height', 'Maintenance Staff', 'Water Storage', 'Separate entry for servant room', 'No open drainage around', 'Bank Attached Property', 'Piped-gas', 'Internet/wi-fi connectivity', 'Recently Renovated', 'Visitor Parking', 'Swimming Pool', 'Park', 'Security Personnel', 'Natural Light', 'Airy Rooms', 'Spacious Interiors', 'Low Density Society', 'Waste Disposal', 'Rain Water Harvesting', 'Water softening plant', 'Shopping Centre', 'Fitness Centre / GYM', 'Club house / Community Center']",sector 113
"['Intercom Facility', 'Lift(s)', 'Park']",sector 81
,sector 82
,sector 90
,sector 99a
"['Security / Fire Alarm', 'Lift(s)', 'Maintenance Staff', 'Water Storage', 'Park']",sector 37d
"['Security / Fire Alarm', 'Feng Shui / Vaastu Compliant', 'Intercom Facility', 'Lift(s)', 'High Ceiling Height', 'Maintenance Staff', 'Water Storage', 'Visitor Parking', 'Swimming Pool', 'Park', 'Security Personnel', 'Internet/wi-fi connectivity', 'Shopping Centre', 'Fitness Centre / GYM', 'Club house / Community Center', 'Water softening plant']",sector 108
"['Security / Fire Alarm', 'Feng Shui / Vaastu Compliant', 'Lift(s)', 'Maintenance Staff', 'Water Storage', 'No open drainage around', 'Visitor Parking', 'Park', 'Security Personnel', 'Natural Light', 'Fitness Centre / GYM', 'Waste Disposal', 'Rain Water Harvesting', 'Club house / Community Center']",sector 107
"['Security / Fire Alarm', 'Power Back-up', 'Feng Shui / Vaastu Compliant', 'Intercom Facility', 'Lift(s)', 'High Ceiling Height', 'Maintenance Staff', 'False Ceiling Lighting', 'Water Storage', 'Separate entry for servant room', 'No open drainage around', 'Visitor Parking', 'Swimming Pool', 'Park', 'Security Personnel', 'Internet/wi-fi connectivity', 'Fitness Centre / GYM', 'Rain Water Harvesting', 'Club house / Community Center', 'Water softening plant']",sector 68
"['Water purifier', 'Security / Fire Alarm', 'Feng Shui / Vaastu Compliant', 'Intercom Facility', 'Lift(s)', 'High Ceiling Height', 'Maintenance Staff', 'False Ceiling Lighting', 'Water Storage', 'Separate entry for servant room', 'No open drainage around', 'Bank Attached Property', 'Internet/wi-fi connectivity', 'Recently Renovated', 'Visitor Parking', 'Swimming Pool', 'Park', 'Security Personnel', 'Natural Light', 'Airy Rooms', 'Spacious Interiors', 'Waste Disposal', 'Rain Water Harvesting', 'Shopping Centre', 'Fitness Centre / GYM', 'Club house / Community Center']",sector 69
"['Security / Fire Alarm', 'Feng Shui / Vaastu Compliant', 'Private Garden / Terrace', 'Centrally Air Conditioned', 'Water purifier', 'High Ceiling Height', 'Maintenance Staff', 'False Ceiling Lighting', 'Water Storage', 'Separate entry for servant room', 'No open drainage around', 'Piped-gas', 'Visitor Parking', 'Swimming Pool', 'Park', 'Security Personnel', 'Natural Light', 'Airy Rooms', 'Internet/wi-fi connectivity', 'Spacious Interiors', 'Fitness Centre / GYM', 'Waste Disposal', 'Rain Water Harvesting', 'Club house / Community Center']",sector 23
,sector 49
,sector 70a
"['Feng Shui / Vaastu Compliant', 'Maintenance Staff', 'False Ceiling Lighting', 'Water Storage', 'Separate entry for servant room', 'Park', 'Visitor Parking', 'Security Personnel', 'Waste Disposal']",sector 65
"['Security / Fire Alarm', 'Intercom Facility', 'Lift(s)', 'Maintenance Staff', 'Water Storage', 'No open drainage around', 'Visitor Parking', 'Swimming Pool', 'Park', 'Security Personnel', 'Natural Light', 'Airy Rooms', 'Spacious Interiors', 'Fitness Centre / GYM']",sector 56
"['Lift(s)', 'Swimming Pool', 'Park', 'Fitness Centre / GYM', 'Club house / Community Center']",sector 79
"['Centrally Air Conditioned', 'Water purifier', 'Security / Fire Alarm', 'Power Back-up', 'Feng Shui / Vaastu Compliant', 'Private Garden / Terrace', 'Intercom Facility', 'Lift(s)', 'High Ceiling Height', 'Maintenance Staff', 'False Ceiling Lighting', 'Water Storage', 'Separate entry for servant room', 'No open drainage around', 'Bank Attached Property', 'Piped-gas', 'Internet/wi-fi connectivity', 'Recently Renovated', 'Visitor Parking', 'Swimming Pool', 'Park', 'Security Personnel', 'Natural Light', 'Airy Rooms', 'Spacious Interiors', 'Low Density Society', 'Waste Disposal', 'Rain Water Harvesting', 'Water softening plant', 'Shopping Centre', 'Fitness Centre / GYM', 'Club house / Community Center']",sector 46
"['Power Back-up', 'Intercom Facility', 'Lift(s)', 'High Ceiling Height', 'Swimming Pool', 'Maintenance Staff', 'Park', 'Visitor Parking', 'Internet/wi-fi connectivity', 'Fitness Centre / GYM', 'Club house / Community Center', 'Water softening plant']",sector 65
"['Security / Fire Alarm', 'Lift(s)', 'Maintenance Staff', 'Water Storage']",sector 22
"['Water Storage', 'Rain Water Harvesting']",sector 33
,sector 25
"['Water purifier', 'Security / Fire Alarm', 'Power Back-up', 'Feng Shui / Vaastu Compliant', 'Private Garden / Terrace', 'Intercom Facility', 'Lift(s)', 'High Ceiling Height', 'Maintenance Staff', 'False Ceiling Lighting', 'Water Storage', 'No open drainage around', 'Bank Attached Property', 'Piped-gas', 'Internet/wi-fi connectivity', 'Recently Renovated', 'Visitor Parking', 'Swimming Pool', 'Park', 'Security Personnel', 'Natural Light', 'Airy Rooms', 'Spacious Interiors', 'Low Density Society', 'Waste Disposal', 'Rain Water Harvesting', 'Water softening plant', 'Shopping Centre', 'Fitness Centre / GYM', 'Club house / Community Center']",sector 85
"['Feng Shui / Vaastu Compliant', 'Lift(s)', 'High Ceiling Height', 'Maintenance Staff', 'No open drainage around', 'Swimming Pool', 'Park', 'Security Personnel', 'Shopping Centre', 'Fitness Centre / GYM', 'Rain Water Harvesting', 'Club house / Community Center', 'Water softening plant']",sector 105
"['High Ceiling Height', 'False Ceiling Lighting', 'Water Storage', 'Separate entry for servant room', 'Park', 'Recently Renovated', 'Natural Light', 'Internet/wi-fi connectivity', 'Rain Water Harvesting']",sector 48
"['Security / Fire Alarm', 'Feng Shui / Vaastu Compliant', 'Lift(s)', 'High Ceiling Height', 'Maintenance Staff', 'Water Storage', 'Separate entry for servant room', 'No open drainage around', 'Recently Renovated', 'Visitor Parking', 'Swimming Pool', 'Park', 'Security Personnel', 'Natural Light', 'Airy Rooms', 'Shopping Centre', 'Fitness Centre / GYM', 'Waste Disposal', 'Rain Water Harvesting', 'Club house / Community Center']",sector 4
"['Separate entry for servant room', 'No open drainage around', 'Low Density Society']",sector 109
"['Security / Fire Alarm', 'Lift(s)', 'Maintenance Staff', 'Swimming Pool', 'Water Storage', 'Park', 'Shopping Centre', 'Fitness Centre / GYM', 'Club house / Community Center', 'Rain Water Harvesting']",sector 70
"['Centrally Air Conditioned', 'Water purifier', 'Security / Fire Alarm', 'Power Back-up', 'Feng Shui / Vaastu Compliant', 'Intercom Facility', 'Lift(s)', 'High Ceiling Height', 'Maintenance Staff', 'False Ceiling Lighting', 'Water Storage', 'Separate entry for servant room', 'No open drainage around', 'Piped-gas', 'Internet/wi-fi connectivity', 'Visitor Parking', 'Swimming Pool', 'Park', 'Security Personnel', 'Natural Light', 'Airy Rooms', 'Spacious Interiors', 'Low Density Society', 'Waste Disposal', 'Rain Water Harvesting', 'Water softening plant', 'Shopping Centre', 'Fitness Centre / GYM', 'Club house / Community Center']",sohna road
,sector 70
"['Lift(s)', 'Swimming Pool', 'Park', 'Fitness Centre / GYM', 'Club house / Community Center']",sector 33
"['Security / Fire Alarm', 'Power Back-up', 'Feng Shui / Vaastu Compliant', 'Intercom Facility', 'Lift(s)', 'Maintenance Staff', 'Water Storage', 'No open drainage around', 'Visitor Parking', 'Park', 'Security Personnel', 'Natural Light', 'Airy Rooms', 'Shopping Centre', 'Fitness Centre / GYM', 'Rain Water Harvesting', 'Club house / Community Center']",gwal pahari
"['Power Back-up', 'Intercom Facility', 'Lift(s)', 'Swimming Pool', 'Separate entry for servant room', 'Park', 'Piped-gas', 'Shopping Centre', 'Fitness Centre / GYM', 'Club house / Community Center', 'Rain Water Harvesting']",sector 48
"['Security / Fire Alarm', 'Intercom Facility', 'Lift(s)', 'Maintenance Staff', 'Park', 'Visitor Parking']",sector 85
"['Intercom Facility', 'Lift(s)', 'Security / Fire Alarm', 'Swimming Pool', 'Security Personnel', 'Maintenance Staff', 'Park', 'Club house / Community Center', 'Fitness Centre / GYM', 'Shopping Centre', 'Rain Water Harvesting']",sector 83
"['Lift(s)', 'Maintenance Staff', 'Water Storage', 'Park']",sector 70
"['Feng Shui / Vaastu Compliant', 'Private Garden / Terrace', 'Maintenance Staff', 'Water Storage', 'Park', 'Visitor Parking', 'Waste Disposal', 'Rain Water Harvesting']",sector 83
"['Intercom Facility', 'Lift(s)', 'Park']",sector 50
"['Security / Fire Alarm', 'Feng Shui / Vaastu Compliant', 'Private Garden / Terrace', 'Centrally Air Conditioned', 'Water purifier', 'High Ceiling Height', 'Maintenance Staff', 'False Ceiling Lighting', 'Water Storage', 'Recently Renovated', 'Piped-gas', 'Visitor Parking', 'Swimming Pool', 'Park', 'Security Personnel', 'Natural Light', 'Internet/wi-fi connectivity', 'Airy Rooms', 'Spacious Interiors', 'Fitness Centre / GYM', 'Waste Disposal', 'Rain Water Harvesting', 'Club house / Community Center']",sector 85
"['Centrally Air Conditioned', 'Water purifier', 'Security / Fire Alarm', 'Feng Shui / Vaastu Compliant', 'Private Garden / Terrace', 'Intercom Facility', 'Lift(s)', 'High Ceiling Height', 'Maintenance Staff', 'Water Storage', 'No open drainage around', 'Piped-gas', 'Internet/wi-fi connectivity', 'Visitor Parking', 'Swimming Pool', 'Park', 'Security Personnel', 'Natural Light', 'Airy Rooms', 'Spacious Interiors', 'Low Density Society', 'Waste Disposal', 'Rain Water Harvesting', 'Water softening plant', 'Shopping Centre', 'Fitness Centre / GYM', 'Club house / Community Center']",sector 92
"['Centrally Air Conditioned', 'Water purifier', 'Security / Fire Alarm', 'Feng Shui / Vaastu Compliant', 'Private Garden / Terrace', 'Intercom Facility', 'Lift(s)', 'High Ceiling Height', 'Maintenance Staff', 'Water Storage', 'Separate entry for servant room', 'No open drainage around', 'Piped-gas', 'Internet/wi-fi connectivity', 'Recently Renovated', 'Visitor Parking', 'Swimming Pool', 'Park', 'Security Personnel', 'Natural Light', 'Airy Rooms', 'Spacious Interiors', 'Waste Disposal', 'Rain Water Harvesting', 'Water softening plant', 'Shopping Centre', 'Fitness Centre / GYM', 'Club house / Community Center']",sector 26
,sector 104
"['Feng Shui / Vaastu Compliant', 'Recently Renovated', 'Security Personnel', 'Spacious Interiors']",sector 25
"['Feng Shui / Vaastu Compliant', 'Private Garden / Terrace', 'High Ceiling Height', 'Maintenance Staff', 'False Ceiling Lighting', 'Water Storage', 'Park', 'Visitor Parking', 'Security Personnel', 'Low Density Society', 'Waste Disposal', 'Rain Water Harvesting']",sector 105
,sector 2
"['Feng Shui / Vaastu Compliant', 'Security / Fire Alarm', 'Intercom Facility', 'Lift(s)', 'Maintenance Staff', 'Water Storage', 'Park', 'Visitor Parking']",sector 83
